{"type":"FeatureCollection","features":[{"type":"Feature","properties":{"layer_id":"1981_2000_T20","layer_label":"1981_2000, T>20\u00b0C","low":0.0,"high":10.0,"label":"0\u201310 %","fill":"#fff7bc","fillOpacity":0.25,"stroke":"#fff7bc","strokeOpacity":0.37,"strokeWeight":0.35},"geometry":{"type":"Polygon","coordinates":[[[-24.9,34.0],[-24.8,34.0],[-24.7,34.0],[-24.6,34.0],[-24.5,34.0],[-24.4,34.0],[-24.3,34.0],[-24.2,34.0],[-24.1,34.0],[-24.0,34.0],[-23.9,34.0],[-23.8,34.0],[-23.7,34.0],[-23.6,34.0],[-23.5,34.0],[-23.4,34.0],[-23.3,34.0],[-23.2,34.0],[-23.1,34.0],[-23.0,34.0],[-22.9,34.0],[-22.8,34.0],[-22.7,34.0],[-22.6,34.0],[-22.5,34.0],[-22.4,34.0],[-22.3,34.0],[-22.2,34.0],[-22.1,34.0],[-22.0,34.0],[-21.9,34.0],[-21.8,34.0],[-21.7,34.0],[-21.6,34.0],[-21.5,34.0],[-21.4,34.0],[-21.3,34.0],[-21.2,34.0],[-21.1,34.0],[-21.0,34.0],[-20.9,34.0],[-20.8,34.0],[-20.7,34.0],[-20.6,34.0],[-20.5,34.0],[-20.4,34.0],[-20.3,34.0],[-20.2,34.0],[-20.1,34.0],[-20.0,34.0],[-19.9,34.0],[-19.8,34.0],[-19.7,34.0],[-19.6,34.0],[-19.5,34.0],[-19.4,34.0],[-19.3,34.0],[-19.2,34.0],[-19.1,34.0],[-19.0,34.0],[-18.9,34.0],[-18.8,34.0],[-18.7,34.0],[-18.6,34.0],[-18.5,34.0],[-18.4,34.0],[-18.3,34.0],[-18.2,34.0],[-18.1,34.0],[-18.0,34.0],[-17.9,34.0],[-17.8,34.0],[-17.7,34.0],[-17.6,34.0],[-17.5,34.0],[-17.4,34.0],[-17.3,34.0],[-17.2,34.0],[-17.1,34.0],[-17.0,34.0],[-16.9,34.0],[-16.8,34.0],[-16.7,34.0],[-16.6,34.0],[-16.5,34.0],[-16.4,34.0],[-16.3,34.0],[-16.2,34.0],[-16.1,34.0],[-16.0,34.0],[-15.9,34.0],[-15.8,34.0],[-15.7,34.0],[-15.6,34.0],[-15.5,34.0],[-15.4,34.0],[-15.3,34.0],[-15.2,34.0],[-15.1,34.0],[-15.0,34.0],[-14.9,34.0],[-14.8,34.0],[-14.7,34.0],[-14.6,34.0],[-14.5,34.0],[-14.4,34.0],[-14.3,34.0],[-14.2,34.0],[-14.1,34.0],[-14.0,34.0],[-13.9,34.0],[-13.8,34.0],[-13.7,34.0],[-13.6,34.0],[-13.5,34.0],[-13.4,34.0],[-13.3,34.0],[-13.2,34.0],[-13.1,34.0],[-13.0,34.0],[-12.9,34.0],[-12.8,34.0],[-12.7,34.0],[-12.6,34.0],[-12.5,34.0],[-12.4,34.0],[-12.3,34.0],[-12.2,34.0],[-12.1,34.0],[-12.0,34.0],[-11.9,34.0],[-11.8,34.0],[-11.7,34.0],[-11.6,34.0],[-11.5,34.0],[-11.4,34.0],[-11.3,34.0],[-11.2,34.0],[-11.1,34.0],[-11.0,34.0],[-10.9,34.0],[-10.8,34.0],[-10.7,34.0],[-10.6,34.0],[-10.5,34.0],[-10.4,34.0],[-10.3,34.0],[-10.2,34.0],[-10.1,34.0],[-10.0,34.0],[-9.9,34.0],[-9.8,34.0],[-9.7,34.0],[-9.6,34.0],[-9.5,34.0],[-9.4,34.0],[-9.3,34.0],[-9.2,34.0],[-9.1,34.0],[-9.0,34.0],[-8.9,34.0],[-8.8,34.0],[-8.7,34.0],[-8.6,34.0],[-8.5,34.0],[-8.4,34.0],[-8.3,34.0],[-8.2,34.0],[-8.1,34.0],[-8.0,34.0],[-7.9,34.0],[-7.8,34.0],[-7.7,34.0],[-7.6,34.0],[-7.5,34.0],[-7.4,34.0],[-7.3,34.0],[-7.2,34.0],[-7.1,34.0],[-7.0,34.0],[-6.9,34.0],[-6.8,34.0],[-6.7,34.0],[-6.6,34.0],[-6.5,34.0],[-6.4,34.0],[-6.3,34.0],[-6.2,34.0],[-6.1,34.0],[-6.0,34.0],[-5.9,34.0],[-5.8,34.0],[-5.7,34.0],[-5.6,34.0],[-5.5,34.0],[-5.4,34.0],[-5.3,34.0],[-5.2,34.0],[-5.2,34.0],[-5.2,34.0],[-5.3,34.025],[-5.4,34.1],[-5.4,34.1],[-5.5,34.1],[-5.6,34.1],[-5.6,34.1],[-5.7,34.0667],[-5.75,34.1],[-5.8,34.2],[-5.8,34.3],[-5.8,34.4],[-5.7,34.5],[-5.6,34.5],[-5.6,34.5],[-5.6,34.6],[-5.5,34.65],[-5.4,34.65],[-5.3,34.65],[-5.2,34.6333],[-5.1,34.6333],[-5.05,34.6],[-5.0,34.58],[-4.9,34.575],[-4.85,34.6],[-4.8,34.6333],[-4.7,34.6333],[-4.6,34.6333],[-4.5,34.6],[-4.5,34.6],[-4.4,34.5],[-4.4,34.5],[-4.3,34.4],[-4.3,34.4],[-4.2,34.4],[-4.1,34.4],[-4.0,34.4],[-3.9,34.3667],[-3.8,34.4],[-3.7,34.4],[-3.7,34.4],[-3.6,34.45],[-3.5,34.48],[-3.48,34.5],[-3.4,34.58],[-3.375,34.6],[-3.3,34.7],[-3.2,34.7],[-3.2,34.7],[-3.2,34.7],[-3.3,34.7],[-3.4,34.75],[-3.5,34.7667],[-3.55,34.8],[-3.5,34.85],[-3.4,34.9],[-3.3,34.9],[-3.3,34.9],[-3.2,35.0],[-3.2,35.0],[-3.2,35.1],[-3.2,35.1],[-3.2,35.1],[-3.3,35.0],[-3.35,35.1],[-3.4,35.12],[-3.5,35.125],[-3.6,35.14],[-3.7,35.1333],[-3.8,35.15],[-3.9,35.1333],[-4.0,35.1667],[-4.05,35.2],[-4.0,35.2333],[-3.9,35.2667],[-3.8,35.25],[-3.7,35.2667],[-3.6,35.26],[-3.5,35.26],[-3.4,35.2667],[-3.3,35.2667],[-3.2,35.2667],[-3.1,35.26],[-3.0857,35.3],[-3.0,35.3857],[-2.9143,35.3],[-2.9333,35.2],[-2.9,35.16],[-2.84,35.1],[-2.8,35.0],[-2.85,34.9],[-2.8,34.8],[-2.8,34.8],[-2.7667,34.7],[-2.7,34.6],[-2.72,34.5],[-2.8,34.4333],[-2.8333,34.4],[-2.9,34.32],[-2.9167,34.3],[-2.925,34.2],[-3.0,34.14],[-3.04,34.1],[-3.1,34.04],[-3.2,34.0125],[-3.2167,34.0],[-3.2,34.0],[-3.1,34.0],[-3.0,34.0],[-2.9,34.0],[-2.8,34.0],[-2.7,34.0],[-2.6,34.0],[-2.5,34.0],[-2.4,34.0],[-2.3,34.0],[-2.2,34.0],[-2.1,34.0],[-2.0,34.0],[-1.9,34.0],[-1.8,34.0],[-1.7,34.0],[-1.6,34.0],[-1.5,34.0],[-1.4,34.0],[-1.3,34.0],[-1.2,34.0],[-1.1,34.0],[-1.0,34.0],[-0.9,34.0],[-0.8,34.0],[-0.7,34.0],[-0.6,34.0],[-0.5,34.0],[-0.4,34.0],[-0.3,34.0],[-0.2,34.0],[-0.1,34.0],[0.0,34.0],[0.1,34.0],[0.2,34.0],[0.3,34.0],[0.4,34.0],[0.5,34.0],[0.6,34.0],[0.6,34.0],[0.6,34.0],[0.5,34.025],[0.4,34.0333],[0.3,34.1],[0.3,34.1],[0.2,34.1],[0.2,34.1],[0.1,34.0333],[0.0,34.025],[-0.1,34.1],[0.0,34.16],[0.1,34.1667],[0.15,34.2],[0.2,34.2333],[0.3,34.3],[0.3,34.3],[0.4,34.4],[0.5,34.4],[0.6,34.35],[0.65,34.4],[0.7,34.45],[0.8,34.4667],[0.85,34.5],[0.9,34.55],[1.0,34.55],[1.1,34.5],[1.0333,34.4],[1.0,34.35],[0.95,34.3],[0.9,34.25],[0.85,34.2],[0.8,34.1],[0.8,34.1],[0.75,34.0],[0.8,34.0],[0.9,34.0],[1.0,34.0],[1.1,34.0],[1.2,34.0],[1.3,34.0],[1.4,34.0],[1.5,34.0],[1.6,34.0],[1.7,34.0],[1.8,34.0],[1.9,34.0],[2.0,34.0],[2.1,34.0],[2.1,34.0],[2.2,34.1],[2.3,34.1],[2.3,34.1],[2.4,34.2],[2.5,34.2],[2.5,34.2],[2.5,34.2],[2.4,34.3],[2.4,34.3],[2.3,34.3],[2.2,34.4],[2.2,34.4],[2.15,34.5],[2.2,34.6],[2.2,34.6],[2.2,34.6],[2.1,34.6],[2.1,34.6],[2.05,34.5],[2.0,34.4],[1.95,34.5],[1.9,34.55],[1.8,34.55],[1.7,34.6],[1.7,34.6],[1.65,34.7],[1.6,34.7333],[1.5,34.7333],[1.4,34.75],[1.3,34.8],[1.3,34.9],[1.4,34.95],[1.5,34.98],[1.6,34.9857],[1.7,35.0],[1.8,34.9667],[1.8667,35.0],[1.9,35.05],[1.925,35.1],[1.9,35.15],[1.85,35.2],[1.9,35.25],[2.0,35.2],[2.0,35.2],[2.1,35.2],[2.2,35.2],[2.25,35.1],[2.3,35.05],[2.35,35.1],[2.3,35.2],[2.3,35.3],[2.3,35.3],[2.2,35.3],[2.1,35.3],[2.0,35.3],[1.9,35.3333],[1.8,35.4],[1.8,35.5],[1.8,35.5],[1.8,35.5],[1.7,35.4],[1.6,35.4],[1.5,35.4],[1.4,35.5],[1.4,35.5],[1.4,35.5],[1.3,35.45],[1.2,35.4167],[1.1667,35.4],[1.1,35.3],[1.0,35.3],[0.9,35.3],[0.8,35.3],[0.7,35.3],[0.6,35.325],[0.5,35.4],[0.5,35.4],[0.5,35.4],[0.5,35.3],[0.4,35.25],[0.3,35.2333],[0.25,35.2],[0.25,35.1],[0.2,35.0],[0.1,35.0667],[0.0,35.05],[-0.1,35.1],[-0.1,35.1],[-0.2,35.15],[-0.3,35.15],[-0.3333,35.2],[-0.4,35.24],[-0.4667,35.2],[-0.5,35.1667],[-0.5667,35.1],[-0.6,35.0667],[-0.7,35.05],[-0.8,35.05],[-0.9,35.05],[-1.0,35.0],[-1.0,35.0],[-1.1,34.9667],[-1.2,35.0],[-1.2,35.0],[-1.2,35.0],[-1.3,34.95],[-1.4,34.9667],[-1.5,35.0],[-1.5,35.0],[-1.6,35.0],[-1.7,35.0],[-1.8,35.0],[-1.8,35.0],[-1.9,34.9333],[-2.0,34.925],[-2.1,34.925],[-2.2,34.9],[-2.3,34.9],[-2.4,34.9333],[-2.5,34.9333],[-2.6,34.95],[-2.7,35.0],[-2.6,35.0333],[-2.5,35.05],[-2.4846,35.1],[-2.4,35.1846],[-2.3154,35.1],[-2.3,35.06],[-2.2,35.06],[-2.1,35.06],[-2.0,35.06],[-1.9833,35.1],[-1.9,35.1833],[-1.8,35.1714],[-1.7,35.1667],[-1.6778,35.2],[-1.6,35.2778],[-1.5,35.2846],[-1.4,35.28],[-1.3875,35.3],[-1.3,35.3875],[-1.2875,35.4],[-1.2882,35.5],[-1.2,35.5882],[-1.1882,35.6],[-1.1,35.6882],[-1.0,35.6846],[-0.9882,35.7],[-0.9,35.7882],[-0.8,35.7895],[-0.7,35.7889],[-0.6,35.79],[-0.59,35.8],[-0.5,35.89],[-0.4,35.89],[-0.39,35.9],[-0.3,35.99],[-0.21,35.9],[-0.3,35.81],[-0.31,35.8],[-0.3,35.7895],[-0.2,35.7895],[-0.1,35.7889],[-0.0895,35.8],[0.0,35.8895],[0.0105,35.9],[0.1,35.9895],[0.1118,36.0],[0.11,36.1],[0.2,36.19],[0.2143,36.2],[0.3,36.2857],[0.3857,36.2],[0.4,36.1857],[0.4111,36.2],[0.5,36.2889],[0.6,36.2875],[0.61,36.3],[0.7,36.39],[0.8,36.3882],[0.8125,36.4],[0.9,36.4875],[1.0,36.4667],[1.1,36.4818],[1.2,36.475],[1.2105,36.5],[1.3,36.5895],[1.4,36.5889],[1.5,36.5882],[1.6,36.5875],[1.7,36.5833],[1.8,36.5778],[1.9,36.5667],[2.0,36.5667],[2.0105,36.6],[2.1,36.6895],[2.2,36.6882],[2.3,36.6867],[2.4,36.6875],[2.5,36.6875],[2.6,36.6778],[2.6105,36.7],[2.7,36.7895],[2.8,36.7867],[2.8118,36.8],[2.9,36.8882],[3.0,36.8882],[3.0882,36.8],[3.1,36.7714],[3.2,36.76],[3.3,36.7333],[3.4,36.75],[3.5,36.76],[3.6,36.76],[3.6133,36.8],[3.7,36.8867],[3.71,36.9],[3.8,36.99],[3.9,36.99],[4.0,36.9889],[4.1,36.9875],[4.2,36.9875],[4.2875,36.9],[4.3,36.8714],[4.3118,36.9],[4.4,36.9882],[4.5,36.9882],[4.6,36.9857],[4.7,36.9867],[4.7867,36.9],[4.8,36.8778],[4.9,36.8833],[5.0,36.8867],[5.0867,36.8],[5.1,36.78],[5.18,36.7],[5.2,36.66],[5.3,36.6714],[5.4,36.6333],[5.45,36.6],[5.4,36.55],[5.3,36.5],[5.2,36.525],[5.1,36.5667],[5.0,36.6],[5.0,36.6],[4.9,36.6],[4.8,36.6],[4.75,36.7],[4.7,36.72],[4.6,36.74],[4.5,36.74],[4.4,36.7167],[4.3667,36.7],[4.3,36.65],[4.2,36.64],[4.1,36.64],[4.0,36.64],[3.9,36.6],[3.9,36.6],[3.8,36.5333],[3.7,36.5333],[3.6,36.6],[3.6,36.6],[3.5,36.625],[3.4,36.65],[3.3,36.6667],[3.2333,36.6],[3.2,36.5667],[3.1,36.5],[3.0,36.5],[3.0,36.5],[2.9,36.45],[2.8,36.4333],[2.7,36.4],[2.7,36.4],[2.6,36.3],[2.5,36.3],[2.4,36.3],[2.35,36.4],[2.3,36.4333],[2.2,36.45],[2.1,36.4],[2.1,36.4],[2.1,36.4],[2.2,36.3],[2.2,36.3],[2.3,36.3],[2.4,36.3],[2.5,36.3],[2.6,36.3],[2.7,36.25],[2.75,36.2],[2.7,36.1],[2.6,36.1],[2.6,36.1],[2.5,36.05],[2.4,36.05],[2.3,36.0],[2.2,36.0],[2.2,36.0],[2.1,35.9667],[2.0,36.0],[2.0,36.0],[1.9,36.05],[1.8,36.05],[1.7,36.0333],[1.6,36.0],[1.6,36.0],[1.5,35.95],[1.4,35.9],[1.3,35.9],[1.3,35.9],[1.28,35.8],[1.3,35.775],[1.4,35.75],[1.5,35.75],[1.6,35.7],[1.6,35.7],[1.6,35.7],[1.7,35.8],[1.8,35.8],[1.8,35.8],[1.9,35.8333],[2.0,35.8333],[2.1,35.8333],[2.2,35.8667],[2.3,35.85],[2.4,35.85],[2.5,35.8667],[2.55,35.9],[2.6,36.0],[2.6,36.0],[2.7,36.1],[2.8,36.1],[2.8,36.1],[2.9,36.15],[3.0,36.1],[2.9,36.0],[2.9,36.0],[2.9,36.0],[3.0,35.9],[3.0,35.9],[3.1,35.9],[3.2,35.8],[3.2,35.8],[3.3,35.8],[3.3,35.8],[3.4,35.85],[3.5,35.9],[3.5,35.9],[3.6,36.0],[3.7,35.9667],[3.8,35.95],[3.9,36.0],[4.0,36.0],[4.1,35.9],[4.1,35.9],[4.2,35.9],[4.2,35.9],[4.3,35.9667],[4.4,35.975],[4.5,35.98],[4.6,35.9],[4.6,35.9],[4.7,35.8889],[4.8,35.85],[4.85,35.8],[4.9,35.7909],[5.0,35.7909],[5.1,35.7818],[5.2,35.7778],[5.3,35.7],[5.3,35.7],[5.4,35.675],[5.5,35.675],[5.575,35.6],[5.6,35.5857],[5.7,35.5],[5.7,35.5],[5.8,35.45],[5.9,35.46],[6.0,35.4333],[6.0333,35.4],[6.0,35.3],[6.0,35.3],[6.0,35.3],[6.1,35.2],[6.1,35.2],[6.2,35.19],[6.3,35.2],[6.4,35.18],[6.5,35.1667],[6.6,35.1778],[6.7,35.1778],[6.8,35.19],[6.8167,35.2],[6.9,35.2714],[7.0,35.2667],[7.08,35.2],[7.1,35.1],[7.0,35.0],[7.0,35.0],[7.0,35.0],[7.1,35.0],[7.2,35.0],[7.3,35.0],[7.4,34.975],[7.5,35.0],[7.55,34.9],[7.6,34.8889],[7.7,34.8833],[7.8,34.85],[7.85,34.8],[7.9,34.7857],[8.0,34.8],[8.1,34.8],[8.1,34.8],[8.2,34.85],[8.3,34.8],[8.3,34.8],[8.4,34.8],[8.4,34.8],[8.5,34.8333],[8.6,34.88],[8.7,34.8833],[8.8,34.86],[8.8667,34.9],[8.9,34.9333],[9.0,34.9714],[9.1,35.0],[9.1,35.0],[9.1333,35.1],[9.2,35.15],[9.25,35.2],[9.3,35.2667],[9.35,35.3],[9.4,35.35],[9.5,35.4],[9.5,35.4],[9.6,35.5],[9.6,35.5],[9.7,35.6],[9.7,35.6],[9.7,35.6],[9.65,35.7],[9.7,35.75],[9.7333,35.8],[9.725,35.9],[9.8,36.0],[9.8,36.0],[9.8,36.1],[9.9,36.15],[10.0,36.2],[10.0,36.2],[10.1,36.25],[10.1333,36.3],[10.1333,36.4],[10.1,36.425],[10.0,36.4],[10.0,36.4],[9.9,36.35],[9.8,36.35],[9.7,36.3],[9.6,36.3],[9.5,36.3],[9.4,36.3],[9.3,36.4],[9.3,36.5],[9.3,36.5],[9.2,36.55],[9.1,36.5],[9.0,36.5],[9.0,36.5],[8.9,36.4],[8.9,36.4],[8.8,36.3667],[8.7,36.4],[8.7,36.4],[8.6,36.4],[8.5,36.5],[8.6,36.55],[8.7,36.6],[8.7,36.6],[8.8,36.6333],[8.9,36.65],[9.0,36.7],[9.0,36.7],[9.025,36.8],[9.0,36.8333],[8.9,36.8333],[8.8,36.8125],[8.75,36.8],[8.7,36.7667],[8.6,36.725],[8.5,36.7],[8.4,36.7],[8.3,36.7],[8.2,36.7],[8.1,36.7],[8.1,36.7],[8.0,36.65],[7.9,36.65],[7.8,36.6],[7.7,36.6],[7.6,36.6],[7.5,36.65],[7.4,36.6333],[7.3,36.6],[7.2,36.6667],[7.1,36.7],[7.1,36.8],[7.1,36.8],[7.0,36.8],[6.92,36.9],[7.0,36.98],[7.1,36.9778],[7.2,36.98],[7.3,36.9818],[7.3125,37.0],[7.4,37.0875],[7.5,37.0889],[7.5889,37.0],[7.6,36.9833],[7.7,36.9857],[7.7857,36.9],[7.8,36.8778],[7.9,36.875],[7.9125,36.9],[8.0,36.9875],[8.0875,36.9],[8.1,36.8778],[8.2,36.8778],[8.2105,36.9],[8.3,36.9895],[8.4,36.9882],[8.5,36.9857],[8.6,36.9833],[8.7,36.9846],[8.8,36.9778],[8.8125,37.0],[8.9,37.0875],[8.9111,37.1],[9.0,37.1889],[9.1,37.1818],[9.2,37.1778],[9.2133,37.2],[9.3,37.2867],[9.4,37.2833],[9.4118,37.3],[9.5,37.3882],[9.6,37.3889],[9.7,37.3895],[9.8,37.3895],[9.8895,37.3],[9.8882,37.2],[9.9,37.1889],[9.9105,37.2],[10.0,37.2895],[10.1,37.29],[10.2,37.29],[10.29,37.2],[10.2,37.11],[10.1895,37.1],[10.1889,37.0],[10.2,36.9889],[10.3,36.9895],[10.3895,36.9],[10.3,36.8105],[10.2867,36.8],[10.3,36.7875],[10.4,36.7882],[10.5,36.7895],[10.51,36.8],[10.51,36.9],[10.6,36.99],[10.69,36.9],[10.7,36.89],[10.71,36.9],[10.8,36.99],[10.81,37.0],[10.9,37.09],[11.0,37.09],[11.1,37.09],[11.19,37.0],[11.1,36.91],[11.09,36.9],[11.09,36.8],[11.0,36.71],[10.9895,36.7],[10.9,36.6105],[10.8882,36.6],[10.89,36.5],[10.8,36.41],[10.7,36.41],[10.6,36.4105],[10.5,36.4125],[10.4818,36.4],[10.4833,36.3],[10.4867,36.2],[10.4867,36.1],[10.5,36.0889],[10.5889,36.0],[10.6,35.9882],[10.6882,35.9],[10.6867,35.8],[10.7,35.7857],[10.8,35.79],[10.9,35.79],[10.99,35.7],[11.0,35.69],[11.09,35.6],[11.0895,35.5],[11.0895,35.4],[11.1,35.39],[11.19,35.3],[11.1,35.21],[11.09,35.2],[11.09,35.1],[11.0,35.01],[10.99,35.0],[10.99,34.9],[10.9,34.81],[10.8,34.81],[10.79,34.8],[10.79,34.7],[10.7,34.61],[10.69,34.6],[10.6,34.51],[10.5,34.51],[10.4,34.51],[10.39,34.5],[10.39,34.4],[10.3,34.31],[10.2,34.31],[10.1895,34.3],[10.1,34.2105],[10.09,34.2],[10.09,34.1],[10.09,34.0],[10.1,34.0],[10.2,34.0],[10.3,34.0],[10.4,34.0],[10.5,34.0],[10.6,34.0],[10.7,34.0],[10.8,34.0],[10.9,34.0],[11.0,34.0],[11.1,34.0],[11.2,34.0],[11.3,34.0],[11.4,34.0],[11.5,34.0],[11.6,34.0],[11.7,34.0],[11.8,34.0],[11.9,34.0],[12.0,34.0],[12.1,34.0],[12.2,34.0],[12.3,34.0],[12.4,34.0],[12.5,34.0],[12.6,34.0],[12.7,34.0],[12.8,34.0],[12.9,34.0],[13.0,34.0],[13.1,34.0],[13.2,34.0],[13.3,34.0],[13.4,34.0],[13.5,34.0],[13.6,34.0],[13.7,34.0],[13.8,34.0],[13.9,34.0],[14.0,34.0],[14.1,34.0],[14.2,34.0],[14.3,34.0],[14.4,34.0],[14.5,34.0],[14.6,34.0],[14.7,34.0],[14.8,34.0],[14.9,34.0],[15.0,34.0],[15.1,34.0],[15.2,34.0],[15.3,34.0],[15.4,34.0],[15.5,34.0],[15.6,34.0],[15.7,34.0],[15.8,34.0],[15.9,34.0],[16.0,34.0],[16.1,34.0],[16.2,34.0],[16.3,34.0],[16.4,34.0],[16.5,34.0],[16.6,34.0],[16.7,34.0],[16.8,34.0],[16.9,34.0],[17.0,34.0],[17.1,34.0],[17.2,34.0],[17.3,34.0],[17.4,34.0],[17.5,34.0],[17.6,34.0],[17.7,34.0],[17.8,34.0],[17.9,34.0],[18.0,34.0],[18.1,34.0],[18.2,34.0],[18.3,34.0],[18.4,34.0],[18.5,34.0],[18.6,34.0],[18.7,34.0],[18.8,34.0],[18.9,34.0],[19.0,34.0],[19.1,34.0],[19.2,34.0],[19.3,34.0],[19.4,34.0],[19.5,34.0],[19.6,34.0],[19.7,34.0],[19.8,34.0],[19.9,34.0],[20.0,34.0],[20.1,34.0],[20.2,34.0],[20.3,34.0],[20.4,34.0],[20.5,34.0],[20.6,34.0],[20.7,34.0],[20.8,34.0],[20.9,34.0],[21.0,34.0],[21.1,34.0],[21.2,34.0],[21.3,34.0],[21.4,34.0],[21.5,34.0],[21.6,34.0],[21.7,34.0],[21.8,34.0],[21.9,34.0],[22.0,34.0],[22.1,34.0],[22.2,34.0],[22.3,34.0],[22.4,34.0],[22.5,34.0],[22.6,34.0],[22.7,34.0],[22.8,34.0],[22.9,34.0],[23.0,34.0],[23.1,34.0],[23.2,34.0],[23.3,34.0],[23.4,34.0],[23.5,34.0],[23.6,34.0],[23.7,34.0],[23.8,34.0],[23.9,34.0],[24.0,34.0],[24.1,34.0],[24.2,34.0],[24.3,34.0],[24.4,34.0],[24.5,34.0],[24.6,34.0],[24.7,34.0],[24.8,34.0],[24.9,34.0],[25.0,34.0],[25.1,34.0],[25.2,34.0],[25.3,34.0],[25.4,34.0],[25.5,34.0],[25.6,34.0],[25.7,34.0],[25.8,34.0],[25.9,34.0],[26.0,34.0],[26.1,34.0],[26.2,34.0],[26.3,34.0],[26.4,34.0],[26.5,34.0],[26.6,34.0],[26.7,34.0],[26.8,34.0],[26.9,34.0],[27.0,34.0],[27.1,34.0],[27.2,34.0],[27.3,34.0],[27.4,34.0],[27.5,34.0],[27.6,34.0],[27.7,34.0],[27.8,34.0],[27.9,34.0],[28.0,34.0],[28.1,34.0],[28.2,34.0],[28.3,34.0],[28.4,34.0],[28.5,34.0],[28.6,34.0],[28.7,34.0],[28.8,34.0],[28.9,34.0],[29.0,34.0],[29.1,34.0],[29.2,34.0],[29.3,34.0],[29.4,34.0],[29.5,34.0],[29.6,34.0],[29.7,34.0],[29.8,34.0],[29.9,34.0],[30.0,34.0],[30.1,34.0],[30.2,34.0],[30.3,34.0],[30.4,34.0],[30.5,34.0],[30.6,34.0],[30.7,34.0],[30.8,34.0],[30.9,34.0],[31.0,34.0],[31.1,34.0],[31.2,34.0],[31.3,34.0],[31.4,34.0],[31.5,34.0],[31.6,34.0],[31.7,34.0],[31.8,34.0],[31.9,34.0],[32.0,34.0],[32.1,34.0],[32.2,34.0],[32.3,34.0],[32.4,34.0],[32.5,34.0],[32.6,34.0],[32.7,34.0],[32.8,34.0],[32.9,34.0],[33.0,34.0],[33.1,34.0],[33.2,34.0],[33.3,34.0],[33.4,34.0],[33.5,34.0],[33.6,34.0],[33.7,34.0],[33.8,34.0],[33.9,34.0],[34.0,34.0],[34.1,34.0],[34.2,34.0],[34.3,34.0],[34.4,34.0],[34.5,34.0],[34.6,34.0],[34.7,34.0],[34.8,34.0],[34.9,34.0],[35.0,34.0],[35.1,34.0],[35.2,34.0],[35.3,34.0],[35.4,34.0],[35.5,34.0],[35.5125,34.0],[35.6,34.0875],[35.65,34.1],[35.6333,34.2],[35.61,34.3],[35.7,34.39],[35.8,34.3857],[35.8105,34.4],[35.81,34.5],[35.9,34.59],[35.91,34.6],[35.9,34.61],[35.81,34.7],[35.9,34.79],[35.91,34.8],[35.9105,34.9],[35.9,34.91],[35.81,35.0],[35.9,35.09],[35.9118,35.1],[35.9118,35.2],[35.91,35.3],[35.9,35.31],[35.81,35.4],[35.8,35.41],[35.71,35.5],[35.8,35.59],[35.81,35.6],[35.8,35.61],[35.71,35.7],[35.8,35.79],[35.81,35.8],[35.81,35.9],[35.9,35.99],[35.9111,36.0],[35.9,36.01],[35.81,36.1],[35.9,36.19],[35.91,36.2],[35.9,36.2105],[35.8105,36.3],[35.81,36.4],[35.9,36.49],[36.0,36.4895],[36.01,36.5],[36.1,36.59],[36.1105,36.6],[36.1105,36.7],[36.2,36.7895],[36.2667,36.8],[36.2,36.81],[36.11,36.9],[36.1,36.91],[36.0,36.91],[35.99,36.9],[35.9,36.81],[35.8,36.81],[35.79,36.8],[35.7,36.71],[35.6,36.71],[35.59,36.7],[35.5,36.61],[35.4,36.61],[35.39,36.6],[35.3,36.51],[35.21,36.6],[35.2,36.61],[35.1,36.61],[35.01,36.7],[35.0,36.71],[34.9,36.71],[34.81,36.8],[34.8,36.81],[34.7,36.8133],[34.6,36.8333],[34.5867,36.8],[34.59,36.7],[34.5,36.61],[34.4,36.6133],[34.3,36.6133],[34.2818,36.6],[34.2,36.5182],[34.1895,36.5],[34.1,36.4105],[34.09,36.4],[34.09,36.3],[34.0,36.21],[33.9,36.21],[33.8,36.21],[33.79,36.2],[33.7,36.11],[33.6,36.11],[33.5,36.11],[33.4,36.11],[33.3,36.11],[33.2,36.11],[33.1,36.11],[33.0,36.1105],[32.99,36.1],[32.9,36.01],[32.8,36.01],[32.7,36.01],[32.61,36.1],[32.6,36.1222],[32.5,36.1118],[32.4118,36.2],[32.4,36.2125],[32.3,36.21],[32.21,36.3],[32.2167,36.4],[32.2,36.4333],[32.1,36.425],[32.025,36.5],[32.1,36.575],[32.2,36.5667],[32.28,36.5],[32.3,36.4909],[32.4,36.4333],[32.4333,36.4],[32.4875,36.3],[32.5,36.2882],[32.6,36.2778],[32.7,36.275],[32.8,36.2882],[32.9,36.29],[33.0,36.2895],[33.1,36.29],[33.2,36.29],[33.2667,36.3],[33.3,36.3333],[33.4,36.3667],[33.5,36.3833],[33.6,36.4],[33.6,36.4],[33.6,36.4],[33.5,36.4111],[33.4,36.425],[33.3,36.5],[33.3,36.5],[33.2222,36.6],[33.2,36.7],[33.3,36.7875],[33.4,36.75],[33.4667,36.7],[33.5,36.6923],[33.6,36.6714],[33.6714,36.6],[33.7,36.5333],[33.8,36.5],[33.8,36.5],[33.8,36.5],[33.9,36.5333],[34.0,36.5778],[34.0667,36.6],[34.1,36.6333],[34.2,36.7],[34.2,36.7],[34.3,36.7867],[34.34,36.8],[34.4,36.86],[34.5,36.8867],[34.5333,36.9],[34.6,36.9667],[34.64,37.0],[34.7,37.06],[34.8,37.1],[34.8,37.1],[34.9,37.1667],[34.94,37.2],[35.0,37.26],[35.1,37.3],[35.1,37.3],[35.2,37.3889],[35.3,37.39],[35.32,37.4],[35.4,37.48],[35.5,37.4857],[35.5333,37.5],[35.6,37.5667],[35.7,37.5833],[35.8,37.6],[35.8,37.6],[35.9,37.6333],[35.95,37.6],[36.0,37.59],[36.1,37.5875],[36.2,37.5333],[36.25,37.5],[36.3,37.475],[36.4,37.45],[36.4333,37.4],[36.4917,37.3],[36.5,37.25],[36.55,37.2],[36.5,37.1],[36.4,37.1],[36.4,37.1],[36.35,37.0],[36.36,36.9],[36.4,36.8],[36.4,36.8],[36.5,36.8],[36.5,36.8],[36.6,36.9],[36.7,36.8],[36.7,36.7],[36.7,36.7],[36.8,36.7],[36.9,36.7],[36.9,36.7],[37.0,36.8],[37.0,36.8],[37.05,36.9],[37.1,36.95],[37.2,36.95],[37.3,37.0],[37.3,37.0],[37.4,37.1],[37.4,37.1],[37.4,37.2],[37.4167,37.3],[37.425,37.4],[37.4,37.5],[37.5,37.6],[37.6,37.6],[37.7,37.6],[37.7,37.6],[37.8,37.66],[37.9,37.7],[37.9,37.7],[38.0,37.78],[38.05,37.8],[38.1,37.8333],[38.2,37.8875],[38.25,37.9],[38.3,37.9333],[38.4,38.0],[38.5,38.0],[38.6,38.0],[38.7,37.975],[38.8,37.9833],[38.9,37.9875],[38.92,38.0],[39.0,38.0667],[39.0333,38.1],[39.025,38.2],[39.0,38.225],[38.9,38.25],[38.8,38.25],[38.7,38.25],[38.65,38.3],[38.6,38.3286],[38.5,38.325],[38.4,38.34],[38.3,38.4],[38.3,38.4],[38.2667,38.5],[38.25,38.6],[38.3,38.65],[38.4,38.7],[38.4,38.7],[38.5,38.7333],[38.5333,38.7],[38.55,38.6],[38.6,38.5667],[38.7,38.56],[38.8,38.55],[38.9,38.55],[39.0,38.55],[39.04,38.6],[39.05,38.7],[39.0,38.7333],[38.92,38.8],[38.9,38.8067],[38.8,38.8154],[38.7,38.8167],[38.6167,38.9],[38.7,38.9833],[38.8,38.9917],[38.9,38.9933],[39.0,38.9833],[39.1,38.9818],[39.2,38.95],[39.3,38.9],[39.2667,38.8],[39.3,38.7889],[39.4,38.79],[39.5,38.8],[39.6,38.8],[39.7,38.8],[39.8,38.8],[39.9,38.7],[39.8333,38.6],[39.9,38.55],[40.0,38.5],[40.0,38.5],[40.1,38.4778],[40.2,38.5],[40.2,38.5],[40.3,38.55],[40.4,38.56],[40.5,38.5],[40.5,38.5],[40.6,38.475],[40.65,38.5],[40.7,38.5333],[40.8,38.5333],[40.9,38.5667],[41.0,38.56],[41.1,38.5333],[41.1333,38.5],[41.2,38.4714],[41.3,38.4],[41.3,38.4],[41.3667,38.3],[41.4,38.25],[41.45,38.2],[41.5,38.175],[41.6,38.15],[41.7,38.1333],[41.8,38.1],[41.7,38.0],[41.6,38.0],[41.6,38.0],[41.6,38.0],[41.7,38.0],[41.8,38.0],[41.9,37.9833],[42.0,37.9],[42.0,37.9],[42.08,37.8],[42.0778,37.7],[42.0857,37.6],[42.1,37.5667],[42.2,37.56],[42.3,37.56],[42.36,37.5],[42.39,37.4],[42.4,37.39],[42.5,37.3333],[42.6,37.35],[42.7,37.36],[42.76,37.3],[42.8,37.28],[42.8889,37.2],[42.9,37.19],[43.0,37.1923],[43.1,37.1917],[43.2,37.1333],[43.2333,37.1],[43.2,37.0],[43.2,37.0],[43.2,37.0],[43.3,36.9714],[43.4,36.9],[43.4,36.9],[43.5,36.9],[43.5,36.9],[43.6,36.95],[43.6667,37.0],[43.7,37.05],[43.8,37.0333],[43.8333,37.0],[43.9,36.9714],[43.9833,36.9],[44.0,36.89],[44.1,36.8875],[44.2,36.88],[44.28,36.8],[44.3,36.7909],[44.4,36.7889],[44.5,36.7833],[44.6,36.76],[44.675,36.7],[44.7,36.6857],[44.8,36.6333],[44.8333,36.6],[44.8,36.5667],[44.7,36.5143],[44.6,36.525],[44.58,36.5],[44.6,36.475],[44.675,36.4],[44.7,36.3867],[44.8,36.3867],[44.9,36.3857],[45.0,36.3857],[45.0,36.4],[45.0,36.5],[45.0,36.6],[45.0,36.7],[45.0,36.8],[45.0,36.9],[45.0,37.0],[45.0,37.1],[45.0,37.2],[45.0,37.3],[45.0,37.4],[45.0,37.5],[45.0,37.6],[45.0,37.7],[45.0,37.8],[45.0,37.9],[45.0,38.0],[45.0,38.1],[45.0,38.125],[44.925,38.2],[45.0,38.275],[45.0,38.3],[45.0,38.4],[45.0,38.4667],[44.9,38.5],[44.9667,38.6],[45.0,38.6333],[45.0,38.7],[45.0,38.8],[45.0,38.9],[45.0,38.92],[44.9333,39.0],[44.9167,39.1],[44.9,39.1125],[44.8,39.15],[44.7333,39.2],[44.7,39.25],[44.65,39.3],[44.7,39.35],[44.8,39.4],[44.8,39.4],[44.8,39.5],[44.8,39.5],[44.7,39.55],[44.65,39.6],[44.6,39.7],[44.6,39.7],[44.55,39.8],[44.5,39.825],[44.425,39.9],[44.4,39.95],[44.35,40.0],[44.4,40.0333],[44.45,40.0],[44.5,39.975],[44.6,39.95],[44.65,39.9],[44.7,39.86],[44.775,39.8],[44.8,39.7833],[44.9,39.7333],[44.95,39.7],[45.0,39.6889],[45.0,39.7],[45.0,39.8],[45.0,39.9],[45.0,40.0],[45.0,40.1],[45.0,40.2],[45.0,40.3],[45.0,40.4],[45.0,40.5],[45.0,40.6],[45.0,40.7],[45.0,40.8],[45.0,40.9],[45.0,41.0],[45.0,41.1],[45.0,41.2],[45.0,41.2667],[44.9,41.3],[44.9,41.3],[44.8,41.35],[44.75,41.4],[44.8,41.4333],[44.85,41.5],[44.9,41.5667],[44.95,41.6],[45.0,41.6333],[45.0,41.7],[45.0,41.8],[45.0,41.9],[45.0,42.0],[45.0,42.1],[45.0,42.2],[45.0,42.3],[45.0,42.4],[45.0,42.5],[45.0,42.6],[45.0,42.7],[45.0,42.8],[45.0,42.9],[45.0,43.0],[45.0,43.1],[45.0,43.2],[45.0,43.3],[45.0,43.4],[45.0,43.5],[45.0,43.5],[44.9,43.5],[44.8,43.55],[44.7,43.55],[44.6,43.5667],[44.5,43.6],[44.5,43.6],[44.4,43.6],[44.3,43.6],[44.2,43.7],[44.2,43.7],[44.1,43.7],[44.0,43.8],[44.0,43.9],[44.0,43.9],[43.9,43.9],[43.8,43.95],[43.7667,44.0],[43.75,44.1],[43.7,44.15],[43.65,44.2],[43.6,44.3],[43.6,44.3],[43.55,44.4],[43.6,44.5],[43.6,44.5],[43.6,44.6],[43.6,44.7],[43.6,44.8],[43.65,44.9],[43.6,45.0],[43.6,45.0],[43.5,45.1],[43.6,45.2],[43.7,45.2],[43.7,45.2],[43.8,45.3],[43.9,45.3],[43.9,45.3],[43.9,45.3],[43.8,45.4],[43.8,45.4],[43.7,45.4],[43.6,45.45],[43.5,45.45],[43.4,45.45],[43.3,45.5],[43.3,45.6],[43.3,45.6],[43.2,45.65],[43.1,45.6],[43.0,45.6],[42.9,45.6],[42.8,45.65],[42.7,45.7],[42.7,45.8],[42.7,45.8],[42.7,45.8],[42.6,45.7],[42.5,45.7],[42.5,45.7],[42.4,45.6],[42.3,45.7],[42.3,45.7],[42.3,45.7],[42.2,45.6],[42.2,45.6],[42.1,45.55],[42.0,45.5],[41.9,45.5],[41.8,45.55],[41.7,45.6],[41.7,45.6],[41.6,45.6],[41.5,45.6],[41.4,45.6],[41.3,45.6],[41.2,45.6],[41.1,45.6],[41.1,45.6],[41.1,45.6],[41.2,45.6],[41.3,45.5],[41.2,45.4],[41.1,45.4],[41.1,45.4],[41.0,45.3],[40.9,45.3],[40.8,45.3],[40.7,45.3],[40.6,45.3],[40.6,45.3],[40.5,45.2],[40.4,45.2],[40.3,45.2],[40.2,45.2],[40.1,45.3],[40.1,45.4],[40.2,45.5],[40.2,45.5],[40.2,45.6],[40.2,45.6],[40.1,45.7],[40.1,45.8],[40.1,45.8],[40.0,45.9],[40.0,45.9],[39.9,46.0],[40.0,46.1],[40.1,46.1],[40.1,46.1],[40.1,46.1],[40.0,46.2],[40.0,46.3],[40.1,46.4],[40.1,46.4],[40.1,46.5],[40.2,46.6],[40.2,46.6],[40.3,46.7],[40.3,46.7],[40.3,46.8],[40.4,46.9],[40.5,46.9],[40.6,46.9],[40.6,46.9],[40.6,47.0],[40.6,47.0],[40.5,47.1],[40.5,47.1],[40.4,47.1],[40.3,47.2],[40.3,47.3],[40.4,47.4],[40.5,47.4],[40.6,47.4],[40.6,47.4],[40.7,47.5],[40.7,47.5],[40.8,47.6],[40.9,47.6],[40.9,47.6],[40.9,47.7],[40.9,47.7],[40.8,47.8],[40.9,47.85],[41.0,47.85],[41.1,47.8],[41.1,47.8],[41.2,47.8],[41.3,47.8],[41.4,47.8],[41.5,47.8],[41.6,47.8],[41.7,47.8],[41.7,47.8],[41.7,47.8],[41.6,47.8],[41.5,47.9],[41.5,48.0],[41.5,48.1],[41.5,48.2],[41.5,48.3],[41.6,48.4],[41.7,48.4],[41.8,48.4],[41.9,48.3],[41.9,48.2],[41.9,48.2],[42.0,48.2],[42.1,48.2],[42.2,48.2],[42.3,48.2],[42.4,48.2],[42.4,48.2],[42.4,48.3],[42.4,48.4],[42.5,48.5],[42.6,48.5],[42.7,48.5],[42.8,48.5],[42.8,48.5],[42.8,48.6],[42.9,48.7],[43.0,48.7],[43.1,48.65],[43.2,48.6],[43.1,48.5],[43.1,48.5],[43.1,48.5],[43.2,48.4857],[43.3,48.4],[43.3,48.3],[43.3,48.3],[43.3,48.3],[43.4,48.4],[43.5,48.3],[43.4,48.2],[43.4,48.2],[43.4,48.1],[43.4,48.1],[43.5,48.0],[43.5,47.9],[43.4,47.8],[43.4,47.8],[43.4,47.7],[43.4,47.7],[43.5,47.6],[43.4,47.55],[43.3,47.5667],[43.2333,47.5],[43.2,47.4],[43.2,47.4],[43.2,47.4],[43.3,47.4],[43.3,47.4],[43.4,47.45],[43.5,47.45],[43.6,47.45],[43.7,47.4],[43.7,47.4],[43.8,47.3],[43.7,47.2],[43.7,47.2],[43.6,47.1],[43.5,47.1],[43.4,47.1],[43.4,47.1],[43.4,47.0],[43.4,47.0],[43.4,47.0],[43.5,47.1],[43.6,47.0],[43.6,47.0],[43.7,46.9667],[43.75,47.0],[43.8,47.1],[43.8,47.1],[43.9,47.2],[44.0,47.2],[44.1,47.2],[44.1,47.2],[44.2,47.3],[44.3,47.25],[44.4,47.25],[44.5,47.3],[44.5,47.3],[44.5,47.4],[44.5,47.5],[44.6,47.6],[44.6,47.6],[44.6,47.7],[44.6,47.8],[44.6,47.9],[44.6,48.0],[44.7,48.1],[44.7,48.1],[44.8,48.2],[44.8,48.2],[44.8,48.2],[44.7,48.3],[44.8,48.4],[44.9,48.4],[45.0,48.4],[45.0,48.4],[45.0,48.5],[45.0,48.5],[44.9,48.6],[45.0,48.7],[45.0,48.7],[45.0,48.8],[45.0,48.9],[45.0,48.9],[44.9,48.925],[44.825,49.0],[44.9,49.075],[45.0,49.1],[45.0,49.1],[45.0,49.2],[45.0,49.3],[45.0,49.4],[45.0,49.5],[45.0,49.6],[45.0,49.7],[45.0,49.8],[45.0,49.9],[45.0,50.0],[45.0,50.1],[45.0,50.2],[45.0,50.3],[45.0,50.4],[45.0,50.5],[45.0,50.6],[45.0,50.7],[45.0,50.8],[45.0,50.9],[45.0,51.0],[45.0,51.1],[45.0,51.2],[45.0,51.3],[45.0,51.4],[45.0,51.5],[45.0,51.6],[45.0,51.7],[45.0,51.8],[45.0,51.9],[45.0,52.0],[45.0,52.1],[45.0,52.2],[45.0,52.3],[45.0,52.4],[45.0,52.5],[45.0,52.6],[45.0,52.7],[45.0,52.8],[45.0,52.9],[45.0,53.0],[45.0,53.1],[45.0,53.2],[45.0,53.3],[45.0,53.4],[45.0,53.5],[45.0,53.6],[45.0,53.7],[45.0,53.8],[45.0,53.9],[45.0,54.0],[45.0,54.1],[45.0,54.2],[45.0,54.3],[45.0,54.4],[45.0,54.5],[45.0,54.6],[45.0,54.7],[45.0,54.8],[45.0,54.9],[45.0,55.0],[45.0,55.1],[45.0,55.2],[45.0,55.3],[45.0,55.4],[45.0,55.5],[45.0,55.6],[45.0,55.7],[45.0,55.8],[45.0,55.9],[45.0,56.0],[45.0,56.1],[45.0,56.2],[45.0,56.3],[45.0,56.4],[45.0,56.5],[45.0,56.6],[45.0,56.7],[45.0,56.8],[45.0,56.9],[45.0,57.0],[45.0,57.1],[45.0,57.2],[45.0,57.3],[45.0,57.4],[45.0,57.5],[45.0,57.6],[45.0,57.7],[45.0,57.8],[45.0,57.9],[45.0,58.0],[45.0,58.1],[45.0,58.2],[45.0,58.3],[45.0,58.4],[45.0,58.5],[45.0,58.6],[45.0,58.7],[45.0,58.8],[45.0,58.9],[45.0,59.0],[45.0,59.1],[45.0,59.2],[45.0,59.3],[45.0,59.4],[45.0,59.5],[45.0,59.6],[45.0,59.7],[45.0,59.8],[45.0,59.9],[45.0,60.0],[45.0,60.1],[45.0,60.2],[45.0,60.3],[45.0,60.4],[45.0,60.5],[45.0,60.6],[45.0,60.7],[45.0,60.8],[45.0,60.9],[45.0,61.0],[45.0,61.1],[45.0,61.2],[45.0,61.3],[45.0,61.4],[45.0,61.5],[45.0,61.6],[45.0,61.7],[45.0,61.8],[45.0,61.9],[45.0,62.0],[45.0,62.1],[45.0,62.2],[45.0,62.3],[45.0,62.4],[45.0,62.5],[45.0,62.6],[45.0,62.7],[45.0,62.8],[45.0,62.9],[45.0,63.0],[45.0,63.1],[45.0,63.2],[45.0,63.3],[45.0,63.4],[45.0,63.5],[45.0,63.6],[45.0,63.7],[45.0,63.8],[45.0,63.9],[45.0,64.0],[45.0,64.1],[45.0,64.2],[45.0,64.3],[45.0,64.4],[45.0,64.5],[45.0,64.6],[45.0,64.7],[45.0,64.8],[45.0,64.9],[45.0,65.0],[45.0,65.1],[45.0,65.2],[45.0,65.3],[45.0,65.4],[45.0,65.5],[45.0,65.6],[45.0,65.7],[45.0,65.8],[45.0,65.9],[45.0,66.0],[45.0,66.1],[45.0,66.2],[45.0,66.3],[45.0,66.4],[45.0,66.5],[45.0,66.6],[45.0,66.7],[45.0,66.8],[45.0,66.9],[45.0,67.0],[45.0,67.1],[45.0,67.2],[45.0,67.3],[45.0,67.4],[45.0,67.5],[45.0,67.6],[45.0,67.7],[45.0,67.8],[45.0,67.9],[45.0,68.0],[45.0,68.1],[45.0,68.2],[45.0,68.3],[45.0,68.4],[45.0,68.5],[45.0,68.6],[45.0,68.7],[45.0,68.8],[45.0,68.9],[45.0,69.0],[45.0,69.1],[45.0,69.2],[45.0,69.3],[45.0,69.4],[45.0,69.5],[45.0,69.6],[45.0,69.7],[45.0,69.8],[45.0,69.9],[45.0,70.0],[45.0,70.1],[45.0,70.2],[45.0,70.3],[45.0,70.4],[45.0,70.5],[45.0,70.6],[45.0,70.7],[45.0,70.8],[45.0,70.9],[45.0,71.0],[45.0,71.1],[45.0,71.2],[45.0,71.3],[45.0,71.4],[45.0,71.5],[45.0,71.6],[45.0,71.7],[45.0,71.8],[45.0,71.9],[45.0,72.0],[44.9,72.0],[44.8,72.0],[44.7,72.0],[44.6,72.0],[44.5,72.0],[44.4,72.0],[44.3,72.0],[44.2,72.0],[44.1,72.0],[44.0,72.0],[43.9,72.0],[43.8,72.0],[43.7,72.0],[43.6,72.0],[43.5,72.0],[43.4,72.0],[43.3,72.0],[43.2,72.0],[43.1,72.0],[43.0,72.0],[42.9,72.0],[42.8,72.0],[42.7,72.0],[42.6,72.0],[42.5,72.0],[42.4,72.0],[42.3,72.0],[42.2,72.0],[42.1,72.0],[42.0,72.0],[41.9,72.0],[41.8,72.0],[41.7,72.0],[41.6,72.0],[41.5,72.0],[41.4,72.0],[41.3,72.0],[41.2,72.0],[41.1,72.0],[41.0,72.0],[40.9,72.0],[40.8,72.0],[40.7,72.0],[40.6,72.0],[40.5,72.0],[40.4,72.0],[40.3,72.0],[40.2,72.0],[40.1,72.0],[40.0,72.0],[39.9,72.0],[39.8,72.0],[39.7,72.0],[39.6,72.0],[39.5,72.0],[39.4,72.0],[39.3,72.0],[39.2,72.0],[39.1,72.0],[39.0,72.0],[38.9,72.0],[38.8,72.0],[38.7,72.0],[38.6,72.0],[38.5,72.0],[38.4,72.0],[38.3,72.0],[38.2,72.0],[38.1,72.0],[38.0,72.0],[37.9,72.0],[37.8,72.0],[37.7,72.0],[37.6,72.0],[37.5,72.0],[37.4,72.0],[37.3,72.0],[37.2,72.0],[37.1,72.0],[37.0,72.0],[36.9,72.0],[36.8,72.0],[36.7,72.0],[36.6,72.0],[36.5,72.0],[36.4,72.0],[36.3,72.0],[36.2,72.0],[36.1,72.0],[36.0,72.0],[35.9,72.0],[35.8,72.0],[35.7,72.0],[35.6,72.0],[35.5,72.0],[35.4,72.0],[35.3,72.0],[35.2,72.0],[35.1,72.0],[35.0,72.0],[34.9,72.0],[34.8,72.0],[34.7,72.0],[34.6,72.0],[34.5,72.0],[34.4,72.0],[34.3,72.0],[34.2,72.0],[34.1,72.0],[34.0,72.0],[33.9,72.0],[33.8,72.0],[33.7,72.0],[33.6,72.0],[33.5,72.0],[33.4,72.0],[33.3,72.0],[33.2,72.0],[33.1,72.0],[33.0,72.0],[32.9,72.0],[32.8,72.0],[32.7,72.0],[32.6,72.0],[32.5,72.0],[32.4,72.0],[32.3,72.0],[32.2,72.0],[32.1,72.0],[32.0,72.0],[31.9,72.0],[31.8,72.0],[31.7,72.0],[31.6,72.0],[31.5,72.0],[31.4,72.0],[31.3,72.0],[31.2,72.0],[31.1,72.0],[31.0,72.0],[30.9,72.0],[30.8,72.0],[30.7,72.0],[30.6,72.0],[30.5,72.0],[30.4,72.0],[30.3,72.0],[30.2,72.0],[30.1,72.0],[30.0,72.0],[29.9,72.0],[29.8,72.0],[29.7,72.0],[29.6,72.0],[29.5,72.0],[29.4,72.0],[29.3,72.0],[29.2,72.0],[29.1,72.0],[29.0,72.0],[28.9,72.0],[28.8,72.0],[28.7,72.0],[28.6,72.0],[28.5,72.0],[28.4,72.0],[28.3,72.0],[28.2,72.0],[28.1,72.0],[28.0,72.0],[27.9,72.0],[27.8,72.0],[27.7,72.0],[27.6,72.0],[27.5,72.0],[27.4,72.0],[27.3,72.0],[27.2,72.0],[27.1,72.0],[27.0,72.0],[26.9,72.0],[26.8,72.0],[26.7,72.0],[26.6,72.0],[26.5,72.0],[26.4,72.0],[26.3,72.0],[26.2,72.0],[26.1,72.0],[26.0,72.0],[25.9,72.0],[25.8,72.0],[25.7,72.0],[25.6,72.0],[25.5,72.0],[25.4,72.0],[25.3,72.0],[25.2,72.0],[25.1,72.0],[25.0,72.0],[24.9,72.0],[24.8,72.0],[24.7,72.0],[24.6,72.0],[24.5,72.0],[24.4,72.0],[24.3,72.0],[24.2,72.0],[24.1,72.0],[24.0,72.0],[23.9,72.0],[23.8,72.0],[23.7,72.0],[23.6,72.0],[23.5,72.0],[23.4,72.0],[23.3,72.0],[23.2,72.0],[23.1,72.0],[23.0,72.0],[22.9,72.0],[22.8,72.0],[22.7,72.0],[22.6,72.0],[22.5,72.0],[22.4,72.0],[22.3,72.0],[22.2,72.0],[22.1,72.0],[22.0,72.0],[21.9,72.0],[21.8,72.0],[21.7,72.0],[21.6,72.0],[21.5,72.0],[21.4,72.0],[21.3,72.0],[21.2,72.0],[21.1,72.0],[21.0,72.0],[20.9,72.0],[20.8,72.0],[20.7,72.0],[20.6,72.0],[20.5,72.0],[20.4,72.0],[20.3,72.0],[20.2,72.0],[20.1,72.0],[20.0,72.0],[19.9,72.0],[19.8,72.0],[19.7,72.0],[19.6,72.0],[19.5,72.0],[19.4,72.0],[19.3,72.0],[19.2,72.0],[19.1,72.0],[19.0,72.0],[18.9,72.0],[18.8,72.0],[18.7,72.0],[18.6,72.0],[18.5,72.0],[18.4,72.0],[18.3,72.0],[18.2,72.0],[18.1,72.0],[18.0,72.0],[17.9,72.0],[17.8,72.0],[17.7,72.0],[17.6,72.0],[17.5,72.0],[17.4,72.0],[17.3,72.0],[17.2,72.0],[17.1,72.0],[17.0,72.0],[16.9,72.0],[16.8,72.0],[16.7,72.0],[16.6,72.0],[16.5,72.0],[16.4,72.0],[16.3,72.0],[16.2,72.0],[16.1,72.0],[16.0,72.0],[15.9,72.0],[15.8,72.0],[15.7,72.0],[15.6,72.0],[15.5,72.0],[15.4,72.0],[15.3,72.0],[15.2,72.0],[15.1,72.0],[15.0,72.0],[14.9,72.0],[14.8,72.0],[14.7,72.0],[14.6,72.0],[14.5,72.0],[14.4,72.0],[14.3,72.0],[14.2,72.0],[14.1,72.0],[14.0,72.0],[13.9,72.0],[13.8,72.0],[13.7,72.0],[13.6,72.0],[13.5,72.0],[13.4,72.0],[13.3,72.0],[13.2,72.0],[13.1,72.0],[13.0,72.0],[12.9,72.0],[12.8,72.0],[12.7,72.0],[12.6,72.0],[12.5,72.0],[12.4,72.0],[12.3,72.0],[12.2,72.0],[12.1,72.0],[12.0,72.0],[11.9,72.0],[11.8,72.0],[11.7,72.0],[11.6,72.0],[11.5,72.0],[11.4,72.0],[11.3,72.0],[11.2,72.0],[11.1,72.0],[11.0,72.0],[10.9,72.0],[10.8,72.0],[10.7,72.0],[10.6,72.0],[10.5,72.0],[10.4,72.0],[10.3,72.0],[10.2,72.0],[10.1,72.0],[10.0,72.0],[9.9,72.0],[9.8,72.0],[9.7,72.0],[9.6,72.0],[9.5,72.0],[9.4,72.0],[9.3,72.0],[9.2,72.0],[9.1,72.0],[9.0,72.0],[8.9,72.0],[8.8,72.0],[8.7,72.0],[8.6,72.0],[8.5,72.0],[8.4,72.0],[8.3,72.0],[8.2,72.0],[8.1,72.0],[8.0,72.0],[7.9,72.0],[7.8,72.0],[7.7,72.0],[7.6,72.0],[7.5,72.0],[7.4,72.0],[7.3,72.0],[7.2,72.0],[7.1,72.0],[7.0,72.0],[6.9,72.0],[6.8,72.0],[6.7,72.0],[6.6,72.0],[6.5,72.0],[6.4,72.0],[6.3,72.0],[6.2,72.0],[6.1,72.0],[6.0,72.0],[5.9,72.0],[5.8,72.0],[5.7,72.0],[5.6,72.0],[5.5,72.0],[5.4,72.0],[5.3,72.0],[5.2,72.0],[5.1,72.0],[5.0,72.0],[4.9,72.0],[4.8,72.0],[4.7,72.0],[4.6,72.0],[4.5,72.0],[4.4,72.0],[4.3,72.0],[4.2,72.0],[4.1,72.0],[4.0,72.0],[3.9,72.0],[3.8,72.0],[3.7,72.0],[3.6,72.0],[3.5,72.0],[3.4,72.0],[3.3,72.0],[3.2,72.0],[3.1,72.0],[3.0,72.0],[2.9,72.0],[2.8,72.0],[2.7,72.0],[2.6,72.0],[2.5,72.0],[2.4,72.0],[2.3,72.0],[2.2,72.0],[2.1,72.0],[2.0,72.0],[1.9,72.0],[1.8,72.0],[1.7,72.0],[1.6,72.0],[1.5,72.0],[1.4,72.0],[1.3,72.0],[1.2,72.0],[1.1,72.0],[1.0,72.0],[0.9,72.0],[0.8,72.0],[0.7,72.0],[0.6,72.0],[0.5,72.0],[0.4,72.0],[0.3,72.0],[0.2,72.0],[0.1,72.0],[0.0,72.0],[-0.1,72.0],[-0.2,72.0],[-0.3,72.0],[-0.4,72.0],[-0.5,72.0],[-0.6,72.0],[-0.7,72.0],[-0.8,72.0],[-0.9,72.0],[-1.0,72.0],[-1.1,72.0],[-1.2,72.0],[-1.3,72.0],[-1.4,72.0],[-1.5,72.0],[-1.6,72.0],[-1.7,72.0],[-1.8,72.0],[-1.9,72.0],[-2.0,72.0],[-2.1,72.0],[-2.2,72.0],[-2.3,72.0],[-2.4,72.0],[-2.5,72.0],[-2.6,72.0],[-2.7,72.0],[-2.8,72.0],[-2.9,72.0],[-3.0,72.0],[-3.1,72.0],[-3.2,72.0],[-3.3,72.0],[-3.4,72.0],[-3.5,72.0],[-3.6,72.0],[-3.7,72.0],[-3.8,72.0],[-3.9,72.0],[-4.0,72.0],[-4.1,72.0],[-4.2,72.0],[-4.3,72.0],[-4.4,72.0],[-4.5,72.0],[-4.6,72.0],[-4.7,72.0],[-4.8,72.0],[-4.9,72.0],[-5.0,72.0],[-5.1,72.0],[-5.2,72.0],[-5.3,72.0],[-5.4,72.0],[-5.5,72.0],[-5.6,72.0],[-5.7,72.0],[-5.8,72.0],[-5.9,72.0],[-6.0,72.0],[-6.1,72.0],[-6.2,72.0],[-6.3,72.0],[-6.4,72.0],[-6.5,72.0],[-6.6,72.0],[-6.7,72.0],[-6.8,72.0],[-6.9,72.0],[-7.0,72.0],[-7.1,72.0],[-7.2,72.0],[-7.3,72.0],[-7.4,72.0],[-7.5,72.0],[-7.6,72.0],[-7.7,72.0],[-7.8,72.0],[-7.9,72.0],[-8.0,72.0],[-8.1,72.0],[-8.2,72.0],[-8.3,72.0],[-8.4,72.0],[-8.5,72.0],[-8.6,72.0],[-8.7,72.0],[-8.8,72.0],[-8.9,72.0],[-9.0,72.0],[-9.1,72.0],[-9.2,72.0],[-9.3,72.0],[-9.4,72.0],[-9.5,72.0],[-9.6,72.0],[-9.7,72.0],[-9.8,72.0],[-9.9,72.0],[-10.0,72.0],[-10.1,72.0],[-10.2,72.0],[-10.3,72.0],[-10.4,72.0],[-10.5,72.0],[-10.6,72.0],[-10.7,72.0],[-10.8,72.0],[-10.9,72.0],[-11.0,72.0],[-11.1,72.0],[-11.2,72.0],[-11.3,72.0],[-11.4,72.0],[-11.5,72.0],[-11.6,72.0],[-11.7,72.0],[-11.8,72.0],[-11.9,72.0],[-12.0,72.0],[-12.1,72.0],[-12.2,72.0],[-12.3,72.0],[-12.4,72.0],[-12.5,72.0],[-12.6,72.0],[-12.7,72.0],[-12.8,72.0],[-12.9,72.0],[-13.0,72.0],[-13.1,72.0],[-13.2,72.0],[-13.3,72.0],[-13.4,72.0],[-13.5,72.0],[-13.6,72.0],[-13.7,72.0],[-13.8,72.0],[-13.9,72.0],[-14.0,72.0],[-14.1,72.0],[-14.2,72.0],[-14.3,72.0],[-14.4,72.0],[-14.5,72.0],[-14.6,72.0],[-14.7,72.0],[-14.8,72.0],[-14.9,72.0],[-15.0,72.0],[-15.1,72.0],[-15.2,72.0],[-15.3,72.0],[-15.4,72.0],[-15.5,72.0],[-15.6,72.0],[-15.7,72.0],[-15.8,72.0],[-15.9,72.0],[-16.0,72.0],[-16.1,72.0],[-16.2,72.0],[-16.3,72.0],[-16.4,72.0],[-16.5,72.0],[-16.6,72.0],[-16.7,72.0],[-16.8,72.0],[-16.9,72.0],[-17.0,72.0],[-17.1,72.0],[-17.2,72.0],[-17.3,72.0],[-17.4,72.0],[-17.5,72.0],[-17.6,72.0],[-17.7,72.0],[-17.8,72.0],[-17.9,72.0],[-18.0,72.0],[-18.1,72.0],[-18.2,72.0],[-18.3,72.0],[-18.4,72.0],[-18.5,72.0],[-18.6,72.0],[-18.7,72.0],[-18.8,72.0],[-18.9,72.0],[-19.0,72.0],[-19.1,72.0],[-19.2,72.0],[-19.3,72.0],[-19.4,72.0],[-19.5,72.0],[-19.6,72.0],[-19.7,72.0],[-19.8,72.0],[-19.9,72.0],[-20.0,72.0],[-20.1,72.0],[-20.2,72.0],[-20.3,72.0],[-20.4,72.0],[-20.5,72.0],[-20.6,72.0],[-20.7,72.0],[-20.8,72.0],[-20.9,72.0],[-21.0,72.0],[-21.1,72.0],[-21.2,72.0],[-21.3,72.0],[-21.4,72.0],[-21.5,72.0],[-21.6,72.0],[-21.7,72.0],[-21.8,72.0],[-21.9,72.0],[-22.0,72.0],[-22.1,72.0],[-22.2,72.0],[-22.3,72.0],[-22.4,72.0],[-22.5,72.0],[-22.6,72.0],[-22.7,72.0],[-22.8,72.0],[-22.9,72.0],[-23.0,72.0],[-23.1,72.0],[-23.2,72.0],[-23.3,72.0],[-23.4,72.0],[-23.5,72.0],[-23.6,72.0],[-23.7,72.0],[-23.8,72.0],[-23.9,72.0],[-24.0,72.0],[-24.1,72.0],[-24.2,72.0],[-24.3,72.0],[-24.4,72.0],[-24.5,72.0],[-24.6,72.0],[-24.7,72.0],[-24.8,72.0],[-24.9,72.0],[-25.0,72.0],[-25.0,71.9],[-25.0,71.8],[-25.0,71.7],[-25.0,71.6],[-25.0,71.5],[-25.0,71.4],[-25.0,71.3],[-25.0,71.2],[-25.0,71.1],[-25.0,71.0],[-25.0,70.9],[-25.0,70.8],[-25.0,70.7],[-25.0,70.6],[-25.0,70.5],[-25.0,70.4],[-25.0,70.3],[-25.0,70.2],[-25.0,70.1],[-25.0,70.0],[-25.0,69.9],[-25.0,69.8],[-25.0,69.7],[-25.0,69.6],[-25.0,69.5],[-25.0,69.4],[-25.0,69.3],[-25.0,69.2],[-25.0,69.1],[-25.0,69.0],[-25.0,68.9],[-25.0,68.8],[-25.0,68.7],[-25.0,68.6],[-25.0,68.5],[-25.0,68.4],[-25.0,68.3],[-25.0,68.2],[-25.0,68.1],[-25.0,68.0],[-25.0,67.9],[-25.0,67.8],[-25.0,67.7],[-25.0,67.6],[-25.0,67.5],[-25.0,67.4],[-25.0,67.3],[-25.0,67.2],[-25.0,67.1],[-25.0,67.0],[-25.0,66.9],[-25.0,66.8],[-25.0,66.7],[-25.0,66.6],[-25.0,66.5],[-25.0,66.4],[-25.0,66.3],[-25.0,66.2],[-25.0,66.1],[-25.0,66.0],[-25.0,65.9],[-25.0,65.8],[-25.0,65.7],[-25.0,65.6],[-25.0,65.5],[-25.0,65.4],[-25.0,65.3],[-25.0,65.2],[-25.0,65.1],[-25.0,65.0],[-25.0,64.9],[-25.0,64.8],[-25.0,64.7],[-25.0,64.6],[-25.0,64.5],[-25.0,64.4],[-25.0,64.3],[-25.0,64.2],[-25.0,64.1],[-25.0,64.0],[-25.0,63.9],[-25.0,63.8],[-25.0,63.7],[-25.0,63.6],[-25.0,63.5],[-25.0,63.4],[-25.0,63.3],[-25.0,63.2],[-25.0,63.1],[-25.0,63.0],[-25.0,62.9],[-25.0,62.8],[-25.0,62.7],[-25.0,62.6],[-25.0,62.5],[-25.0,62.4],[-25.0,62.3],[-25.0,62.2],[-25.0,62.1],[-25.0,62.0],[-25.0,61.9],[-25.0,61.8],[-25.0,61.7],[-25.0,61.6],[-25.0,61.5],[-25.0,61.4],[-25.0,61.3],[-25.0,61.2],[-25.0,61.1],[-25.0,61.0],[-25.0,60.9],[-25.0,60.8],[-25.0,60.7],[-25.0,60.6],[-25.0,60.5],[-25.0,60.4],[-25.0,60.3],[-25.0,60.2],[-25.0,60.1],[-25.0,60.0],[-25.0,59.9],[-25.0,59.8],[-25.0,59.7],[-25.0,59.6],[-25.0,59.5],[-25.0,59.4],[-25.0,59.3],[-25.0,59.2],[-25.0,59.1],[-25.0,59.0],[-25.0,58.9],[-25.0,58.8],[-25.0,58.7],[-25.0,58.6],[-25.0,58.5],[-25.0,58.4],[-25.0,58.3],[-25.0,58.2],[-25.0,58.1],[-25.0,58.0],[-25.0,57.9],[-25.0,57.8],[-25.0,57.7],[-25.0,57.6],[-25.0,57.5],[-25.0,57.4],[-25.0,57.3],[-25.0,57.2],[-25.0,57.1],[-25.0,57.0],[-25.0,56.9],[-25.0,56.8],[-25.0,56.7],[-25.0,56.6],[-25.0,56.5],[-25.0,56.4],[-25.0,56.3],[-25.0,56.2],[-25.0,56.1],[-25.0,56.0],[-25.0,55.9],[-25.0,55.8],[-25.0,55.7],[-25.0,55.6],[-25.0,55.5],[-25.0,55.4],[-25.0,55.3],[-25.0,55.2],[-25.0,55.1],[-25.0,55.0],[-25.0,54.9],[-25.0,54.8],[-25.0,54.7],[-25.0,54.6],[-25.0,54.5],[-25.0,54.4],[-25.0,54.3],[-25.0,54.2],[-25.0,54.1],[-25.0,54.0],[-25.0,53.9],[-25.0,53.8],[-25.0,53.7],[-25.0,53.6],[-25.0,53.5],[-25.0,53.4],[-25.0,53.3],[-25.0,53.2],[-25.0,53.1],[-25.0,53.0],[-25.0,52.9],[-25.0,52.8],[-25.0,52.7],[-25.0,52.6],[-25.0,52.5],[-25.0,52.4],[-25.0,52.3],[-25.0,52.2],[-25.0,52.1],[-25.0,52.0],[-25.0,51.9],[-25.0,51.8],[-25.0,51.7],[-25.0,51.6],[-25.0,51.5],[-25.0,51.4],[-25.0,51.3],[-25.0,51.2],[-25.0,51.1],[-25.0,51.0],[-25.0,50.9],[-25.0,50.8],[-25.0,50.7],[-25.0,50.6],[-25.0,50.5],[-25.0,50.4],[-25.0,50.3],[-25.0,50.2],[-25.0,50.1],[-25.0,50.0],[-25.0,49.9],[-25.0,49.8],[-25.0,49.7],[-25.0,49.6],[-25.0,49.5],[-25.0,49.4],[-25.0,49.3],[-25.0,49.2],[-25.0,49.1],[-25.0,49.0],[-25.0,48.9],[-25.0,48.8],[-25.0,48.7],[-25.0,48.6],[-25.0,48.5],[-25.0,48.4],[-25.0,48.3],[-25.0,48.2],[-25.0,48.1],[-25.0,48.0],[-25.0,47.9],[-25.0,47.8],[-25.0,47.7],[-25.0,47.6],[-25.0,47.5],[-25.0,47.4],[-25.0,47.3],[-25.0,47.2],[-25.0,47.1],[-25.0,47.0],[-25.0,46.9],[-25.0,46.8],[-25.0,46.7],[-25.0,46.6],[-25.0,46.5],[-25.0,46.4],[-25.0,46.3],[-25.0,46.2],[-25.0,46.1],[-25.0,46.0],[-25.0,45.9],[-25.0,45.8],[-25.0,45.7],[-25.0,45.6],[-25.0,45.5],[-25.0,45.4],[-25.0,45.3],[-25.0,45.2],[-25.0,45.1],[-25.0,45.0],[-25.0,44.9],[-25.0,44.8],[-25.0,44.7],[-25.0,44.6],[-25.0,44.5],[-25.0,44.4],[-25.0,44.3],[-25.0,44.2],[-25.0,44.1],[-25.0,44.0],[-25.0,43.9],[-25.0,43.8],[-25.0,43.7],[-25.0,43.6],[-25.0,43.5],[-25.0,43.4],[-25.0,43.3],[-25.0,43.2],[-25.0,43.1],[-25.0,43.0],[-25.0,42.9],[-25.0,42.8],[-25.0,42.7],[-25.0,42.6],[-25.0,42.5],[-25.0,42.4],[-25.0,42.3],[-25.0,42.2],[-25.0,42.1],[-25.0,42.0],[-25.0,41.9],[-25.0,41.8],[-25.0,41.7],[-25.0,41.6],[-25.0,41.5],[-25.0,41.4],[-25.0,41.3],[-25.0,41.2],[-25.0,41.1],[-25.0,41.0],[-25.0,40.9],[-25.0,40.8],[-25.0,40.7],[-25.0,40.6],[-25.0,40.5],[-25.0,40.4],[-25.0,40.3],[-25.0,40.2],[-25.0,40.1],[-25.0,40.0],[-25.0,39.9],[-25.0,39.8],[-25.0,39.7],[-25.0,39.6],[-25.0,39.5],[-25.0,39.4],[-25.0,39.3],[-25.0,39.2],[-25.0,39.1],[-25.0,39.0],[-25.0,38.9],[-25.0,38.8],[-25.0,38.7],[-25.0,38.6],[-25.0,38.5],[-25.0,38.4],[-25.0,38.3],[-25.0,38.2],[-25.0,38.1],[-25.0,38.0],[-25.0,37.9],[-25.0,37.8],[-25.0,37.7],[-25.0,37.6],[-25.0,37.5],[-25.0,37.4],[-25.0,37.3],[-25.0,37.2],[-25.0,37.1],[-25.0,37.0],[-25.0,36.9],[-25.0,36.8],[-25.0,36.7],[-25.0,36.6],[-25.0,36.5],[-25.0,36.4],[-25.0,36.3],[-25.0,36.2],[-25.0,36.1],[-25.0,36.0],[-25.0,35.9],[-25.0,35.8],[-25.0,35.7],[-25.0,35.6],[-25.0,35.5],[-25.0,35.4],[-25.0,35.3],[-25.0,35.2],[-25.0,35.1],[-25.0,35.0],[-25.0,34.9],[-25.0,34.8],[-25.0,34.7],[-25.0,34.6],[-25.0,34.5],[-25.0,34.4],[-25.0,34.3],[-25.0,34.2],[-25.0,34.1],[-25.0,34.0],[-24.9,34.0]]]}},{"type":"Feature","properties":{"layer_id":"1981_2000_T20","layer_label":"1981_2000, T>20\u00b0C","low":0.0,"high":10.0,"label":"0\u201310 %","fill":"#fff7bc","fillOpacity":0.25,"stroke":"#fff7bc","strokeOpacity":0.37,"strokeWeight":0.35},"geometry":{"type":"Polygon","coordinates":[[[-6.86,34.1],[-6.8,34.16],[-6.76,34.2],[-6.7,34.26],[-6.6667,34.3],[-6.6,34.4],[-6.5333,34.3],[-6.6,34.22],[-6.625,34.2],[-6.7,34.14],[-6.74,34.1],[-6.8,34.025],[-6.86,34.1]]]}},{"type":"Feature","properties":{"layer_id":"1981_2000_T20","layer_label":"1981_2000, T>20\u00b0C","low":0.0,"high":10.0,"label":"0\u201310 %","fill":"#fff7bc","fillOpacity":0.25,"stroke":"#fff7bc","strokeOpacity":0.37,"strokeWeight":0.35},"geometry":{"type":"Polygon","coordinates":[[[1.6,34.1],[1.65,34.2],[1.6,34.2667],[1.55,34.3],[1.6,34.35],[1.7,34.35],[1.75,34.3],[1.7667,34.2],[1.8,34.15],[1.8333,34.2],[1.9,34.2667],[1.9333,34.3],[2.0,34.4],[2.1,34.4],[2.2,34.3],[2.1,34.225],[2.05,34.2],[2.0,34.15],[1.9,34.1333],[1.85,34.1],[1.8,34.05],[1.7,34.05],[1.6,34.1]]]}},{"type":"Feature","properties":{"layer_id":"1981_2000_T20","layer_label":"1981_2000, T>20\u00b0C","low":0.0,"high":10.0,"label":"0\u201310 %","fill":"#fff7bc","fillOpacity":0.25,"stroke":"#fff7bc","strokeOpacity":0.37,"strokeWeight":0.35},"geometry":{"type":"Polygon","coordinates":[[[0.3,34.5],[0.3,34.5],[0.2,34.6],[0.3,34.65],[0.4,34.65],[0.5,34.65],[0.55,34.6],[0.5,34.55],[0.45,34.5],[0.4,34.4],[0.3,34.5]]]}},{"type":"Feature","properties":{"layer_id":"1981_2000_T20","layer_label":"1981_2000, T>20\u00b0C","low":0.0,"high":10.0,"label":"0\u201310 %","fill":"#fff7bc","fillOpacity":0.25,"stroke":"#fff7bc","strokeOpacity":0.37,"strokeWeight":0.35},"geometry":{"type":"Polygon","coordinates":[[[-6.25,34.6],[-6.3,34.7],[-6.3,34.7],[-6.35,34.8],[-6.3714,34.9],[-6.3,34.9714],[-6.2,35.0],[-6.15,34.9],[-6.2,34.8],[-6.2,34.8],[-6.2,34.8],[-6.15,34.7],[-6.15,34.6],[-6.2,34.5],[-6.25,34.6]]]}},{"type":"Feature","properties":{"layer_id":"1981_2000_T20","layer_label":"1981_2000, T>20\u00b0C","low":0.0,"high":10.0,"label":"0\u201310 %","fill":"#fff7bc","fillOpacity":0.25,"stroke":"#fff7bc","strokeOpacity":0.37,"strokeWeight":0.35},"geometry":{"type":"Polygon","coordinates":[[[32.51,34.7],[32.5,34.71],[32.4,34.71],[32.31,34.8],[32.31,34.9],[32.31,35.0],[32.4,35.09],[32.5,35.09],[32.51,35.1],[32.51,35.2],[32.6,35.29],[32.7,35.29],[32.79,35.2],[32.8,35.19],[32.81,35.2],[32.9,35.29],[32.91,35.3],[33.0,35.39],[33.1,35.39],[33.2,35.39],[33.3,35.39],[33.4,35.39],[33.5,35.39],[33.6,35.39],[33.7,35.39],[33.71,35.4],[33.8,35.49],[33.9,35.49],[34.0,35.49],[34.09,35.4],[34.09,35.3],[34.0,35.21],[33.99,35.2],[33.99,35.1],[33.99,35.0],[33.9,34.91],[33.8,34.91],[33.71,35.0],[33.7,35.01],[33.69,35.0],[33.69,34.9],[33.6,34.81],[33.5,34.81],[33.49,34.8],[33.4,34.71],[33.3,34.71],[33.2,34.71],[33.1,34.71],[33.09,34.7],[33.0,34.61],[32.9,34.61],[32.8,34.61],[32.7,34.61],[32.6,34.61],[32.51,34.7]]]}},{"type":"Feature","properties":{"layer_id":"1981_2000_T20","layer_label":"1981_2000, T>20\u00b0C","low":0.0,"high":10.0,"label":"0\u201310 %","fill":"#fff7bc","fillOpacity":0.25,"stroke":"#fff7bc","strokeOpacity":0.37,"strokeWeight":0.35},"geometry":{"type":"Polygon","coordinates":[[[24.71,35.0],[24.7,35.0111],[24.6,35.0111],[24.5111,35.1],[24.5,35.1333],[24.4,35.1222],[24.3222,35.2],[24.3,35.3],[24.4,35.3333],[24.45,35.3],[24.5,35.28],[24.6,35.3],[24.7,35.2],[24.7,35.2],[24.8,35.1889],[24.9,35.1714],[25.0,35.1833],[25.025,35.2],[25.0,35.2333],[24.95,35.3],[24.9,35.31],[24.8,35.3111],[24.7,35.3059],[24.6111,35.4],[24.7,35.4889],[24.8,35.4889],[24.9,35.49],[25.0,35.49],[25.09,35.4],[25.1,35.3867],[25.2,35.3882],[25.3,35.3857],[25.3857,35.3],[25.35,35.2],[25.375,35.1],[25.3,35.04],[25.2818,35.0],[25.2,34.9182],[25.1,34.9182],[25.0,34.9154],[24.9,34.9105],[24.8,34.91],[24.71,35.0]]]}},{"type":"Feature","properties":{"layer_id":"1981_2000_T20","layer_label":"1981_2000, T>20\u00b0C","low":0.0,"high":10.0,"label":"0\u201310 %","fill":"#fff7bc","fillOpacity":0.25,"stroke":"#fff7bc","strokeOpacity":0.37,"strokeWeight":0.35},"geometry":{"type":"Polygon","coordinates":[[[25.81,35.0],[25.8,35.01],[25.7,35.01],[25.6,35.05],[25.55,35.1],[25.55,35.2],[25.5,35.22],[25.42,35.3],[25.5,35.38],[25.6,35.39],[25.7,35.39],[25.79,35.3],[25.79,35.2],[25.8,35.19],[25.81,35.2],[25.9,35.29],[26.0,35.29],[26.1,35.29],[26.2,35.29],[26.3,35.29],[26.39,35.2],[26.39,35.1],[26.3,35.01],[26.2,35.01],[26.1,35.01],[26.0,35.01],[25.99,35.0],[25.9,34.91],[25.81,35.0]]]}},{"type":"Feature","properties":{"layer_id":"1981_2000_T20","layer_label":"1981_2000, T>20\u00b0C","low":0.0,"high":10.0,"label":"0\u201310 %","fill":"#fff7bc","fillOpacity":0.25,"stroke":"#fff7bc","strokeOpacity":0.37,"strokeWeight":0.35},"geometry":{"type":"Polygon","coordinates":[[[23.5125,35.3],[23.52,35.4],[23.6,35.48],[23.7,35.4778],[23.71,35.5],[23.8,35.59],[23.9,35.5895],[24.0,35.5857],[24.1,35.5882],[24.1882,35.5],[24.2,35.46],[24.26,35.4],[24.2,35.34],[24.1,35.3667],[24.0,35.4],[24.0,35.4],[23.9,35.4],[23.9,35.4],[23.85,35.3],[23.8,35.25],[23.7,35.2167],[23.6,35.2125],[23.5125,35.3]]]}},{"type":"Feature","properties":{"layer_id":"1981_2000_T20","layer_label":"1981_2000, T>20\u00b0C","low":0.0,"high":10.0,"label":"0\u201310 %","fill":"#fff7bc","fillOpacity":0.25,"stroke":"#fff7bc","strokeOpacity":0.37,"strokeWeight":0.35},"geometry":{"type":"Polygon","coordinates":[[[34.11,35.5],[34.2,35.59],[34.3,35.59],[34.31,35.6],[34.4,35.69],[34.41,35.7],[34.5,35.79],[34.59,35.7],[34.5,35.61],[34.49,35.6],[34.4,35.51],[34.39,35.5],[34.3,35.41],[34.2,35.41],[34.11,35.5]]]}},{"type":"Feature","properties":{"layer_id":"1981_2000_T20","layer_label":"1981_2000, T>20\u00b0C","low":0.0,"high":10.0,"label":"0\u201310 %","fill":"#fff7bc","fillOpacity":0.25,"stroke":"#fff7bc","strokeOpacity":0.37,"strokeWeight":0.35},"geometry":{"type":"Polygon","coordinates":[[[6.75,35.7],[6.7,35.7333],[6.6,35.8],[6.6,35.8],[6.5,35.8],[6.4167,35.9],[6.5,35.9833],[6.6,35.9667],[6.7,36.0],[6.8,35.95],[6.9,35.9333],[6.9333,35.9],[6.9,35.8667],[6.8,35.8],[6.8,35.8],[6.8,35.8],[6.9,35.7333],[7.0,35.76],[7.1,35.8],[7.2,35.8],[7.2857,35.7],[7.2,35.625],[7.1,35.6],[7.0,35.6],[6.9,35.6667],[6.8,35.6667],[6.75,35.7]]]}},{"type":"Feature","properties":{"layer_id":"1981_2000_T20","layer_label":"1981_2000, T>20\u00b0C","low":0.0,"high":10.0,"label":"0\u201310 %","fill":"#fff7bc","fillOpacity":0.25,"stroke":"#fff7bc","strokeOpacity":0.37,"strokeWeight":0.35},"geometry":{"type":"Polygon","coordinates":[[[14.31,35.9],[14.4,35.99],[14.5,35.99],[14.59,35.9],[14.5,35.81],[14.4,35.81],[14.31,35.9]]]}},{"type":"Feature","properties":{"layer_id":"1981_2000_T20","layer_label":"1981_2000, T>20\u00b0C","low":0.0,"high":10.0,"label":"0\u201310 %","fill":"#fff7bc","fillOpacity":0.25,"stroke":"#fff7bc","strokeOpacity":0.37,"strokeWeight":0.35},"geometry":{"type":"Polygon","coordinates":[[[8.2,36.0],[8.2,36.0],[8.1,36.0],[8.05,36.1],[8.1,36.15],[8.2,36.15],[8.3,36.1],[8.3,36.1],[8.3,36.1],[8.4,36.1333],[8.5,36.175],[8.6,36.15],[8.65,36.1],[8.6,36.05],[8.5667,36.0],[8.5,35.9],[8.4,36.0],[8.4,36.0],[8.4,36.0],[8.3,35.9],[8.2,36.0]]]}},{"type":"Feature","properties":{"layer_id":"1981_2000_T20","layer_label":"1981_2000, T>20\u00b0C","low":0.0,"high":10.0,"label":"0\u201310 %","fill":"#fff7bc","fillOpacity":0.25,"stroke":"#fff7bc","strokeOpacity":0.37,"strokeWeight":0.35},"geometry":{"type":"Polygon","coordinates":[[[27.81,36.0],[27.8,36.01],[27.71,36.1],[27.71,36.2],[27.8,36.29],[27.81,36.3],[27.9,36.39],[27.91,36.4],[28.0,36.49],[28.1,36.49],[28.2,36.49],[28.29,36.4],[28.2,36.31],[28.19,36.3],[28.19,36.2],[28.1,36.11],[28.09,36.1],[28.0,36.01],[27.99,36.0],[27.9,35.91],[27.81,36.0]]]}},{"type":"Feature","properties":{"layer_id":"1981_2000_T20","layer_label":"1981_2000, T>20\u00b0C","low":0.0,"high":10.0,"label":"0\u201310 %","fill":"#fff7bc","fillOpacity":0.25,"stroke":"#fff7bc","strokeOpacity":0.37,"strokeWeight":0.35},"geometry":{"type":"Polygon","coordinates":[[[-5.7667,36.1],[-5.8,36.1333],[-5.8667,36.2],[-5.9,36.2286],[-5.925,36.2],[-6.0,36.125],[-6.075,36.2],[-6.1,36.2222],[-6.1778,36.3],[-6.1714,36.4],[-6.15,36.5],[-6.2,36.5333],[-6.2667,36.6],[-6.3,36.625],[-6.4,36.6222],[-6.4778,36.7],[-6.4867,36.8],[-6.4867,36.9],[-6.5,36.92],[-6.58,37.0],[-6.6,37.04],[-6.7,37.05],[-6.75,37.1],[-6.8,37.1333],[-6.9,37.1167],[-7.0,37.1333],[-7.1,37.2],[-7.1,37.3],[-7.1,37.3],[-7.1,37.3],[-7.1,37.2],[-7.2,37.15],[-7.3,37.1286],[-7.4,37.2],[-7.3,37.3],[-7.3,37.3],[-7.2,37.35],[-7.15,37.4],[-7.1,37.45],[-7.0,37.4],[-7.0,37.4],[-6.9,37.4],[-6.9,37.4],[-6.8,37.5],[-6.7,37.5],[-6.7,37.5],[-6.6,37.6],[-6.5,37.6],[-6.5,37.6],[-6.4,37.7],[-6.3,37.7],[-6.3,37.7],[-6.3,37.7],[-6.4,37.7],[-6.45,37.8],[-6.4,37.9],[-6.3,37.9],[-6.2,37.9],[-6.2,37.9],[-6.1,37.95],[-6.0,38.0],[-6.0,38.0],[-5.9,38.0333],[-5.85,38.0],[-5.8,37.95],[-5.7,37.9],[-5.7,37.9],[-5.6,37.9],[-5.6,37.9],[-5.5,38.0],[-5.5,38.0],[-5.5,38.1],[-5.4,38.2],[-5.3,38.15],[-5.2,38.15],[-5.1,38.1],[-5.1,38.0],[-5.1,38.0],[-5.0,38.0],[-5.0,38.0],[-5.0,38.0],[-5.1,38.1],[-5.0,38.2],[-5.0,38.2],[-4.9,38.25],[-4.8,38.25],[-4.7,38.2],[-4.7,38.2],[-4.6,38.1875],[-4.5,38.2],[-4.5,38.2],[-4.4,38.25],[-4.3,38.275],[-4.2,38.275],[-4.15,38.3],[-4.1,38.35],[-4.0667,38.4],[-4.05,38.5],[-4.0,38.55],[-3.9,38.5667],[-3.8333,38.5],[-3.8,38.4],[-3.8,38.4],[-3.7,38.3],[-3.7,38.3],[-3.7,38.3],[-3.6,38.3333],[-3.5,38.3833],[-3.4,38.38],[-3.3,38.3714],[-3.2286,38.3],[-3.3,38.2167],[-3.35,38.2],[-3.4,38.15],[-3.4333,38.1],[-3.5,38.0333],[-3.55,38.0],[-3.6,37.9667],[-3.7,37.9333],[-3.8,37.9],[-3.9,37.9167],[-4.0,37.9167],[-4.0333,37.9],[-4.1,37.8],[-4.2,37.825],[-4.3,37.8],[-4.4,37.8],[-4.4,37.8],[-4.5,37.7],[-4.5,37.7],[-4.525,37.6],[-4.54,37.5],[-4.6,37.425],[-4.625,37.4],[-4.7,37.325],[-4.8,37.32],[-4.9,37.325],[-4.95,37.3],[-5.0,37.2667],[-5.0667,37.2],[-5.1,37.1667],[-5.2,37.15],[-5.3,37.1],[-5.3,37.1],[-5.3,37.0],[-5.3,37.0],[-5.2667,36.9],[-5.3,36.8667],[-5.4,36.85],[-5.45,36.8],[-5.5,36.75],[-5.5333,36.7],[-5.6,36.6],[-5.6,36.6],[-5.6,36.6],[-5.5,36.5],[-5.5,36.5],[-5.4,36.5],[-5.4,36.5],[-5.3,36.55],[-5.2,36.5333],[-5.1,36.56],[-5.0,36.55],[-4.9,36.5667],[-4.8,36.6],[-4.7,36.6],[-4.7,36.6],[-4.7,36.7],[-4.6,36.7667],[-4.5,36.7714],[-4.4,36.7889],[-4.35,36.8],[-4.3,36.8333],[-4.2,36.85],[-4.1,36.8667],[-4.0,36.875],[-3.9,36.8],[-4.0,36.725],[-4.1,36.7333],[-4.2,36.75],[-4.2167,36.7],[-4.3,36.6167],[-4.4,36.62],[-4.5,36.6286],[-4.5333,36.6],[-4.6,36.5333],[-4.64,36.5],[-4.7,36.44],[-4.8,36.425],[-4.9,36.4333],[-5.0,36.45],[-5.1,36.44],[-5.2,36.4667],[-5.22,36.4],[-5.2154,36.3],[-5.3,36.2154],[-5.3182,36.2],[-5.4,36.1182],[-5.4222,36.1],[-5.5,36.0222],[-5.6,36.0333],[-5.7,36.0333],[-5.7667,36.1]]]}},{"type":"Feature","properties":{"layer_id":"1981_2000_T20","layer_label":"1981_2000, T>20\u00b0C","low":0.0,"high":10.0,"label":"0\u201310 %","fill":"#fff7bc","fillOpacity":0.25,"stroke":"#fff7bc","strokeOpacity":0.37,"strokeWeight":0.35},"geometry":{"type":"Polygon","coordinates":[[[3.8,36.2],[3.8,36.2],[3.7,36.25],[3.6,36.2667],[3.5,36.25],[3.45,36.3],[3.5,36.35],[3.6,36.35],[3.7,36.35],[3.8,36.375],[3.9,36.35],[4.0,36.36],[4.1,36.3333],[4.2,36.3],[4.1,36.2],[4.0,36.2],[4.0,36.2],[3.9,36.125],[3.8,36.2]]]}},{"type":"Feature","properties":{"layer_id":"1981_2000_T20","layer_label":"1981_2000, T>20\u00b0C","low":0.0,"high":10.0,"label":"0\u201310 %","fill":"#fff7bc","fillOpacity":0.25,"stroke":"#fff7bc","strokeOpacity":0.37,"strokeWeight":0.35},"geometry":{"type":"Polygon","coordinates":[[[4.2,36.2],[4.2,36.3],[4.3,36.35],[4.4,36.3],[4.4,36.2],[4.3,36.15],[4.2,36.2]]]}},{"type":"Feature","properties":{"layer_id":"1981_2000_T20","layer_label":"1981_2000, T>20\u00b0C","low":0.0,"high":10.0,"label":"0\u201310 %","fill":"#fff7bc","fillOpacity":0.25,"stroke":"#fff7bc","strokeOpacity":0.37,"strokeWeight":0.35},"geometry":{"type":"Polygon","coordinates":[[[22.91,36.2],[22.91,36.3],[23.0,36.39],[23.09,36.3],[23.09,36.2],[23.0,36.11],[22.91,36.2]]]}},{"type":"Feature","properties":{"layer_id":"1981_2000_T20","layer_label":"1981_2000, T>20\u00b0C","low":0.0,"high":10.0,"label":"0\u201310 %","fill":"#fff7bc","fillOpacity":0.25,"stroke":"#fff7bc","strokeOpacity":0.37,"strokeWeight":0.35},"geometry":{"type":"Polygon","coordinates":[[[29.41,36.2],[29.4,36.21],[29.3,36.21],[29.21,36.3],[29.2,36.3105],[29.1105,36.4],[29.1667,36.5],[29.1,36.55],[29.05,36.6],[29.0286,36.7],[29.0,36.7182],[28.9,36.7111],[28.89,36.7],[28.8,36.61],[28.7,36.61],[28.61,36.7],[28.6,36.71],[28.51,36.8],[28.5,36.8105],[28.4,36.8105],[28.3,36.81],[28.29,36.8],[28.29,36.7],[28.2,36.61],[28.1,36.61],[28.01,36.7],[28.01,36.8],[28.01,36.9],[28.1,36.99],[28.2,36.99],[28.3,36.99],[28.3105,37.0],[28.3,37.0125],[28.2,37.0125],[28.1,37.0133],[28.0,37.0125],[27.9,37.0105],[27.89,37.0],[27.8,36.91],[27.7,36.91],[27.6,36.91],[27.5,36.91],[27.41,37.0],[27.4,37.01],[27.39,37.0],[27.3,36.91],[27.29,36.9],[27.2,36.81],[27.19,36.8],[27.1,36.71],[27.01,36.8],[27.1,36.89],[27.11,36.9],[27.2,36.99],[27.21,37.0],[27.21,37.1],[27.3,37.19],[27.4,37.19],[27.5,37.19],[27.6,37.19],[27.61,37.2],[27.6,37.21],[27.51,37.3],[27.5,37.3105],[27.4,37.31],[27.3,37.31],[27.21,37.4],[27.21,37.5],[27.2,37.51],[27.11,37.6],[27.2,37.69],[27.2105,37.7],[27.2105,37.8],[27.2125,37.9],[27.2,37.91],[27.11,38.0],[27.1,38.0133],[27.0,38.01],[26.9,38.01],[26.81,38.1],[26.8,38.11],[26.71,38.2],[26.7,38.21],[26.69,38.2],[26.6,38.11],[26.5,38.11],[26.41,38.2],[26.4,38.21],[26.3,38.21],[26.21,38.3],[26.3,38.39],[26.4,38.39],[26.5,38.39],[26.51,38.4],[26.5,38.41],[26.41,38.5],[26.4,38.51],[26.31,38.6],[26.4,38.69],[26.5,38.69],[26.59,38.6],[26.59,38.5],[26.6,38.49],[26.69,38.4],[26.7,38.39],[26.8,38.39],[26.9,38.3846],[27.0,38.38],[27.1,38.3778],[27.125,38.4],[27.1,38.42],[27.0,38.4125],[26.9125,38.5],[26.9,38.5111],[26.8,38.5105],[26.7105,38.6],[26.7105,38.7],[26.8,38.7895],[26.9,38.7889],[26.9154,38.8],[27.0,38.8846],[27.0167,38.9],[27.0,38.9125],[26.9,38.91],[26.81,39.0],[26.8133,39.1],[26.8,39.1143],[26.7143,39.2],[26.7,39.21],[26.61,39.3],[26.7,39.39],[26.7118,39.4],[26.8,39.4882],[26.8111,39.5],[26.9,39.5941],[27.0,39.6],[27.08,39.5],[27.0,39.4],[27.0,39.4],[26.95,39.3],[27.0,39.25],[27.0667,39.2],[27.1,39.1857],[27.15,39.2],[27.2,39.2333],[27.25,39.2],[27.3,39.15],[27.35,39.1],[27.3,39.05],[27.2667,39.0],[27.2667,38.9],[27.2667,38.8],[27.2667,38.7],[27.25,38.6],[27.275,38.5],[27.3,38.45],[27.35,38.4],[27.4,38.35],[27.45,38.3],[27.5,38.275],[27.6,38.2],[27.6,38.2],[27.6,38.2],[27.7,38.2714],[27.8,38.25],[27.9,38.275],[28.0,38.2778],[28.1,38.275],[28.2,38.2],[28.1,38.1143],[28.0,38.1125],[27.9,38.1143],[27.8,38.1333],[27.7,38.1167],[27.6857,38.1],[27.65,38.0],[27.7,37.96],[27.8,37.9333],[27.85,37.9],[27.9,37.8933],[28.0,37.8917],[28.1,37.9],[28.1,37.9],[28.2,37.95],[28.3,37.9875],[28.4,37.9917],[28.5,37.9833],[28.6,37.9333],[28.7,37.95],[28.7333,38.0],[28.8,38.0667],[28.9,38.0933],[29.0,38.1],[29.1,38.05],[29.1333,38.0],[29.2,37.9714],[29.3,37.9333],[29.35,37.9],[29.4,37.8],[29.3,37.7333],[29.2,37.725],[29.1,37.7286],[29.0167,37.8],[29.0,37.8056],[28.9,37.8182],[28.8,37.8667],[28.7,37.85],[28.6,37.85],[28.55,37.8],[28.5,37.75],[28.4,37.725],[28.3,37.7333],[28.2,37.72],[28.1,37.72],[28.0833,37.7],[28.1,37.6],[28.1,37.6],[28.2,37.56],[28.3,37.5],[28.3,37.5],[28.3333,37.4],[28.3333,37.3],[28.4,37.2],[28.4,37.2],[28.5,37.19],[28.6,37.2],[28.675,37.1],[28.7,37.0909],[28.8,37.06],[28.9,37.0333],[29.0,37.0],[29.0,37.0],[29.05,36.9],[29.09,36.8],[29.1,36.7833],[29.2,36.7333],[29.3,36.76],[29.375,36.7],[29.3667,36.6],[29.3667,36.5],[29.4,36.46],[29.46,36.4],[29.5,36.3778],[29.6,36.3714],[29.7,36.3882],[29.74,36.4],[29.8,36.46],[29.86,36.4],[29.9,36.3895],[30.0,36.38],[30.0667,36.4],[30.1,36.4333],[30.2,36.5],[30.2,36.5],[30.3,36.5778],[30.4,36.5875],[30.41,36.6],[30.4133,36.7],[30.4167,36.8],[30.5,36.9],[30.5,36.9],[30.5,37.0],[30.5667,37.1],[30.6,37.1333],[30.65,37.2],[30.7,37.25],[30.7667,37.3],[30.8,37.3333],[30.8333,37.3],[30.9,37.2846],[31.0,37.25],[31.05,37.2],[31.1,37.1875],[31.2,37.1857],[31.3,37.1333],[31.3333,37.1],[31.4,37.075],[31.475,37.0],[31.5,36.9875],[31.6,36.95],[31.7,36.9],[31.7,36.9],[31.8,36.85],[31.85,36.8],[31.8833,36.7],[31.9,36.68],[32.0,36.6],[31.9,36.52],[31.82,36.6],[31.8,36.6167],[31.7,36.61],[31.61,36.7],[31.6,36.71],[31.5,36.71],[31.4,36.71],[31.31,36.8],[31.3,36.81],[31.2,36.81],[31.1,36.81],[31.0,36.81],[30.9,36.81],[30.8,36.81],[30.71,36.9],[30.7,36.9111],[30.6889,36.9],[30.6,36.8111],[30.5833,36.8],[30.5867,36.7],[30.59,36.6],[30.5895,36.5],[30.5,36.4105],[30.49,36.4],[30.5,36.39],[30.59,36.3],[30.5,36.21],[30.4,36.21],[30.3,36.21],[30.21,36.3],[30.2,36.31],[30.19,36.3],[30.1,36.21],[30.0,36.22],[29.9,36.2105],[29.89,36.2],[29.8,36.11],[29.7,36.11],[29.61,36.2],[29.6,36.2286],[29.59,36.2],[29.5,36.11],[29.41,36.2]]]}},{"type":"Feature","properties":{"layer_id":"1981_2000_T20","layer_label":"1981_2000, T>20\u00b0C","low":0.0,"high":10.0,"label":"0\u201310 %","fill":"#fff7bc","fillOpacity":0.25,"stroke":"#fff7bc","strokeOpacity":0.37,"strokeWeight":0.35},"geometry":{"type":"Polygon","coordinates":[[[25.31,36.4],[25.4,36.49],[25.5,36.49],[25.59,36.4],[25.5,36.31],[25.4,36.31],[25.31,36.4]]]}},{"type":"Feature","properties":{"layer_id":"1981_2000_T20","layer_label":"1981_2000, T>20\u00b0C","low":0.0,"high":10.0,"label":"0\u201310 %","fill":"#fff7bc","fillOpacity":0.25,"stroke":"#fff7bc","strokeOpacity":0.37,"strokeWeight":0.35},"geometry":{"type":"Polygon","coordinates":[[[23.01,36.5],[23.0,36.51],[22.91,36.6],[22.9,36.6111],[22.8111,36.7],[22.8,36.7118],[22.7118,36.8],[22.7,36.8111],[22.6895,36.8],[22.6,36.7105],[22.5,36.7154],[22.49,36.7],[22.4,36.61],[22.31,36.7],[22.3,36.725],[22.225,36.8],[22.2,36.84],[22.14,36.9],[22.2,36.975],[22.26,36.9],[22.3,36.875],[22.4,36.8714],[22.44,36.9],[22.45,37.0],[22.45,37.1],[22.5,37.1333],[22.55,37.1],[22.6,37.0875],[22.7,37.0333],[22.75,37.0],[22.8,36.95],[22.9,37.0],[23.0,36.96],[23.06,36.9],[23.1,36.89],[23.19,36.8],[23.1,36.71],[23.0857,36.7],[23.09,36.6],[23.1,36.59],[23.19,36.5],[23.1,36.41],[23.01,36.5]]]}},{"type":"Feature","properties":{"layer_id":"1981_2000_T20","layer_label":"1981_2000, T>20\u00b0C","low":0.0,"high":10.0,"label":"0\u201310 %","fill":"#fff7bc","fillOpacity":0.25,"stroke":"#fff7bc","strokeOpacity":0.37,"strokeWeight":0.35},"geometry":{"type":"Polygon","coordinates":[[[32.6667,36.6],[32.7,36.6333],[32.8,36.65],[32.9,36.6333],[32.9333,36.6],[32.9,36.5],[32.8,36.5333],[32.7,36.5667],[32.6667,36.6]]]}},{"type":"Feature","properties":{"layer_id":"1981_2000_T20","layer_label":"1981_2000, T>20\u00b0C","low":0.0,"high":10.0,"label":"0\u201310 %","fill":"#fff7bc","fillOpacity":0.25,"stroke":"#fff7bc","strokeOpacity":0.37,"strokeWeight":0.35},"geometry":{"type":"Polygon","coordinates":[[[5.64,36.7],[5.6133,36.8],[5.7,36.8867],[5.8,36.8857],[5.9,36.8857],[6.0,36.8778],[6.0125,36.9],[6.1,36.9875],[6.1875,36.9],[6.2,36.8667],[6.2182,36.9],[6.2125,37.0],[6.3,37.0875],[6.31,37.1],[6.4,37.19],[6.49,37.1],[6.5,37.0889],[6.5889,37.0],[6.6,36.9833],[6.7,36.9857],[6.8,36.98],[6.88,36.9],[6.9,36.8],[6.8,36.7],[6.7,36.7333],[6.6,36.7333],[6.5,36.7333],[6.4,36.7167],[6.3,36.7],[6.2,36.72],[6.1,36.7143],[6.0,36.7125],[5.95,36.7],[5.9,36.6667],[5.8,36.6667],[5.7,36.64],[5.64,36.7]]]}},{"type":"Feature","properties":{"layer_id":"1981_2000_T20","layer_label":"1981_2000, T>20\u00b0C","low":0.0,"high":10.0,"label":"0\u201310 %","fill":"#fff7bc","fillOpacity":0.25,"stroke":"#fff7bc","strokeOpacity":0.37,"strokeWeight":0.35},"geometry":{"type":"Polygon","coordinates":[[[14.71,36.7],[14.7,36.7105],[14.6,36.71],[14.5,36.71],[14.41,36.8],[14.4105,36.9],[14.4,36.9105],[14.3105,37.0],[14.3,37.0154],[14.2,37.0143],[14.1143,37.1],[14.2,37.1857],[14.3,37.1846],[14.4,37.1846],[14.5,37.2],[14.5,37.2],[14.6,37.2667],[14.65,37.3],[14.6667,37.4],[14.7,37.45],[14.7111,37.5],[14.7,37.6],[14.8,37.66],[14.9,37.6333],[14.95,37.6],[15.0,37.5944],[15.0071,37.6],[15.1,37.6867],[15.1286,37.7],[15.1125,37.8],[15.1125,37.9],[15.1,38.0],[15.1,38.0],[15.0,38.0154],[14.9,38.025],[14.8,38.0167],[14.7167,38.1],[14.8,38.1833],[14.9,38.175],[15.0,38.1846],[15.1,38.1867],[15.2,38.1667],[15.2118,38.2],[15.3,38.2882],[15.4,38.2882],[15.4118,38.3],[15.5,38.3882],[15.6,38.3882],[15.6882,38.3],[15.7,38.25],[15.75,38.2],[15.7,38.15],[15.6,38.1125],[15.5,38.1125],[15.4,38.1118],[15.3,38.1118],[15.2667,38.1],[15.3,38.05],[15.4,38.05],[15.45,38.0],[15.4889,37.9],[15.4,37.8111],[15.3111,37.9],[15.3,37.95],[15.2875,37.9],[15.2875,37.8],[15.2714,37.7],[15.2,37.6286],[15.1867,37.6],[15.19,37.5],[15.1889,37.4],[15.2,37.3889],[15.2889,37.3],[15.2895,37.2],[15.2895,37.1],[15.2895,37.0],[15.2,36.9105],[15.1,36.9111],[15.0889,36.9],[15.0895,36.8],[15.09,36.7],[15.0,36.61],[14.91,36.7],[14.9,36.71],[14.89,36.7],[14.8,36.61],[14.71,36.7]]]}},{"type":"Feature","properties":{"layer_id":"1981_2000_T20","layer_label":"1981_2000, T>20\u00b0C","low":0.0,"high":10.0,"label":"0\u201310 %","fill":"#fff7bc","fillOpacity":0.25,"stroke":"#fff7bc","strokeOpacity":0.37,"strokeWeight":0.35},"geometry":{"type":"Polygon","coordinates":[[[-3.8,36.8],[-3.7,36.8667],[-3.6,36.875],[-3.5,36.8714],[-3.4,36.85],[-3.3,36.8333],[-3.2,36.8909],[-3.1857,36.9],[-3.1,36.975],[-3.0143,36.9],[-3.0,36.8875],[-2.9,36.875],[-2.8,36.875],[-2.7,36.88],[-2.6,36.9],[-2.6,36.9],[-2.6,36.9],[-2.65,37.0],[-2.68,37.1],[-2.6,37.1667],[-2.5,37.16],[-2.44,37.1],[-2.4,37.05],[-2.3,37.0667],[-2.2,37.0667],[-2.1,37.0714],[-2.0333,37.1],[-2.0,37.15],[-1.9857,37.2],[-1.95,37.3],[-1.9,37.35],[-1.86,37.4],[-1.8,37.46],[-1.75,37.5],[-1.7,37.55],[-1.6,37.5818],[-1.5333,37.6],[-1.5,37.6333],[-1.45,37.7],[-1.4,37.75],[-1.3,37.8],[-1.3,37.8],[-1.2,37.9],[-1.2,37.9],[-1.2,38.0],[-1.2,38.0],[-1.2,38.0],[-1.3,37.9667],[-1.3333,38.0],[-1.35,38.1],[-1.35,38.2],[-1.3,38.2333],[-1.2,38.25],[-1.1,38.2333],[-1.0,38.2],[-1.0,38.2],[-1.0,38.2],[-0.95,38.3],[-0.9,38.35],[-0.85,38.4],[-0.8,38.45],[-0.7,38.4714],[-0.6,38.5],[-0.6,38.5],[-0.5,38.575],[-0.4,38.5875],[-0.3,38.6],[-0.3,38.6],[-0.2,38.7],[-0.2,38.7],[-0.2,38.7],[-0.275,38.8],[-0.3,38.85],[-0.35,38.9],[-0.4,39.0],[-0.4,39.0],[-0.5,39.0],[-0.55,39.1],[-0.55,39.2],[-0.5667,39.3],[-0.6,39.4],[-0.575,39.5],[-0.5,39.575],[-0.4909,39.6],[-0.4,39.7],[-0.4,39.7],[-0.35,39.8],[-0.3,39.85],[-0.25,39.9],[-0.2,39.95],[-0.1875,40.0],[-0.1,40.0778],[-0.05,40.1],[0.0,40.15],[0.1,40.1846],[0.1846,40.1],[0.1,40.0154],[0.09,40.0],[0.0,39.91],[-0.0118,39.9],[-0.0105,39.8],[-0.1,39.7105],[-0.1105,39.7],[-0.2,39.6105],[-0.3,39.6167],[-0.3167,39.6],[-0.3,39.5895],[-0.2105,39.5],[-0.3,39.4105],[-0.3143,39.4],[-0.3143,39.3],[-0.3,39.2895],[-0.2,39.29],[-0.11,39.2],[-0.2,39.11],[-0.2118,39.1],[-0.2,39.0867],[-0.1133,39.0],[-0.1,38.99],[-0.01,38.9],[0.0,38.8889],[0.1,38.89],[0.19,38.8],[0.1895,38.7],[0.1,38.6105],[0.0,38.6125],[-0.0222,38.6],[-0.1,38.5222],[-0.2,38.5286],[-0.2111,38.5],[-0.3,38.4111],[-0.4,38.4125],[-0.4111,38.4],[-0.5,38.3111],[-0.5111,38.3],[-0.5105,38.2],[-0.6,38.1105],[-0.6133,38.1],[-0.6118,38.0],[-0.61,37.9],[-0.7,37.81],[-0.71,37.8],[-0.8,37.71],[-0.9,37.71],[-0.91,37.7],[-0.91,37.6],[-1.0,37.51],[-1.09,37.6],[-1.1,37.6125],[-1.11,37.6],[-1.2,37.51],[-1.3,37.5105],[-1.3118,37.5],[-1.4,37.4118],[-1.5,37.4118],[-1.5105,37.4],[-1.6,37.3105],[-1.7,37.3182],[-1.7143,37.3],[-1.8,37.2143],[-1.825,37.2],[-1.8154,37.1],[-1.81,37.0],[-1.9,36.91],[-1.91,36.9],[-2.0,36.81],[-2.01,36.8],[-2.1,36.71],[-2.2,36.71],[-2.3,36.71],[-2.39,36.8],[-2.4,36.8182],[-2.5,36.8182],[-2.51,36.8],[-2.6,36.71],[-2.7,36.72],[-2.8,36.725],[-2.9,36.725],[-3.0,36.7222],[-3.1,36.7182],[-3.2,36.7167],[-3.3,36.7667],[-3.4,36.75],[-3.5,36.7286],[-3.6,36.725],[-3.7,36.7333],[-3.8,36.8]]]}},{"type":"Feature","properties":{"layer_id":"1981_2000_T20","layer_label":"1981_2000, T>20\u00b0C","low":0.0,"high":10.0,"label":"0\u201310 %","fill":"#fff7bc","fillOpacity":0.25,"stroke":"#fff7bc","strokeOpacity":0.37,"strokeWeight":0.35},"geometry":{"type":"Polygon","coordinates":[[[21.71,36.8],[21.7111,36.9],[21.7,36.9118],[21.6118,37.0],[21.6,37.0133],[21.5133,37.1],[21.6,37.1867],[21.6333,37.2],[21.64,37.3],[21.64,37.4],[21.6667,37.5],[21.6,37.5667],[21.5667,37.6],[21.5,37.625],[21.4,37.6154],[21.3154,37.7],[21.3,37.7167],[21.2167,37.8],[21.2,37.8118],[21.1,37.8118],[21.0118,37.9],[21.1,37.9882],[21.2,37.9882],[21.2125,38.0],[21.3,38.0875],[21.3167,38.1],[21.4,38.1833],[21.5,38.1857],[21.6,38.1667],[21.7,38.2],[21.7333,38.1],[21.7,38.0],[21.7,38.0],[21.6,37.9],[21.6,37.9],[21.6,37.8],[21.6,37.8],[21.7,37.7],[21.7,37.7],[21.8,37.6],[21.7333,37.5],[21.76,37.4],[21.8,37.3],[21.78,37.2],[21.8,37.15],[21.9,37.1833],[22.0,37.1923],[22.0923,37.1],[22.0895,37.0],[22.0,36.9105],[21.9895,36.9],[21.9889,36.8],[21.9,36.7111],[21.8,36.71],[21.71,36.8]]]}},{"type":"Feature","properties":{"layer_id":"1981_2000_T20","layer_label":"1981_2000, T>20\u00b0C","low":0.0,"high":10.0,"label":"0\u201310 %","fill":"#fff7bc","fillOpacity":0.25,"stroke":"#fff7bc","strokeOpacity":0.37,"strokeWeight":0.35},"geometry":{"type":"Polygon","coordinates":[[[25.11,37.0],[25.11,37.1],[25.2,37.19],[25.29,37.1],[25.29,37.0],[25.2,36.91],[25.11,37.0]]]}},{"type":"Feature","properties":{"layer_id":"1981_2000_T20","layer_label":"1981_2000, T>20\u00b0C","low":0.0,"high":10.0,"label":"0\u201310 %","fill":"#fff7bc","fillOpacity":0.25,"stroke":"#fff7bc","strokeOpacity":0.37,"strokeWeight":0.35},"geometry":{"type":"Polygon","coordinates":[[[25.31,37.0],[25.31,37.1],[25.4,37.19],[25.5,37.19],[25.6,37.19],[25.69,37.1],[25.6,37.01],[25.59,37.0],[25.5,36.91],[25.4,36.91],[25.31,37.0]]]}},{"type":"Feature","properties":{"layer_id":"1981_2000_T20","layer_label":"1981_2000, T>20\u00b0C","low":0.0,"high":10.0,"label":"0\u201310 %","fill":"#fff7bc","fillOpacity":0.25,"stroke":"#fff7bc","strokeOpacity":0.37,"strokeWeight":0.35},"geometry":{"type":"Polygon","coordinates":[[[26.81,37.0],[26.9,37.09],[27.0,37.09],[27.09,37.0],[27.0,36.91],[26.9,36.91],[26.81,37.0]]]}},{"type":"Feature","properties":{"layer_id":"1981_2000_T20","layer_label":"1981_2000, T>20\u00b0C","low":0.0,"high":10.0,"label":"0\u201310 %","fill":"#fff7bc","fillOpacity":0.25,"stroke":"#fff7bc","strokeOpacity":0.37,"strokeWeight":0.35},"geometry":{"type":"Polygon","coordinates":[[[22.8125,37.1],[22.8,37.2],[22.8,37.2],[22.71,37.3],[22.7,37.35],[22.6667,37.4],[22.6111,37.5],[22.62,37.6],[22.7,37.6889],[22.8,37.7],[22.9,37.7],[23.0,37.7],[23.0,37.7],[23.0,37.7],[22.9,37.8],[22.9,37.8],[22.9,37.8],[22.8,37.7],[22.75,37.8],[22.7,37.82],[22.6333,37.9],[22.6077,38.0],[22.7,38.0857],[22.8,38.0875],[22.8875,38.0],[22.9,37.9857],[22.91,38.0],[23.0,38.09],[23.01,38.1],[23.0167,38.2],[23.0,38.3],[23.1,38.4],[23.1,38.4],[23.1,38.4],[23.0,38.4286],[22.9,38.425],[22.8,38.5],[22.8,38.5],[22.7667,38.6],[22.7,38.6667],[22.6,38.7],[22.6,38.7],[22.5,38.7143],[22.4,38.8],[22.4,38.8],[22.32,38.9],[22.4,38.9667],[22.5,38.9857],[22.6,38.9867],[22.7,38.9833],[22.75,39.0],[22.75,39.1],[22.7,39.14],[22.6,39.1667],[22.5,39.1667],[22.4,39.1667],[22.3,39.1667],[22.25,39.2],[22.2,39.2333],[22.1,39.25],[22.0,39.2333],[21.9333,39.3],[21.9,39.35],[21.85,39.4],[21.8,39.4333],[21.7,39.4333],[21.65,39.5],[21.6667,39.6],[21.7,39.6333],[21.8,39.6],[21.8,39.6],[21.9,39.6],[22.0,39.6],[22.0,39.6],[22.1,39.6333],[22.1667,39.7],[22.1333,39.8],[22.1,39.82],[22.02,39.9],[22.025,40.0],[22.1,40.06],[22.175,40.0],[22.2,39.9833],[22.3,39.9],[22.3,39.9],[22.4,39.8857],[22.5,39.8667],[22.55,39.9],[22.5333,40.0],[22.6,40.0667],[22.6667,40.0],[22.7,39.9833],[22.7833,39.9],[22.8,39.8778],[22.8778,39.8],[22.9,39.7833],[22.9833,39.7],[22.9818,39.6],[23.0,39.55],[23.05,39.5],[23.1,39.48],[23.18,39.4],[23.2,39.39],[23.29,39.3],[23.3,39.29],[23.39,39.2],[23.3,39.11],[23.21,39.2],[23.2,39.21],[23.1,39.2118],[23.0118,39.3],[23.0,39.3667],[22.9,39.3286],[22.89,39.3],[22.89,39.2],[22.9,39.1889],[22.9889,39.1],[22.9857,39.0],[23.0,38.99],[23.1,38.9895],[23.1125,39.0],[23.1,39.01],[23.01,39.1],[23.1,39.19],[23.19,39.1],[23.2,39.0875],[23.3,39.0857],[23.3857,39.0],[23.4,38.9882],[23.4882,38.9],[23.5,38.8889],[23.6,38.8846],[23.6846,38.8],[23.7,38.7714],[23.8,38.76],[23.86,38.7],[23.8,38.6],[23.8,38.6],[23.8,38.6],[23.9,38.5],[23.9,38.5],[23.9,38.5],[23.9,38.6],[24.0,38.66],[24.1,38.6895],[24.1895,38.6],[24.2,38.59],[24.29,38.5],[24.29,38.4],[24.29,38.3],[24.2,38.21],[24.1818,38.2],[24.1,38.1182],[24.05,38.1],[24.0857,38.0],[24.0,37.9143],[23.9889,37.9],[24.0,37.8875],[24.0875,37.8],[24.09,37.7],[24.0,37.61],[23.9,37.61],[23.81,37.7],[23.9,37.79],[23.9125,37.8],[23.9,37.8111],[23.8,37.81],[23.71,37.9],[23.7,37.9125],[23.6,37.91],[23.59,37.9],[23.5,37.81],[23.4,37.81],[23.31,37.9],[23.3,37.9105],[23.2,37.9111],[23.19,37.9],[23.19,37.8],[23.1882,37.7],[23.2,37.69],[23.29,37.6],[23.3,37.59],[23.4,37.59],[23.5,37.59],[23.59,37.5],[23.59,37.4],[23.5,37.31],[23.41,37.4],[23.4,37.41],[23.3,37.41],[23.29,37.4],[23.2,37.31],[23.11,37.4],[23.1,37.41],[23.0,37.4143],[22.9143,37.5],[22.9,37.5167],[22.8,37.5154],[22.78,37.5],[22.7333,37.4],[22.8,37.3818],[22.8818,37.3],[22.9,37.29],[22.99,37.2],[22.9778,37.1],[22.9,37.0],[22.8125,37.1]]]}},{"type":"Feature","properties":{"layer_id":"1981_2000_T20","layer_label":"1981_2000, T>20\u00b0C","low":0.0,"high":10.0,"label":"0\u201310 %","fill":"#fff7bc","fillOpacity":0.25,"stroke":"#fff7bc","strokeOpacity":0.37,"strokeWeight":0.35},"geometry":{"type":"Polygon","coordinates":[[[28.6333,37.3],[28.6,37.35],[28.55,37.4],[28.5,37.45],[28.4,37.5],[28.45,37.6],[28.5,37.65],[28.6,37.6333],[28.65,37.6],[28.7,37.55],[28.7333,37.5],[28.8,37.4],[28.7667,37.3],[28.7,37.2333],[28.6333,37.3]]]}},{"type":"Feature","properties":{"layer_id":"1981_2000_T20","layer_label":"1981_2000, T>20\u00b0C","low":0.0,"high":10.0,"label":"0\u201310 %","fill":"#fff7bc","fillOpacity":0.25,"stroke":"#fff7bc","strokeOpacity":0.37,"strokeWeight":0.35},"geometry":{"type":"Polygon","coordinates":[[[13.2133,37.4],[13.2,37.4133],[13.1133,37.5],[13.1,37.5143],[13.0,37.5125],[12.9,37.5111],[12.8111,37.6],[12.8,37.6154],[12.7,37.6118],[12.6,37.6105],[12.5,37.6105],[12.4105,37.7],[12.41,37.8],[12.5,37.89],[12.5143,37.9],[12.5182,38.0],[12.5154,38.1],[12.6,38.1846],[12.7,38.1714],[12.8,38.1714],[12.8714,38.1],[12.9,38.0667],[13.0,38.0778],[13.0143,38.1],[13.1,38.1857],[13.2,38.1818],[13.3,38.1857],[13.4,38.1882],[13.4882,38.1],[13.5,38.0882],[13.6,38.0889],[13.7,38.0889],[13.7889,38.0],[13.8,37.9667],[13.8111,38.0],[13.9,38.0889],[14.0,38.0882],[14.1,38.0882],[14.2,38.0889],[14.3,38.0895],[14.4,38.0857],[14.5,38.06],[14.6,38.0],[14.5,37.94],[14.4,37.9143],[14.3,37.9056],[14.2,37.9059],[14.1,37.9118],[14.0,37.9063],[13.95,37.9],[13.9,37.8667],[13.8,37.82],[13.7,37.8083],[13.6,37.82],[13.5,37.8667],[13.45,37.9],[13.4,37.9143],[13.3,38.0],[13.3,38.0],[13.2,38.0],[13.2,38.0],[13.2,38.0],[13.3,37.9],[13.2,37.8333],[13.1,37.8],[13.1,37.8],[13.1,37.8],[13.1667,37.7],[13.2,37.6857],[13.2857,37.6],[13.3,37.59],[13.39,37.5],[13.4,37.475],[13.46,37.4],[13.4,37.34],[13.3,37.3133],[13.2133,37.4]]]}},{"type":"Feature","properties":{"layer_id":"1981_2000_T20","layer_label":"1981_2000, T>20\u00b0C","low":0.0,"high":10.0,"label":"0\u201310 %","fill":"#fff7bc","fillOpacity":0.25,"stroke":"#fff7bc","strokeOpacity":0.37,"strokeWeight":0.35},"geometry":{"type":"Polygon","coordinates":[[[25.91,37.6],[26.0,37.69],[26.1,37.69],[26.2,37.69],[26.29,37.6],[26.2,37.51],[26.1,37.51],[26.0,37.51],[25.91,37.6]]]}},{"type":"Feature","properties":{"layer_id":"1981_2000_T20","layer_label":"1981_2000, T>20\u00b0C","low":0.0,"high":10.0,"label":"0\u201310 %","fill":"#fff7bc","fillOpacity":0.25,"stroke":"#fff7bc","strokeOpacity":0.37,"strokeWeight":0.35},"geometry":{"type":"Polygon","coordinates":[[[36.7,37.6],[36.725,37.7],[36.8,37.775],[36.9,37.75],[36.9333,37.7],[36.9,37.6],[36.9,37.6],[36.8,37.5],[36.7,37.6]]]}},{"type":"Feature","properties":{"layer_id":"1981_2000_T20","layer_label":"1981_2000, T>20\u00b0C","low":0.0,"high":10.0,"label":"0\u201310 %","fill":"#fff7bc","fillOpacity":0.25,"stroke":"#fff7bc","strokeOpacity":0.37,"strokeWeight":0.35},"geometry":{"type":"Polygon","coordinates":[[[20.71,37.7],[20.7,37.71],[20.61,37.8],[20.7,37.89],[20.8,37.89],[20.89,37.8],[20.89,37.7],[20.8,37.61],[20.71,37.7]]]}},{"type":"Feature","properties":{"layer_id":"1981_2000_T20","layer_label":"1981_2000, T>20\u00b0C","low":0.0,"high":10.0,"label":"0\u201310 %","fill":"#fff7bc","fillOpacity":0.25,"stroke":"#fff7bc","strokeOpacity":0.37,"strokeWeight":0.35},"geometry":{"type":"Polygon","coordinates":[[[26.6105,37.7],[26.61,37.8],[26.7,37.89],[26.8,37.8895],[26.9,37.8895],[26.9895,37.8],[27.0,37.7895],[27.0895,37.7],[27.0,37.6105],[26.9,37.6105],[26.8,37.6105],[26.7,37.6105],[26.6105,37.7]]]}},{"type":"Feature","properties":{"layer_id":"1981_2000_T20","layer_label":"1981_2000, T>20\u00b0C","low":0.0,"high":10.0,"label":"0\u201310 %","fill":"#fff7bc","fillOpacity":0.25,"stroke":"#fff7bc","strokeOpacity":0.37,"strokeWeight":0.35},"geometry":{"type":"Polygon","coordinates":[[[24.81,37.8],[24.8,37.81],[24.71,37.9],[24.8,37.99],[24.89,37.9],[24.9,37.89],[24.99,37.8],[24.9,37.71],[24.81,37.8]]]}},{"type":"Feature","properties":{"layer_id":"1981_2000_T20","layer_label":"1981_2000, T>20\u00b0C","low":0.0,"high":10.0,"label":"0\u201310 %","fill":"#fff7bc","fillOpacity":0.25,"stroke":"#fff7bc","strokeOpacity":0.37,"strokeWeight":0.35},"geometry":{"type":"Polygon","coordinates":[[[15.6105,38.0],[15.7,38.0895],[15.8,38.0875],[15.9,38.0818],[16.0,38.0882],[16.0118,38.1],[16.0182,38.2],[16.0,38.24],[15.94,38.3],[15.9118,38.4],[15.9118,38.5],[15.9,38.5111],[15.8111,38.6],[15.8111,38.7],[15.9,38.7889],[16.0,38.7889],[16.1,38.7882],[16.1125,38.8],[16.1118,38.9],[16.1,38.9118],[16.0118,39.0],[16.1,39.0882],[16.15,39.1],[16.1,39.1286],[16.0286,39.2],[16.0333,39.3],[16.0,39.3286],[15.9286,39.4],[15.95,39.5],[16.0,39.55],[16.0667,39.5],[16.1,39.48],[16.125,39.5],[16.1154,39.6],[16.1333,39.7],[16.2,39.7667],[16.24,39.8],[16.3,39.86],[16.4,39.8867],[16.4867,39.8],[16.5,39.79],[16.59,39.7],[16.6,39.6714],[16.7,39.69],[16.79,39.6],[16.8,39.5882],[16.9,39.5889],[16.9889,39.5],[17.0,39.4889],[17.0889,39.4],[17.1,39.3889],[17.1889,39.3],[17.1889,39.2],[17.1882,39.1],[17.1889,39.0],[17.1,38.9111],[17.0,38.9125],[16.9,38.9143],[16.8778,38.9],[16.8,38.8222],[16.7,38.8222],[16.6,38.82],[16.5714,38.8],[16.5,38.7286],[16.4,38.7333],[16.35,38.7],[16.3,38.6667],[16.2,38.6],[16.2,38.6],[16.175,38.5],[16.1667,38.4],[16.2,38.3833],[16.3,38.4],[16.3,38.4],[16.4,38.4938],[16.4063,38.5],[16.4143,38.6],[16.5,38.6857],[16.5857,38.6],[16.5882,38.5],[16.5889,38.4],[16.5,38.3111],[16.4,38.3118],[16.3889,38.3],[16.3,38.2111],[16.2882,38.2],[16.2,38.1118],[16.1882,38.1],[16.1895,38.0],[16.1,37.9105],[16.0,37.9118],[15.9,37.9182],[15.8,37.9125],[15.7,37.9105],[15.6105,38.0]]]}},{"type":"Feature","properties":{"layer_id":"1981_2000_T20","layer_label":"1981_2000, T>20\u00b0C","low":0.0,"high":10.0,"label":"0\u201310 %","fill":"#fff7bc","fillOpacity":0.25,"stroke":"#fff7bc","strokeOpacity":0.37,"strokeWeight":0.35},"geometry":{"type":"Polygon","coordinates":[[[24.2111,38.1],[24.3,38.1889],[24.4,38.1857],[24.5,38.1875],[24.5875,38.1],[24.5,38.0125],[24.4,38.0143],[24.3,38.0111],[24.2111,38.1]]]}},{"type":"Feature","properties":{"layer_id":"1981_2000_T20","layer_label":"1981_2000, T>20\u00b0C","low":0.0,"high":10.0,"label":"0\u201310 %","fill":"#fff7bc","fillOpacity":0.25,"stroke":"#fff7bc","strokeOpacity":0.37,"strokeWeight":0.35},"geometry":{"type":"Polygon","coordinates":[[[20.31,38.2],[20.31,38.3],[20.4,38.39],[20.5,38.39],[20.6,38.39],[20.69,38.3],[20.7,38.2895],[20.7895,38.2],[20.7,38.1105],[20.6,38.1105],[20.5,38.11],[20.4,38.11],[20.31,38.2]]]}},{"type":"Feature","properties":{"layer_id":"1981_2000_T20","layer_label":"1981_2000, T>20\u00b0C","low":0.0,"high":10.0,"label":"0\u201310 %","fill":"#fff7bc","fillOpacity":0.25,"stroke":"#fff7bc","strokeOpacity":0.37,"strokeWeight":0.35},"geometry":{"type":"Polygon","coordinates":[[[22.04,38.2],[22.0,38.22],[21.9111,38.3],[21.9,38.32],[21.875,38.3],[21.8,38.24],[21.7,38.2],[21.64,38.3],[21.6,38.3125],[21.5,38.3111],[21.4,38.3125],[21.3,38.3105],[21.2,38.3105],[21.1105,38.4],[21.1,38.4105],[21.0105,38.5],[21.0,38.5105],[20.9105,38.6],[20.9143,38.7],[20.925,38.8],[20.9,38.81],[20.89,38.8],[20.8,38.71],[20.79,38.7],[20.79,38.6],[20.7,38.51],[20.6,38.51],[20.51,38.6],[20.51,38.7],[20.5111,38.8],[20.6,38.8889],[20.7,38.89],[20.71,38.9],[20.8,38.99],[20.9,38.99],[20.99,38.9],[21.0,38.875],[21.1,38.8714],[21.1333,38.9],[21.2,38.9667],[21.3,38.95],[21.4,38.9],[21.4,38.8],[21.4,38.8],[21.45,38.7],[21.5,38.6714],[21.5714,38.6],[21.6,38.5667],[21.7,38.5333],[21.7333,38.5],[21.8,38.4667],[21.9,38.4667],[22.0,38.45],[22.1,38.45],[22.15,38.4],[22.1,38.35],[22.08,38.3],[22.1,38.26],[22.16,38.2],[22.1,38.14],[22.04,38.2]]]}},{"type":"Feature","properties":{"layer_id":"1981_2000_T20","layer_label":"1981_2000, T>20\u00b0C","low":0.0,"high":10.0,"label":"0\u201310 %","fill":"#fff7bc","fillOpacity":0.25,"stroke":"#fff7bc","strokeOpacity":0.37,"strokeWeight":0.35},"geometry":{"type":"Polygon","coordinates":[[[25.91,38.2],[25.9,38.21],[25.81,38.3],[25.9,38.39],[25.9105,38.4],[25.9125,38.5],[25.9,38.51],[25.81,38.6],[25.9,38.69],[25.99,38.6],[26.0,38.5875],[26.1,38.5895],[26.1895,38.5],[26.1895,38.4],[26.1,38.3105],[26.09,38.3],[26.09,38.2],[26.0,38.11],[25.91,38.2]]]}},{"type":"Feature","properties":{"layer_id":"1981_2000_T20","layer_label":"1981_2000, T>20\u00b0C","low":0.0,"high":10.0,"label":"0\u201310 %","fill":"#fff7bc","fillOpacity":0.25,"stroke":"#fff7bc","strokeOpacity":0.37,"strokeWeight":0.35},"geometry":{"type":"Polygon","coordinates":[[[28.5,38.3],[28.5,38.3],[28.45,38.4],[28.4,38.4125],[28.3,38.42],[28.2,38.44],[28.1,38.45],[28.0333,38.5],[28.0,38.5091],[27.9,38.5333],[27.8,38.5667],[27.7,38.6],[27.8,38.6333],[27.9,38.68],[28.0,38.6909],[28.1,38.6909],[28.2,38.6833],[28.3,38.68],[28.4,38.65],[28.45,38.6],[28.5,38.5],[28.5,38.5],[28.6,38.46],[28.7,38.4],[28.7,38.4],[28.8,38.3],[28.7,38.2],[28.6,38.21],[28.5,38.3]]]}},{"type":"Feature","properties":{"layer_id":"1981_2000_T20","layer_label":"1981_2000, T>20\u00b0C","low":0.0,"high":10.0,"label":"0\u201310 %","fill":"#fff7bc","fillOpacity":0.25,"stroke":"#fff7bc","strokeOpacity":0.37,"strokeWeight":0.35},"geometry":{"type":"Polygon","coordinates":[[[42.9333,38.4],[42.9,38.425],[42.8,38.5],[42.8,38.5],[42.7,38.5167],[42.6,38.5143],[42.5,38.52],[42.42,38.6],[42.45,38.7],[42.5,38.75],[42.6,38.7818],[42.7,38.7846],[42.8,38.7846],[42.9,38.7857],[43.0,38.7818],[43.04,38.8],[43.1,38.875],[43.1143,38.9],[43.2,38.975],[43.3,38.96],[43.375,38.9],[43.3,38.84],[43.25,38.8],[43.2,38.7333],[43.1857,38.7],[43.175,38.6],[43.2,38.55],[43.2333,38.5],[43.2,38.45],[43.15,38.4],[43.1,38.3667],[43.0,38.35],[42.9333,38.4]]]}},{"type":"Feature","properties":{"layer_id":"1981_2000_T20","layer_label":"1981_2000, T>20\u00b0C","low":0.0,"high":10.0,"label":"0\u201310 %","fill":"#fff7bc","fillOpacity":0.25,"stroke":"#fff7bc","strokeOpacity":0.37,"strokeWeight":0.35},"geometry":{"type":"Polygon","coordinates":[[[33.3,38.5],[33.3,38.5],[33.2,38.6],[33.2,38.6],[33.1333,38.7],[33.1,38.8],[33.2,38.86],[33.2667,38.9],[33.3,38.9333],[33.3667,39.0],[33.4,39.0333],[33.4333,39.0],[33.46,38.9],[33.5,38.8667],[33.5667,38.8],[33.6,38.7667],[33.6667,38.7],[33.7,38.66],[33.76,38.6],[33.7,38.525],[33.68,38.5],[33.6,38.4333],[33.5,38.45],[33.4,38.45],[33.3,38.5]]]}},{"type":"Feature","properties":{"layer_id":"1981_2000_T20","layer_label":"1981_2000, T>20\u00b0C","low":0.0,"high":10.0,"label":"0\u201310 %","fill":"#fff7bc","fillOpacity":0.25,"stroke":"#fff7bc","strokeOpacity":0.37,"strokeWeight":0.35},"geometry":{"type":"Polygon","coordinates":[[[-6.7,38.7],[-6.7,38.7],[-6.8,38.8],[-6.8,38.8],[-6.9,38.85],[-7.0,38.85],[-7.05,38.9],[-7.0,39.0],[-7.0,39.0],[-7.0,39.1],[-7.0,39.2],[-6.95,39.3],[-7.0,39.4],[-6.95,39.5],[-7.0,39.55],[-7.1,39.5667],[-7.15,39.6],[-7.1,39.6333],[-7.0,39.7],[-7.0,39.7],[-6.9,39.7667],[-6.875,39.8],[-6.8,39.875],[-6.7,39.8667],[-6.6,39.9],[-6.6,39.9],[-6.6,39.9],[-6.7,39.95],[-6.75,40.0],[-6.75,40.1],[-6.7,40.1333],[-6.6,40.1333],[-6.5,40.1333],[-6.45,40.1],[-6.4,40.05],[-6.3667,40.0],[-6.4,39.9],[-6.4,39.9],[-6.4,39.9],[-6.3,39.85],[-6.25,39.8],[-6.2,39.7],[-6.2,39.7],[-6.2,39.7],[-6.1,39.75],[-6.05,39.7],[-6.1,39.65],[-6.1333,39.6],[-6.1,39.5],[-6.2,39.45],[-6.3,39.4],[-6.3,39.4],[-6.4,39.3],[-6.4,39.3],[-6.5,39.2],[-6.5,39.2],[-6.5,39.2],[-6.4,39.2],[-6.3,39.15],[-6.2,39.15],[-6.1,39.2],[-6.0,39.2],[-5.9,39.2],[-5.9,39.2],[-5.8,39.28],[-5.7,39.3],[-5.7,39.3],[-5.6,39.3667],[-5.5,39.35],[-5.4,39.38],[-5.3,39.4],[-5.3,39.4],[-5.2,39.48],[-5.1,39.4833],[-5.0,39.4833],[-4.9,39.48],[-4.8,39.4333],[-4.7,39.4],[-4.7,39.4],[-4.6,39.3],[-4.6,39.2],[-4.6,39.1],[-4.7,39.05],[-4.8,39.1],[-4.8,39.1],[-4.9,39.15],[-4.95,39.1],[-5.0,39.0],[-5.1,39.0],[-5.1,39.0],[-5.2,38.9],[-5.3,38.9],[-5.3,38.9],[-5.4,38.8],[-5.5,38.8],[-5.6,38.8],[-5.6,38.8],[-5.7,38.7667],[-5.8,38.8],[-5.8,38.8],[-5.9,38.8333],[-6.0,38.8167],[-6.1,38.8],[-6.1,38.8],[-6.2,38.7],[-6.3,38.7],[-6.3,38.7],[-6.4,38.6],[-6.5,38.7],[-6.5,38.7],[-6.5,38.7],[-6.6,38.6],[-6.7,38.7]]]}},{"type":"Feature","properties":{"layer_id":"1981_2000_T20","layer_label":"1981_2000, T>20\u00b0C","low":0.0,"high":10.0,"label":"0\u201310 %","fill":"#fff7bc","fillOpacity":0.25,"stroke":"#fff7bc","strokeOpacity":0.37,"strokeWeight":0.35},"geometry":{"type":"Polygon","coordinates":[[[-5.2,38.7],[-5.1,38.8],[-5.1,38.8],[-5.0,38.9],[-4.9,38.8],[-4.9,38.8],[-4.8,38.7667],[-4.7,38.7],[-4.8,38.6333],[-4.9,38.6],[-5.0,38.7],[-5.0,38.7],[-5.0,38.7],[-5.1,38.6667],[-5.2,38.7]]]}},{"type":"Feature","properties":{"layer_id":"1981_2000_T20","layer_label":"1981_2000, T>20\u00b0C","low":0.0,"high":10.0,"label":"0\u201310 %","fill":"#fff7bc","fillOpacity":0.25,"stroke":"#fff7bc","strokeOpacity":0.37,"strokeWeight":0.35},"geometry":{"type":"Polygon","coordinates":[[[24.51,38.8],[24.5,38.81],[24.41,38.9],[24.5,38.99],[24.59,38.9],[24.6,38.89],[24.69,38.8],[24.6,38.71],[24.51,38.8]]]}},{"type":"Feature","properties":{"layer_id":"1981_2000_T20","layer_label":"1981_2000, T>20\u00b0C","low":0.0,"high":10.0,"label":"0\u201310 %","fill":"#fff7bc","fillOpacity":0.25,"stroke":"#fff7bc","strokeOpacity":0.37,"strokeWeight":0.35},"geometry":{"type":"Polygon","coordinates":[[[1.31,38.9],[1.3,38.91],[1.21,39.0],[1.3,39.09],[1.4,39.09],[1.5,39.09],[1.59,39.0],[1.5,38.91],[1.49,38.9],[1.4,38.81],[1.31,38.9]]]}},{"type":"Feature","properties":{"layer_id":"1981_2000_T20","layer_label":"1981_2000, T>20\u00b0C","low":0.0,"high":10.0,"label":"0\u201310 %","fill":"#fff7bc","fillOpacity":0.25,"stroke":"#fff7bc","strokeOpacity":0.37,"strokeWeight":0.35},"geometry":{"type":"Polygon","coordinates":[[[8.8133,38.9],[8.8,38.9286],[8.7,38.9154],[8.6,38.9118],[8.5118,39.0],[8.5,39.0167],[8.4167,39.1],[8.4,39.1167],[8.3167,39.2],[8.35,39.3],[8.4,39.4],[8.5,39.3667],[8.5667,39.3],[8.6,39.2667],[8.7,39.3],[8.7,39.3],[8.75,39.4],[8.8,39.5],[8.9,39.5],[9.0,39.5],[9.08,39.4],[9.1,39.3929],[9.2,39.4],[9.3,39.35],[9.4,39.4],[9.4,39.4],[9.4,39.5],[9.4,39.6],[9.5,39.65],[9.5111,39.7],[9.5091,39.8],[9.5071,39.9],[9.51,40.0],[9.6,40.1],[9.7,40.0895],[9.7895,40.0],[9.7889,39.9],[9.7882,39.8],[9.7,39.7118],[9.68,39.7],[9.6818,39.6],[9.6867,39.5],[9.6875,39.4],[9.6875,39.3],[9.6,39.2125],[9.5875,39.2],[9.5,39.1125],[9.4,39.1167],[9.3167,39.2],[9.3,39.2667],[9.2,39.22],[9.1,39.2133],[9.0,39.2125],[8.9333,39.2],[8.9,39.1],[8.85,39.2],[8.8,39.2333],[8.75,39.2],[8.775,39.1],[8.8,39.0833],[8.9,39.1],[8.9714,39.0],[8.9867,38.9],[8.9,38.8133],[8.8133,38.9]]]}},{"type":"Feature","properties":{"layer_id":"1981_2000_T20","layer_label":"1981_2000, T>20\u00b0C","low":0.0,"high":10.0,"label":"0\u201310 %","fill":"#fff7bc","fillOpacity":0.25,"stroke":"#fff7bc","strokeOpacity":0.37,"strokeWeight":0.35},"geometry":{"type":"Polygon","coordinates":[[[20.54,39.1],[20.5,39.1286],[20.4286,39.2],[20.4,39.2133],[20.3133,39.3],[20.3,39.3125],[20.2125,39.4],[20.25,39.5],[20.2,39.5286],[20.1286,39.6],[20.1,39.6125],[20.0125,39.7],[20.02,39.8],[20.1,39.9],[20.2,39.8],[20.2,39.7],[20.2,39.7],[20.3,39.6],[20.3,39.6],[20.3667,39.5],[20.4,39.45],[20.45,39.4],[20.5,39.35],[20.55,39.3],[20.6,39.275],[20.7,39.2],[20.7,39.2],[20.8,39.1],[20.7,39.0286],[20.6,39.04],[20.54,39.1]]]}},{"type":"Feature","properties":{"layer_id":"1981_2000_T20","layer_label":"1981_2000, T>20\u00b0C","low":0.0,"high":10.0,"label":"0\u201310 %","fill":"#fff7bc","fillOpacity":0.25,"stroke":"#fff7bc","strokeOpacity":0.37,"strokeWeight":0.35},"geometry":{"type":"Polygon","coordinates":[[[20.8,39.1],[20.9,39.2],[21.0,39.2],[21.06,39.1],[21.0,39.04],[20.9,39.05],[20.8,39.1]]]}},{"type":"Feature","properties":{"layer_id":"1981_2000_T20","layer_label":"1981_2000, T>20\u00b0C","low":0.0,"high":10.0,"label":"0\u201310 %","fill":"#fff7bc","fillOpacity":0.25,"stroke":"#fff7bc","strokeOpacity":0.37,"strokeWeight":0.35},"geometry":{"type":"Polygon","coordinates":[[[23.61,39.1],[23.7,39.19],[23.8,39.19],[23.89,39.1],[23.8,39.01],[23.7,39.01],[23.61,39.1]]]}},{"type":"Feature","properties":{"layer_id":"1981_2000_T20","layer_label":"1981_2000, T>20\u00b0C","low":0.0,"high":10.0,"label":"0\u201310 %","fill":"#fff7bc","fillOpacity":0.25,"stroke":"#fff7bc","strokeOpacity":0.37,"strokeWeight":0.35},"geometry":{"type":"Polygon","coordinates":[[[26.0105,39.1],[26.0,39.1118],[25.9,39.1105],[25.8105,39.2],[25.8105,39.3],[25.9,39.3895],[26.0,39.3882],[26.0882,39.3],[26.1,39.2875],[26.1105,39.3],[26.2,39.3895],[26.3,39.3895],[26.4,39.3895],[26.4895,39.3],[26.5,39.2889],[26.5889,39.2],[26.59,39.1],[26.5,39.01],[26.4,39.0105],[26.3,39.0105],[26.2,39.01],[26.1,39.0105],[26.0105,39.1]]]}},{"type":"Feature","properties":{"layer_id":"1981_2000_T20","layer_label":"1981_2000, T>20\u00b0C","low":0.0,"high":10.0,"label":"0\u201310 %","fill":"#fff7bc","fillOpacity":0.25,"stroke":"#fff7bc","strokeOpacity":0.37,"strokeWeight":0.35},"geometry":{"type":"Polygon","coordinates":[[[3.01,39.3],[3.0,39.31],[2.9,39.3105],[2.8,39.3105],[2.7105,39.4],[2.7,39.41],[2.61,39.5],[2.6,39.51],[2.5,39.51],[2.41,39.6],[2.4105,39.7],[2.5,39.7895],[2.6,39.7895],[2.7,39.7895],[2.7118,39.8],[2.8,39.8882],[2.9,39.8889],[2.9105,39.9],[3.0,39.9895],[3.0895,39.9],[3.0889,39.8],[3.1,39.7895],[3.2,39.7889],[3.3,39.7889],[3.4,39.7895],[3.4895,39.7],[3.4895,39.6],[3.4,39.5105],[3.3,39.5111],[3.2889,39.5],[3.2895,39.4],[3.2,39.3105],[3.19,39.3],[3.1,39.21],[3.01,39.3]]]}},{"type":"Feature","properties":{"layer_id":"1981_2000_T20","layer_label":"1981_2000, T>20\u00b0C","low":0.0,"high":10.0,"label":"0\u201310 %","fill":"#fff7bc","fillOpacity":0.25,"stroke":"#fff7bc","strokeOpacity":0.37,"strokeWeight":0.35},"geometry":{"type":"Polygon","coordinates":[[[19.81,39.5],[19.8,39.51],[19.71,39.6],[19.7,39.61],[19.61,39.7],[19.7,39.79],[19.8,39.79],[19.89,39.7],[19.9,39.69],[19.99,39.6],[19.99,39.5],[19.9,39.41],[19.81,39.5]]]}},{"type":"Feature","properties":{"layer_id":"1981_2000_T20","layer_label":"1981_2000, T>20\u00b0C","low":0.0,"high":10.0,"label":"0\u201310 %","fill":"#fff7bc","fillOpacity":0.25,"stroke":"#fff7bc","strokeOpacity":0.37,"strokeWeight":0.35},"geometry":{"type":"Polygon","coordinates":[[[26.0105,39.5],[26.1,39.5895],[26.1167,39.6],[26.125,39.7],[26.1133,39.8],[26.1167,39.9],[26.2,39.9833],[26.3,39.975],[26.4,40.0],[26.5,39.95],[26.55,39.9],[26.5667,39.8],[26.55,39.7],[26.6,39.65],[26.65,39.6],[26.6,39.5667],[26.5,39.55],[26.4,39.54],[26.3,39.5333],[26.2889,39.5],[26.2,39.4111],[26.1,39.4105],[26.0105,39.5]]]}},{"type":"Feature","properties":{"layer_id":"1981_2000_T20","layer_label":"1981_2000, T>20\u00b0C","low":0.0,"high":10.0,"label":"0\u201310 %","fill":"#fff7bc","fillOpacity":0.25,"stroke":"#fff7bc","strokeOpacity":0.37,"strokeWeight":0.35},"geometry":{"type":"Polygon","coordinates":[[[8.45,39.6],[8.425,39.7],[8.5,39.775],[8.6,39.75],[8.7,39.7],[8.7,39.6],[8.6,39.55],[8.5,39.5333],[8.45,39.6]]]}},{"type":"Feature","properties":{"layer_id":"1981_2000_T20","layer_label":"1981_2000, T>20\u00b0C","low":0.0,"high":10.0,"label":"0\u201310 %","fill":"#fff7bc","fillOpacity":0.25,"stroke":"#fff7bc","strokeOpacity":0.37,"strokeWeight":0.35},"geometry":{"type":"Polygon","coordinates":[[[-6.05,39.8],[-6.1,39.85],[-6.15,39.9],[-6.1,39.9333],[-6.0,39.975],[-5.9,40.0],[-5.9,40.0],[-5.8,40.0333],[-5.7,40.0667],[-5.6,40.06],[-5.5,40.06],[-5.4,40.0333],[-5.3,40.075],[-5.2,40.0],[-5.3,39.94],[-5.4,39.95],[-5.45,39.9],[-5.5,39.85],[-5.6,39.82],[-5.7,39.8143],[-5.75,39.8],[-5.8,39.75],[-5.9,39.725],[-6.0,39.75],[-6.05,39.8]]]}},{"type":"Feature","properties":{"layer_id":"1981_2000_T20","layer_label":"1981_2000, T>20\u00b0C","low":0.0,"high":10.0,"label":"0\u201310 %","fill":"#fff7bc","fillOpacity":0.25,"stroke":"#fff7bc","strokeOpacity":0.37,"strokeWeight":0.35},"geometry":{"type":"Polygon","coordinates":[[[25.21,39.8],[25.2,39.81],[25.1,39.81],[25.01,39.9],[25.01,40.0],[25.1,40.09],[25.19,40.0],[25.2,39.99],[25.29,39.9],[25.3,39.89],[25.39,39.8],[25.3,39.71],[25.21,39.8]]]}},{"type":"Feature","properties":{"layer_id":"1981_2000_T20","layer_label":"1981_2000, T>20\u00b0C","low":0.0,"high":10.0,"label":"0\u201310 %","fill":"#fff7bc","fillOpacity":0.25,"stroke":"#fff7bc","strokeOpacity":0.37,"strokeWeight":0.35},"geometry":{"type":"Polygon","coordinates":[[[4.01,39.9],[4.0,39.91],[3.9,39.91],[3.81,40.0],[3.9,40.09],[4.0,40.09],[4.1,40.09],[4.2,40.09],[4.29,40.0],[4.3,39.99],[4.39,39.9],[4.3,39.81],[4.2,39.81],[4.1,39.81],[4.01,39.9]]]}},{"type":"Feature","properties":{"layer_id":"1981_2000_T20","layer_label":"1981_2000, T>20\u00b0C","low":0.0,"high":10.0,"label":"0\u201310 %","fill":"#fff7bc","fillOpacity":0.25,"stroke":"#fff7bc","strokeOpacity":0.37,"strokeWeight":0.35},"geometry":{"type":"Polygon","coordinates":[[[18.11,39.9],[18.1,39.91],[18.01,40.0],[18.0,40.01],[17.91,40.1],[17.91,40.2],[17.9,40.21],[17.8,40.2105],[17.7,40.2105],[17.6,40.21],[17.51,40.3],[17.5,40.31],[17.4,40.31],[17.3,40.31],[17.21,40.4],[17.2,40.4105],[17.1,40.4105],[17.0,40.4133],[16.9,40.4154],[16.8,40.4154],[16.7857,40.4],[16.7882,40.3],[16.7889,40.2],[16.7,40.1111],[16.6,40.1118],[16.575,40.1],[16.6,40.0889],[16.6889,40.0],[16.6,39.9111],[16.5,39.9],[16.4667,40.0],[16.4143,40.1],[16.4,40.2],[16.45,40.3],[16.5,40.3667],[16.52,40.4],[16.6,40.48],[16.625,40.5],[16.7,40.56],[16.8,40.5846],[16.84,40.6],[16.9,40.7],[16.9,40.7],[17.0,40.8],[17.0,40.8],[17.0,40.8],[16.9,40.9],[16.9,40.9],[16.8,40.9143],[16.7,41.0],[16.7,41.0],[16.6,41.0],[16.5,41.1],[16.5,41.1],[16.4,41.15],[16.3333,41.2],[16.3,41.2077],[16.2,41.2154],[16.1,41.2167],[16.0,41.2],[15.9,41.225],[15.85,41.2],[15.8,41.1],[15.7333,41.2],[15.8,41.3],[15.8,41.3],[15.8,41.3],[15.7,41.35],[15.6333,41.4],[15.6,41.4167],[15.5,41.425],[15.425,41.5],[15.4,41.525],[15.325,41.6],[15.3333,41.7],[15.3,41.725],[15.2,41.75],[15.15,41.8],[15.1,41.8071],[15.0,41.85],[14.9,41.9],[14.9,41.9],[14.8,42.0],[14.9,42.0818],[15.0,42.0857],[15.0857,42.0],[15.1,41.9867],[15.1867,41.9],[15.2,41.8333],[15.3,41.86],[15.3125,41.9],[15.4,41.9875],[15.5,41.9875],[15.5875,41.9],[15.6,41.8],[15.56,41.7],[15.6,41.6714],[15.7,41.68],[15.7667,41.7],[15.8,41.7333],[15.9,41.75],[15.925,41.8],[15.9,41.8118],[15.8,41.8222],[15.7222,41.9],[15.8,41.9778],[15.9,41.9882],[16.0,41.9889],[16.1,41.9889],[16.1889,41.9],[16.2,41.8895],[16.2895,41.8],[16.2,41.7105],[16.1,41.7111],[16.0818,41.7],[16.0,41.6182],[15.9,41.65],[15.8846,41.6],[15.8867,41.5],[15.9,41.4846],[16.0,41.4857],[16.1,41.4867],[16.1867,41.4],[16.2,41.3846],[16.3,41.3857],[16.3857,41.3],[16.4,41.25],[16.5,41.2778],[16.6,41.2833],[16.7,41.2875],[16.7875,41.2],[16.8,41.1857],[16.9,41.1867],[17.0,41.1882],[17.0882,41.1],[17.1,41.0846],[17.1846,41.0],[17.2,40.9714],[17.3,40.9846],[17.4,40.9895],[17.4895,40.9],[17.5,40.8846],[17.5846,40.8],[17.6,40.7857],[17.7,40.7889],[17.8,40.7882],[17.8882,40.7],[17.9,40.6818],[18.0,40.6778],[18.0778,40.6],[18.1,40.5882],[18.1882,40.5],[18.2,40.4889],[18.3,40.4889],[18.3889,40.4],[18.4,40.3889],[18.4889,40.3],[18.49,40.2],[18.49,40.1],[18.49,40.0],[18.4,39.91],[18.39,39.9],[18.3,39.81],[18.2,39.81],[18.11,39.9]]]}},{"type":"Feature","properties":{"layer_id":"1981_2000_T20","layer_label":"1981_2000, T>20\u00b0C","low":0.0,"high":10.0,"label":"0\u201310 %","fill":"#fff7bc","fillOpacity":0.25,"stroke":"#fff7bc","strokeOpacity":0.37,"strokeWeight":0.35},"geometry":{"type":"Polygon","coordinates":[[[8.3286,40.0],[8.4,40.0714],[8.5,40.0714],[8.6,40.0],[8.5,39.9286],[8.4,39.9286],[8.3286,40.0]]]}},{"type":"Feature","properties":{"layer_id":"1981_2000_T20","layer_label":"1981_2000, T>20\u00b0C","low":0.0,"high":10.0,"label":"0\u201310 %","fill":"#fff7bc","fillOpacity":0.25,"stroke":"#fff7bc","strokeOpacity":0.37,"strokeWeight":0.35},"geometry":{"type":"Polygon","coordinates":[[[19.8286,40.0],[19.8,40.04],[19.74,40.1],[19.8,40.16],[19.86,40.1],[19.9,40.0714],[20.0,40.0],[19.9,39.9286],[19.8286,40.0]]]}},{"type":"Feature","properties":{"layer_id":"1981_2000_T20","layer_label":"1981_2000, T>20\u00b0C","low":0.0,"high":10.0,"label":"0\u201310 %","fill":"#fff7bc","fillOpacity":0.25,"stroke":"#fff7bc","strokeOpacity":0.37,"strokeWeight":0.35},"geometry":{"type":"Polygon","coordinates":[[[23.31,40.0],[23.4,40.09],[23.5,40.09],[23.6,40.09],[23.69,40.0],[23.6,39.91],[23.5,39.91],[23.4,39.91],[23.31,40.0]]]}},{"type":"Feature","properties":{"layer_id":"1981_2000_T20","layer_label":"1981_2000, T>20\u00b0C","low":0.0,"high":10.0,"label":"0\u201310 %","fill":"#fff7bc","fillOpacity":0.25,"stroke":"#fff7bc","strokeOpacity":0.37,"strokeWeight":0.35},"geometry":{"type":"Polygon","coordinates":[[[23.81,40.0],[23.8,40.01],[23.71,40.1],[23.7,40.11],[23.61,40.2],[23.6,40.2111],[23.5,40.2118],[23.4,40.2111],[23.3,40.2111],[23.2,40.21],[23.11,40.3],[23.1,40.31],[23.01,40.4],[23.0,40.4118],[22.9118,40.5],[22.9182,40.6],[22.9,40.6167],[22.8857,40.6],[22.8,40.5143],[22.7,40.5133],[22.6818,40.5],[22.6833,40.4],[22.6895,40.3],[22.6,40.2105],[22.5875,40.2],[22.5,40.1125],[22.4,40.2],[22.4,40.2],[22.3333,40.3],[22.4,40.4],[22.4,40.4],[22.4667,40.5],[22.4333,40.6],[22.4,40.7],[22.5,40.7667],[22.6,40.8],[22.6,40.8],[22.6,40.9],[22.6,40.9],[22.525,41.0],[22.5,41.0333],[22.45,41.1],[22.4,41.2],[22.4,41.2],[22.35,41.3],[22.4,41.4],[22.4,41.4],[22.4667,41.5],[22.5,41.5333],[22.6,41.575],[22.7,41.5333],[22.7333,41.5],[22.7,41.45],[22.6,41.4],[22.6,41.4],[22.6,41.3],[22.6,41.3],[22.7,41.2667],[22.8,41.2667],[22.9,41.28],[23.0,41.28],[23.1,41.2667],[23.2,41.2714],[23.3,41.2889],[23.4,41.25],[23.45,41.2],[23.5,41.1818],[23.6,41.15],[23.65,41.1],[23.7,41.0857],[23.8,41.0778],[23.9,41.1],[23.9,41.1],[24.0,41.16],[24.1,41.1667],[24.2,41.15],[24.25,41.1],[24.3,41.0333],[24.35,41.0],[24.3857,40.9],[24.3,40.8143],[24.25,40.8],[24.2,40.75],[24.1,40.7667],[24.0,40.74],[23.9,40.72],[23.8,40.7182],[23.7667,40.7],[23.7333,40.6],[23.8,40.5667],[23.8667,40.5],[23.9,40.49],[24.0,40.49],[24.09,40.4],[24.1,40.39],[24.2,40.39],[24.29,40.3],[24.3,40.29],[24.4,40.29],[24.49,40.2],[24.4,40.11],[24.3,40.11],[24.21,40.2],[24.2,40.21],[24.1,40.21],[24.0,40.21],[23.99,40.2],[24.0,40.19],[24.09,40.1],[24.0,40.01],[23.99,40.0],[23.9,39.91],[23.81,40.0]]]}},{"type":"Feature","properties":{"layer_id":"1981_2000_T20","layer_label":"1981_2000, T>20\u00b0C","low":0.0,"high":10.0,"label":"0\u201310 %","fill":"#fff7bc","fillOpacity":0.25,"stroke":"#fff7bc","strokeOpacity":0.37,"strokeWeight":0.35},"geometry":{"type":"Polygon","coordinates":[[[15.1667,40.1],[15.1,40.1182],[15.0182,40.2],[15.1,40.29],[15.1818,40.2],[15.2,40.1333],[15.2333,40.1],[15.2,40.0667],[15.1667,40.1]]]}},{"type":"Feature","properties":{"layer_id":"1981_2000_T20","layer_label":"1981_2000, T>20\u00b0C","low":0.0,"high":10.0,"label":"0\u201310 %","fill":"#fff7bc","fillOpacity":0.25,"stroke":"#fff7bc","strokeOpacity":0.37,"strokeWeight":0.35},"geometry":{"type":"Polygon","coordinates":[[[26.1125,40.1],[26.1125,40.2],[26.2,40.2875],[26.2118,40.3],[26.2133,40.4],[26.3,40.4867],[26.4,40.4857],[26.5,40.4778],[26.6,40.46],[26.7,40.46],[26.7182,40.5],[26.7133,40.6],[26.7,40.65],[26.6,40.64],[26.5,40.64],[26.4,40.6333],[26.3,40.6333],[26.2,40.62],[26.1,40.6133],[26.0133,40.7],[26.025,40.8],[26.0,40.8286],[25.9,40.825],[25.8,40.82],[25.7,40.84],[25.6,40.8286],[25.5286,40.9],[25.6,41.0],[25.7,41.0],[25.8,41.0],[25.9,40.9857],[26.0,40.9833],[26.1,40.98],[26.2,40.9667],[26.3,40.95],[26.4,40.9],[26.4,40.9],[26.5,40.9],[26.6,40.9],[26.7,40.8667],[26.8,40.8],[26.8,40.8],[26.9,40.8],[27.0,40.8],[27.1,40.8],[27.2,40.8],[27.2,40.8],[27.3,40.9],[27.3,40.9],[27.4,41.0],[27.4333,40.9],[27.4333,40.8],[27.4,40.7667],[27.3,40.7667],[27.2667,40.7],[27.2,40.6333],[27.1,40.6333],[27.0857,40.6],[27.0,40.5143],[26.9,40.5133],[26.8818,40.5],[26.9,40.46],[27.0,40.4333],[27.1,40.46],[27.2,40.4833],[27.3,40.4833],[27.3833,40.4],[27.4,40.36],[27.46,40.3],[27.4,40.225],[27.3,40.2167],[27.2,40.225],[27.1,40.25],[27.05,40.3],[27.0,40.3667],[26.9,40.325],[26.8,40.3],[26.8,40.3],[26.7,40.25],[26.6,40.2],[26.6,40.2],[26.5,40.1],[26.5,40.1],[26.4,40.0],[26.3,40.0182],[26.2,40.0125],[26.1125,40.1]]]}},{"type":"Feature","properties":{"layer_id":"1981_2000_T20","layer_label":"1981_2000, T>20\u00b0C","low":0.0,"high":10.0,"label":"0\u201310 %","fill":"#fff7bc","fillOpacity":0.25,"stroke":"#fff7bc","strokeOpacity":0.37,"strokeWeight":0.35},"geometry":{"type":"Polygon","coordinates":[[[25.61,40.2],[25.7,40.29],[25.8,40.29],[25.9,40.29],[25.99,40.2],[25.9,40.11],[25.8,40.11],[25.7,40.11],[25.61,40.2]]]}},{"type":"Feature","properties":{"layer_id":"1981_2000_T20","layer_label":"1981_2000, T>20\u00b0C","low":0.0,"high":10.0,"label":"0\u201310 %","fill":"#fff7bc","fillOpacity":0.25,"stroke":"#fff7bc","strokeOpacity":0.37,"strokeWeight":0.35},"geometry":{"type":"Polygon","coordinates":[[[27.7,40.2],[27.7286,40.3],[27.8,40.3714],[27.8167,40.4],[27.9,40.4833],[27.9833,40.4],[28.0,40.375],[28.0143,40.4],[28.1,40.4857],[28.2,40.4846],[28.3,40.4778],[28.4,40.4778],[28.5,40.4818],[28.5818,40.4],[28.55,40.3],[28.5,40.2667],[28.4,40.3],[28.4,40.3],[28.3,40.3],[28.3,40.3],[28.25,40.2],[28.2,40.15],[28.1,40.1167],[28.0,40.1167],[27.9,40.12],[27.8,40.15],[27.7,40.2]]]}},{"type":"Feature","properties":{"layer_id":"1981_2000_T20","layer_label":"1981_2000, T>20\u00b0C","low":0.0,"high":10.0,"label":"0\u201310 %","fill":"#fff7bc","fillOpacity":0.25,"stroke":"#fff7bc","strokeOpacity":0.37,"strokeWeight":0.35},"geometry":{"type":"Polygon","coordinates":[[[9.4167,40.3],[9.4167,40.4],[9.5,40.4833],[9.52,40.5],[9.525,40.6],[9.5,40.65],[9.45,40.7],[9.45,40.8],[9.4,40.85],[9.35,40.9],[9.3,40.95],[9.25,41.0],[9.2,41.0111],[9.1,41.0143],[9.0,41.0143],[8.925,41.1],[9.0,41.175],[9.0111,41.2],[9.1,41.2889],[9.1889,41.2],[9.2,41.18],[9.3,41.1857],[9.4,41.1882],[9.5,41.1882],[9.5882,41.1],[9.5867,41.0],[9.6,40.9867],[9.6867,40.9],[9.6818,40.8],[9.7,40.7882],[9.7882,40.7],[9.7846,40.6],[9.8,40.5889],[9.8889,40.5],[9.8,40.4111],[9.7,40.4133],[9.6846,40.4],[9.6833,40.3],[9.6,40.2],[9.5,40.2167],[9.4167,40.3]]]}},{"type":"Feature","properties":{"layer_id":"1981_2000_T20","layer_label":"1981_2000, T>20\u00b0C","low":0.0,"high":10.0,"label":"0\u201310 %","fill":"#fff7bc","fillOpacity":0.25,"stroke":"#fff7bc","strokeOpacity":0.37,"strokeWeight":0.35},"geometry":{"type":"Polygon","coordinates":[[[0.3125,40.4],[0.4,40.5],[0.4,40.5],[0.4091,40.6],[0.4333,40.7],[0.4667,40.8],[0.5,40.8333],[0.5333,40.9],[0.55,41.0],[0.6,41.0667],[0.65,41.1],[0.7,41.1333],[0.8,41.1333],[0.9,41.15],[1.0,41.1667],[1.1,41.1778],[1.2,41.18],[1.25,41.2],[1.3,41.25],[1.4,41.25],[1.45,41.2],[1.4,41.15],[1.3,41.15],[1.28,41.1],[1.2,41.02],[1.1,41.0222],[1.0,41.0333],[0.9818,41.0],[0.9,40.9182],[0.8833,40.9],[0.8,40.8167],[0.7875,40.8],[0.8,40.79],[0.89,40.7],[0.8,40.61],[0.7,40.61],[0.6,40.6125],[0.5833,40.6],[0.5857,40.5],[0.5,40.4143],[0.4778,40.4],[0.4,40.3222],[0.3125,40.4]]]}},{"type":"Feature","properties":{"layer_id":"1981_2000_T20","layer_label":"1981_2000, T>20\u00b0C","low":0.0,"high":10.0,"label":"0\u201310 %","fill":"#fff7bc","fillOpacity":0.25,"stroke":"#fff7bc","strokeOpacity":0.37,"strokeWeight":0.35},"geometry":{"type":"Polygon","coordinates":[[[19.4333,40.4],[19.4133,40.5],[19.4182,40.6],[19.4,40.6167],[19.3167,40.7],[19.3154,40.8],[19.3286,40.9],[19.4,40.9714],[19.4154,41.0],[19.4222,41.1],[19.5,41.1778],[19.5333,41.2],[19.5,41.2111],[19.4111,41.3],[19.4143,41.4],[19.5,41.4857],[19.54,41.5],[19.55,41.6],[19.6,41.65],[19.65,41.6],[19.66,41.5],[19.7,41.4],[19.7,41.4],[19.75,41.3],[19.7,41.2333],[19.68,41.2],[19.675,41.1],[19.6833,41.0],[19.6667,40.9],[19.68,40.8],[19.65,40.7],[19.6,40.6],[19.6,40.6],[19.6,40.6],[19.7,40.575],[19.775,40.5],[19.75,40.4],[19.7,40.3667],[19.6,40.3333],[19.5,40.32],[19.4333,40.4]]]}},{"type":"Feature","properties":{"layer_id":"1981_2000_T20","layer_label":"1981_2000, T>20\u00b0C","low":0.0,"high":10.0,"label":"0\u201310 %","fill":"#fff7bc","fillOpacity":0.25,"stroke":"#fff7bc","strokeOpacity":0.37,"strokeWeight":0.35},"geometry":{"type":"Polygon","coordinates":[[[8.3333,40.5],[8.3,40.5125],[8.2125,40.6],[8.2,40.6111],[8.1111,40.7],[8.1105,40.8],[8.2,40.8895],[8.3,40.8889],[8.4,40.8882],[8.5,40.8867],[8.6,40.8714],[8.625,40.9],[8.7,40.975],[8.8,40.9],[8.7,40.8143],[8.6833,40.8],[8.65,40.7],[8.6,40.65],[8.55,40.6],[8.55,40.5],[8.5,40.4],[8.4,40.4333],[8.3333,40.5]]]}},{"type":"Feature","properties":{"layer_id":"1981_2000_T20","layer_label":"1981_2000, T>20\u00b0C","low":0.0,"high":10.0,"label":"0\u201310 %","fill":"#fff7bc","fillOpacity":0.25,"stroke":"#fff7bc","strokeOpacity":0.37,"strokeWeight":0.35},"geometry":{"type":"Polygon","coordinates":[[[14.9167,40.5],[14.9,40.5143],[14.8143,40.6],[14.8,40.6333],[14.7,40.62],[14.6,40.6182],[14.5,40.6154],[14.4154,40.7],[14.4,40.7167],[14.3167,40.8],[14.3,40.8182],[14.2,40.8133],[14.1,40.8111],[14.0111,40.9],[14.0,40.9111],[13.9111,41.0],[13.9333,41.1],[14.0,41.1667],[14.1,41.1333],[14.2,41.1333],[14.2333,41.1],[14.3,41.0],[14.3,41.0],[14.4,40.98],[14.5,40.95],[14.55,40.9],[14.6,40.8333],[14.65,40.8],[14.7,40.7889],[14.8,40.7667],[14.9,40.7],[14.9,40.7],[15.0,40.66],[15.06,40.6],[15.1,40.5],[15.0,40.4167],[14.9167,40.5]]]}},{"type":"Feature","properties":{"layer_id":"1981_2000_T20","layer_label":"1981_2000, T>20\u00b0C","low":0.0,"high":10.0,"label":"0\u201310 %","fill":"#fff7bc","fillOpacity":0.25,"stroke":"#fff7bc","strokeOpacity":0.37,"strokeWeight":0.35},"geometry":{"type":"Polygon","coordinates":[[[28.825,40.5],[28.9,40.575],[28.94,40.6],[29.0,40.66],[29.075,40.6],[29.0333,40.5],[29.0,40.4667],[28.9,40.425],[28.825,40.5]]]}},{"type":"Feature","properties":{"layer_id":"1981_2000_T20","layer_label":"1981_2000, T>20\u00b0C","low":0.0,"high":10.0,"label":"0\u201310 %","fill":"#fff7bc","fillOpacity":0.25,"stroke":"#fff7bc","strokeOpacity":0.37,"strokeWeight":0.35},"geometry":{"type":"Polygon","coordinates":[[[24.51,40.7],[24.6,40.79],[24.7,40.79],[24.79,40.7],[24.7,40.61],[24.6,40.61],[24.51,40.7]]]}},{"type":"Feature","properties":{"layer_id":"1981_2000_T20","layer_label":"1981_2000, T>20\u00b0C","low":0.0,"high":10.0,"label":"0\u201310 %","fill":"#fff7bc","fillOpacity":0.25,"stroke":"#fff7bc","strokeOpacity":0.37,"strokeWeight":0.35},"geometry":{"type":"Polygon","coordinates":[[[22.05,40.8],[22.0,40.9],[22.05,41.0],[22.1,41.05],[22.15,41.0],[22.2,40.9],[22.2,40.8],[22.1,40.7667],[22.05,40.8]]]}},{"type":"Feature","properties":{"layer_id":"1981_2000_T20","layer_label":"1981_2000, T>20\u00b0C","low":0.0,"high":10.0,"label":"0\u201310 %","fill":"#fff7bc","fillOpacity":0.25,"stroke":"#fff7bc","strokeOpacity":0.37,"strokeWeight":0.35},"geometry":{"type":"Polygon","coordinates":[[[29.3286,40.8],[29.3,40.825],[29.225,40.9],[29.2,40.925],[29.1,40.925],[29.0,40.925],[28.9,40.9143],[28.8,40.9133],[28.7,40.9118],[28.6,40.9111],[28.5,40.9111],[28.4111,41.0],[28.4,41.02],[28.3,41.02],[28.2,41.0222],[28.1,41.02],[28.0875,41.0],[28.0,40.9125],[27.9,40.9167],[27.8,40.9182],[27.7,40.925],[27.6,40.94],[27.5,41.0],[27.6,41.1],[27.6,41.1],[27.7,41.15],[27.8,41.1667],[27.9,41.1667],[28.0,41.2],[28.0,41.2],[28.05,41.3],[28.05,41.4],[28.1,41.5],[28.2,41.5],[28.3,41.475],[28.4,41.4846],[28.4846,41.4],[28.5,41.3833],[28.6,41.3846],[28.7,41.3857],[28.8,41.3846],[28.8846,41.3],[28.9,41.28],[29.0,41.2818],[29.1,41.2778],[29.2,41.28],[29.3,41.2867],[29.3867,41.2],[29.4,41.1714],[29.5,41.1667],[29.52,41.2],[29.6,41.28],[29.68,41.2],[29.7,41.1667],[29.8,41.1667],[29.9,41.1714],[30.0,41.15],[30.1,41.15],[30.2,41.15],[30.3,41.15],[30.4,41.15],[30.5,41.15],[30.6,41.16],[30.7,41.15],[30.75,41.1],[30.7,41.05],[30.6,41.025],[30.5,41.0333],[30.4,41.0333],[30.3,41.0333],[30.2,41.0333],[30.1,41.0333],[30.0,41.0333],[29.9,41.0167],[29.8,41.02],[29.7,41.02],[29.6,41.02],[29.5,41.0],[29.5,41.0],[29.475,40.9],[29.4833,40.8],[29.4,40.7286],[29.3286,40.8]]]}},{"type":"Feature","properties":{"layer_id":"1981_2000_T20","layer_label":"1981_2000, T>20\u00b0C","low":0.0,"high":10.0,"label":"0\u201310 %","fill":"#fff7bc","fillOpacity":0.25,"stroke":"#fff7bc","strokeOpacity":0.37,"strokeWeight":0.35},"geometry":{"type":"Polygon","coordinates":[[[24.61,40.9],[24.6,41.0],[24.7,41.05],[24.8,41.0833],[24.9,41.0889],[25.0,41.0857],[25.1,41.0909],[25.2,41.0929],[25.3,41.075],[25.4,41.075],[25.5,41.0],[25.4,40.94],[25.3,40.94],[25.2,40.9133],[25.1,40.9167],[25.0,40.925],[24.9,40.92],[24.8,40.9286],[24.79,40.9],[24.7,40.81],[24.61,40.9]]]}},{"type":"Feature","properties":{"layer_id":"1981_2000_T20","layer_label":"1981_2000, T>20\u00b0C","low":0.0,"high":10.0,"label":"0\u201310 %","fill":"#fff7bc","fillOpacity":0.25,"stroke":"#fff7bc","strokeOpacity":0.37,"strokeWeight":0.35},"geometry":{"type":"Polygon","coordinates":[[[-0.2,41.2],[-0.2,41.3],[-0.1,41.4],[-0.1,41.4],[0.0,41.5],[0.1,41.5],[0.2,41.4],[0.2,41.4],[0.3,41.3],[0.2,41.2],[0.2,41.2],[0.1,41.15],[0.0,41.1333],[-0.1,41.15],[-0.2,41.2]]]}},{"type":"Feature","properties":{"layer_id":"1981_2000_T20","layer_label":"1981_2000, T>20\u00b0C","low":0.0,"high":10.0,"label":"0\u201310 %","fill":"#fff7bc","fillOpacity":0.25,"stroke":"#fff7bc","strokeOpacity":0.37,"strokeWeight":0.35},"geometry":{"type":"Polygon","coordinates":[[[1.55,41.2],[1.6,41.3],[1.7,41.2889],[1.7167,41.3],[1.8,41.3714],[1.9,41.3818],[1.95,41.4],[2.0,41.45],[2.1,41.4778],[2.1333,41.5],[2.2,41.5667],[2.3,41.5923],[2.3333,41.6],[2.4,41.65],[2.5,41.65],[2.55,41.6],[2.5,41.55],[2.4867,41.5],[2.4,41.4133],[2.3,41.4143],[2.2,41.4333],[2.1778,41.4],[2.1846,41.3],[2.1,41.2154],[2.0,41.2154],[1.9,41.2182],[1.8,41.2286],[1.78,41.2],[1.7,41.12],[1.6,41.15],[1.55,41.2]]]}},{"type":"Feature","properties":{"layer_id":"1981_2000_T20","layer_label":"1981_2000, T>20\u00b0C","low":0.0,"high":10.0,"label":"0\u201310 %","fill":"#fff7bc","fillOpacity":0.25,"stroke":"#fff7bc","strokeOpacity":0.37,"strokeWeight":0.35},"geometry":{"type":"Polygon","coordinates":[[[36.9,41.2],[36.9,41.2],[36.8,41.2333],[36.7,41.2667],[36.6667,41.3],[36.7,41.3333],[36.8,41.35],[36.9,41.3667],[36.9667,41.3],[37.0,41.25],[37.05,41.2],[37.0,41.15],[36.9,41.2]]]}},{"type":"Feature","properties":{"layer_id":"1981_2000_T20","layer_label":"1981_2000, T>20\u00b0C","low":0.0,"high":10.0,"label":"0\u201310 %","fill":"#fff7bc","fillOpacity":0.25,"stroke":"#fff7bc","strokeOpacity":0.37,"strokeWeight":0.35},"geometry":{"type":"Polygon","coordinates":[[[12.9111,41.3],[12.9111,41.4],[12.9,41.42],[12.8,41.4111],[12.7,41.4111],[12.6,41.4111],[12.5111,41.5],[12.5111,41.6],[12.5,41.6143],[12.4,41.6111],[12.3111,41.7],[12.3,41.7111],[12.2,41.7111],[12.1111,41.8],[12.1111,41.9],[12.1,41.9111],[12.0,41.9111],[11.9111,42.0],[11.9,42.0125],[11.8125,42.1],[11.8,42.1133],[11.7,42.1105],[11.6105,42.2],[11.6125,42.3],[11.6,42.325],[11.5,42.3143],[11.4,42.3118],[11.3118,42.4],[11.3,42.4133],[11.2,42.4118],[11.1118,42.5],[11.1,42.5118],[11.0118,42.6],[11.0,42.6118],[10.9118,42.7],[10.9,42.7167],[10.8167,42.8],[10.8,42.8118],[10.7118,42.9],[10.7,42.9111],[10.6,42.9111],[10.5,42.91],[10.41,43.0],[10.5,43.09],[10.5118,43.1],[10.5222,43.2],[10.525,43.3],[10.5,43.35],[10.45,43.4],[10.4,43.44],[10.34,43.5],[10.3,43.5111],[10.2111,43.6],[10.225,43.7],[10.3,43.8],[10.4,43.75],[10.45,43.7],[10.5,43.6],[10.5,43.6],[10.55,43.5],[10.6,43.45],[10.65,43.4],[10.7,43.3],[10.6778,43.2],[10.7,43.1818],[10.8,43.1],[10.8,43.1],[10.9,43.0],[10.9,43.0],[11.0,42.95],[11.05,42.9],[11.1,42.86],[11.16,42.8],[11.2,42.76],[11.275,42.7],[11.3,42.68],[11.38,42.6],[11.4,42.5909],[11.5,42.5857],[11.6,42.5],[11.6,42.5],[11.7,42.45],[11.7667,42.4],[11.8,42.3875],[11.9,42.3333],[11.9333,42.3],[11.9778,42.2],[12.0,42.1778],[12.1,42.16],[12.16,42.1],[12.2,42.0857],[12.3,42.0],[12.3,42.0],[12.4,41.9889],[12.5,41.95],[12.55,41.9],[12.5833,41.8],[12.6,41.75],[12.6333,41.7],[12.7,41.6846],[12.8,41.6333],[12.8333,41.6],[12.9,41.58],[12.98,41.5],[13.0,41.4889],[13.1,41.4778],[13.1778,41.4],[13.2,41.3882],[13.2882,41.3],[13.2,41.2118],[13.1,41.2111],[13.0,41.2111],[12.9111,41.3]]]}},{"type":"Feature","properties":{"layer_id":"1981_2000_T20","layer_label":"1981_2000, T>20\u00b0C","low":0.0,"high":10.0,"label":"0\u201310 %","fill":"#fff7bc","fillOpacity":0.25,"stroke":"#fff7bc","strokeOpacity":0.37,"strokeWeight":0.35},"geometry":{"type":"Polygon","coordinates":[[[21.8667,41.4],[21.84,41.5],[21.8,41.5667],[21.7667,41.6],[21.8,41.7],[21.8,41.7],[21.9,41.75],[21.95,41.7],[22.0,41.65],[22.0333,41.6],[22.1,41.5714],[22.2,41.55],[22.25,41.5],[22.26,41.4],[22.2,41.34],[22.1,41.3333],[22.0,41.3333],[21.9,41.3667],[21.8667,41.4]]]}},{"type":"Feature","properties":{"layer_id":"1981_2000_T20","layer_label":"1981_2000, T>20\u00b0C","low":0.0,"high":10.0,"label":"0\u201310 %","fill":"#fff7bc","fillOpacity":0.25,"stroke":"#fff7bc","strokeOpacity":0.37,"strokeWeight":0.35},"geometry":{"type":"Polygon","coordinates":[[[23.2667,41.4],[23.2,41.4667],[23.1667,41.5],[23.1667,41.6],[23.2,41.6333],[23.2333,41.6],[23.3,41.55],[23.35,41.5],[23.3333,41.4],[23.3,41.35],[23.2667,41.4]]]}},{"type":"Feature","properties":{"layer_id":"1981_2000_T20","layer_label":"1981_2000, T>20\u00b0C","low":0.0,"high":10.0,"label":"0\u201310 %","fill":"#fff7bc","fillOpacity":0.25,"stroke":"#fff7bc","strokeOpacity":0.37,"strokeWeight":0.35},"geometry":{"type":"Polygon","coordinates":[[[8.8125,41.5],[8.8,41.5111],[8.7111,41.6],[8.8,41.6889],[8.8667,41.7],[8.8,41.7286],[8.7,41.7167],[8.6167,41.8],[8.7,41.8833],[8.74,41.9],[8.7222,42.0],[8.7,42.0133],[8.6133,42.1],[8.62,42.2],[8.7,42.3],[8.7889,42.2],[8.8,42.18],[8.9,42.1],[8.9,42.0],[8.9,41.9],[8.8833,41.8],[8.9,41.75],[8.95,41.7],[9.0,41.6875],[9.1,41.66],[9.2,41.6875],[9.2778,41.6],[9.2895,41.5],[9.2,41.4105],[9.1,41.4118],[9.0,41.4125],[8.9,41.4125],[8.8125,41.5]]]}},{"type":"Feature","properties":{"layer_id":"1981_2000_T20","layer_label":"1981_2000, T>20\u00b0C","low":0.0,"high":10.0,"label":"0\u201310 %","fill":"#fff7bc","fillOpacity":0.25,"stroke":"#fff7bc","strokeOpacity":0.37,"strokeWeight":0.35},"geometry":{"type":"Polygon","coordinates":[[[-0.05,41.6],[-0.05,41.7],[0.0,41.75],[0.05,41.7],[0.1,41.6],[0.0,41.5],[-0.05,41.6]]]}},{"type":"Feature","properties":{"layer_id":"1981_2000_T20","layer_label":"1981_2000, T>20\u00b0C","low":0.0,"high":10.0,"label":"0\u201310 %","fill":"#fff7bc","fillOpacity":0.25,"stroke":"#fff7bc","strokeOpacity":0.37,"strokeWeight":0.35},"geometry":{"type":"Polygon","coordinates":[[[28.0,41.6],[28.0,41.6],[27.925,41.7],[28.0,41.775],[28.075,41.7],[28.1,41.6714],[28.1714,41.6],[28.1,41.5],[28.0,41.6]]]}},{"type":"Feature","properties":{"layer_id":"1981_2000_T20","layer_label":"1981_2000, T>20\u00b0C","low":0.0,"high":10.0,"label":"0\u201310 %","fill":"#fff7bc","fillOpacity":0.25,"stroke":"#fff7bc","strokeOpacity":0.37,"strokeWeight":0.35},"geometry":{"type":"Polygon","coordinates":[[[35.825,41.6],[35.8133,41.7],[35.9,41.7867],[36.0,41.7875],[36.0875,41.7],[36.0667,41.6],[36.0,41.5333],[35.9,41.54],[35.825,41.6]]]}},{"type":"Feature","properties":{"layer_id":"1981_2000_T20","layer_label":"1981_2000, T>20\u00b0C","low":0.0,"high":10.0,"label":"0\u201310 %","fill":"#fff7bc","fillOpacity":0.25,"stroke":"#fff7bc","strokeOpacity":0.37,"strokeWeight":0.35},"geometry":{"type":"Polygon","coordinates":[[[2.8333,41.7],[2.85,41.8],[2.9,41.85],[2.9333,41.9],[3.0,42.0],[3.0,42.0],[3.0,42.0],[2.9333,42.1],[2.95,42.2],[3.0,42.3],[3.0,42.3],[3.0,42.4],[3.1,42.48],[3.1667,42.4],[3.2,42.3833],[3.2833,42.3],[3.2,42.2167],[3.1333,42.2],[3.18,42.1],[3.2,42.0833],[3.2833,42.0],[3.2867,41.9],[3.2,41.8133],[3.1,41.8222],[3.05,41.8],[3.0,41.75],[2.9667,41.7],[2.9,41.6333],[2.8333,41.7]]]}},{"type":"Feature","properties":{"layer_id":"1981_2000_T20","layer_label":"1981_2000, T>20\u00b0C","low":0.0,"high":10.0,"label":"0\u201310 %","fill":"#fff7bc","fillOpacity":0.25,"stroke":"#fff7bc","strokeOpacity":0.37,"strokeWeight":0.35},"geometry":{"type":"Polygon","coordinates":[[[9.3077,41.7],[9.35,41.8],[9.4,41.85],[9.45,41.8],[9.4857,41.7],[9.4,41.6143],[9.3077,41.7]]]}},{"type":"Feature","properties":{"layer_id":"1981_2000_T20","layer_label":"1981_2000, T>20\u00b0C","low":0.0,"high":10.0,"label":"0\u201310 %","fill":"#fff7bc","fillOpacity":0.25,"stroke":"#fff7bc","strokeOpacity":0.37,"strokeWeight":0.35},"geometry":{"type":"Polygon","coordinates":[[[19.3133,41.9],[19.3,41.925],[19.2,41.925],[19.125,42.0],[19.1,42.02],[19.02,42.1],[19.0,42.125],[18.9,42.1286],[18.8286,42.2],[18.8,42.2222],[18.7222,42.3],[18.8,42.3778],[18.9,42.3333],[18.9333,42.3],[19.0,42.275],[19.1,42.2333],[19.1333,42.2],[19.2,42.16],[19.2125,42.2],[19.2,42.3],[19.3,42.3333],[19.3333,42.3],[19.4,42.2833],[19.4833,42.2],[19.5,42.1778],[19.5778,42.1],[19.6,42.05],[19.65,42.0],[19.65,41.9],[19.6,41.85],[19.5,41.82],[19.4,41.8133],[19.3133,41.9]]]}},{"type":"Feature","properties":{"layer_id":"1981_2000_T20","layer_label":"1981_2000, T>20\u00b0C","low":0.0,"high":10.0,"label":"0\u201310 %","fill":"#fff7bc","fillOpacity":0.25,"stroke":"#fff7bc","strokeOpacity":0.37,"strokeWeight":0.35},"geometry":{"type":"Polygon","coordinates":[[[27.84,41.9],[27.85,42.0],[27.85,42.1],[27.9,42.15],[27.95,42.1],[27.95,42.0],[28.0,41.9714],[28.0714,41.9],[28.0,41.8286],[27.9,41.8],[27.84,41.9]]]}},{"type":"Feature","properties":{"layer_id":"1981_2000_T20","layer_label":"1981_2000, T>20\u00b0C","low":0.0,"high":10.0,"label":"0\u201310 %","fill":"#fff7bc","fillOpacity":0.25,"stroke":"#fff7bc","strokeOpacity":0.37,"strokeWeight":0.35},"geometry":{"type":"Polygon","coordinates":[[[41.7667,41.9],[41.7286,42.0],[41.75,42.1],[41.7,42.12],[41.62,42.2],[41.6,42.2143],[41.5143,42.3],[41.52,42.4],[41.5,42.4167],[41.4167,42.5],[41.5,42.5833],[41.5333,42.6],[41.5,42.6286],[41.4286,42.7],[41.5,42.7714],[41.5833,42.7],[41.6,42.68],[41.7,42.6],[41.7,42.6],[41.7833,42.5],[41.8,42.475],[41.9,42.4],[41.9,42.4],[42.0,42.375],[42.1,42.3333],[42.2,42.3333],[42.3,42.3],[42.2,42.25],[42.1,42.25],[42.0667,42.2],[42.0,42.1],[42.0,42.1],[41.9667,42.0],[41.9,41.9333],[41.85,41.9],[41.8,41.8667],[41.7667,41.9]]]}},{"type":"Feature","properties":{"layer_id":"1981_2000_T20","layer_label":"1981_2000, T>20\u00b0C","low":0.0,"high":10.0,"label":"0\u201310 %","fill":"#fff7bc","fillOpacity":0.25,"stroke":"#fff7bc","strokeOpacity":0.37,"strokeWeight":0.35},"geometry":{"type":"Polygon","coordinates":[[[9.3167,42.0],[9.3083,42.1],[9.3667,42.2],[9.4,42.2333],[9.4667,42.3],[9.5,42.35],[9.5333,42.3],[9.58,42.2],[9.5882,42.1],[9.5875,42.0],[9.5,41.9125],[9.4,41.9167],[9.3167,42.0]]]}},{"type":"Feature","properties":{"layer_id":"1981_2000_T20","layer_label":"1981_2000, T>20\u00b0C","low":0.0,"high":10.0,"label":"0\u201310 %","fill":"#fff7bc","fillOpacity":0.25,"stroke":"#fff7bc","strokeOpacity":0.37,"strokeWeight":0.35},"geometry":{"type":"Polygon","coordinates":[[[42.3,42.3],[42.4,42.3333],[42.5,42.3333],[42.6,42.3333],[42.65,42.3],[42.6,42.2667],[42.5,42.2],[42.4,42.25],[42.3,42.3]]]}},{"type":"Feature","properties":{"layer_id":"1981_2000_T20","layer_label":"1981_2000, T>20\u00b0C","low":0.0,"high":10.0,"label":"0\u201310 %","fill":"#fff7bc","fillOpacity":0.25,"stroke":"#fff7bc","strokeOpacity":0.37,"strokeWeight":0.35},"geometry":{"type":"Polygon","coordinates":[[[8.625,42.4],[8.6125,42.5],[8.7,42.5875],[8.8,42.5667],[8.8667,42.5],[8.8,42.42],[8.7857,42.4],[8.7,42.3],[8.625,42.4]]]}},{"type":"Feature","properties":{"layer_id":"1981_2000_T20","layer_label":"1981_2000, T>20\u00b0C","low":0.0,"high":10.0,"label":"0\u201310 %","fill":"#fff7bc","fillOpacity":0.25,"stroke":"#fff7bc","strokeOpacity":0.37,"strokeWeight":0.35},"geometry":{"type":"Polygon","coordinates":[[[9.4154,42.5],[9.4,42.5286],[9.3,42.6],[9.3,42.6],[9.3,42.6],[9.2,42.5333],[9.1,42.5143],[9.0,42.525],[8.925,42.6],[9.0,42.675],[9.1,42.675],[9.1182,42.7],[9.2,42.7818],[9.3,42.7714],[9.3118,42.8],[9.4,42.8882],[9.5,42.8867],[9.5867,42.8],[9.58,42.7],[9.5,42.62],[9.4714,42.6],[9.5,42.5846],[9.5846,42.5],[9.5,42.4083],[9.4154,42.5]]]}},{"type":"Feature","properties":{"layer_id":"1981_2000_T20","layer_label":"1981_2000, T>20\u00b0C","low":0.0,"high":10.0,"label":"0\u201310 %","fill":"#fff7bc","fillOpacity":0.25,"stroke":"#fff7bc","strokeOpacity":0.37,"strokeWeight":0.35},"geometry":{"type":"Polygon","coordinates":[[[27.5,42.6],[27.6,42.7],[27.6,42.7],[27.7,42.75],[27.8,42.8],[27.8714,42.7],[27.8,42.6286],[27.7,42.65],[27.65,42.6],[27.6,42.55],[27.5,42.6]]]}},{"type":"Feature","properties":{"layer_id":"1981_2000_T20","layer_label":"1981_2000, T>20\u00b0C","low":0.0,"high":10.0,"label":"0\u201310 %","fill":"#fff7bc","fillOpacity":0.25,"stroke":"#fff7bc","strokeOpacity":0.37,"strokeWeight":0.35},"geometry":{"type":"Polygon","coordinates":[[[10.01,42.8],[10.1,42.89],[10.2,42.89],[10.3,42.89],[10.4,42.89],[10.49,42.8],[10.4,42.71],[10.3,42.71],[10.2,42.71],[10.1,42.71],[10.01,42.8]]]}},{"type":"Feature","properties":{"layer_id":"1981_2000_T20","layer_label":"1981_2000, T>20\u00b0C","low":0.0,"high":10.0,"label":"0\u201310 %","fill":"#fff7bc","fillOpacity":0.25,"stroke":"#fff7bc","strokeOpacity":0.37,"strokeWeight":0.35},"geometry":{"type":"Polygon","coordinates":[[[13.8,42.9],[13.8,42.9],[13.74,43.0],[13.7111,43.1],[13.7,43.1333],[13.65,43.2],[13.6,43.2667],[13.55,43.3],[13.5,43.4],[13.5,43.4],[13.4,43.5],[13.4,43.5],[13.3,43.5],[13.2,43.6],[13.2,43.6],[13.1,43.7],[13.2,43.7333],[13.2333,43.7],[13.3,43.65],[13.4,43.6714],[13.5,43.675],[13.575,43.6],[13.5333,43.5],[13.6,43.45],[13.7,43.4667],[13.7667,43.4],[13.7846,43.3],[13.75,43.2],[13.8,43.18],[13.88,43.1],[13.86,43.0],[13.9,42.9833],[13.9833,42.9],[13.9,42.8167],[13.8,42.9]]]}},{"type":"Feature","properties":{"layer_id":"1981_2000_T20","layer_label":"1981_2000, T>20\u00b0C","low":0.0,"high":10.0,"label":"0\u201310 %","fill":"#fff7bc","fillOpacity":0.25,"stroke":"#fff7bc","strokeOpacity":0.37,"strokeWeight":0.35},"geometry":{"type":"Polygon","coordinates":[[[16.71,42.9],[16.8,42.99],[16.9,42.99],[17.0,42.9889],[17.0154,43.0],[17.0,43.0118],[16.9,43.01],[16.81,43.1],[16.9,43.19],[17.0,43.1882],[17.1,43.1833],[17.1833,43.1],[17.2,43.08],[17.3,43.075],[17.375,43.0],[17.3,42.925],[17.2,42.92],[17.1882,42.9],[17.1,42.8118],[17.0,42.8111],[16.9,42.81],[16.8,42.81],[16.71,42.9]]]}},{"type":"Feature","properties":{"layer_id":"1981_2000_T20","layer_label":"1981_2000, T>20\u00b0C","low":0.0,"high":10.0,"label":"0\u201310 %","fill":"#fff7bc","fillOpacity":0.25,"stroke":"#fff7bc","strokeOpacity":0.37,"strokeWeight":0.35},"geometry":{"type":"Polygon","coordinates":[[[41.025,42.9],[41.1,42.975],[41.2,42.95],[41.25,42.9],[41.2,42.85],[41.1,42.825],[41.025,42.9]]]}},{"type":"Feature","properties":{"layer_id":"1981_2000_T20","layer_label":"1981_2000, T>20\u00b0C","low":0.0,"high":10.0,"label":"0\u201310 %","fill":"#fff7bc","fillOpacity":0.25,"stroke":"#fff7bc","strokeOpacity":0.37,"strokeWeight":0.35},"geometry":{"type":"Polygon","coordinates":[[[6.0222,43.1],[6.1,43.1875],[6.2,43.2],[6.3,43.19],[6.3818,43.1],[6.3,43.0182],[6.2,43.0167],[6.1,43.0222],[6.0222,43.1]]]}},{"type":"Feature","properties":{"layer_id":"1981_2000_T20","layer_label":"1981_2000, T>20\u00b0C","low":0.0,"high":10.0,"label":"0\u201310 %","fill":"#fff7bc","fillOpacity":0.25,"stroke":"#fff7bc","strokeOpacity":0.37,"strokeWeight":0.35},"geometry":{"type":"Polygon","coordinates":[[[6.4,43.2],[6.5,43.2667],[6.5333,43.3],[6.525,43.4],[6.6,43.5],[6.7,43.5],[6.7,43.5],[6.8,43.55],[6.9,43.5667],[6.9667,43.5],[6.9,43.4333],[6.8778,43.4],[6.8,43.3222],[6.7,43.3286],[6.65,43.3],[6.66,43.2],[6.6,43.14],[6.5,43.15],[6.4,43.2]]]}},{"type":"Feature","properties":{"layer_id":"1981_2000_T20","layer_label":"1981_2000, T>20\u00b0C","low":0.0,"high":10.0,"label":"0\u201310 %","fill":"#fff7bc","fillOpacity":0.25,"stroke":"#fff7bc","strokeOpacity":0.37,"strokeWeight":0.35},"geometry":{"type":"Polygon","coordinates":[[[16.41,43.2],[16.5,43.29],[16.52,43.3],[16.6,43.38],[16.7,43.3778],[16.7778,43.3],[16.7,43.2222],[16.6,43.22],[16.59,43.2],[16.5,43.11],[16.41,43.2]]]}},{"type":"Feature","properties":{"layer_id":"1981_2000_T20","layer_label":"1981_2000, T>20\u00b0C","low":0.0,"high":10.0,"label":"0\u201310 %","fill":"#fff7bc","fillOpacity":0.25,"stroke":"#fff7bc","strokeOpacity":0.37,"strokeWeight":0.35},"geometry":{"type":"Polygon","coordinates":[[[4.6333,43.4],[4.6,43.425],[4.525,43.5],[4.5,43.55],[4.4,43.55],[4.38,43.5],[4.3,43.42],[4.22,43.5],[4.2,43.5667],[4.1,43.5667],[4.05,43.6],[4.1,43.65],[4.2,43.7],[4.3,43.7],[4.4,43.7],[4.4,43.7],[4.5,43.8],[4.6,43.7],[4.6,43.7],[4.7,43.65],[4.75,43.6],[4.8,43.58],[4.9,43.55],[5.0,43.5],[5.0,43.5],[5.06,43.4],[5.0,43.34],[4.9,43.325],[4.8,43.325],[4.7,43.3333],[4.6333,43.4]]]}},{"type":"Feature","properties":{"layer_id":"1981_2000_T20","layer_label":"1981_2000, T>20\u00b0C","low":0.0,"high":10.0,"label":"0\u201310 %","fill":"#fff7bc","fillOpacity":0.25,"stroke":"#fff7bc","strokeOpacity":0.37,"strokeWeight":0.35},"geometry":{"type":"Polygon","coordinates":[[[28.22,43.4],[28.3,43.48],[28.3333,43.5],[28.4,43.5667],[28.4333,43.6],[28.5,43.7],[28.55,43.6],[28.5778,43.5],[28.58,43.4],[28.5,43.32],[28.4,43.32],[28.3,43.3333],[28.22,43.4]]]}},{"type":"Feature","properties":{"layer_id":"1981_2000_T20","layer_label":"1981_2000, T>20\u00b0C","low":0.0,"high":10.0,"label":"0\u201310 %","fill":"#fff7bc","fillOpacity":0.25,"stroke":"#fff7bc","strokeOpacity":0.37,"strokeWeight":0.35},"geometry":{"type":"Polygon","coordinates":[[[39.6667,43.6],[39.6,43.65],[39.55,43.7],[39.6,43.7667],[39.7,43.7333],[39.7333,43.7],[39.75,43.6],[39.7,43.5667],[39.6667,43.6]]]}},{"type":"Feature","properties":{"layer_id":"1981_2000_T20","layer_label":"1981_2000, T>20\u00b0C","low":0.0,"high":10.0,"label":"0\u201310 %","fill":"#fff7bc","fillOpacity":0.25,"stroke":"#fff7bc","strokeOpacity":0.37,"strokeWeight":0.35},"geometry":{"type":"Polygon","coordinates":[[[15.6333,43.8],[15.7,43.88],[15.8,43.86],[15.875,43.8],[15.8,43.74],[15.7,43.7333],[15.6333,43.8]]]}},{"type":"Feature","properties":{"layer_id":"1981_2000_T20","layer_label":"1981_2000, T>20\u00b0C","low":0.0,"high":10.0,"label":"0\u201310 %","fill":"#fff7bc","fillOpacity":0.25,"stroke":"#fff7bc","strokeOpacity":0.37,"strokeWeight":0.35},"geometry":{"type":"Polygon","coordinates":[[[24.45,43.8],[24.5,43.9],[24.6,43.85],[24.7,43.85],[24.8,43.8],[24.7,43.75],[24.6,43.75],[24.5,43.75],[24.45,43.8]]]}},{"type":"Feature","properties":{"layer_id":"1981_2000_T20","layer_label":"1981_2000, T>20\u00b0C","low":0.0,"high":10.0,"label":"0\u201310 %","fill":"#fff7bc","fillOpacity":0.25,"stroke":"#fff7bc","strokeOpacity":0.37,"strokeWeight":0.35},"geometry":{"type":"Polygon","coordinates":[[[12.6,43.9],[12.6,43.9],[12.5,44.0],[12.5,44.0],[12.4,44.1],[12.5,44.1333],[12.5333,44.1],[12.6,44.0667],[12.7,44.0833],[12.7833,44.0],[12.8,43.9667],[12.8667,43.9],[12.8,43.8],[12.7,43.85],[12.6,43.9]]]}},{"type":"Feature","properties":{"layer_id":"1981_2000_T20","layer_label":"1981_2000, T>20\u00b0C","low":0.0,"high":10.0,"label":"0\u201310 %","fill":"#fff7bc","fillOpacity":0.25,"stroke":"#fff7bc","strokeOpacity":0.37,"strokeWeight":0.35},"geometry":{"type":"Polygon","coordinates":[[[23.4,43.9],[23.4,43.9],[23.3,43.9333],[23.2,43.9],[23.1,44.0],[23.2,44.05],[23.3,44.1],[23.4,44.1],[23.5,44.0],[23.5,44.0],[23.6,43.9],[23.5,43.85],[23.4,43.9]]]}},{"type":"Feature","properties":{"layer_id":"1981_2000_T20","layer_label":"1981_2000, T>20\u00b0C","low":0.0,"high":10.0,"label":"0\u201310 %","fill":"#fff7bc","fillOpacity":0.25,"stroke":"#fff7bc","strokeOpacity":0.37,"strokeWeight":0.35},"geometry":{"type":"Polygon","coordinates":[[[12.25,44.2],[12.2,44.25],[12.1,44.2667],[12.0,44.3],[12.0,44.3],[11.9,44.3],[11.8,44.3],[11.7,44.3],[11.6,44.4],[11.6,44.4],[11.5,44.4],[11.4,44.4],[11.3,44.4],[11.2,44.4],[11.1,44.5],[11.1,44.5],[11.0,44.6],[11.0,44.6],[10.9,44.6],[10.8,44.65],[10.7,44.7],[10.7,44.7],[10.6,44.7333],[10.5,44.7667],[10.4,44.7667],[10.35,44.8],[10.3,44.9],[10.3,44.9],[10.2,44.95],[10.1333,45.0],[10.1,45.02],[10.0,45.0333],[9.9,45.0333],[9.8,45.0667],[9.7,45.1],[9.7,45.1],[9.6,45.1],[9.5,45.1333],[9.4333,45.2],[9.4,45.3],[9.5,45.4],[9.6,45.3667],[9.7,45.375],[9.8,45.3667],[9.9,45.375],[10.0,45.35],[10.1,45.4],[10.2,45.4],[10.2,45.4],[10.3,45.4333],[10.4,45.45],[10.4667,45.5],[10.5,45.55],[10.5125,45.6],[10.6,45.6778],[10.7,45.65],[10.75,45.6],[10.8,45.55],[10.8667,45.5],[10.9,45.4667],[11.0,45.4333],[11.05,45.4],[11.0,45.3],[10.9,45.3],[10.8,45.3],[10.8,45.3],[10.8,45.3],[10.9,45.3],[11.0,45.2],[11.0,45.2],[11.1,45.2],[11.2,45.2],[11.3,45.2],[11.4,45.2],[11.5,45.18],[11.6,45.18],[11.7,45.18],[11.8,45.2],[11.8,45.2],[11.85,45.3],[11.9,45.35],[11.95,45.4],[12.0,45.4333],[12.1,45.46],[12.16,45.4],[12.175,45.3],[12.2,45.2833],[12.2833,45.2],[12.2818,45.1],[12.3,45.0875],[12.3875,45.0],[12.4,44.9889],[12.4889,44.9],[12.4,44.8111],[12.3882,44.8],[12.3,44.7118],[12.2875,44.7],[12.2,44.6125],[12.1778,44.6],[12.2,44.5818],[12.2818,44.5],[12.3,44.4714],[12.3714,44.4],[12.35,44.3],[12.4,44.2333],[12.4333,44.2],[12.4,44.1],[12.3,44.1667],[12.25,44.2]]]}},{"type":"Feature","properties":{"layer_id":"1981_2000_T20","layer_label":"1981_2000, T>20\u00b0C","low":0.0,"high":10.0,"label":"0\u201310 %","fill":"#fff7bc","fillOpacity":0.25,"stroke":"#fff7bc","strokeOpacity":0.37,"strokeWeight":0.35},"geometry":{"type":"Polygon","coordinates":[[[38.34,44.4],[38.4,44.475],[38.5,44.48],[38.6,44.4667],[38.7,44.4],[38.6,44.35],[38.5,44.3333],[38.4,44.34],[38.34,44.4]]]}},{"type":"Feature","properties":{"layer_id":"1981_2000_T20","layer_label":"1981_2000, T>20\u00b0C","low":0.0,"high":10.0,"label":"0\u201310 %","fill":"#fff7bc","fillOpacity":0.25,"stroke":"#fff7bc","strokeOpacity":0.37,"strokeWeight":0.35},"geometry":{"type":"Polygon","coordinates":[[[28.6333,44.5],[28.7,44.5667],[28.8,44.5714],[28.8714,44.5],[28.8,44.4286],[28.7,44.4],[28.6333,44.5]]]}},{"type":"Feature","properties":{"layer_id":"1981_2000_T20","layer_label":"1981_2000, T>20\u00b0C","low":0.0,"high":10.0,"label":"0\u201310 %","fill":"#fff7bc","fillOpacity":0.25,"stroke":"#fff7bc","strokeOpacity":0.37,"strokeWeight":0.35},"geometry":{"type":"Polygon","coordinates":[[[20.1,44.8],[20.1,44.8],[20.0,44.9],[20.1,45.0],[20.2,45.0],[20.3,44.95],[20.35,44.9],[20.35,44.8],[20.3,44.75],[20.2,44.75],[20.1,44.8]]]}},{"type":"Feature","properties":{"layer_id":"1981_2000_T20","layer_label":"1981_2000, T>20\u00b0C","low":0.0,"high":10.0,"label":"0\u201310 %","fill":"#fff7bc","fillOpacity":0.25,"stroke":"#fff7bc","strokeOpacity":0.37,"strokeWeight":0.35},"geometry":{"type":"Polygon","coordinates":[[[29.1286,44.8],[29.1,44.8333],[29.0333,44.9],[29.1,45.0],[29.1,45.0],[29.2,45.05],[29.3,45.1],[29.4,45.1],[29.5,45.1],[29.6,45.1],[29.6667,45.0],[29.6714,44.9],[29.6,44.8286],[29.5,44.8286],[29.4778,44.8],[29.4,44.7222],[29.3,44.7222],[29.2,44.7286],[29.1286,44.8]]]}},{"type":"Feature","properties":{"layer_id":"1981_2000_T20","layer_label":"1981_2000, T>20\u00b0C","low":0.0,"high":10.0,"label":"0\u201310 %","fill":"#fff7bc","fillOpacity":0.25,"stroke":"#fff7bc","strokeOpacity":0.37,"strokeWeight":0.35},"geometry":{"type":"Polygon","coordinates":[[[37.3286,44.8],[37.3,44.8133],[37.2133,44.9],[37.2143,45.0],[37.2,45.0118],[37.1118,45.1],[37.1,45.11],[37.01,45.2],[37.0,45.2105],[36.9895,45.2],[36.9,45.1105],[36.8,45.1105],[36.7,45.11],[36.61,45.2],[36.6,45.21],[36.59,45.2],[36.5,45.11],[36.4895,45.1],[36.4,45.0105],[36.3,45.0111],[36.2,45.0111],[36.1,45.0118],[36.0,45.0118],[35.9,45.0118],[35.8,45.0125],[35.7125,45.1],[35.7,45.1118],[35.6,45.1118],[35.5,45.1143],[35.4818,45.1],[35.4833,45.0],[35.4,44.9167],[35.3167,45.0],[35.3,45.04],[35.25,45.0],[35.2,44.95],[35.1714,44.9],[35.1,44.8286],[35.0,44.85],[34.9,44.9],[35.0,44.9667],[35.1,44.9833],[35.1333,45.0],[35.2,45.1],[35.2,45.1],[35.2,45.1],[35.1,45.2],[35.1,45.2],[35.0,45.3],[35.0,45.4],[35.0,45.4],[34.9,45.5],[34.9,45.5],[34.8,45.6],[34.8,45.6],[34.7,45.6],[34.65,45.7],[34.6,45.72],[34.5,45.8],[34.5,45.8],[34.4,45.8],[34.3,45.8],[34.2,45.8],[34.1,45.8],[34.0,45.8],[33.9,45.8],[33.8,45.8],[33.8,45.8],[33.7,45.7],[33.6,45.7],[33.5,45.7],[33.5,45.7],[33.4,45.6],[33.3,45.6],[33.2,45.6],[33.1667,45.7],[33.2,45.7333],[33.3,45.7333],[33.3667,45.8],[33.4,45.8333],[33.5,45.8333],[33.5667,45.9],[33.6,45.9333],[33.65,46.0],[33.6667,46.1],[33.6,46.1667],[33.5333,46.1],[33.5,46.0667],[33.4667,46.1],[33.4,46.1667],[33.3,46.2],[33.4,46.3],[33.5,46.3],[33.6,46.3],[33.7,46.3],[33.8,46.3],[33.9,46.3],[34.0,46.3],[34.1,46.3],[34.2,46.3],[34.3,46.3],[34.4,46.3],[34.5,46.3],[34.6,46.3],[34.6,46.3],[34.7,46.4],[34.8,46.4],[34.9,46.4],[34.9,46.4],[35.0,46.45],[35.05,46.5],[35.1,46.6],[35.2,46.6],[35.2,46.6],[35.3,46.6667],[35.4,46.65],[35.5,46.6667],[35.55,46.7],[35.6,46.75],[35.7,46.75],[35.8,46.75],[35.9,46.75],[36.0,46.75],[36.1,46.8],[36.2,46.8],[36.2,46.8],[36.3,46.85],[36.4,46.9],[36.5,46.9],[36.6,46.9],[36.6,46.9],[36.7,46.9667],[36.8,46.9667],[36.9,46.9667],[37.0,46.9857],[37.1,46.9889],[37.2,46.9929],[37.25,47.0],[37.3,47.05],[37.4,47.05],[37.4333,47.1],[37.5,47.1667],[37.6,47.2],[37.7,47.2],[37.8,47.2],[37.8,47.2],[37.9,47.25],[38.0,47.28],[38.1,47.2667],[38.2,47.2667],[38.3,47.275],[38.4,47.3],[38.5,47.3],[38.6,47.3],[38.7,47.3],[38.7,47.3],[38.8,47.4],[38.9,47.4],[39.0,47.4],[39.1,47.4],[39.2,47.4],[39.3,47.4],[39.4,47.3],[39.4,47.3],[39.5,47.2],[39.5,47.2],[39.5,47.2],[39.6,47.3],[39.7,47.2],[39.7,47.1],[39.6,47.0],[39.6,47.0],[39.5,46.9],[39.4,46.9],[39.4,46.9],[39.3,46.8],[39.3,46.8],[39.3,46.7],[39.2,46.6],[39.1,46.6],[39.0,46.6],[39.0,46.6],[38.9,46.5],[38.8,46.5],[38.8,46.5],[38.8,46.4],[38.8,46.3],[38.8,46.2],[38.8,46.1],[38.8,46.0],[38.8,45.9],[38.8,45.8],[38.8,45.8],[38.8,45.8],[38.9,45.9],[39.0,45.8],[39.0,45.8],[39.1,45.8],[39.2,45.8],[39.2,45.8],[39.3,45.9],[39.4,45.9],[39.5,45.8],[39.5,45.7],[39.4,45.6],[39.4,45.6],[39.4,45.6],[39.5,45.5],[39.5,45.5],[39.6,45.5],[39.7,45.4],[39.7,45.4],[39.8,45.3],[39.8,45.3],[39.9,45.3],[40.0,45.2],[40.0,45.2],[40.1,45.1],[40.0,45.0],[39.9,45.0],[39.8,45.0],[39.7,45.0],[39.6,45.0],[39.6,45.0],[39.5,44.9],[39.4,44.9],[39.3,44.925],[39.2,44.9],[39.1,45.0],[39.1,45.0],[39.1,45.0],[39.0,44.9],[38.9,44.9],[38.8,44.9],[38.7,44.9],[38.6,44.9],[38.5,45.0],[38.5,45.0],[38.4,45.0],[38.3,45.0],[38.2,45.0],[38.1,45.0],[38.0,45.1],[38.0,45.1],[37.9,45.1],[37.8,45.1],[37.8,45.1],[37.7,45.0],[37.7,45.0],[37.6,44.95],[37.5667,44.9],[37.5667,44.8],[37.5,44.75],[37.4,44.7286],[37.3286,44.8]]]}},{"type":"Feature","properties":{"layer_id":"1981_2000_T20","layer_label":"1981_2000, T>20\u00b0C","low":0.0,"high":10.0,"label":"0\u201310 %","fill":"#fff7bc","fillOpacity":0.25,"stroke":"#fff7bc","strokeOpacity":0.37,"strokeWeight":0.35},"geometry":{"type":"Polygon","coordinates":[[[13.8143,44.9],[13.8,44.92],[13.72,45.0],[13.7,45.0222],[13.6222,45.1],[13.6222,45.2],[13.6,45.2222],[13.5222,45.3],[13.5222,45.4],[13.6,45.4778],[13.6667,45.5],[13.7,45.5333],[13.7333,45.5],[13.78,45.4],[13.8,45.3667],[13.8667,45.3],[13.875,45.2],[13.9,45.18],[14.0,45.18],[14.1,45.1833],[14.2,45.1833],[14.2714,45.1],[14.2,45.0286],[14.18,45.0],[14.1,44.92],[14.0,44.9222],[13.9857,44.9],[13.9,44.8143],[13.8143,44.9]]]}},{"type":"Feature","properties":{"layer_id":"1981_2000_T20","layer_label":"1981_2000, T>20\u00b0C","low":0.0,"high":10.0,"label":"0\u201310 %","fill":"#fff7bc","fillOpacity":0.25,"stroke":"#fff7bc","strokeOpacity":0.37,"strokeWeight":0.35},"geometry":{"type":"Polygon","coordinates":[[[14.2154,44.9],[14.3,44.9846],[14.4,44.9846],[14.4846,44.9],[14.4,44.8154],[14.3,44.8154],[14.2154,44.9]]]}},{"type":"Feature","properties":{"layer_id":"1981_2000_T20","layer_label":"1981_2000, T>20\u00b0C","low":0.0,"high":10.0,"label":"0\u201310 %","fill":"#fff7bc","fillOpacity":0.25,"stroke":"#fff7bc","strokeOpacity":0.37,"strokeWeight":0.35},"geometry":{"type":"Polygon","coordinates":[[[8.85,45.1],[8.9,45.15],[8.95,45.2],[8.9,45.3],[9.0,45.4],[9.1,45.4],[9.2,45.3],[9.1,45.2],[9.1,45.2],[9.1,45.2],[9.2,45.1],[9.1,45.05],[9.0,45.05],[8.9,45.05],[8.85,45.1]]]}},{"type":"Feature","properties":{"layer_id":"1981_2000_T20","layer_label":"1981_2000, T>20\u00b0C","low":0.0,"high":10.0,"label":"0\u201310 %","fill":"#fff7bc","fillOpacity":0.25,"stroke":"#fff7bc","strokeOpacity":0.37,"strokeWeight":0.35},"geometry":{"type":"Polygon","coordinates":[[[29.5,45.2],[29.5,45.2],[29.45,45.3],[29.4333,45.4],[29.4333,45.5],[29.5,45.5667],[29.6,45.6],[29.65,45.5],[29.7,45.46],[29.76,45.4],[29.7667,45.3],[29.7,45.2333],[29.6333,45.2],[29.6,45.1],[29.5,45.2]]]}},{"type":"Feature","properties":{"layer_id":"1981_2000_T20","layer_label":"1981_2000, T>20\u00b0C","low":0.0,"high":10.0,"label":"0\u201310 %","fill":"#fff7bc","fillOpacity":0.25,"stroke":"#fff7bc","strokeOpacity":0.37,"strokeWeight":0.35},"geometry":{"type":"Polygon","coordinates":[[[33.2182,45.2],[33.2,45.2333],[33.1333,45.3],[33.2,45.4],[33.2,45.4],[33.2,45.4],[33.1,45.4],[33.1,45.4],[33.0,45.3667],[32.9,45.3667],[32.8667,45.4],[32.8,45.4667],[32.7667,45.5],[32.8,45.5333],[32.8667,45.6],[32.9,45.6333],[32.9667,45.7],[33.0,45.7333],[33.0333,45.7],[33.1,45.6333],[33.2,45.6],[33.2,45.6],[33.3,45.6],[33.4,45.5],[33.4,45.4],[33.4,45.4],[33.5,45.3667],[33.6,45.3],[33.5,45.25],[33.4667,45.2],[33.4,45.1333],[33.3,45.1182],[33.2182,45.2]]]}},{"type":"Feature","properties":{"layer_id":"1981_2000_T20","layer_label":"1981_2000, T>20\u00b0C","low":0.0,"high":10.0,"label":"0\u201310 %","fill":"#fff7bc","fillOpacity":0.25,"stroke":"#fff7bc","strokeOpacity":0.37,"strokeWeight":0.35},"geometry":{"type":"Polygon","coordinates":[[[32.425,45.4],[32.5,45.475],[32.6,45.4714],[32.7,45.4333],[32.7333,45.4],[32.7,45.3667],[32.6,45.3286],[32.5,45.325],[32.425,45.4]]]}},{"type":"Feature","properties":{"layer_id":"1981_2000_T20","layer_label":"1981_2000, T>20\u00b0C","low":0.0,"high":10.0,"label":"0\u201310 %","fill":"#fff7bc","fillOpacity":0.25,"stroke":"#fff7bc","strokeOpacity":0.37,"strokeWeight":0.35},"geometry":{"type":"Polygon","coordinates":[[[12.1667,45.5],[12.2,45.5333],[12.3,45.575],[12.35,45.6],[12.4,45.6333],[12.5,45.66],[12.6,45.675],[12.7,45.6857],[12.75,45.7],[12.8,45.7333],[12.9,45.7778],[13.0,45.7889],[13.1,45.8],[13.1,45.8],[13.2,45.8333],[13.3,45.8333],[13.4,45.8333],[13.5,45.8667],[13.6,45.8],[13.5818,45.7],[13.5,45.6182],[13.4182,45.7],[13.4,45.7667],[13.3,45.7667],[13.2,45.7667],[13.18,45.7],[13.1,45.62],[13.0,45.62],[12.9,45.6222],[12.8,45.6667],[12.775,45.6],[12.7,45.525],[12.6,45.525],[12.5,45.54],[12.4,45.5667],[12.36,45.5],[12.3,45.44],[12.2,45.4667],[12.1667,45.5]]]}},{"type":"Feature","properties":{"layer_id":"1981_2000_T20","layer_label":"1981_2000, T>20\u00b0C","low":0.0,"high":10.0,"label":"0\u201310 %","fill":"#fff7bc","fillOpacity":0.25,"stroke":"#fff7bc","strokeOpacity":0.37,"strokeWeight":0.35},"geometry":{"type":"Polygon","coordinates":[[[30.0,45.9],[30.1,46.0],[30.1,46.0],[30.2,46.1],[30.2,46.1],[30.3,46.2],[30.3,46.2],[30.4,46.26],[30.4667,46.3],[30.5,46.35],[30.6,46.4],[30.6333,46.3],[30.65,46.2],[30.6,46.15],[30.5,46.1333],[30.4,46.14],[30.3333,46.1],[30.36,46.0],[30.3,45.94],[30.2667,45.9],[30.2,45.8333],[30.1,45.8667],[30.0,45.9]]]}},{"type":"Feature","properties":{"layer_id":"1981_2000_T20","layer_label":"1981_2000, T>20\u00b0C","low":0.0,"high":10.0,"label":"0\u201310 %","fill":"#fff7bc","fillOpacity":0.25,"stroke":"#fff7bc","strokeOpacity":0.37,"strokeWeight":0.35},"geometry":{"type":"Polygon","coordinates":[[[32.0333,46.2],[32.0,46.2286],[31.9286,46.3],[32.0,46.3714],[32.0333,46.4],[32.1,46.4667],[32.2,46.46],[32.2667,46.5],[32.3,46.5333],[32.4,46.55],[32.45,46.5],[32.4667,46.4],[32.5,46.3],[32.5,46.3],[32.6,46.2],[32.5,46.15],[32.4,46.15],[32.3,46.14],[32.2,46.1333],[32.1,46.1333],[32.0333,46.2]]]}},{"type":"Feature","properties":{"layer_id":"1981_2000_T20","layer_label":"1981_2000, T>20\u00b0C","low":0.0,"high":10.0,"label":"0\u201310 %","fill":"#fff7bc","fillOpacity":0.25,"stroke":"#fff7bc","strokeOpacity":0.37,"strokeWeight":0.35},"geometry":{"type":"Polygon","coordinates":[[[33.825,47.2],[33.85,47.3],[33.9,47.35],[34.0,47.375],[34.025,47.4],[34.0,47.425],[33.9,47.45],[33.85,47.5],[33.9,47.55],[33.9333,47.6],[34.0,47.6667],[34.1,47.6667],[34.2,47.6667],[34.3,47.6667],[34.4,47.675],[34.5,47.7],[34.5,47.7],[34.6,47.75],[34.7,47.7],[34.7,47.7],[34.8,47.675],[34.9,47.7],[34.9,47.7],[35.0,47.75],[35.1,47.7667],[35.2,47.75],[35.25,47.7],[35.3,47.6],[35.3,47.5],[35.2,47.425],[35.1,47.42],[35.075,47.4],[35.0,47.325],[34.9,47.325],[34.8,47.4],[34.8,47.4],[34.7,47.4],[34.6,47.4],[34.5333,47.5],[34.5,47.525],[34.4,47.525],[34.375,47.5],[34.3,47.425],[34.2,47.425],[34.175,47.4],[34.1,47.325],[34.075,47.3],[34.05,47.2],[34.0,47.15],[33.9,47.125],[33.825,47.2]]]}},{"type":"Feature","properties":{"layer_id":"1981_2000_T20","layer_label":"1981_2000, T>20\u00b0C","low":0.0,"high":10.0,"label":"0\u201310 %","fill":"#fff7bc","fillOpacity":0.25,"stroke":"#fff7bc","strokeOpacity":0.37,"strokeWeight":0.35},"geometry":{"type":"Polygon","coordinates":[[[32.7,49.1],[32.7,49.1],[32.6,49.15],[32.5,49.1667],[32.4,49.2],[32.4,49.2],[32.3,49.3],[32.3,49.3],[32.2667,49.4],[32.3,49.4333],[32.4,49.4333],[32.5,49.4333],[32.6,49.4],[32.6,49.4],[32.6,49.4],[32.7,49.4333],[32.8,49.4333],[32.9,49.4],[32.9,49.4],[33.0,49.3333],[33.0333,49.3],[33.1,49.2],[33.1,49.2],[33.2,49.1],[33.1,49.0667],[33.0,49.0667],[32.9,49.0667],[32.8,49.0667],[32.7,49.1]]]}},{"type":"Feature","properties":{"layer_id":"1981_2000_T20","layer_label":"1981_2000, T>20\u00b0C","low":0.0,"high":10.0,"label":"0\u201310 %","fill":"#fff7bc","fillOpacity":0.25,"stroke":"#fff7bc","strokeOpacity":0.37,"strokeWeight":0.35},"geometry":{"type":"Polygon","coordinates":[[[-4.6,34.0],[-4.5,34.0],[-4.4,34.0],[-4.3,34.0],[-4.2,34.0],[-4.1,34.0],[-4.0,34.0],[-3.9,34.0],[-3.8,34.0],[-3.7,34.0],[-3.6,34.0],[-3.5875,34.0],[-3.6,34.0333],[-3.7,34.0667],[-3.7333,34.1],[-3.8,34.15],[-3.9,34.2],[-3.9,34.2],[-4.0,34.2],[-4.1,34.225],[-4.2,34.2],[-4.2,34.2],[-4.2667,34.1],[-4.3,34.0667],[-4.4,34.04],[-4.5,34.0],[-4.6,34.0125],[-4.65,34.0],[-4.6,34.0]]]}},{"type":"Feature","properties":{"layer_id":"1981_2000_T20","layer_label":"1981_2000, T>20\u00b0C","low":0.0,"high":10.0,"label":"0\u201310 %","fill":"#fff7bc","fillOpacity":0.25,"stroke":"#fff7bc","strokeOpacity":0.37,"strokeWeight":0.35},"geometry":{"type":"Polygon","coordinates":[[[35.7,34.0],[35.8,34.0],[35.9,34.0],[36.0,34.0],[36.0286,34.0],[36.04,34.1],[36.1,34.16],[36.2,34.2],[36.2,34.2],[36.3,34.26],[36.3286,34.3],[36.4,34.3833],[36.4333,34.4],[36.4143,34.5],[36.4,34.6],[36.4,34.6],[36.3,34.6],[36.3,34.6],[36.2,34.5182],[36.1778,34.5],[36.1,34.4222],[36.0667,34.4],[36.0,34.3333],[35.9,34.3],[35.9,34.3],[35.8,34.2143],[35.7667,34.2],[35.75,34.1],[35.7,34.0333],[35.6933,34.0],[35.7,34.0]]]}},{"type":"Feature","properties":{"layer_id":"1981_2000_T20","layer_label":"1981_2000, T>20\u00b0C","low":0.0,"high":10.0,"label":"0\u201310 %","fill":"#fff7bc","fillOpacity":0.25,"stroke":"#fff7bc","strokeOpacity":0.37,"strokeWeight":0.35},"geometry":{"type":"Polygon","coordinates":[[[36.3,34.0],[36.4,34.0],[36.5,34.0],[36.6,34.0],[36.7,34.0],[36.75,34.0],[36.8,34.0333],[36.9,34.0],[36.9,34.0],[36.9,34.0],[37.0,34.0333],[37.1,34.0333],[37.2,34.05],[37.2333,34.0],[37.3,34.0],[37.4,34.0],[37.5,34.0],[37.6,34.0],[37.6,34.0],[37.65,34.1],[37.7,34.15],[37.7333,34.2],[37.7,34.25],[37.6,34.3],[37.6,34.3],[37.5,34.35],[37.4,34.35],[37.35,34.4],[37.3,34.45],[37.25,34.5],[37.3,34.6],[37.4,34.6],[37.5,34.6],[37.6,34.6],[37.7,34.6],[37.7,34.6],[37.7,34.7],[37.8,34.8],[37.9,34.8],[38.0,34.8],[38.0,34.8],[38.05,34.9],[38.0,34.9333],[37.9,35.0],[37.9,35.0],[37.8,35.0],[37.7,35.0],[37.6,35.0],[37.5,35.0],[37.5,35.0],[37.4,34.9],[37.3,34.9],[37.3,34.9],[37.2,34.85],[37.1,34.8333],[37.0,34.8333],[36.9,34.8],[36.9,34.8],[36.8,34.75],[36.7667,34.7],[36.7,34.6],[36.7,34.6],[36.6667,34.5],[36.6,34.4333],[36.5667,34.4],[36.5,34.3333],[36.4833,34.3],[36.4333,34.2],[36.4,34.1667],[36.3,34.125],[36.275,34.1],[36.25,34.0],[36.3,34.0]]]}},{"type":"Feature","properties":{"layer_id":"1981_2000_T20","layer_label":"1981_2000, T>20\u00b0C","low":0.0,"high":10.0,"label":"0\u201310 %","fill":"#fff7bc","fillOpacity":0.25,"stroke":"#fff7bc","strokeOpacity":0.37,"strokeWeight":0.35},"geometry":{"type":"Polygon","coordinates":[[[2.9,34.4],[2.9,34.4],[3.0,34.45],[3.1,34.5],[3.1,34.5],[3.1,34.6],[3.2,34.7],[3.3,34.6],[3.3,34.6],[3.3,34.6],[3.3,34.7],[3.4,34.8],[3.45,34.7],[3.5,34.6667],[3.6,34.6667],[3.6333,34.7],[3.6,34.75],[3.55,34.8],[3.5,34.85],[3.45,34.9],[3.5,35.0],[3.6,34.9333],[3.7,34.9333],[3.7667,35.0],[3.7,35.1],[3.7,35.1],[3.6,35.2],[3.6,35.2],[3.5,35.3],[3.6,35.4],[3.7,35.35],[3.75,35.3],[3.8,35.25],[3.85,35.3],[3.8,35.4],[3.8,35.4],[3.7,35.425],[3.6,35.4],[3.5,35.4],[3.4,35.4],[3.4,35.4],[3.3,35.3],[3.2,35.3],[3.1,35.3333],[3.05,35.3],[3.0,35.25],[2.9,35.25],[2.8,35.2],[2.8,35.2],[2.8,35.2],[2.9,35.15],[3.0,35.15],[3.1,35.1333],[3.1667,35.2],[3.2,35.3],[3.3,35.2],[3.3,35.1],[3.2,35.0],[3.2,35.0],[3.1,34.9],[3.1,34.9],[3.0,34.8],[3.0,34.8],[2.9,34.7],[2.8,34.7],[2.7,34.7],[2.7,34.7],[2.6,34.6],[2.5,34.6],[2.4,34.6],[2.4,34.6],[2.4,34.6],[2.5,34.6],[2.6,34.6],[2.7,34.6],[2.8,34.5],[2.8,34.5],[2.9,34.4],[2.9,34.4]]]}},{"type":"Feature","properties":{"layer_id":"1981_2000_T20","layer_label":"1981_2000, T>20\u00b0C","low":0.0,"high":10.0,"label":"0\u201310 %","fill":"#fff7bc","fillOpacity":0.25,"stroke":"#fff7bc","strokeOpacity":0.37,"strokeWeight":0.35},"geometry":{"type":"Polygon","coordinates":[[[36.4,34.8],[36.4,34.8],[36.4167,34.9],[36.4143,35.0],[36.4,35.0333],[36.35,35.1],[36.34,35.2],[36.3,35.3],[36.3,35.3],[36.2,35.4],[36.2,35.5],[36.3,35.55],[36.4,35.575],[36.5,35.5667],[36.6,35.5],[36.6,35.5],[36.6,35.5],[36.7,35.6],[36.7,35.6],[36.7,35.7],[36.7,35.7],[36.65,35.8],[36.6,35.8333],[36.5,35.8333],[36.4667,35.8],[36.45,35.7],[36.4,35.65],[36.3,35.7],[36.3,35.7],[36.3,35.7],[36.2,35.6],[36.2,35.6],[36.2,35.5],[36.2,35.4],[36.18,35.3],[36.1833,35.2],[36.2,35.1667],[36.25,35.1],[36.2667,35.0],[36.2818,34.9],[36.3,34.8667],[36.4,34.8],[36.4,34.8]]]}},{"type":"Feature","properties":{"layer_id":"1981_2000_T20","layer_label":"1981_2000, T>20\u00b0C","low":0.0,"high":10.0,"label":"0\u201310 %","fill":"#fff7bc","fillOpacity":0.25,"stroke":"#fff7bc","strokeOpacity":0.37,"strokeWeight":0.35},"geometry":{"type":"Polygon","coordinates":[[[-5.9,36.7],[-5.9,36.7],[-5.8,36.7333],[-5.7,36.8],[-5.7,36.8],[-5.7,36.9],[-5.7,36.9],[-5.8,36.925],[-5.8333,36.9],[-5.9,36.8333],[-5.95,36.8],[-5.9,36.7],[-5.9,36.7]]]}},{"type":"Feature","properties":{"layer_id":"1981_2000_T20","layer_label":"1981_2000, T>20\u00b0C","low":0.0,"high":10.0,"label":"0\u201310 %","fill":"#fff7bc","fillOpacity":0.25,"stroke":"#fff7bc","strokeOpacity":0.37,"strokeWeight":0.35},"geometry":{"type":"Polygon","coordinates":[[[9.3,36.8],[9.4,36.78],[9.5,36.78],[9.55,36.8],[9.6,36.9],[9.6,36.9],[9.6,36.9],[9.5,36.9333],[9.4,36.95],[9.3,36.95],[9.275,36.9],[9.3,36.8],[9.3,36.8]]]}},{"type":"Feature","properties":{"layer_id":"1981_2000_T20","layer_label":"1981_2000, T>20\u00b0C","low":0.0,"high":10.0,"label":"0\u201310 %","fill":"#fff7bc","fillOpacity":0.25,"stroke":"#fff7bc","strokeOpacity":0.37,"strokeWeight":0.35},"geometry":{"type":"Polygon","coordinates":[[[23.7,38.0933],[23.8,38.1],[23.8,38.1],[23.85,38.2],[23.8,38.3],[23.8,38.3],[23.8,38.3],[23.7,38.2333],[23.6,38.2333],[23.5,38.2],[23.4,38.3],[23.4,38.3],[23.4,38.3],[23.3,38.2],[23.3,38.2],[23.3,38.2],[23.4,38.2],[23.5,38.2],[23.6,38.1667],[23.6667,38.1],[23.7,38.0933]]]}},{"type":"Feature","properties":{"layer_id":"1981_2000_T20","layer_label":"1981_2000, T>20\u00b0C","low":0.0,"high":10.0,"label":"0\u201310 %","fill":"#fff7bc","fillOpacity":0.25,"stroke":"#fff7bc","strokeOpacity":0.37,"strokeWeight":0.35},"geometry":{"type":"Polygon","coordinates":[[[41.0,38.1],[41.0,38.1],[41.05,38.2],[41.0,38.25],[40.9,38.2667],[40.8,38.2],[40.8,38.2],[40.8,38.2],[40.9,38.16],[41.0,38.1],[41.0,38.1]]]}},{"type":"Feature","properties":{"layer_id":"1981_2000_T20","layer_label":"1981_2000, T>20\u00b0C","low":0.0,"high":10.0,"label":"0\u201310 %","fill":"#fff7bc","fillOpacity":0.25,"stroke":"#fff7bc","strokeOpacity":0.37,"strokeWeight":0.35},"geometry":{"type":"Polygon","coordinates":[[[39.2,38.275],[39.3,38.275],[39.4,38.2778],[39.5,38.2875],[39.525,38.3],[39.6,38.375],[39.65,38.4],[39.7,38.45],[39.8,38.5],[39.8,38.5],[39.8,38.5],[39.7,38.6],[39.7,38.6],[39.7,38.6],[39.6,38.5667],[39.5,38.5111],[39.4,38.5077],[39.3667,38.5],[39.3,38.45],[39.2,38.45],[39.1,38.4333],[39.0667,38.4],[39.1,38.35],[39.1333,38.3],[39.2,38.275]]]}},{"type":"Feature","properties":{"layer_id":"1981_2000_T20","layer_label":"1981_2000, T>20\u00b0C","low":0.0,"high":10.0,"label":"0\u201310 %","fill":"#fff7bc","fillOpacity":0.25,"stroke":"#fff7bc","strokeOpacity":0.37,"strokeWeight":0.35},"geometry":{"type":"Polygon","coordinates":[[[23.1,38.6],[23.1,38.6],[23.2,38.6333],[23.3,38.66],[23.3222,38.7],[23.3,38.7167],[23.2167,38.8],[23.2,38.825],[23.1,38.8105],[23.0,38.81],[22.91,38.9],[22.9,38.9143],[22.88,38.9],[22.8818,38.8],[22.9,38.7333],[23.0,38.7333],[23.1,38.7],[23.1,38.6],[23.1,38.6]]]}},{"type":"Feature","properties":{"layer_id":"1981_2000_T20","layer_label":"1981_2000, T>20\u00b0C","low":0.0,"high":10.0,"label":"0\u201310 %","fill":"#fff7bc","fillOpacity":0.25,"stroke":"#fff7bc","strokeOpacity":0.37,"strokeWeight":0.35},"geometry":{"type":"Polygon","coordinates":[[[16.4,38.9818],[16.5,38.9778],[16.6,38.98],[16.7,38.9778],[16.7286,39.0],[16.8,39.1],[16.8,39.1],[16.8,39.2],[16.8,39.3],[16.8333,39.4],[16.8,39.4118],[16.7063,39.5],[16.7,39.5053],[16.6,39.5286],[16.5,39.55],[16.4,39.52],[16.3,39.5],[16.3,39.5],[16.3,39.5],[16.3333,39.4],[16.3,39.3],[16.3,39.3],[16.2,39.25],[16.1833,39.2],[16.2,39.1667],[16.25,39.1],[16.3,39.05],[16.35,39.0],[16.4,38.9818]]]}},{"type":"Feature","properties":{"layer_id":"1981_2000_T20","layer_label":"1981_2000, T>20\u00b0C","low":0.0,"high":10.0,"label":"0\u201310 %","fill":"#fff7bc","fillOpacity":0.25,"stroke":"#fff7bc","strokeOpacity":0.37,"strokeWeight":0.35},"geometry":{"type":"Polygon","coordinates":[[[23.5,40.3938],[23.6,40.3941],[23.62,40.4],[23.7,40.5],[23.7,40.5],[23.7,40.5],[23.6,40.525],[23.5,40.5],[23.4,40.5],[23.4,40.5],[23.4,40.5],[23.48,40.4],[23.5,40.3938]]]}},{"type":"Feature","properties":{"layer_id":"1981_2000_T20","layer_label":"1981_2000, T>20\u00b0C","low":0.0,"high":10.0,"label":"0\u201310 %","fill":"#fff7bc","fillOpacity":0.25,"stroke":"#fff7bc","strokeOpacity":0.37,"strokeWeight":0.35},"geometry":{"type":"Polygon","coordinates":[[[23.6,40.7],[23.6,40.7],[23.625,40.8],[23.6,40.8167],[23.5,40.8333],[23.4333,40.9],[23.4,40.91],[23.3,40.925],[23.225,41.0],[23.2,41.0143],[23.1,41.0167],[23.075,41.0],[23.075,40.9],[23.1,40.8857],[23.2,40.875],[23.3,40.8],[23.3,40.8],[23.4,40.7917],[23.5,40.7875],[23.6,40.7],[23.6,40.7]]]}},{"type":"Feature","properties":{"layer_id":"1981_2000_T20","layer_label":"1981_2000, T>20\u00b0C","low":0.0,"high":10.0,"label":"0\u201310 %","fill":"#fff7bc","fillOpacity":0.25,"stroke":"#fff7bc","strokeOpacity":0.37,"strokeWeight":0.35},"geometry":{"type":"Polygon","coordinates":[[[24.0,40.86],[24.1,40.8333],[24.2,40.8667],[24.2077,40.9],[24.2,40.95],[24.1,41.0],[24.1,41.0],[24.1,41.0],[24.0,40.9667],[23.9667,40.9],[24.0,40.86]]]}},{"type":"Feature","properties":{"layer_id":"1981_2000_T20","layer_label":"1981_2000, T>20\u00b0C","low":0.0,"high":10.0,"label":"0\u201310 %","fill":"#fff7bc","fillOpacity":0.25,"stroke":"#fff7bc","strokeOpacity":0.37,"strokeWeight":0.35},"geometry":{"type":"Polygon","coordinates":[[[44.0,46.2],[44.1,46.2],[44.2,46.2],[44.2,46.2],[44.2,46.2],[44.1,46.3],[44.1,46.3],[44.0,46.4],[44.0,46.5],[44.0,46.6],[44.0,46.6],[43.9,46.6],[43.9,46.6],[43.8,46.5],[43.8,46.5],[43.8,46.5],[43.9,46.4],[43.9,46.3],[43.9,46.3],[44.0,46.2],[44.0,46.2]]]}},{"type":"Feature","properties":{"layer_id":"1981_2000_T20","layer_label":"1981_2000, T>20\u00b0C","low":0.0,"high":10.0,"label":"0\u201310 %","fill":"#fff7bc","fillOpacity":0.25,"stroke":"#fff7bc","strokeOpacity":0.37,"strokeWeight":0.35},"geometry":{"type":"Polygon","coordinates":[[[43.6,46.3],[43.6,46.3],[43.7,46.4],[43.7,46.4],[43.7,46.4],[43.6,46.5],[43.6,46.6],[43.6,46.7],[43.6,46.7],[43.5,46.8],[43.5,46.8],[43.4,46.8],[43.3,46.8],[43.2,46.8],[43.2,46.8],[43.2,46.8],[43.3,46.7],[43.3,46.7],[43.4,46.6],[43.4,46.5],[43.4,46.4],[43.4,46.4],[43.5,46.4],[43.6,46.3],[43.6,46.3]]]}},{"type":"Feature","properties":{"layer_id":"1981_2000_T20","layer_label":"1981_2000, T>20\u00b0C","low":10.0,"high":25.0,"label":"10\u201325 %","fill":"#fee391","fillOpacity":0.34,"stroke":"#fee391","strokeOpacity":0.46,"strokeWeight":0.35},"geometry":{"type":"Polygon","coordinates":[[[-6.8,34.025],[-6.74,34.1],[-6.7,34.14],[-6.625,34.2],[-6.6,34.22],[-6.5333,34.3],[-6.6,34.4],[-6.6667,34.3],[-6.7,34.26],[-6.76,34.2],[-6.8,34.16],[-6.86,34.1],[-6.8,34.025]]]}},{"type":"Feature","properties":{"layer_id":"1981_2000_T20","layer_label":"1981_2000, T>20\u00b0C","low":10.0,"high":25.0,"label":"10\u201325 %","fill":"#fee391","fillOpacity":0.34,"stroke":"#fee391","strokeOpacity":0.46,"strokeWeight":0.35},"geometry":{"type":"Polygon","coordinates":[[[-5.7,34.0667],[-5.6,34.1],[-5.6,34.1],[-5.5,34.1],[-5.4,34.1],[-5.4,34.1],[-5.3,34.025],[-5.2,34.0],[-5.2,34.0],[-5.1,34.0],[-5.0,34.0],[-5.0,34.0],[-5.0,34.0],[-4.9,34.0],[-4.8,34.0],[-4.7,34.0],[-4.65,34.0],[-4.6,34.0125],[-4.5,34.0],[-4.4,34.04],[-4.3,34.0667],[-4.2667,34.1],[-4.2,34.2],[-4.2,34.2],[-4.1,34.225],[-4.0,34.2],[-3.9,34.2],[-3.9,34.2],[-3.8,34.15],[-3.7333,34.1],[-3.7,34.0667],[-3.6,34.0333],[-3.5875,34.0],[-3.55,34.0],[-3.575,34.1],[-3.6,34.125],[-3.7,34.2],[-3.65,34.3],[-3.6,34.35],[-3.55,34.4],[-3.5,34.42],[-3.42,34.5],[-3.4,34.52],[-3.3,34.6],[-3.3,34.6],[-3.2,34.64],[-3.1,34.6667],[-3.0,34.6714],[-2.9,34.675],[-2.8,34.6333],[-2.775,34.6],[-2.78,34.5],[-2.8,34.4833],[-2.8833,34.4],[-2.9,34.38],[-2.9667,34.3],[-3.0,34.2],[-3.0,34.2],[-3.1,34.1],[-3.1,34.1],[-3.2,34.05],[-3.2667,34.0],[-3.2167,34.0],[-3.2,34.0125],[-3.1,34.04],[-3.04,34.1],[-3.0,34.14],[-2.925,34.2],[-2.9167,34.3],[-2.9,34.32],[-2.8333,34.4],[-2.8,34.4333],[-2.72,34.5],[-2.7,34.6],[-2.7667,34.7],[-2.8,34.8],[-2.8,34.8],[-2.85,34.9],[-2.8,35.0],[-2.84,35.1],[-2.9,35.16],[-2.9333,35.2],[-2.9143,35.3],[-3.0,35.3857],[-3.0857,35.3],[-3.1,35.26],[-3.2,35.2667],[-3.3,35.2667],[-3.4,35.2667],[-3.5,35.26],[-3.6,35.26],[-3.7,35.2667],[-3.8,35.25],[-3.9,35.2667],[-4.0,35.2333],[-4.05,35.2],[-4.0,35.1667],[-3.9,35.1333],[-3.8,35.15],[-3.7,35.1333],[-3.6,35.14],[-3.5,35.125],[-3.4,35.12],[-3.35,35.1],[-3.3,35.0],[-3.2,35.1],[-3.2,35.1],[-3.2,35.1],[-3.2,35.0],[-3.2,35.0],[-3.3,34.9],[-3.3,34.9],[-3.4,34.9],[-3.5,34.85],[-3.55,34.8],[-3.5,34.7667],[-3.4,34.75],[-3.3,34.7],[-3.2,34.7],[-3.2,34.7],[-3.2,34.7],[-3.3,34.7],[-3.375,34.6],[-3.4,34.58],[-3.48,34.5],[-3.5,34.48],[-3.6,34.45],[-3.7,34.4],[-3.7,34.4],[-3.8,34.4],[-3.9,34.3667],[-4.0,34.4],[-4.1,34.4],[-4.2,34.4],[-4.3,34.4],[-4.3,34.4],[-4.4,34.5],[-4.4,34.5],[-4.5,34.6],[-4.5,34.6],[-4.6,34.6333],[-4.7,34.6333],[-4.8,34.6333],[-4.85,34.6],[-4.9,34.575],[-5.0,34.58],[-5.05,34.6],[-5.1,34.6333],[-5.2,34.6333],[-5.3,34.65],[-5.4,34.65],[-5.5,34.65],[-5.6,34.6],[-5.6,34.5],[-5.6,34.5],[-5.7,34.5],[-5.8,34.4],[-5.8,34.3],[-5.8,34.2],[-5.75,34.1],[-5.7,34.0667]]]}},{"type":"Feature","properties":{"layer_id":"1981_2000_T20","layer_label":"1981_2000, T>20\u00b0C","low":10.0,"high":25.0,"label":"10\u201325 %","fill":"#fee391","fillOpacity":0.34,"stroke":"#fee391","strokeOpacity":0.46,"strokeWeight":0.35},"geometry":{"type":"Polygon","coordinates":[[[-5.3,34.1],[-5.2,34.2],[-5.2,34.2],[-5.2,34.2],[-5.3,34.2],[-5.4,34.3],[-5.4,34.3],[-5.4,34.3],[-5.5,34.2],[-5.55,34.3],[-5.5,34.4],[-5.5,34.4],[-5.4,34.4333],[-5.3,34.45],[-5.2,34.475],[-5.1,34.4667],[-5.05,34.5],[-5.0,34.52],[-4.9,34.5],[-4.9,34.5],[-4.9,34.5],[-4.8,34.55],[-4.7,34.56],[-4.6,34.56],[-4.5,34.5],[-4.5,34.5],[-4.4,34.425],[-4.375,34.4],[-4.32,34.3],[-4.3,34.2],[-4.4,34.1],[-4.4,34.1],[-4.5,34.075],[-4.6,34.05],[-4.7,34.0333],[-4.8,34.04],[-4.9,34.05],[-5.0,34.075],[-5.1,34.0667],[-5.2,34.075],[-5.3,34.1]]]}},{"type":"Feature","properties":{"layer_id":"1981_2000_T20","layer_label":"1981_2000, T>20\u00b0C","low":10.0,"high":25.0,"label":"10\u201325 %","fill":"#fee391","fillOpacity":0.34,"stroke":"#fee391","strokeOpacity":0.46,"strokeWeight":0.35},"geometry":{"type":"Polygon","coordinates":[[[0.0,34.025],[0.1,34.0333],[0.2,34.1],[0.2,34.1],[0.3,34.1],[0.3,34.1],[0.4,34.0333],[0.5,34.025],[0.6,34.0],[0.6,34.0],[0.7,34.0],[0.75,34.0],[0.8,34.1],[0.8,34.1],[0.85,34.2],[0.9,34.25],[0.95,34.3],[1.0,34.35],[1.0333,34.4],[1.1,34.5],[1.0,34.55],[0.9,34.55],[0.85,34.5],[0.8,34.4667],[0.7,34.45],[0.65,34.4],[0.6,34.35],[0.5,34.4],[0.4,34.4],[0.3,34.3],[0.3,34.3],[0.2,34.2333],[0.15,34.2],[0.1,34.1667],[0.0,34.16],[-0.1,34.1],[0.0,34.025]]]}},{"type":"Feature","properties":{"layer_id":"1981_2000_T20","layer_label":"1981_2000, T>20\u00b0C","low":10.0,"high":25.0,"label":"10\u201325 %","fill":"#fee391","fillOpacity":0.34,"stroke":"#fee391","strokeOpacity":0.46,"strokeWeight":0.35},"geometry":{"type":"Polygon","coordinates":[[[0.5,34.1],[0.5,34.1],[0.4,34.15],[0.3,34.2],[0.4,34.2333],[0.5,34.2667],[0.6,34.2],[0.6,34.2],[0.6667,34.1],[0.6,34.06],[0.5,34.1]]]}},{"type":"Feature","properties":{"layer_id":"1981_2000_T20","layer_label":"1981_2000, T>20\u00b0C","low":10.0,"high":25.0,"label":"10\u201325 %","fill":"#fee391","fillOpacity":0.34,"stroke":"#fee391","strokeOpacity":0.46,"strokeWeight":0.35},"geometry":{"type":"Polygon","coordinates":[[[1.7,34.05],[1.8,34.05],[1.85,34.1],[1.9,34.1333],[2.0,34.15],[2.05,34.2],[2.1,34.225],[2.2,34.3],[2.1,34.4],[2.0,34.4],[1.9333,34.3],[1.9,34.2667],[1.8333,34.2],[1.8,34.15],[1.7667,34.2],[1.75,34.3],[1.7,34.35],[1.6,34.35],[1.55,34.3],[1.6,34.2667],[1.65,34.2],[1.6,34.1],[1.7,34.05]]]}},{"type":"Feature","properties":{"layer_id":"1981_2000_T20","layer_label":"1981_2000, T>20\u00b0C","low":10.0,"high":25.0,"label":"10\u201325 %","fill":"#fee391","fillOpacity":0.34,"stroke":"#fee391","strokeOpacity":0.46,"strokeWeight":0.35},"geometry":{"type":"Polygon","coordinates":[[[2.2,34.0],[2.3,34.0],[2.3333,34.0],[2.375,34.1],[2.4,34.125],[2.5,34.1],[2.5,34.1],[2.6,34.0857],[2.7,34.0833],[2.7333,34.1],[2.75,34.2],[2.7,34.2667],[2.6,34.3],[2.6,34.3],[2.5,34.35],[2.4,34.36],[2.35,34.4],[2.3333,34.5],[2.4,34.54],[2.5,34.54],[2.6,34.525],[2.6333,34.5],[2.7,34.4],[2.7,34.4],[2.7,34.4],[2.8,34.425],[2.825,34.4],[2.9,34.35],[3.0,34.3667],[3.1,34.4],[3.2,34.39],[3.3,34.3923],[3.3143,34.4],[3.35,34.5],[3.4,34.5333],[3.5,34.575],[3.6,34.5667],[3.7,34.5667],[3.8,34.6],[3.8,34.6],[3.9,34.66],[4.0,34.6667],[4.05,34.7],[4.0,34.75],[3.9,34.7667],[3.85,34.8],[3.8667,34.9],[3.9,35.0],[4.0,35.0],[4.1,34.9667],[4.2,34.9714],[4.3,34.9875],[4.3167,35.0],[4.3,35.02],[4.2,35.05],[4.1,35.0667],[4.0,35.0],[3.9,35.0],[3.825,35.1],[3.9,35.2],[3.9,35.2],[3.9667,35.3],[3.925,35.4],[3.9,35.45],[3.8,35.475],[3.7,35.5],[3.7,35.6],[3.7,35.6],[3.6,35.65],[3.5,35.7],[3.6,35.8],[3.6,35.8],[3.7,35.8667],[3.8,35.85],[3.9,35.8667],[3.95,35.9],[4.0,35.925],[4.025,35.9],[4.1,35.85],[4.2,35.84],[4.3,35.8857],[4.4,35.9],[4.4,35.9],[4.5,35.92],[4.525,35.9],[4.6,35.8625],[4.7,35.8556],[4.7714,35.8],[4.8,35.7818],[4.9,35.7636],[5.0,35.7636],[5.1,35.7545],[5.2,35.7444],[5.2571,35.7],[5.3,35.6571],[5.4,35.6],[5.4,35.6],[5.5,35.6],[5.6,35.5429],[5.65,35.5],[5.7,35.4],[5.7,35.4],[5.8,35.3857],[5.9,35.4],[5.925,35.3],[5.95,35.2],[6.0,35.1857],[6.1,35.17],[6.2,35.16],[6.3,35.15],[6.4,35.12],[6.5,35.1167],[6.6,35.1444],[6.7,35.1444],[6.8,35.16],[6.8667,35.2],[6.9,35.2286],[7.0,35.2167],[7.02,35.2],[7.0571,35.1],[7.0,35.0429],[6.9,35.025],[6.8667,35.0],[6.9,34.9846],[7.0,34.9727],[7.1,34.9786],[7.2,34.9786],[7.3,34.9625],[7.4,34.9],[7.4,34.9],[7.5,34.8818],[7.6,34.8556],[7.7,34.8333],[7.75,34.8],[7.8,34.78],[7.9,34.7429],[8.0,34.725],[8.1,34.725],[8.2,34.75],[8.3,34.75],[8.4,34.75],[8.5,34.7667],[8.5667,34.8],[8.6,34.82],[8.7,34.8333],[8.8,34.8],[8.8,34.8],[8.9,34.7857],[9.0,34.8],[9.1,34.7875],[9.1333,34.8],[9.2,34.8667],[9.25,34.9],[9.3,35.0],[9.3,35.0],[9.35,35.1],[9.4,35.2],[9.4,35.2],[9.5,35.3],[9.5,35.3],[9.5429,35.4],[9.6,35.4571],[9.7,35.4889],[9.7167,35.5],[9.775,35.6],[9.7667,35.7],[9.8,35.75],[9.8167,35.8],[9.8,35.9],[9.86,36.0],[9.9,36.05],[10.0,36.08],[10.05,36.1],[10.1,36.1333],[10.2,36.2],[10.2,36.2],[10.22,36.3],[10.3,36.4],[10.3,36.4],[10.3,36.5],[10.3,36.5],[10.2,36.5],[10.1,36.5],[10.0,36.6],[10.0,36.6],[9.9,36.65],[9.8,36.65],[9.7,36.6],[9.7,36.6],[9.6,36.55],[9.5,36.55],[9.4,36.55],[9.3,36.6],[9.3,36.6],[9.2,36.6667],[9.15,36.7],[9.2,36.75],[9.3,36.725],[9.4,36.72],[9.5,36.72],[9.6,36.7333],[9.7,36.75],[9.75,36.8],[9.75,36.9],[9.7,36.95],[9.6,36.975],[9.55,37.0],[9.5,37.0167],[9.4,37.05],[9.3,37.05],[9.2333,37.0],[9.2,36.9],[9.2,36.9],[9.1,36.8],[9.05,36.9],[9.0,36.9143],[8.9,36.9083],[8.88,36.9],[8.8,36.85],[8.7,36.82],[8.6,36.8],[8.6,36.8],[8.5,36.7429],[8.4,36.7333],[8.3,36.7333],[8.2,36.7429],[8.1,36.7429],[8.0,36.7167],[7.9,36.74],[7.8,36.7333],[7.7333,36.7],[7.7,36.675],[7.65,36.7],[7.6,36.72],[7.5,36.75],[7.4,36.725],[7.3,36.7667],[7.2,36.8],[7.2,36.8],[7.1,36.8429],[7.0,36.8375],[6.95,36.9],[7.0,36.95],[7.1,36.9444],[7.2,36.95],[7.3,36.9545],[7.3313,37.0],[7.4,37.0688],[7.5,37.0722],[7.5722,37.0],[7.6,36.9583],[7.7,36.9643],[7.7643,36.9],[7.8,36.8444],[7.9,36.8375],[7.9313,36.9],[8.0,36.9688],[8.0688,36.9],[8.1,36.8444],[8.2,36.8444],[8.2263,36.9],[8.3,36.9737],[8.4,36.9706],[8.5,36.9643],[8.6,36.9583],[8.7,36.9615],[8.8,36.9444],[8.8313,37.0],[8.9,37.0688],[8.9278,37.1],[9.0,37.1722],[9.1,37.1545],[9.2,37.1444],[9.2333,37.2],[9.3,37.2667],[9.4,37.2583],[9.4294,37.3],[9.5,37.3706],[9.6,37.3722],[9.7,37.3737],[9.8,37.3737],[9.8737,37.3],[9.8706,37.2],[9.9,37.1722],[9.9263,37.2],[10.0,37.2737],[10.1,37.275],[10.2,37.275],[10.275,37.2],[10.2,37.125],[10.1737,37.1],[10.1722,37.0],[10.2,36.9722],[10.3,36.9737],[10.3737,36.9],[10.3,36.8263],[10.2667,36.8],[10.3,36.7688],[10.4,36.7706],[10.5,36.7737],[10.525,36.8],[10.525,36.9],[10.6,36.975],[10.675,36.9],[10.7,36.875],[10.725,36.9],[10.8,36.975],[10.825,37.0],[10.9,37.075],[11.0,37.075],[11.1,37.075],[11.175,37.0],[11.1,36.925],[11.075,36.9],[11.075,36.8],[11.0,36.725],[10.9737,36.7],[10.9,36.6263],[10.8706,36.6],[10.875,36.5],[10.8,36.425],[10.7,36.425],[10.6,36.4263],[10.5,36.4313],[10.4545,36.4],[10.4583,36.3],[10.4667,36.2],[10.4667,36.1],[10.5,36.0722],[10.5722,36.0],[10.6,35.9706],[10.6706,35.9],[10.6667,35.8],[10.7,35.7643],[10.8,35.775],[10.9,35.775],[10.975,35.7],[11.0,35.675],[11.075,35.6],[11.0737,35.5],[11.0737,35.4],[11.1,35.375],[11.175,35.3],[11.1,35.225],[11.075,35.2],[11.075,35.1],[11.0,35.025],[10.975,35.0],[10.975,34.9],[10.9,34.825],[10.8,34.825],[10.775,34.8],[10.775,34.7],[10.7,34.625],[10.675,34.6],[10.6,34.525],[10.5,34.525],[10.4,34.525],[10.375,34.5],[10.375,34.4],[10.3,34.325],[10.2,34.325],[10.1737,34.3],[10.1,34.2263],[10.075,34.2],[10.075,34.1],[10.075,34.0],[10.09,34.0],[10.09,34.1],[10.09,34.2],[10.1,34.2105],[10.1895,34.3],[10.2,34.31],[10.3,34.31],[10.39,34.4],[10.39,34.5],[10.4,34.51],[10.5,34.51],[10.6,34.51],[10.69,34.6],[10.7,34.61],[10.79,34.7],[10.79,34.8],[10.8,34.81],[10.9,34.81],[10.99,34.9],[10.99,35.0],[11.0,35.01],[11.09,35.1],[11.09,35.2],[11.1,35.21],[11.19,35.3],[11.1,35.39],[11.0895,35.4],[11.0895,35.5],[11.09,35.6],[11.0,35.69],[10.99,35.7],[10.9,35.79],[10.8,35.79],[10.7,35.7857],[10.6867,35.8],[10.6882,35.9],[10.6,35.9882],[10.5889,36.0],[10.5,36.0889],[10.4867,36.1],[10.4867,36.2],[10.4833,36.3],[10.4818,36.4],[10.5,36.4125],[10.6,36.4105],[10.7,36.41],[10.8,36.41],[10.89,36.5],[10.8882,36.6],[10.9,36.6105],[10.9895,36.7],[11.0,36.71],[11.09,36.8],[11.09,36.9],[11.1,36.91],[11.19,37.0],[11.1,37.09],[11.0,37.09],[10.9,37.09],[10.81,37.0],[10.8,36.99],[10.71,36.9],[10.7,36.89],[10.69,36.9],[10.6,36.99],[10.51,36.9],[10.51,36.8],[10.5,36.7895],[10.4,36.7882],[10.3,36.7875],[10.2867,36.8],[10.3,36.8105],[10.3895,36.9],[10.3,36.9895],[10.2,36.9889],[10.1889,37.0],[10.1895,37.1],[10.2,37.11],[10.29,37.2],[10.2,37.29],[10.1,37.29],[10.0,37.2895],[9.9105,37.2],[9.9,37.1889],[9.8882,37.2],[9.8895,37.3],[9.8,37.3895],[9.7,37.3895],[9.6,37.3889],[9.5,37.3882],[9.4118,37.3],[9.4,37.2833],[9.3,37.2867],[9.2133,37.2],[9.2,37.1778],[9.1,37.1818],[9.0,37.1889],[8.9111,37.1],[8.9,37.0875],[8.8125,37.0],[8.8,36.9778],[8.7,36.9846],[8.6,36.9833],[8.5,36.9857],[8.4,36.9882],[8.3,36.9895],[8.2105,36.9],[8.2,36.8778],[8.1,36.8778],[8.0875,36.9],[8.0,36.9875],[7.9125,36.9],[7.9,36.875],[7.8,36.8778],[7.7857,36.9],[7.7,36.9857],[7.6,36.9833],[7.5889,37.0],[7.5,37.0889],[7.4,37.0875],[7.3125,37.0],[7.3,36.9818],[7.2,36.98],[7.1,36.9778],[7.0,36.98],[6.92,36.9],[7.0,36.8],[7.1,36.8],[7.1,36.8],[7.1,36.7],[7.2,36.6667],[7.3,36.6],[7.4,36.6333],[7.5,36.65],[7.6,36.6],[7.7,36.6],[7.8,36.6],[7.9,36.65],[8.0,36.65],[8.1,36.7],[8.1,36.7],[8.2,36.7],[8.3,36.7],[8.4,36.7],[8.5,36.7],[8.6,36.725],[8.7,36.7667],[8.75,36.8],[8.8,36.8125],[8.9,36.8333],[9.0,36.8333],[9.025,36.8],[9.0,36.7],[9.0,36.7],[8.9,36.65],[8.8,36.6333],[8.7,36.6],[8.7,36.6],[8.6,36.55],[8.5,36.5],[8.6,36.4],[8.7,36.4],[8.7,36.4],[8.8,36.3667],[8.9,36.4],[8.9,36.4],[9.0,36.5],[9.0,36.5],[9.1,36.5],[9.2,36.55],[9.3,36.5],[9.3,36.5],[9.3,36.4],[9.4,36.3],[9.5,36.3],[9.6,36.3],[9.7,36.3],[9.8,36.35],[9.9,36.35],[10.0,36.4],[10.0,36.4],[10.1,36.425],[10.1333,36.4],[10.1333,36.3],[10.1,36.25],[10.0,36.2],[10.0,36.2],[9.9,36.15],[9.8,36.1],[9.8,36.0],[9.8,36.0],[9.725,35.9],[9.7333,35.8],[9.7,35.75],[9.65,35.7],[9.7,35.6],[9.7,35.6],[9.7,35.6],[9.6,35.5],[9.6,35.5],[9.5,35.4],[9.5,35.4],[9.4,35.35],[9.35,35.3],[9.3,35.2667],[9.25,35.2],[9.2,35.15],[9.1333,35.1],[9.1,35.0],[9.1,35.0],[9.0,34.9714],[8.9,34.9333],[8.8667,34.9],[8.8,34.86],[8.7,34.8833],[8.6,34.88],[8.5,34.8333],[8.4,34.8],[8.4,34.8],[8.3,34.8],[8.3,34.8],[8.2,34.85],[8.1,34.8],[8.1,34.8],[8.0,34.8],[7.9,34.7857],[7.85,34.8],[7.8,34.85],[7.7,34.8833],[7.6,34.8889],[7.55,34.9],[7.5,35.0],[7.4,34.975],[7.3,35.0],[7.2,35.0],[7.1,35.0],[7.0,35.0],[7.0,35.0],[7.0,35.0],[7.1,35.1],[7.08,35.2],[7.0,35.2667],[6.9,35.2714],[6.8167,35.2],[6.8,35.19],[6.7,35.1778],[6.6,35.1778],[6.5,35.1667],[6.4,35.18],[6.3,35.2],[6.2,35.19],[6.1,35.2],[6.1,35.2],[6.0,35.3],[6.0,35.3],[6.0,35.3],[6.0333,35.4],[6.0,35.4333],[5.9,35.46],[5.8,35.45],[5.7,35.5],[5.7,35.5],[5.6,35.5857],[5.575,35.6],[5.5,35.675],[5.4,35.675],[5.3,35.7],[5.3,35.7],[5.2,35.7778],[5.1,35.7818],[5.0,35.7909],[4.9,35.7909],[4.85,35.8],[4.8,35.85],[4.7,35.8889],[4.6,35.9],[4.6,35.9],[4.5,35.98],[4.4,35.975],[4.3,35.9667],[4.2,35.9],[4.2,35.9],[4.1,35.9],[4.1,35.9],[4.0,36.0],[3.9,36.0],[3.8,35.95],[3.7,35.9667],[3.6,36.0],[3.5,35.9],[3.5,35.9],[3.4,35.85],[3.3,35.8],[3.3,35.8],[3.2,35.8],[3.2,35.8],[3.1,35.9],[3.0,35.9],[3.0,35.9],[2.9,36.0],[2.9,36.0],[2.9,36.0],[3.0,36.1],[2.9,36.15],[2.8,36.1],[2.8,36.1],[2.7,36.1],[2.6,36.0],[2.6,36.0],[2.55,35.9],[2.5,35.8667],[2.4,35.85],[2.3,35.85],[2.2,35.8667],[2.1,35.8333],[2.0,35.8333],[1.9,35.8333],[1.8,35.8],[1.8,35.8],[1.7,35.8],[1.6,35.7],[1.6,35.7],[1.6,35.7],[1.5,35.75],[1.4,35.75],[1.3,35.775],[1.28,35.8],[1.3,35.9],[1.3,35.9],[1.4,35.9],[1.5,35.95],[1.6,36.0],[1.6,36.0],[1.7,36.0333],[1.8,36.05],[1.9,36.05],[2.0,36.0],[2.0,36.0],[2.1,35.9667],[2.2,36.0],[2.2,36.0],[2.3,36.0],[2.4,36.05],[2.5,36.05],[2.6,36.1],[2.6,36.1],[2.7,36.1],[2.75,36.2],[2.7,36.25],[2.6,36.3],[2.5,36.3],[2.4,36.3],[2.3,36.3],[2.2,36.3],[2.2,36.3],[2.1,36.4],[2.1,36.4],[2.1,36.4],[2.2,36.45],[2.3,36.4333],[2.35,36.4],[2.4,36.3],[2.5,36.3],[2.6,36.3],[2.7,36.4],[2.7,36.4],[2.8,36.4333],[2.9,36.45],[3.0,36.5],[3.0,36.5],[3.1,36.5],[3.2,36.5667],[3.2333,36.6],[3.3,36.6667],[3.4,36.65],[3.5,36.625],[3.6,36.6],[3.6,36.6],[3.7,36.5333],[3.8,36.5333],[3.9,36.6],[3.9,36.6],[4.0,36.64],[4.1,36.64],[4.2,36.64],[4.3,36.65],[4.3667,36.7],[4.4,36.7167],[4.5,36.74],[4.6,36.74],[4.7,36.72],[4.75,36.7],[4.8,36.6],[4.9,36.6],[5.0,36.6],[5.0,36.6],[5.1,36.5667],[5.2,36.525],[5.3,36.5],[5.4,36.55],[5.45,36.6],[5.4,36.6333],[5.3,36.6714],[5.2,36.66],[5.18,36.7],[5.1,36.78],[5.0867,36.8],[5.0,36.8867],[4.9,36.8833],[4.8,36.8778],[4.7867,36.9],[4.7,36.9867],[4.6,36.9857],[4.5,36.9882],[4.4,36.9882],[4.3118,36.9],[4.3,36.8714],[4.2875,36.9],[4.2,36.9875],[4.1,36.9875],[4.0,36.9889],[3.9,36.99],[3.8,36.99],[3.71,36.9],[3.7,36.8867],[3.6133,36.8],[3.6,36.76],[3.5,36.76],[3.4,36.75],[3.3,36.7333],[3.2,36.76],[3.1,36.7714],[3.0882,36.8],[3.0,36.8882],[2.9,36.8882],[2.8118,36.8],[2.8,36.7867],[2.7,36.7895],[2.6105,36.7],[2.6,36.6778],[2.5,36.6875],[2.4,36.6875],[2.3,36.6867],[2.2,36.6882],[2.1,36.6895],[2.0105,36.6],[2.0,36.5667],[1.9,36.5667],[1.8,36.5778],[1.7,36.5833],[1.6,36.5875],[1.5,36.5882],[1.4,36.5889],[1.3,36.5895],[1.2105,36.5],[1.2,36.475],[1.1,36.4818],[1.0,36.4667],[0.9,36.4875],[0.8125,36.4],[0.8,36.3882],[0.7,36.39],[0.61,36.3],[0.6,36.2875],[0.5,36.2889],[0.4111,36.2],[0.4,36.1857],[0.3857,36.2],[0.3,36.2857],[0.2143,36.2],[0.2,36.19],[0.11,36.1],[0.1118,36.0],[0.1,35.9895],[0.0105,35.9],[0.0,35.8895],[-0.0895,35.8],[-0.1,35.7889],[-0.2,35.7895],[-0.3,35.7895],[-0.31,35.8],[-0.3,35.81],[-0.21,35.9],[-0.3,35.99],[-0.39,35.9],[-0.4,35.89],[-0.5,35.89],[-0.59,35.8],[-0.6,35.79],[-0.7,35.7889],[-0.8,35.7895],[-0.9,35.7882],[-0.9882,35.7],[-1.0,35.6846],[-1.1,35.6882],[-1.1882,35.6],[-1.2,35.5882],[-1.2882,35.5],[-1.2875,35.4],[-1.3,35.3875],[-1.3875,35.3],[-1.4,35.28],[-1.5,35.2846],[-1.6,35.2778],[-1.6778,35.2],[-1.7,35.1667],[-1.8,35.1714],[-1.9,35.1833],[-1.9833,35.1],[-2.0,35.06],[-2.1,35.06],[-2.2,35.06],[-2.3,35.06],[-2.3154,35.1],[-2.4,35.1846],[-2.4846,35.1],[-2.5,35.05],[-2.6,35.0333],[-2.7,35.0],[-2.6,34.95],[-2.5,34.9333],[-2.4,34.9333],[-2.3,34.9],[-2.2,34.9],[-2.1,34.925],[-2.0,34.925],[-1.9,34.9333],[-1.8,35.0],[-1.8,35.0],[-1.7,35.0],[-1.6,35.0],[-1.5,35.0],[-1.5,35.0],[-1.4,34.9667],[-1.3,34.95],[-1.2,35.0],[-1.2,35.0],[-1.2,35.0],[-1.1,34.9667],[-1.0,35.0],[-1.0,35.0],[-0.9,35.05],[-0.8,35.05],[-0.7,35.05],[-0.6,35.0667],[-0.5667,35.1],[-0.5,35.1667],[-0.4667,35.2],[-0.4,35.24],[-0.3333,35.2],[-0.3,35.15],[-0.2,35.15],[-0.1,35.1],[-0.1,35.1],[0.0,35.05],[0.1,35.0667],[0.2,35.0],[0.25,35.1],[0.25,35.2],[0.3,35.2333],[0.4,35.25],[0.5,35.3],[0.5,35.4],[0.5,35.4],[0.5,35.4],[0.6,35.325],[0.7,35.3],[0.8,35.3],[0.9,35.3],[1.0,35.3],[1.1,35.3],[1.1667,35.4],[1.2,35.4167],[1.3,35.45],[1.4,35.5],[1.4,35.5],[1.4,35.5],[1.5,35.4],[1.6,35.4],[1.7,35.4],[1.8,35.5],[1.8,35.5],[1.8,35.5],[1.8,35.4],[1.9,35.3333],[2.0,35.3],[2.1,35.3],[2.2,35.3],[2.3,35.3],[2.3,35.3],[2.3,35.2],[2.35,35.1],[2.3,35.05],[2.25,35.1],[2.2,35.2],[2.1,35.2],[2.0,35.2],[2.0,35.2],[1.9,35.25],[1.85,35.2],[1.9,35.15],[1.925,35.1],[1.9,35.05],[1.8667,35.0],[1.8,34.9667],[1.7,35.0],[1.6,34.9857],[1.5,34.98],[1.4,34.95],[1.3,34.9],[1.3,34.8],[1.4,34.75],[1.5,34.7333],[1.6,34.7333],[1.65,34.7],[1.7,34.6],[1.7,34.6],[1.8,34.55],[1.9,34.55],[1.95,34.5],[2.0,34.4],[2.05,34.5],[2.1,34.6],[2.1,34.6],[2.2,34.6],[2.2,34.6],[2.2,34.6],[2.15,34.5],[2.2,34.4],[2.2,34.4],[2.3,34.3],[2.4,34.3],[2.4,34.3],[2.5,34.2],[2.5,34.2],[2.5,34.2],[2.4,34.2],[2.3,34.1],[2.3,34.1],[2.2,34.1],[2.1,34.0],[2.2,34.0]]]}},{"type":"Feature","properties":{"layer_id":"1981_2000_T20","layer_label":"1981_2000, T>20\u00b0C","low":10.0,"high":25.0,"label":"10\u201325 %","fill":"#fee391","fillOpacity":0.34,"stroke":"#fee391","strokeOpacity":0.46,"strokeWeight":0.35},"geometry":{"type":"Polygon","coordinates":[[[2.9,34.4],[2.8,34.5],[2.8,34.5],[2.7,34.6],[2.6,34.6],[2.5,34.6],[2.4,34.6],[2.4,34.6],[2.4,34.6],[2.5,34.6],[2.6,34.6],[2.7,34.7],[2.7,34.7],[2.8,34.7],[2.9,34.7],[3.0,34.8],[3.0,34.8],[3.1,34.9],[3.1,34.9],[3.2,35.0],[3.2,35.0],[3.3,35.1],[3.3,35.2],[3.2,35.3],[3.1667,35.2],[3.1,35.1333],[3.0,35.15],[2.9,35.15],[2.8,35.2],[2.8,35.2],[2.8,35.2],[2.9,35.25],[3.0,35.25],[3.05,35.3],[3.1,35.3333],[3.2,35.3],[3.3,35.3],[3.4,35.4],[3.4,35.4],[3.5,35.4],[3.6,35.4],[3.7,35.425],[3.8,35.4],[3.8,35.4],[3.85,35.3],[3.8,35.25],[3.75,35.3],[3.7,35.35],[3.6,35.4],[3.5,35.3],[3.6,35.2],[3.6,35.2],[3.7,35.1],[3.7,35.1],[3.7667,35.0],[3.7,34.9333],[3.6,34.9333],[3.5,35.0],[3.45,34.9],[3.5,34.85],[3.55,34.8],[3.6,34.75],[3.6333,34.7],[3.6,34.6667],[3.5,34.6667],[3.45,34.7],[3.4,34.8],[3.3,34.7],[3.3,34.6],[3.3,34.6],[3.3,34.6],[3.2,34.7],[3.1,34.6],[3.1,34.5],[3.1,34.5],[3.0,34.45],[2.9,34.4],[2.9,34.4],[2.9,34.4]]]}},{"type":"Feature","properties":{"layer_id":"1981_2000_T20","layer_label":"1981_2000, T>20\u00b0C","low":10.0,"high":25.0,"label":"10\u201325 %","fill":"#fee391","fillOpacity":0.34,"stroke":"#fee391","strokeOpacity":0.46,"strokeWeight":0.35},"geometry":{"type":"Polygon","coordinates":[[[1.4667,34.9],[1.5,34.92],[1.6,34.9429],[1.7,34.94],[1.8,34.9167],[1.8333,34.9],[1.8,34.8667],[1.7,34.8],[1.6,34.825],[1.5,34.85],[1.4667,34.9]]]}},{"type":"Feature","properties":{"layer_id":"1981_2000_T20","layer_label":"1981_2000, T>20\u00b0C","low":10.0,"high":25.0,"label":"10\u201325 %","fill":"#fee391","fillOpacity":0.34,"stroke":"#fee391","strokeOpacity":0.46,"strokeWeight":0.35},"geometry":{"type":"Polygon","coordinates":[[[2.22,34.9],[2.3,34.9667],[2.325,35.0],[2.4,35.075],[2.4667,35.1],[2.5,35.2],[2.5,35.2],[2.6,35.2333],[2.6333,35.2],[2.6,35.1],[2.6,35.1],[2.5,35.0],[2.5,35.0],[2.5,34.9],[2.4,34.8],[2.3,34.8],[2.22,34.9]]]}},{"type":"Feature","properties":{"layer_id":"1981_2000_T20","layer_label":"1981_2000, T>20\u00b0C","low":10.0,"high":25.0,"label":"10\u201325 %","fill":"#fee391","fillOpacity":0.34,"stroke":"#fee391","strokeOpacity":0.46,"strokeWeight":0.35},"geometry":{"type":"Polygon","coordinates":[[[-1.9583,35.1],[-1.9,35.1583],[-1.8,35.1286],[-1.7,35.1167],[-1.6444,35.2],[-1.6,35.2444],[-1.5,35.2615],[-1.4,35.25],[-1.3687,35.3],[-1.3,35.3688],[-1.2687,35.4],[-1.2706,35.5],[-1.2,35.5706],[-1.1706,35.6],[-1.1,35.6706],[-1.0,35.6615],[-0.9706,35.7],[-0.9,35.7706],[-0.8,35.7737],[-0.7,35.7722],[-0.6,35.775],[-0.575,35.8],[-0.5,35.875],[-0.4,35.875],[-0.375,35.9],[-0.3,35.975],[-0.225,35.9],[-0.3,35.825],[-0.325,35.8],[-0.3,35.7737],[-0.2,35.7737],[-0.1,35.7722],[-0.0737,35.8],[0.0,35.8737],[0.0263,35.9],[0.1,35.9737],[0.1294,36.0],[0.125,36.1],[0.2,36.175],[0.2357,36.2],[0.3,36.2643],[0.3643,36.2],[0.4,36.1643],[0.4278,36.2],[0.5,36.2722],[0.6,36.2688],[0.625,36.3],[0.7,36.375],[0.8,36.3706],[0.8313,36.4],[0.9,36.4688],[1.0,36.4167],[1.1,36.4545],[1.2,36.4375],[1.2263,36.5],[1.3,36.5737],[1.4,36.5722],[1.5,36.5706],[1.6,36.5688],[1.7,36.5583],[1.8,36.5444],[1.9,36.5167],[2.0,36.5167],[2.0263,36.6],[2.1,36.6737],[2.2,36.6706],[2.3,36.6667],[2.4,36.6688],[2.5,36.6688],[2.6,36.6444],[2.6263,36.7],[2.7,36.7737],[2.8,36.7667],[2.8294,36.8],[2.9,36.8706],[3.0,36.8706],[3.0706,36.8],[3.1,36.7286],[3.2,36.7],[3.1,36.6333],[3.0,36.6],[3.0,36.6],[2.9,36.525],[2.85,36.5],[2.8,36.4833],[2.7,36.475],[2.6,36.425],[2.5,36.44],[2.4,36.4667],[2.35,36.5],[2.3,36.5091],[2.2,36.5077],[2.1,36.5],[2.1,36.5],[2.0,36.4667],[1.9,36.4667],[1.8,36.4333],[1.7,36.4125],[1.6,36.4083],[1.5,36.4143],[1.4,36.4133],[1.3,36.4],[1.3,36.4],[1.3,36.4],[1.4,36.3333],[1.5,36.3333],[1.6,36.35],[1.7,36.3667],[1.8,36.35],[1.9,36.3333],[2.0,36.3],[2.0,36.3],[2.1,36.2667],[2.2,36.2571],[2.3,36.2],[2.3,36.2],[2.35,36.1],[2.3,36.06],[2.2,36.0375],[2.1,36.0286],[2.0167,36.1],[2.0,36.1333],[1.9,36.15],[1.8,36.1333],[1.7,36.12],[1.6,36.1],[1.6,36.1],[1.5,36.0333],[1.4,36.02],[1.3,36.0],[1.3,36.0],[1.2,35.9],[1.2,35.9],[1.2,35.9],[1.22,35.8],[1.3,35.7],[1.3,35.7],[1.35,35.6],[1.3,35.5667],[1.25,35.5],[1.2,35.4667],[1.1,35.4333],[1.0,35.4],[0.9,35.4],[0.9,35.4],[0.8,35.35],[0.7,35.3429],[0.6,35.4],[0.6,35.4],[0.5,35.45],[0.425,35.5],[0.42,35.6],[0.4,35.65],[0.3,35.7],[0.3,35.7],[0.3,35.7],[0.2667,35.6],[0.3,35.55],[0.35,35.5],[0.35,35.4],[0.3,35.35],[0.2,35.3],[0.16,35.4],[0.1,35.46],[0.025,35.4],[0.0,35.3],[-0.1,35.3],[-0.2,35.3],[-0.3,35.35],[-0.4,35.3],[-0.5,35.3],[-0.6,35.4],[-0.6,35.4],[-0.6,35.4],[-0.7,35.3],[-0.7,35.3],[-0.8,35.2667],[-0.9,35.25],[-1.0,35.2333],[-1.1,35.2],[-1.1,35.2],[-1.2,35.1333],[-1.3,35.1],[-1.4,35.1],[-1.4,35.1],[-1.5,35.06],[-1.6,35.075],[-1.7,35.075],[-1.8,35.06],[-1.9,35.0125],[-1.9583,35.1]]]}},{"type":"Feature","properties":{"layer_id":"1981_2000_T20","layer_label":"1981_2000, T>20\u00b0C","low":10.0,"high":25.0,"label":"10\u201325 %","fill":"#fee391","fillOpacity":0.34,"stroke":"#fee391","strokeOpacity":0.46,"strokeWeight":0.35},"geometry":{"type":"Polygon","coordinates":[[[2.3,35.4],[2.3,35.4],[2.2,35.5],[2.2,35.5],[2.1,35.5],[2.1,35.5],[2.0,35.45],[1.9333,35.5],[1.9,35.55],[1.8,35.6],[1.8,35.7],[1.9,35.7667],[2.0,35.7778],[2.1,35.7818],[2.1667,35.8],[2.2,35.8167],[2.25,35.8],[2.3,35.79],[2.4,35.79],[2.5,35.79],[2.6,35.8],[2.6,35.8],[2.65,35.9],[2.7,36.0],[2.8,35.95],[2.8333,35.9],[2.9,35.8333],[3.0,35.8],[3.0,35.8],[3.1,35.7333],[3.15,35.7],[3.2,35.65],[3.3,35.65],[3.35,35.6],[3.3,35.5667],[3.25,35.5],[3.2,35.4333],[3.1,35.45],[3.0,35.5],[3.0,35.5],[3.0,35.5],[2.9,35.4167],[2.8,35.425],[2.7,35.44],[2.6,35.44],[2.56,35.4],[2.5,35.3],[2.4,35.3333],[2.3,35.4]]]}},{"type":"Feature","properties":{"layer_id":"1981_2000_T20","layer_label":"1981_2000, T>20\u00b0C","low":10.0,"high":25.0,"label":"10\u201325 %","fill":"#fee391","fillOpacity":0.34,"stroke":"#fee391","strokeOpacity":0.46,"strokeWeight":0.35},"geometry":{"type":"Polygon","coordinates":[[[4.95,36.7],[4.9,36.7125],[4.8,36.7333],[4.7,36.78],[4.6,36.8],[4.6,36.8],[4.5,36.8],[4.5,36.8],[4.4,36.7667],[4.3,36.7333],[4.2,36.7],[4.1,36.7],[4.0,36.7],[3.9,36.7],[3.8,36.7],[3.7,36.7],[3.6333,36.8],[3.7,36.8667],[3.725,36.9],[3.8,36.975],[3.9,36.975],[4.0,36.9722],[4.1,36.9688],[4.2,36.9688],[4.2688,36.9],[4.3,36.8286],[4.3294,36.9],[4.4,36.9706],[4.5,36.9706],[4.6,36.9643],[4.7,36.9667],[4.7667,36.9],[4.8,36.8444],[4.9,36.8583],[5.0,36.8667],[5.0667,36.8],[5.1,36.75],[5.15,36.7],[5.1,36.6286],[5.0,36.675],[4.95,36.7]]]}},{"type":"Feature","properties":{"layer_id":"1981_2000_T20","layer_label":"1981_2000, T>20\u00b0C","low":10.0,"high":25.0,"label":"10\u201325 %","fill":"#fee391","fillOpacity":0.34,"stroke":"#fee391","strokeOpacity":0.46,"strokeWeight":0.35},"geometry":{"type":"Polygon","coordinates":[[[9.3,36.8],[9.275,36.9],[9.3,36.95],[9.4,36.95],[9.5,36.9333],[9.6,36.9],[9.6,36.9],[9.6,36.9],[9.55,36.8],[9.5,36.78],[9.4,36.78],[9.3,36.8],[9.3,36.8]]]}},{"type":"Feature","properties":{"layer_id":"1981_2000_T20","layer_label":"1981_2000, T>20\u00b0C","low":10.0,"high":25.0,"label":"10\u201325 %","fill":"#fee391","fillOpacity":0.34,"stroke":"#fee391","strokeOpacity":0.46,"strokeWeight":0.35},"geometry":{"type":"Polygon","coordinates":[[[35.6,34.0688],[35.6733,34.0],[35.6933,34.0],[35.7,34.0333],[35.75,34.1],[35.7667,34.2],[35.8,34.2143],[35.9,34.3],[35.9,34.3],[36.0,34.3333],[36.0667,34.4],[36.1,34.4222],[36.1778,34.5],[36.2,34.5182],[36.3,34.6],[36.3,34.6],[36.4,34.6],[36.4,34.6],[36.4143,34.5],[36.4333,34.4],[36.4,34.3833],[36.3286,34.3],[36.3,34.26],[36.2,34.2],[36.2,34.2],[36.1,34.16],[36.04,34.1],[36.0286,34.0],[36.0714,34.0],[36.1,34.1],[36.1667,34.0],[36.2,34.0],[36.25,34.0],[36.275,34.1],[36.3,34.125],[36.4,34.1667],[36.4333,34.2],[36.4833,34.3],[36.5,34.3333],[36.5667,34.4],[36.6,34.4333],[36.6667,34.5],[36.7,34.6],[36.7,34.6],[36.7667,34.7],[36.8,34.75],[36.9,34.8],[36.9,34.8],[37.0,34.8333],[37.1,34.8333],[37.2,34.85],[37.3,34.9],[37.3,34.9],[37.4,34.9],[37.5,35.0],[37.5,35.0],[37.6,35.0],[37.7,35.0],[37.8,35.0],[37.9,35.0],[37.9,35.0],[38.0,34.9333],[38.05,34.9],[38.0,34.8],[38.0,34.8],[37.9,34.8],[37.8,34.8],[37.7,34.7],[37.7,34.6],[37.7,34.6],[37.6,34.6],[37.5,34.6],[37.4,34.6],[37.3,34.6],[37.25,34.5],[37.3,34.45],[37.35,34.4],[37.4,34.35],[37.5,34.35],[37.6,34.3],[37.6,34.3],[37.7,34.25],[37.7333,34.2],[37.7,34.15],[37.65,34.1],[37.6,34.0],[37.7,34.0],[37.8,34.0],[37.8,34.0],[37.8,34.1],[37.85,34.2],[37.8667,34.3],[37.8,34.35],[37.7,34.3667],[37.6,34.375],[37.5667,34.4],[37.6,34.45],[37.7,34.5],[37.7,34.5],[37.775,34.6],[37.8,34.7],[37.8,34.7],[37.9,34.725],[38.0,34.74],[38.1,34.8],[38.1,34.8],[38.1667,34.9],[38.1,34.9667],[38.05,35.0],[38.0,35.02],[37.9,35.0429],[37.8,35.0429],[37.7,35.05],[37.6,35.05],[37.5,35.05],[37.4,35.025],[37.35,35.0],[37.3,34.975],[37.2,34.9333],[37.1,34.9333],[37.0,34.925],[36.9,34.9333],[36.8,34.9],[36.8,34.9],[36.7333,34.8],[36.7,34.75],[36.65,34.8],[36.6,34.8167],[36.5,34.8],[36.4667,34.9],[36.4571,35.0],[36.42,35.1],[36.4,35.2],[36.4,35.2],[36.36,35.3],[36.34,35.4],[36.4,35.5],[36.5,35.4833],[36.6,35.4571],[36.7,35.4667],[36.7222,35.5],[36.7375,35.6],[36.7333,35.7],[36.71,35.8],[36.7,35.8167],[36.6,35.8833],[36.55,35.9],[36.5,35.9125],[36.4833,35.9],[36.4,35.8167],[36.3,35.8286],[36.2,35.9],[36.2,35.9],[36.2,35.9],[36.15,35.8],[36.1,35.7],[36.1,35.7],[36.0882,35.6],[36.0882,35.5],[36.1,35.45],[36.14,35.4],[36.12,35.3],[36.1333,35.2],[36.1857,35.1],[36.2,35.05],[36.2167,35.0],[36.2545,34.9],[36.3,34.8167],[36.325,34.8],[36.4,34.725],[36.5,34.8],[36.6,34.7],[36.6,34.7],[36.625,34.6],[36.6,34.55],[36.575,34.5],[36.5,34.425],[36.4571,34.5],[36.46,34.6],[36.4,34.675],[36.3,34.65],[36.2667,34.6],[36.2,34.5455],[36.1444,34.5],[36.1,34.4556],[36.0167,34.4],[36.0,34.3833],[35.9,34.3176],[35.875,34.3],[35.8,34.2357],[35.7167,34.2],[35.7,34.15],[35.6833,34.2],[35.625,34.3],[35.7,34.375],[35.8,34.3643],[35.8263,34.4],[35.825,34.5],[35.9,34.575],[35.925,34.6],[35.9,34.625],[35.825,34.7],[35.9,34.775],[35.925,34.8],[35.9263,34.9],[35.9,34.925],[35.825,35.0],[35.9,35.075],[35.9294,35.1],[35.9294,35.2],[35.925,35.3],[35.9,35.325],[35.825,35.4],[35.8,35.425],[35.725,35.5],[35.8,35.575],[35.825,35.6],[35.8,35.625],[35.725,35.7],[35.8,35.775],[35.825,35.8],[35.825,35.9],[35.9,35.975],[35.9278,36.0],[35.9,36.025],[35.825,36.1],[35.9,36.175],[35.925,36.2],[35.9,36.2263],[35.8263,36.3],[35.825,36.4],[35.9,36.475],[36.0,36.4737],[36.025,36.5],[36.1,36.575],[36.1263,36.6],[36.1263,36.7],[36.2,36.7737],[36.3,36.7],[36.3,36.7],[36.4,36.6667],[36.5,36.6857],[36.5857,36.6],[36.6,36.5857],[36.7,36.5],[36.7,36.5],[36.8,36.48],[36.9,36.5],[37.0,36.5],[37.0,36.5],[37.0667,36.6],[37.1,36.6333],[37.1667,36.7],[37.2,36.75],[37.225,36.8],[37.2667,36.9],[37.3,36.925],[37.36,37.0],[37.4,37.04],[37.475,37.1],[37.475,37.2],[37.4667,37.3],[37.5,37.4],[37.5,37.4],[37.5143,37.5],[37.6,37.5667],[37.7,37.5727],[37.8,37.6],[37.8,37.6],[37.9,37.6571],[37.975,37.7],[38.0,37.72],[38.1,37.7714],[38.1333,37.8],[38.2,37.85],[38.3,37.8833],[38.34,37.9],[38.4,37.95],[38.5,37.94],[38.6,37.94],[38.7,37.9],[38.7,37.9],[38.7,37.9],[38.8,37.9333],[38.9,37.95],[38.98,38.0],[39.0,38.0167],[39.0833,38.1],[39.1,38.2],[39.1,38.2],[39.2,38.2375],[39.3,38.2375],[39.4,38.2444],[39.5,38.25],[39.6,38.3],[39.6,38.3],[39.7,38.3333],[39.8,38.4],[39.8,38.4],[39.9,38.475],[40.0,38.4667],[40.1,38.4444],[40.2,38.45],[40.3,38.48],[40.4,38.5],[40.5,38.4],[40.5,38.4],[40.6,38.4],[40.6,38.4],[40.7,38.46],[40.8,38.46],[40.8667,38.5],[40.9,38.5167],[41.0,38.5],[41.0,38.5],[41.1,38.45],[41.2,38.4286],[41.24,38.4],[41.275,38.3],[41.3,38.25],[41.3333,38.2],[41.3,38.1],[41.2,38.125],[41.14,38.2],[41.1,38.24],[41.04,38.3],[41.0,38.35],[40.9,38.34],[40.8,38.325],[40.775,38.3],[40.7,38.2],[40.7,38.2],[40.7,38.2],[40.8,38.15],[40.9,38.1],[40.9,38.1],[41.0,38.0813],[41.1,38.0857],[41.2,38.0917],[41.3,38.1],[41.4,38.1],[41.5,38.1],[41.55,38.0],[41.6,37.9769],[41.7,37.9727],[41.8,37.9625],[41.9,37.9333],[41.94,37.9],[42.0,37.825],[42.02,37.8],[42.0444,37.7],[42.0429,37.6],[42.075,37.5],[42.1,37.49],[42.2,37.5],[42.3,37.5],[42.36,37.4],[42.4,37.36],[42.475,37.3],[42.5,37.2818],[42.6,37.29],[42.7,37.3],[42.8,37.25],[42.8556,37.2],[42.9,37.16],[43.0,37.1692],[43.1,37.1667],[43.18,37.1],[43.125,37.0],[43.2,36.9571],[43.3,36.9286],[43.34,36.9],[43.4,36.875],[43.5,36.875],[43.6,36.89],[43.65,36.9],[43.7,36.9333],[43.8,36.95],[43.9,36.9286],[43.9333,36.9],[44.0,36.86],[44.1,36.85],[44.2,36.82],[44.22,36.8],[44.3,36.7636],[44.4,36.7556],[44.5,36.7333],[44.6,36.7],[44.6,36.7],[44.7,36.6429],[44.76,36.6],[44.7,36.5571],[44.6,36.5625],[44.55,36.5],[44.6,36.4375],[44.6375,36.4],[44.7,36.3667],[44.8,36.3667],[44.9,36.3643],[45.0,36.3643],[45.0,36.3857],[44.9,36.3857],[44.8,36.3867],[44.7,36.3867],[44.675,36.4],[44.6,36.475],[44.58,36.5],[44.6,36.525],[44.7,36.5143],[44.8,36.5667],[44.8333,36.6],[44.8,36.6333],[44.7,36.6857],[44.675,36.7],[44.6,36.76],[44.5,36.7833],[44.4,36.7889],[44.3,36.7909],[44.28,36.8],[44.2,36.88],[44.1,36.8875],[44.0,36.89],[43.9833,36.9],[43.9,36.9714],[43.8333,37.0],[43.8,37.0333],[43.7,37.05],[43.6667,37.0],[43.6,36.95],[43.5,36.9],[43.5,36.9],[43.4,36.9],[43.4,36.9],[43.3,36.9714],[43.2,37.0],[43.2,37.0],[43.2,37.0],[43.2333,37.1],[43.2,37.1333],[43.1,37.1917],[43.0,37.1923],[42.9,37.19],[42.8889,37.2],[42.8,37.28],[42.76,37.3],[42.7,37.36],[42.6,37.35],[42.5,37.3333],[42.4,37.39],[42.39,37.4],[42.36,37.5],[42.3,37.56],[42.2,37.56],[42.1,37.5667],[42.0857,37.6],[42.0778,37.7],[42.08,37.8],[42.0,37.9],[42.0,37.9],[41.9,37.9833],[41.8,38.0],[41.7,38.0],[41.6,38.0],[41.6,38.0],[41.6,38.0],[41.7,38.0],[41.8,38.1],[41.7,38.1333],[41.6,38.15],[41.5,38.175],[41.45,38.2],[41.4,38.25],[41.3667,38.3],[41.3,38.4],[41.3,38.4],[41.2,38.4714],[41.1333,38.5],[41.1,38.5333],[41.0,38.56],[40.9,38.5667],[40.8,38.5333],[40.7,38.5333],[40.65,38.5],[40.6,38.475],[40.5,38.5],[40.5,38.5],[40.4,38.56],[40.3,38.55],[40.2,38.5],[40.2,38.5],[40.1,38.4778],[40.0,38.5],[40.0,38.5],[39.9,38.55],[39.8333,38.6],[39.9,38.7],[39.8,38.8],[39.7,38.8],[39.6,38.8],[39.5,38.8],[39.4,38.79],[39.3,38.7889],[39.2667,38.8],[39.3,38.9],[39.2,38.95],[39.1,38.9818],[39.0,38.9833],[38.9,38.9933],[38.8,38.9917],[38.7,38.9833],[38.6167,38.9],[38.7,38.8167],[38.8,38.8154],[38.9,38.8067],[38.92,38.8],[39.0,38.7333],[39.05,38.7],[39.04,38.6],[39.0,38.55],[38.9,38.55],[38.8,38.55],[38.7,38.56],[38.6,38.5667],[38.55,38.6],[38.5333,38.7],[38.5,38.7333],[38.4,38.7],[38.4,38.7],[38.3,38.65],[38.25,38.6],[38.2667,38.5],[38.3,38.4],[38.3,38.4],[38.4,38.34],[38.5,38.325],[38.6,38.3286],[38.65,38.3],[38.7,38.25],[38.8,38.25],[38.9,38.25],[39.0,38.225],[39.025,38.2],[39.0333,38.1],[39.0,38.0667],[38.92,38.0],[38.9,37.9875],[38.8,37.9833],[38.7,37.975],[38.6,38.0],[38.5,38.0],[38.4,38.0],[38.3,37.9333],[38.25,37.9],[38.2,37.8875],[38.1,37.8333],[38.05,37.8],[38.0,37.78],[37.9,37.7],[37.9,37.7],[37.8,37.66],[37.7,37.6],[37.7,37.6],[37.6,37.6],[37.5,37.6],[37.4,37.5],[37.425,37.4],[37.4167,37.3],[37.4,37.2],[37.4,37.1],[37.4,37.1],[37.3,37.0],[37.3,37.0],[37.2,36.95],[37.1,36.95],[37.05,36.9],[37.0,36.8],[37.0,36.8],[36.9,36.7],[36.9,36.7],[36.8,36.7],[36.7,36.7],[36.7,36.7],[36.7,36.8],[36.6,36.9],[36.5,36.8],[36.5,36.8],[36.4,36.8],[36.4,36.8],[36.36,36.9],[36.35,37.0],[36.4,37.1],[36.4,37.1],[36.5,37.1],[36.55,37.2],[36.5,37.25],[36.4917,37.3],[36.4333,37.4],[36.4,37.45],[36.3,37.475],[36.25,37.5],[36.2,37.5333],[36.1,37.5875],[36.0,37.59],[35.95,37.6],[35.9,37.6333],[35.8,37.6],[35.8,37.6],[35.7,37.5833],[35.6,37.5667],[35.5333,37.5],[35.5,37.4857],[35.4,37.48],[35.32,37.4],[35.3,37.39],[35.2,37.3889],[35.1,37.3],[35.1,37.3],[35.0,37.26],[34.94,37.2],[34.9,37.1667],[34.8,37.1],[34.8,37.1],[34.7,37.06],[34.64,37.0],[34.6,36.9667],[34.5333,36.9],[34.5,36.8867],[34.4,36.86],[34.34,36.8],[34.3,36.7867],[34.2,36.7],[34.2,36.7],[34.1,36.6333],[34.0667,36.6],[34.0,36.5778],[33.9,36.5333],[33.8,36.5],[33.8,36.5],[33.8,36.5],[33.7,36.5333],[33.6714,36.6],[33.6,36.6714],[33.5,36.6923],[33.4667,36.7],[33.4,36.75],[33.3,36.7875],[33.2,36.7],[33.2222,36.6],[33.3,36.5],[33.3,36.5],[33.4,36.425],[33.5,36.4111],[33.6,36.4],[33.6,36.4],[33.6,36.4],[33.5,36.3833],[33.4,36.3667],[33.3,36.3333],[33.2667,36.3],[33.2,36.29],[33.1,36.29],[33.0,36.2895],[32.9,36.29],[32.8,36.2882],[32.7,36.275],[32.6,36.2778],[32.5,36.2882],[32.4875,36.3],[32.4333,36.4],[32.4,36.4333],[32.3,36.4909],[32.28,36.5],[32.2,36.5667],[32.1,36.575],[32.025,36.5],[32.1,36.425],[32.2,36.4333],[32.2167,36.4],[32.21,36.3],[32.3,36.21],[32.4,36.2125],[32.4118,36.2],[32.5,36.1118],[32.6,36.1222],[32.61,36.1],[32.7,36.01],[32.8,36.01],[32.9,36.01],[32.99,36.1],[33.0,36.1105],[33.1,36.11],[33.2,36.11],[33.3,36.11],[33.4,36.11],[33.5,36.11],[33.6,36.11],[33.7,36.11],[33.79,36.2],[33.8,36.21],[33.9,36.21],[34.0,36.21],[34.09,36.3],[34.09,36.4],[34.1,36.4105],[34.1895,36.5],[34.2,36.5182],[34.2818,36.6],[34.3,36.6133],[34.4,36.6133],[34.5,36.61],[34.59,36.7],[34.5867,36.8],[34.6,36.8333],[34.7,36.8133],[34.8,36.81],[34.81,36.8],[34.9,36.71],[35.0,36.71],[35.01,36.7],[35.1,36.61],[35.2,36.61],[35.21,36.6],[35.3,36.51],[35.39,36.6],[35.4,36.61],[35.5,36.61],[35.59,36.7],[35.6,36.71],[35.7,36.71],[35.79,36.8],[35.8,36.81],[35.9,36.81],[35.99,36.9],[36.0,36.91],[36.1,36.91],[36.11,36.9],[36.2,36.81],[36.2667,36.8],[36.2,36.7895],[36.1105,36.7],[36.1105,36.6],[36.1,36.59],[36.01,36.5],[36.0,36.4895],[35.9,36.49],[35.81,36.4],[35.8105,36.3],[35.9,36.2105],[35.91,36.2],[35.9,36.19],[35.81,36.1],[35.9,36.01],[35.9111,36.0],[35.9,35.99],[35.81,35.9],[35.81,35.8],[35.8,35.79],[35.71,35.7],[35.8,35.61],[35.81,35.6],[35.8,35.59],[35.71,35.5],[35.8,35.41],[35.81,35.4],[35.9,35.31],[35.91,35.3],[35.9118,35.2],[35.9118,35.1],[35.9,35.09],[35.81,35.0],[35.9,34.91],[35.9105,34.9],[35.91,34.8],[35.9,34.79],[35.81,34.7],[35.9,34.61],[35.91,34.6],[35.9,34.59],[35.81,34.5],[35.8105,34.4],[35.8,34.3857],[35.7,34.39],[35.61,34.3],[35.6333,34.2],[35.65,34.1],[35.6,34.0875],[35.5125,34.0],[35.5313,34.0],[35.6,34.0688]]]}},{"type":"Feature","properties":{"layer_id":"1981_2000_T20","layer_label":"1981_2000, T>20\u00b0C","low":10.0,"high":25.0,"label":"10\u201325 %","fill":"#fee391","fillOpacity":0.34,"stroke":"#fee391","strokeOpacity":0.46,"strokeWeight":0.35},"geometry":{"type":"Polygon","coordinates":[[[36.4,34.8],[36.3,34.8667],[36.2818,34.9],[36.2667,35.0],[36.25,35.1],[36.2,35.1667],[36.1833,35.2],[36.18,35.3],[36.2,35.4],[36.2,35.5],[36.2,35.6],[36.2,35.6],[36.3,35.7],[36.3,35.7],[36.3,35.7],[36.4,35.65],[36.45,35.7],[36.4667,35.8],[36.5,35.8333],[36.6,35.8333],[36.65,35.8],[36.7,35.7],[36.7,35.7],[36.7,35.6],[36.7,35.6],[36.6,35.5],[36.6,35.5],[36.6,35.5],[36.5,35.5667],[36.4,35.575],[36.3,35.55],[36.2,35.5],[36.2,35.4],[36.3,35.3],[36.3,35.3],[36.34,35.2],[36.35,35.1],[36.4,35.0333],[36.4143,35.0],[36.4167,34.9],[36.4,34.8],[36.4,34.8],[36.4,34.8]]]}},{"type":"Feature","properties":{"layer_id":"1981_2000_T20","layer_label":"1981_2000, T>20\u00b0C","low":10.0,"high":25.0,"label":"10\u201325 %","fill":"#fee391","fillOpacity":0.34,"stroke":"#fee391","strokeOpacity":0.46,"strokeWeight":0.35},"geometry":{"type":"Polygon","coordinates":[[[32.625,36.1],[32.6,36.1556],[32.5,36.1294],[32.4294,36.2],[32.4,36.2313],[32.3,36.225],[32.225,36.3],[32.2417,36.4],[32.3,36.4636],[32.3778,36.4],[32.4,36.3846],[32.4688,36.3],[32.5,36.2706],[32.6,36.2444],[32.7,36.2375],[32.8,36.2706],[32.9,36.275],[33.0,36.2737],[33.1,36.275],[33.2,36.275],[33.3,36.2882],[33.3667,36.3],[33.4,36.3167],[33.5,36.3333],[33.6,36.3667],[33.7,36.3875],[33.7143,36.4],[33.8,36.48],[33.9,36.4882],[33.9333,36.5],[34.0,36.5444],[34.1,36.5875],[34.125,36.6],[34.2,36.6667],[34.2231,36.7],[34.3,36.7667],[34.4,36.8],[34.4,36.8],[34.5,36.8667],[34.5833,36.9],[34.6,36.9167],[34.7,37.0],[34.7,37.0],[34.8,37.07],[34.875,37.1],[34.9,37.1167],[35.0,37.2],[35.0,37.2],[35.1,37.275],[35.1375,37.3],[35.2,37.3556],[35.3,37.36],[35.38,37.4],[35.4,37.42],[35.5,37.4429],[35.6,37.4889],[35.6333,37.5],[35.7,37.5333],[35.8,37.5625],[35.9,37.575],[36.0,37.56],[36.1,37.55],[36.1667,37.5],[36.2,37.4714],[36.3,37.4],[36.3,37.4],[36.4,37.38],[36.4667,37.3],[36.4778,37.2],[36.4,37.13],[36.3769,37.1],[36.3,37.0091],[36.2938,37.0],[36.3,36.9],[36.2,36.825],[36.125,36.9],[36.1,36.925],[36.0,36.925],[35.975,36.9],[35.9,36.825],[35.8,36.825],[35.775,36.8],[35.7,36.725],[35.6,36.725],[35.575,36.7],[35.5,36.625],[35.4,36.625],[35.375,36.6],[35.3,36.525],[35.225,36.6],[35.2,36.625],[35.1,36.625],[35.025,36.7],[35.0,36.725],[34.9,36.725],[34.825,36.8],[34.8,36.825],[34.7,36.8333],[34.6,36.8833],[34.5667,36.8],[34.575,36.7],[34.5,36.625],[34.4,36.6333],[34.3,36.6333],[34.2545,36.6],[34.2,36.5455],[34.1737,36.5],[34.1,36.4263],[34.075,36.4],[34.075,36.3],[34.0,36.225],[33.9,36.225],[33.8,36.225],[33.775,36.2],[33.7,36.125],[33.6,36.125],[33.5,36.125],[33.4,36.125],[33.3,36.125],[33.2,36.125],[33.1,36.125],[33.0,36.1263],[32.975,36.1],[32.9,36.025],[32.8,36.025],[32.7,36.025],[32.625,36.1]]]}},{"type":"Feature","properties":{"layer_id":"1981_2000_T20","layer_label":"1981_2000, T>20\u00b0C","low":10.0,"high":25.0,"label":"10\u201325 %","fill":"#fee391","fillOpacity":0.34,"stroke":"#fee391","strokeOpacity":0.46,"strokeWeight":0.35},"geometry":{"type":"Polygon","coordinates":[[[33.35,36.5],[33.3,36.5429],[33.2556,36.6],[33.2429,36.7],[33.3,36.75],[33.38,36.7],[33.4,36.69],[33.5,36.6692],[33.6,36.6286],[33.6286,36.6],[33.6714,36.5],[33.6,36.4375],[33.5,36.4444],[33.4,36.4625],[33.35,36.5]]]}},{"type":"Feature","properties":{"layer_id":"1981_2000_T20","layer_label":"1981_2000, T>20\u00b0C","low":10.0,"high":25.0,"label":"10\u201325 %","fill":"#fee391","fillOpacity":0.34,"stroke":"#fee391","strokeOpacity":0.46,"strokeWeight":0.35},"geometry":{"type":"Polygon","coordinates":[[[41.0,38.1],[40.9,38.16],[40.8,38.2],[40.8,38.2],[40.8,38.2],[40.9,38.2667],[41.0,38.25],[41.05,38.2],[41.0,38.1],[41.0,38.1],[41.0,38.1]]]}},{"type":"Feature","properties":{"layer_id":"1981_2000_T20","layer_label":"1981_2000, T>20\u00b0C","low":10.0,"high":25.0,"label":"10\u201325 %","fill":"#fee391","fillOpacity":0.34,"stroke":"#fee391","strokeOpacity":0.46,"strokeWeight":0.35},"geometry":{"type":"Polygon","coordinates":[[[39.1333,38.3],[39.1,38.35],[39.0667,38.4],[39.1,38.4333],[39.2,38.45],[39.3,38.45],[39.3667,38.5],[39.4,38.5077],[39.5,38.5111],[39.6,38.5667],[39.7,38.6],[39.7,38.6],[39.7,38.6],[39.8,38.5],[39.8,38.5],[39.8,38.5],[39.7,38.45],[39.65,38.4],[39.6,38.375],[39.525,38.3],[39.5,38.2875],[39.4,38.2778],[39.3,38.275],[39.2,38.275],[39.1333,38.3]]]}},{"type":"Feature","properties":{"layer_id":"1981_2000_T20","layer_label":"1981_2000, T>20\u00b0C","low":10.0,"high":25.0,"label":"10\u201325 %","fill":"#fee391","fillOpacity":0.34,"stroke":"#fee391","strokeOpacity":0.46,"strokeWeight":0.35},"geometry":{"type":"Polygon","coordinates":[[[38.4,38.4],[38.4,38.4],[38.3286,38.5],[38.4,38.6],[38.5,38.5875],[38.6,38.5167],[38.7,38.5],[38.7,38.5],[38.8,38.4667],[38.9,38.4],[38.8,38.3333],[38.7,38.325],[38.6,38.3714],[38.5,38.3625],[38.4,38.4]]]}},{"type":"Feature","properties":{"layer_id":"1981_2000_T20","layer_label":"1981_2000, T>20\u00b0C","low":10.0,"high":25.0,"label":"10\u201325 %","fill":"#fee391","fillOpacity":0.34,"stroke":"#fee391","strokeOpacity":0.46,"strokeWeight":0.35},"geometry":{"type":"Polygon","coordinates":[[[39.1,38.6],[39.1333,38.7],[39.1,38.7333],[39.0,38.7833],[38.98,38.8],[38.9,38.8267],[38.8,38.8385],[38.7,38.8667],[38.6667,38.9],[38.7,38.9333],[38.8,38.9667],[38.9,38.9733],[39.0,38.9583],[39.1,38.9545],[39.1857,38.9],[39.1667,38.8],[39.2,38.7667],[39.3,38.7556],[39.4,38.76],[39.5,38.7667],[39.6,38.7625],[39.7,38.7625],[39.8,38.74],[39.84,38.7],[39.8,38.65],[39.7,38.6375],[39.6,38.6286],[39.5714,38.6],[39.5,38.5444],[39.4,38.5308],[39.3,38.5167],[39.2,38.5333],[39.1,38.6]]]}},{"type":"Feature","properties":{"layer_id":"1981_2000_T20","layer_label":"1981_2000, T>20\u00b0C","low":10.0,"high":25.0,"label":"10\u201325 %","fill":"#fee391","fillOpacity":0.34,"stroke":"#fee391","strokeOpacity":0.46,"strokeWeight":0.35},"geometry":{"type":"Polygon","coordinates":[[[0.4,34.4],[0.45,34.5],[0.5,34.55],[0.55,34.6],[0.5,34.65],[0.4,34.65],[0.3,34.65],[0.2,34.6],[0.3,34.5],[0.3,34.5],[0.4,34.4]]]}},{"type":"Feature","properties":{"layer_id":"1981_2000_T20","layer_label":"1981_2000, T>20\u00b0C","low":10.0,"high":25.0,"label":"10\u201325 %","fill":"#fee391","fillOpacity":0.34,"stroke":"#fee391","strokeOpacity":0.46,"strokeWeight":0.35},"geometry":{"type":"Polygon","coordinates":[[[-6.2,34.5],[-6.15,34.6],[-6.15,34.7],[-6.2,34.8],[-6.2,34.8],[-6.2,34.8],[-6.15,34.9],[-6.2,35.0],[-6.3,34.9714],[-6.3714,34.9],[-6.35,34.8],[-6.3,34.7],[-6.3,34.7],[-6.25,34.6],[-6.2,34.5]]]}},{"type":"Feature","properties":{"layer_id":"1981_2000_T20","layer_label":"1981_2000, T>20\u00b0C","low":10.0,"high":25.0,"label":"10\u201325 %","fill":"#fee391","fillOpacity":0.34,"stroke":"#fee391","strokeOpacity":0.46,"strokeWeight":0.35},"geometry":{"type":"Polygon","coordinates":[[[32.6,34.61],[32.7,34.61],[32.8,34.61],[32.9,34.61],[33.0,34.61],[33.09,34.7],[33.1,34.71],[33.2,34.71],[33.3,34.71],[33.4,34.71],[33.49,34.8],[33.5,34.81],[33.6,34.81],[33.69,34.9],[33.69,35.0],[33.7,35.01],[33.71,35.0],[33.8,34.91],[33.9,34.91],[33.99,35.0],[33.99,35.1],[33.99,35.2],[34.0,35.21],[34.09,35.3],[34.09,35.4],[34.0,35.49],[33.9,35.49],[33.8,35.49],[33.71,35.4],[33.7,35.39],[33.6,35.39],[33.5,35.39],[33.4,35.39],[33.3,35.39],[33.2,35.39],[33.1,35.39],[33.0,35.39],[32.91,35.3],[32.9,35.29],[32.81,35.2],[32.8,35.19],[32.79,35.2],[32.7,35.29],[32.6,35.29],[32.51,35.2],[32.51,35.1],[32.5,35.09],[32.4,35.09],[32.31,35.0],[32.31,34.9],[32.31,34.8],[32.4,34.71],[32.5,34.71],[32.51,34.7],[32.6,34.61]]]}},{"type":"Feature","properties":{"layer_id":"1981_2000_T20","layer_label":"1981_2000, T>20\u00b0C","low":10.0,"high":25.0,"label":"10\u201325 %","fill":"#fee391","fillOpacity":0.34,"stroke":"#fee391","strokeOpacity":0.46,"strokeWeight":0.35},"geometry":{"type":"Polygon","coordinates":[[[32.525,34.7],[32.5,34.725],[32.4,34.725],[32.325,34.8],[32.325,34.9],[32.325,35.0],[32.4,35.075],[32.5,35.075],[32.525,35.1],[32.525,35.2],[32.6,35.275],[32.7,35.275],[32.775,35.2],[32.8,35.175],[32.825,35.2],[32.9,35.275],[32.925,35.3],[33.0,35.375],[33.1,35.375],[33.2,35.375],[33.3,35.375],[33.4,35.375],[33.5,35.375],[33.6,35.375],[33.7,35.375],[33.725,35.4],[33.8,35.475],[33.9,35.475],[34.0,35.475],[34.075,35.4],[34.075,35.3],[34.0,35.225],[33.975,35.2],[33.975,35.1],[33.975,35.0],[33.9,34.925],[33.8,34.925],[33.725,35.0],[33.7,35.025],[33.675,35.0],[33.675,34.9],[33.6,34.825],[33.5,34.825],[33.475,34.8],[33.4,34.725],[33.3,34.725],[33.2,34.725],[33.1,34.725],[33.075,34.7],[33.0,34.625],[32.9,34.625],[32.8,34.625],[32.7,34.625],[32.6,34.625],[32.525,34.7]]]}},{"type":"Feature","properties":{"layer_id":"1981_2000_T20","layer_label":"1981_2000, T>20\u00b0C","low":10.0,"high":25.0,"label":"10\u201325 %","fill":"#fee391","fillOpacity":0.34,"stroke":"#fee391","strokeOpacity":0.46,"strokeWeight":0.35},"geometry":{"type":"Polygon","coordinates":[[[32.9,34.8923],[33.0,34.8875],[33.05,34.9],[33.0,34.9667],[32.9,35.0],[32.9,35.0],[32.8,35.0063],[32.75,35.0],[32.8,34.9667],[32.8667,34.9],[32.9,34.8923]]]}},{"type":"Feature","properties":{"layer_id":"1981_2000_T20","layer_label":"1981_2000, T>20\u00b0C","low":10.0,"high":25.0,"label":"10\u201325 %","fill":"#fee391","fillOpacity":0.34,"stroke":"#fee391","strokeOpacity":0.46,"strokeWeight":0.35},"geometry":{"type":"Polygon","coordinates":[[[24.8,34.91],[24.9,34.9105],[25.0,34.9154],[25.1,34.9182],[25.2,34.9182],[25.2818,35.0],[25.3,35.04],[25.375,35.1],[25.35,35.2],[25.3857,35.3],[25.3,35.3857],[25.2,35.3882],[25.1,35.3867],[25.09,35.4],[25.0,35.49],[24.9,35.49],[24.8,35.4889],[24.7,35.4889],[24.6111,35.4],[24.7,35.3059],[24.8,35.3111],[24.9,35.31],[24.95,35.3],[25.0,35.2333],[25.025,35.2],[25.0,35.1833],[24.9,35.1714],[24.8,35.1889],[24.7,35.2],[24.7,35.2],[24.6,35.3],[24.5,35.28],[24.45,35.3],[24.4,35.3333],[24.3,35.3],[24.3222,35.2],[24.4,35.1222],[24.5,35.1333],[24.5111,35.1],[24.6,35.0111],[24.7,35.0111],[24.71,35.0],[24.8,34.91]]]}},{"type":"Feature","properties":{"layer_id":"1981_2000_T20","layer_label":"1981_2000, T>20\u00b0C","low":10.0,"high":25.0,"label":"10\u201325 %","fill":"#fee391","fillOpacity":0.34,"stroke":"#fee391","strokeOpacity":0.46,"strokeWeight":0.35},"geometry":{"type":"Polygon","coordinates":[[[24.725,35.0],[24.7,35.0278],[24.6,35.0278],[24.5278,35.1],[24.5,35.1833],[24.4,35.1556],[24.3556,35.2],[24.4,35.2667],[24.5,35.22],[24.6,35.225],[24.625,35.2],[24.7,35.1813],[24.8,35.1722],[24.9,35.1286],[25.0,35.1333],[25.1,35.2],[25.1,35.2],[25.1,35.2],[25.0091,35.3],[25.0,35.3063],[24.9,35.325],[24.8,35.3278],[24.7,35.3235],[24.6278,35.4],[24.7,35.4722],[24.8,35.4722],[24.9,35.475],[25.0,35.475],[25.075,35.4],[25.1,35.3667],[25.2,35.3706],[25.3,35.3643],[25.3643,35.3],[25.3,35.2182],[25.2667,35.2],[25.3,35.1],[25.2545,35.0],[25.2,34.9455],[25.1,34.9455],[25.0,34.9385],[24.9,34.9263],[24.8,34.925],[24.725,35.0]]]}},{"type":"Feature","properties":{"layer_id":"1981_2000_T20","layer_label":"1981_2000, T>20\u00b0C","low":10.0,"high":25.0,"label":"10\u201325 %","fill":"#fee391","fillOpacity":0.34,"stroke":"#fee391","strokeOpacity":0.46,"strokeWeight":0.35},"geometry":{"type":"Polygon","coordinates":[[[25.9,34.91],[25.99,35.0],[26.0,35.01],[26.1,35.01],[26.2,35.01],[26.3,35.01],[26.39,35.1],[26.39,35.2],[26.3,35.29],[26.2,35.29],[26.1,35.29],[26.0,35.29],[25.9,35.29],[25.81,35.2],[25.8,35.19],[25.79,35.2],[25.79,35.3],[25.7,35.39],[25.6,35.39],[25.5,35.38],[25.42,35.3],[25.5,35.22],[25.55,35.2],[25.55,35.1],[25.6,35.05],[25.7,35.01],[25.8,35.01],[25.81,35.0],[25.9,34.91]]]}},{"type":"Feature","properties":{"layer_id":"1981_2000_T20","layer_label":"1981_2000, T>20\u00b0C","low":10.0,"high":25.0,"label":"10\u201325 %","fill":"#fee391","fillOpacity":0.34,"stroke":"#fee391","strokeOpacity":0.46,"strokeWeight":0.35},"geometry":{"type":"Polygon","coordinates":[[[25.825,35.0],[25.8,35.025],[25.7,35.025],[25.6063,35.1],[25.6063,35.2],[25.6,35.2063],[25.5,35.25],[25.45,35.3],[25.5,35.35],[25.6,35.375],[25.7,35.375],[25.775,35.3],[25.775,35.2],[25.8,35.175],[25.825,35.2],[25.9,35.275],[26.0,35.275],[26.1,35.275],[26.2,35.275],[26.3,35.275],[26.375,35.2],[26.375,35.1],[26.3,35.025],[26.2,35.025],[26.1,35.025],[26.0,35.025],[25.975,35.0],[25.9,34.925],[25.825,35.0]]]}},{"type":"Feature","properties":{"layer_id":"1981_2000_T20","layer_label":"1981_2000, T>20\u00b0C","low":10.0,"high":25.0,"label":"10\u201325 %","fill":"#fee391","fillOpacity":0.34,"stroke":"#fee391","strokeOpacity":0.46,"strokeWeight":0.35},"geometry":{"type":"Polygon","coordinates":[[[23.6,35.2125],[23.7,35.2167],[23.8,35.25],[23.85,35.3],[23.9,35.4],[23.9,35.4],[24.0,35.4],[24.0,35.4],[24.1,35.3667],[24.2,35.34],[24.26,35.4],[24.2,35.46],[24.1882,35.5],[24.1,35.5882],[24.0,35.5857],[23.9,35.5895],[23.8,35.59],[23.71,35.5],[23.7,35.4778],[23.6,35.48],[23.52,35.4],[23.5125,35.3],[23.6,35.2125]]]}},{"type":"Feature","properties":{"layer_id":"1981_2000_T20","layer_label":"1981_2000, T>20\u00b0C","low":10.0,"high":25.0,"label":"10\u201325 %","fill":"#fee391","fillOpacity":0.34,"stroke":"#fee391","strokeOpacity":0.46,"strokeWeight":0.35},"geometry":{"type":"Polygon","coordinates":[[[23.5313,35.3],[23.55,35.4],[23.6,35.45],[23.7,35.4444],[23.725,35.5],[23.8,35.575],[23.9,35.5737],[24.0,35.5643],[24.1,35.5706],[24.1706,35.5],[24.1,35.4143],[24.0,35.425],[23.9,35.4176],[23.8,35.4063],[23.78,35.4],[23.7875,35.3],[23.7,35.2417],[23.6,35.2313],[23.5313,35.3]]]}},{"type":"Feature","properties":{"layer_id":"1981_2000_T20","layer_label":"1981_2000, T>20\u00b0C","low":10.0,"high":25.0,"label":"10\u201325 %","fill":"#fee391","fillOpacity":0.34,"stroke":"#fee391","strokeOpacity":0.46,"strokeWeight":0.35},"geometry":{"type":"Polygon","coordinates":[[[34.2,35.41],[34.3,35.41],[34.39,35.5],[34.4,35.51],[34.49,35.6],[34.5,35.61],[34.59,35.7],[34.5,35.79],[34.41,35.7],[34.4,35.69],[34.31,35.6],[34.3,35.59],[34.2,35.59],[34.11,35.5],[34.2,35.41]]]}},{"type":"Feature","properties":{"layer_id":"1981_2000_T20","layer_label":"1981_2000, T>20\u00b0C","low":10.0,"high":25.0,"label":"10\u201325 %","fill":"#fee391","fillOpacity":0.34,"stroke":"#fee391","strokeOpacity":0.46,"strokeWeight":0.35},"geometry":{"type":"Polygon","coordinates":[[[34.125,35.5],[34.2,35.575],[34.3,35.575],[34.325,35.6],[34.4,35.675],[34.425,35.7],[34.5,35.775],[34.575,35.7],[34.5,35.625],[34.475,35.6],[34.4,35.525],[34.375,35.5],[34.3,35.425],[34.2,35.425],[34.125,35.5]]]}},{"type":"Feature","properties":{"layer_id":"1981_2000_T20","layer_label":"1981_2000, T>20\u00b0C","low":10.0,"high":25.0,"label":"10\u201325 %","fill":"#fee391","fillOpacity":0.34,"stroke":"#fee391","strokeOpacity":0.46,"strokeWeight":0.35},"geometry":{"type":"Polygon","coordinates":[[[6.8,35.6667],[6.9,35.6667],[7.0,35.6],[7.1,35.6],[7.2,35.625],[7.2857,35.7],[7.2,35.8],[7.1,35.8],[7.0,35.76],[6.9,35.7333],[6.8,35.8],[6.8,35.8],[6.8,35.8],[6.9,35.8667],[6.9333,35.9],[6.9,35.9333],[6.8,35.95],[6.7,36.0],[6.6,35.9667],[6.5,35.9833],[6.4167,35.9],[6.5,35.8],[6.6,35.8],[6.6,35.8],[6.7,35.7333],[6.75,35.7],[6.8,35.6667]]]}},{"type":"Feature","properties":{"layer_id":"1981_2000_T20","layer_label":"1981_2000, T>20\u00b0C","low":10.0,"high":25.0,"label":"10\u201325 %","fill":"#fee391","fillOpacity":0.34,"stroke":"#fee391","strokeOpacity":0.46,"strokeWeight":0.35},"geometry":{"type":"Polygon","coordinates":[[[14.4,35.81],[14.5,35.81],[14.59,35.9],[14.5,35.99],[14.4,35.99],[14.31,35.9],[14.4,35.81]]]}},{"type":"Feature","properties":{"layer_id":"1981_2000_T20","layer_label":"1981_2000, T>20\u00b0C","low":10.0,"high":25.0,"label":"10\u201325 %","fill":"#fee391","fillOpacity":0.34,"stroke":"#fee391","strokeOpacity":0.46,"strokeWeight":0.35},"geometry":{"type":"Polygon","coordinates":[[[14.325,35.9],[14.4,35.975],[14.5,35.975],[14.575,35.9],[14.5,35.825],[14.4,35.825],[14.325,35.9]]]}},{"type":"Feature","properties":{"layer_id":"1981_2000_T20","layer_label":"1981_2000, T>20\u00b0C","low":10.0,"high":25.0,"label":"10\u201325 %","fill":"#fee391","fillOpacity":0.34,"stroke":"#fee391","strokeOpacity":0.46,"strokeWeight":0.35},"geometry":{"type":"Polygon","coordinates":[[[8.3,35.9],[8.4,36.0],[8.4,36.0],[8.4,36.0],[8.5,35.9],[8.5667,36.0],[8.6,36.05],[8.65,36.1],[8.6,36.15],[8.5,36.175],[8.4,36.1333],[8.3,36.1],[8.3,36.1],[8.3,36.1],[8.2,36.15],[8.1,36.15],[8.05,36.1],[8.1,36.0],[8.2,36.0],[8.2,36.0],[8.3,35.9]]]}},{"type":"Feature","properties":{"layer_id":"1981_2000_T20","layer_label":"1981_2000, T>20\u00b0C","low":10.0,"high":25.0,"label":"10\u201325 %","fill":"#fee391","fillOpacity":0.34,"stroke":"#fee391","strokeOpacity":0.46,"strokeWeight":0.35},"geometry":{"type":"Polygon","coordinates":[[[27.9,35.91],[27.99,36.0],[28.0,36.01],[28.09,36.1],[28.1,36.11],[28.19,36.2],[28.19,36.3],[28.2,36.31],[28.29,36.4],[28.2,36.49],[28.1,36.49],[28.0,36.49],[27.91,36.4],[27.9,36.39],[27.81,36.3],[27.8,36.29],[27.71,36.2],[27.71,36.1],[27.8,36.01],[27.81,36.0],[27.9,35.91]]]}},{"type":"Feature","properties":{"layer_id":"1981_2000_T20","layer_label":"1981_2000, T>20\u00b0C","low":10.0,"high":25.0,"label":"10\u201325 %","fill":"#fee391","fillOpacity":0.34,"stroke":"#fee391","strokeOpacity":0.46,"strokeWeight":0.35},"geometry":{"type":"Polygon","coordinates":[[[27.825,36.0],[27.8,36.025],[27.725,36.1],[27.725,36.2],[27.8,36.275],[27.825,36.3],[27.9,36.375],[27.925,36.4],[28.0,36.475],[28.1,36.475],[28.2,36.475],[28.275,36.4],[28.2,36.325],[28.175,36.3],[28.175,36.2],[28.1,36.125],[28.075,36.1],[28.0,36.025],[27.975,36.0],[27.9,35.925],[27.825,36.0]]]}},{"type":"Feature","properties":{"layer_id":"1981_2000_T20","layer_label":"1981_2000, T>20\u00b0C","low":10.0,"high":25.0,"label":"10\u201325 %","fill":"#fee391","fillOpacity":0.34,"stroke":"#fee391","strokeOpacity":0.46,"strokeWeight":0.35},"geometry":{"type":"Polygon","coordinates":[[[-5.7,36.0333],[-5.6,36.0333],[-5.5,36.0222],[-5.4222,36.1],[-5.4,36.1182],[-5.3182,36.2],[-5.3,36.2154],[-5.2154,36.3],[-5.22,36.4],[-5.2,36.4667],[-5.1,36.44],[-5.0,36.45],[-4.9,36.4333],[-4.8,36.425],[-4.7,36.44],[-4.64,36.5],[-4.6,36.5333],[-4.5333,36.6],[-4.5,36.6286],[-4.4,36.62],[-4.3,36.6167],[-4.2167,36.7],[-4.2,36.75],[-4.1,36.7333],[-4.0,36.725],[-3.9,36.8],[-4.0,36.875],[-4.1,36.8667],[-4.2,36.85],[-4.3,36.8333],[-4.35,36.8],[-4.4,36.7889],[-4.5,36.7714],[-4.6,36.7667],[-4.7,36.7],[-4.7,36.6],[-4.7,36.6],[-4.8,36.6],[-4.9,36.5667],[-5.0,36.55],[-5.1,36.56],[-5.2,36.5333],[-5.3,36.55],[-5.4,36.5],[-5.4,36.5],[-5.5,36.5],[-5.5,36.5],[-5.6,36.6],[-5.6,36.6],[-5.6,36.6],[-5.5333,36.7],[-5.5,36.75],[-5.45,36.8],[-5.4,36.85],[-5.3,36.8667],[-5.2667,36.9],[-5.3,37.0],[-5.3,37.0],[-5.3,37.1],[-5.3,37.1],[-5.2,37.15],[-5.1,37.1667],[-5.0667,37.2],[-5.0,37.2667],[-4.95,37.3],[-4.9,37.325],[-4.8,37.32],[-4.7,37.325],[-4.625,37.4],[-4.6,37.425],[-4.54,37.5],[-4.525,37.6],[-4.5,37.7],[-4.5,37.7],[-4.4,37.8],[-4.4,37.8],[-4.3,37.8],[-4.2,37.825],[-4.1,37.8],[-4.0333,37.9],[-4.0,37.9167],[-3.9,37.9167],[-3.8,37.9],[-3.7,37.9333],[-3.6,37.9667],[-3.55,38.0],[-3.5,38.0333],[-3.4333,38.1],[-3.4,38.15],[-3.35,38.2],[-3.3,38.2167],[-3.2286,38.3],[-3.3,38.3714],[-3.4,38.38],[-3.5,38.3833],[-3.6,38.3333],[-3.7,38.3],[-3.7,38.3],[-3.7,38.3],[-3.8,38.4],[-3.8,38.4],[-3.8333,38.5],[-3.9,38.5667],[-4.0,38.55],[-4.05,38.5],[-4.0667,38.4],[-4.1,38.35],[-4.15,38.3],[-4.2,38.275],[-4.3,38.275],[-4.4,38.25],[-4.5,38.2],[-4.5,38.2],[-4.6,38.1875],[-4.7,38.2],[-4.7,38.2],[-4.8,38.25],[-4.9,38.25],[-5.0,38.2],[-5.0,38.2],[-5.1,38.1],[-5.0,38.0],[-5.0,38.0],[-5.0,38.0],[-5.1,38.0],[-5.1,38.0],[-5.1,38.1],[-5.2,38.15],[-5.3,38.15],[-5.4,38.2],[-5.5,38.1],[-5.5,38.0],[-5.5,38.0],[-5.6,37.9],[-5.6,37.9],[-5.7,37.9],[-5.7,37.9],[-5.8,37.95],[-5.85,38.0],[-5.9,38.0333],[-6.0,38.0],[-6.0,38.0],[-6.1,37.95],[-6.2,37.9],[-6.2,37.9],[-6.3,37.9],[-6.4,37.9],[-6.45,37.8],[-6.4,37.7],[-6.3,37.7],[-6.3,37.7],[-6.3,37.7],[-6.4,37.7],[-6.5,37.6],[-6.5,37.6],[-6.6,37.6],[-6.7,37.5],[-6.7,37.5],[-6.8,37.5],[-6.9,37.4],[-6.9,37.4],[-7.0,37.4],[-7.0,37.4],[-7.1,37.45],[-7.15,37.4],[-7.2,37.35],[-7.3,37.3],[-7.3,37.3],[-7.4,37.2],[-7.3,37.1286],[-7.2,37.15],[-7.1,37.2],[-7.1,37.3],[-7.1,37.3],[-7.1,37.3],[-7.1,37.2],[-7.0,37.1333],[-6.9,37.1167],[-6.8,37.1333],[-6.75,37.1],[-6.7,37.05],[-6.6,37.04],[-6.58,37.0],[-6.5,36.92],[-6.4867,36.9],[-6.4867,36.8],[-6.4778,36.7],[-6.4,36.6222],[-6.3,36.625],[-6.2667,36.6],[-6.2,36.5333],[-6.15,36.5],[-6.1714,36.4],[-6.1778,36.3],[-6.1,36.2222],[-6.075,36.2],[-6.0,36.125],[-5.925,36.2],[-5.9,36.2286],[-5.8667,36.2],[-5.8,36.1333],[-5.7667,36.1],[-5.7,36.0333]]]}},{"type":"Feature","properties":{"layer_id":"1981_2000_T20","layer_label":"1981_2000, T>20\u00b0C","low":10.0,"high":25.0,"label":"10\u201325 %","fill":"#fee391","fillOpacity":0.34,"stroke":"#fee391","strokeOpacity":0.46,"strokeWeight":0.35},"geometry":{"type":"Polygon","coordinates":[[[-5.7167,36.1],[-5.7,36.15],[-5.6,36.15],[-5.55,36.2],[-5.5,36.25],[-5.4667,36.3],[-5.475,36.4],[-5.4,36.45],[-5.3,36.4833],[-5.25,36.4],[-5.2385,36.3],[-5.3,36.2385],[-5.3455,36.2],[-5.4,36.1455],[-5.4556,36.1],[-5.5,36.0556],[-5.6,36.0833],[-5.7,36.0833],[-5.7167,36.1]]]}},{"type":"Feature","properties":{"layer_id":"1981_2000_T20","layer_label":"1981_2000, T>20\u00b0C","low":10.0,"high":25.0,"label":"10\u201325 %","fill":"#fee391","fillOpacity":0.34,"stroke":"#fee391","strokeOpacity":0.46,"strokeWeight":0.35},"geometry":{"type":"Polygon","coordinates":[[[-6.0375,36.2],[-6.1,36.2556],[-6.1444,36.3],[-6.1286,36.4],[-6.1,36.4667],[-6.0,36.5],[-5.95,36.4],[-5.9,36.3667],[-5.8,36.3],[-5.9,36.2714],[-5.9625,36.2],[-6.0,36.1625],[-6.0375,36.2]]]}},{"type":"Feature","properties":{"layer_id":"1981_2000_T20","layer_label":"1981_2000, T>20\u00b0C","low":10.0,"high":25.0,"label":"10\u201325 %","fill":"#fee391","fillOpacity":0.34,"stroke":"#fee391","strokeOpacity":0.46,"strokeWeight":0.35},"geometry":{"type":"Polygon","coordinates":[[[-6.2167,36.6],[-6.3,36.6625],[-6.4,36.6556],[-6.4444,36.7],[-6.4667,36.8],[-6.4667,36.9],[-6.5,36.95],[-6.55,37.0],[-6.5,37.1],[-6.5,37.1],[-6.4,37.2],[-6.4,37.2],[-6.3,37.275],[-6.28,37.3],[-6.3,37.3333],[-6.4,37.4],[-6.3333,37.5],[-6.35,37.6],[-6.3,37.64],[-6.2,37.7],[-6.1,37.7],[-6.0,37.7],[-6.0,37.7],[-6.0,37.7],[-6.05,37.8],[-6.0,37.8333],[-5.9,37.85],[-5.8,37.8667],[-5.7,37.8],[-5.7,37.8],[-5.6,37.7917],[-5.55,37.8],[-5.5,37.8333],[-5.4,37.8875],[-5.38,37.9],[-5.3,37.98],[-5.2,37.975],[-5.1,37.95],[-5.0,37.925],[-4.9,37.975],[-4.8667,38.0],[-4.8,38.0667],[-4.7,38.1],[-4.7,38.1],[-4.6,38.15],[-4.5,38.1667],[-4.4,38.1875],[-4.3,38.2],[-4.2,38.2],[-4.2,38.2],[-4.1,38.2333],[-4.0333,38.3],[-4.0,38.35],[-3.9,38.4],[-3.8,38.3],[-3.8,38.3],[-3.7,38.2],[-3.7,38.2],[-3.7,38.2],[-3.6,38.25],[-3.55,38.3],[-3.5,38.3333],[-3.4,38.32],[-3.3,38.3286],[-3.2714,38.3],[-3.3,38.2667],[-3.4,38.2667],[-3.4667,38.2],[-3.5,38.15],[-3.6,38.1333],[-3.6143,38.1],[-3.7,38.0143],[-3.8,38.0],[-3.8,38.0],[-3.9,37.9667],[-4.0,37.9667],[-4.1,37.92],[-4.2,37.9],[-4.3,37.9],[-4.3,37.9],[-4.4,37.85],[-4.45,37.8],[-4.5,37.75],[-4.6,37.7],[-4.6,37.7],[-4.6,37.6],[-4.6,37.5],[-4.7,37.4],[-4.7,37.4],[-4.8,37.38],[-4.9,37.4],[-4.9,37.4],[-5.0,37.4],[-5.0,37.4],[-5.1,37.3167],[-5.12,37.3],[-5.2,37.22],[-5.22,37.2],[-5.3,37.1429],[-5.375,37.1],[-5.4,37.05],[-5.5,37.1],[-5.5,37.1],[-5.5,37.1],[-5.6,37.08],[-5.7,37.1],[-5.7,37.1],[-5.7,37.1],[-5.8,37.0],[-5.8,37.0],[-5.9,36.95],[-5.95,36.9],[-6.0,36.8667],[-6.0667,36.8],[-6.1,36.75],[-6.15,36.7],[-6.15,36.6],[-6.2,36.5833],[-6.2167,36.6]]]}},{"type":"Feature","properties":{"layer_id":"1981_2000_T20","layer_label":"1981_2000, T>20\u00b0C","low":10.0,"high":25.0,"label":"10\u201325 %","fill":"#fee391","fillOpacity":0.34,"stroke":"#fee391","strokeOpacity":0.46,"strokeWeight":0.35},"geometry":{"type":"Polygon","coordinates":[[[-5.9,36.7],[-5.95,36.8],[-5.9,36.8333],[-5.8333,36.9],[-5.8,36.925],[-5.7,36.9],[-5.7,36.9],[-5.7,36.8],[-5.7,36.8],[-5.8,36.7333],[-5.9,36.7],[-5.9,36.7],[-5.9,36.7]]]}},{"type":"Feature","properties":{"layer_id":"1981_2000_T20","layer_label":"1981_2000, T>20\u00b0C","low":10.0,"high":25.0,"label":"10\u201325 %","fill":"#fee391","fillOpacity":0.34,"stroke":"#fee391","strokeOpacity":0.46,"strokeWeight":0.35},"geometry":{"type":"Polygon","coordinates":[[[-4.5667,36.7],[-4.5,36.7286],[-4.4,36.7556],[-4.3,36.7778],[-4.2417,36.7],[-4.3,36.6417],[-4.4,36.65],[-4.5,36.6714],[-4.5667,36.7]]]}},{"type":"Feature","properties":{"layer_id":"1981_2000_T20","layer_label":"1981_2000, T>20\u00b0C","low":10.0,"high":25.0,"label":"10\u201325 %","fill":"#fee391","fillOpacity":0.34,"stroke":"#fee391","strokeOpacity":0.46,"strokeWeight":0.35},"geometry":{"type":"Polygon","coordinates":[[[-7.025,37.2],[-7.0,37.2333],[-6.9333,37.3],[-6.9,37.325],[-6.8,37.4],[-6.7,37.35],[-6.65,37.3],[-6.7,37.25],[-6.75,37.2],[-6.8,37.1833],[-6.9,37.1417],[-7.0,37.1833],[-7.025,37.2]]]}},{"type":"Feature","properties":{"layer_id":"1981_2000_T20","layer_label":"1981_2000, T>20\u00b0C","low":10.0,"high":25.0,"label":"10\u201325 %","fill":"#fee391","fillOpacity":0.34,"stroke":"#fee391","strokeOpacity":0.46,"strokeWeight":0.35},"geometry":{"type":"Polygon","coordinates":[[[3.9,36.125],[4.0,36.2],[4.0,36.2],[4.1,36.2],[4.2,36.3],[4.1,36.3333],[4.0,36.36],[3.9,36.35],[3.8,36.375],[3.7,36.35],[3.6,36.35],[3.5,36.35],[3.45,36.3],[3.5,36.25],[3.6,36.2667],[3.7,36.25],[3.8,36.2],[3.8,36.2],[3.9,36.125]]]}},{"type":"Feature","properties":{"layer_id":"1981_2000_T20","layer_label":"1981_2000, T>20\u00b0C","low":10.0,"high":25.0,"label":"10\u201325 %","fill":"#fee391","fillOpacity":0.34,"stroke":"#fee391","strokeOpacity":0.46,"strokeWeight":0.35},"geometry":{"type":"Polygon","coordinates":[[[4.3,36.15],[4.4,36.2],[4.4,36.3],[4.3,36.35],[4.2,36.3],[4.2,36.2],[4.3,36.15]]]}},{"type":"Feature","properties":{"layer_id":"1981_2000_T20","layer_label":"1981_2000, T>20\u00b0C","low":10.0,"high":25.0,"label":"10\u201325 %","fill":"#fee391","fillOpacity":0.34,"stroke":"#fee391","strokeOpacity":0.46,"strokeWeight":0.35},"geometry":{"type":"Polygon","coordinates":[[[23.0,36.11],[23.09,36.2],[23.09,36.3],[23.0,36.39],[22.91,36.3],[22.91,36.2],[23.0,36.11]]]}},{"type":"Feature","properties":{"layer_id":"1981_2000_T20","layer_label":"1981_2000, T>20\u00b0C","low":10.0,"high":25.0,"label":"10\u201325 %","fill":"#fee391","fillOpacity":0.34,"stroke":"#fee391","strokeOpacity":0.46,"strokeWeight":0.35},"geometry":{"type":"Polygon","coordinates":[[[22.925,36.2],[22.925,36.3],[23.0,36.375],[23.075,36.3],[23.075,36.2],[23.0,36.125],[22.925,36.2]]]}},{"type":"Feature","properties":{"layer_id":"1981_2000_T20","layer_label":"1981_2000, T>20\u00b0C","low":10.0,"high":25.0,"label":"10\u201325 %","fill":"#fee391","fillOpacity":0.34,"stroke":"#fee391","strokeOpacity":0.46,"strokeWeight":0.35},"geometry":{"type":"Polygon","coordinates":[[[29.5,36.11],[29.59,36.2],[29.6,36.2286],[29.61,36.2],[29.7,36.11],[29.8,36.11],[29.89,36.2],[29.9,36.2105],[30.0,36.22],[30.1,36.21],[30.19,36.3],[30.2,36.31],[30.21,36.3],[30.3,36.21],[30.4,36.21],[30.5,36.21],[30.59,36.3],[30.5,36.39],[30.49,36.4],[30.5,36.4105],[30.5895,36.5],[30.59,36.6],[30.5867,36.7],[30.5833,36.8],[30.6,36.8111],[30.6889,36.9],[30.7,36.9111],[30.71,36.9],[30.8,36.81],[30.9,36.81],[31.0,36.81],[31.1,36.81],[31.2,36.81],[31.3,36.81],[31.31,36.8],[31.4,36.71],[31.5,36.71],[31.6,36.71],[31.61,36.7],[31.7,36.61],[31.8,36.6167],[31.82,36.6],[31.9,36.52],[32.0,36.6],[31.9,36.68],[31.8833,36.7],[31.85,36.8],[31.8,36.85],[31.7,36.9],[31.7,36.9],[31.6,36.95],[31.5,36.9875],[31.475,37.0],[31.4,37.075],[31.3333,37.1],[31.3,37.1333],[31.2,37.1857],[31.1,37.1875],[31.05,37.2],[31.0,37.25],[30.9,37.2846],[30.8333,37.3],[30.8,37.3333],[30.7667,37.3],[30.7,37.25],[30.65,37.2],[30.6,37.1333],[30.5667,37.1],[30.5,37.0],[30.5,36.9],[30.5,36.9],[30.4167,36.8],[30.4133,36.7],[30.41,36.6],[30.4,36.5875],[30.3,36.5778],[30.2,36.5],[30.2,36.5],[30.1,36.4333],[30.0667,36.4],[30.0,36.38],[29.9,36.3895],[29.86,36.4],[29.8,36.46],[29.74,36.4],[29.7,36.3882],[29.6,36.3714],[29.5,36.3778],[29.46,36.4],[29.4,36.46],[29.3667,36.5],[29.3667,36.6],[29.375,36.7],[29.3,36.76],[29.2,36.7333],[29.1,36.7833],[29.09,36.8],[29.05,36.9],[29.0,37.0],[29.0,37.0],[28.9,37.0333],[28.8,37.06],[28.7,37.0909],[28.675,37.1],[28.6,37.2],[28.5,37.19],[28.4,37.2],[28.4,37.2],[28.3333,37.3],[28.3333,37.4],[28.3,37.5],[28.3,37.5],[28.2,37.56],[28.1,37.6],[28.1,37.6],[28.0833,37.7],[28.1,37.72],[28.2,37.72],[28.3,37.7333],[28.4,37.725],[28.5,37.75],[28.55,37.8],[28.6,37.85],[28.7,37.85],[28.8,37.8667],[28.9,37.8182],[29.0,37.8056],[29.0167,37.8],[29.1,37.7286],[29.2,37.725],[29.3,37.7333],[29.4,37.8],[29.35,37.9],[29.3,37.9333],[29.2,37.9714],[29.1333,38.0],[29.1,38.05],[29.0,38.1],[28.9,38.0933],[28.8,38.0667],[28.7333,38.0],[28.7,37.95],[28.6,37.9333],[28.5,37.9833],[28.4,37.9917],[28.3,37.9875],[28.2,37.95],[28.1,37.9],[28.1,37.9],[28.0,37.8917],[27.9,37.8933],[27.85,37.9],[27.8,37.9333],[27.7,37.96],[27.65,38.0],[27.6857,38.1],[27.7,38.1167],[27.8,38.1333],[27.9,38.1143],[28.0,38.1125],[28.1,38.1143],[28.2,38.2],[28.1,38.275],[28.0,38.2778],[27.9,38.275],[27.8,38.25],[27.7,38.2714],[27.6,38.2],[27.6,38.2],[27.6,38.2],[27.5,38.275],[27.45,38.3],[27.4,38.35],[27.35,38.4],[27.3,38.45],[27.275,38.5],[27.25,38.6],[27.2667,38.7],[27.2667,38.8],[27.2667,38.9],[27.2667,39.0],[27.3,39.05],[27.35,39.1],[27.3,39.15],[27.25,39.2],[27.2,39.2333],[27.15,39.2],[27.1,39.1857],[27.0667,39.2],[27.0,39.25],[26.95,39.3],[27.0,39.4],[27.0,39.4],[27.08,39.5],[27.0,39.6],[26.9,39.5941],[26.8111,39.5],[26.8,39.4882],[26.7118,39.4],[26.7,39.39],[26.61,39.3],[26.7,39.21],[26.7143,39.2],[26.8,39.1143],[26.8133,39.1],[26.81,39.0],[26.9,38.91],[27.0,38.9125],[27.0167,38.9],[27.0,38.8846],[26.9154,38.8],[26.9,38.7889],[26.8,38.7895],[26.7105,38.7],[26.7105,38.6],[26.8,38.5105],[26.9,38.5111],[26.9125,38.5],[27.0,38.4125],[27.1,38.42],[27.125,38.4],[27.1,38.3778],[27.0,38.38],[26.9,38.3846],[26.8,38.39],[26.7,38.39],[26.69,38.4],[26.6,38.49],[26.59,38.5],[26.59,38.6],[26.5,38.69],[26.4,38.69],[26.31,38.6],[26.4,38.51],[26.41,38.5],[26.5,38.41],[26.51,38.4],[26.5,38.39],[26.4,38.39],[26.3,38.39],[26.21,38.3],[26.3,38.21],[26.4,38.21],[26.41,38.2],[26.5,38.11],[26.6,38.11],[26.69,38.2],[26.7,38.21],[26.71,38.2],[26.8,38.11],[26.81,38.1],[26.9,38.01],[27.0,38.01],[27.1,38.0133],[27.11,38.0],[27.2,37.91],[27.2125,37.9],[27.2105,37.8],[27.2105,37.7],[27.2,37.69],[27.11,37.6],[27.2,37.51],[27.21,37.5],[27.21,37.4],[27.3,37.31],[27.4,37.31],[27.5,37.3105],[27.51,37.3],[27.6,37.21],[27.61,37.2],[27.6,37.19],[27.5,37.19],[27.4,37.19],[27.3,37.19],[27.21,37.1],[27.21,37.0],[27.2,36.99],[27.11,36.9],[27.1,36.89],[27.01,36.8],[27.1,36.71],[27.19,36.8],[27.2,36.81],[27.29,36.9],[27.3,36.91],[27.39,37.0],[27.4,37.01],[27.41,37.0],[27.5,36.91],[27.6,36.91],[27.7,36.91],[27.8,36.91],[27.89,37.0],[27.9,37.0105],[28.0,37.0125],[28.1,37.0133],[28.2,37.0125],[28.3,37.0125],[28.3105,37.0],[28.3,36.99],[28.2,36.99],[28.1,36.99],[28.01,36.9],[28.01,36.8],[28.01,36.7],[28.1,36.61],[28.2,36.61],[28.29,36.7],[28.29,36.8],[28.3,36.81],[28.4,36.8105],[28.5,36.8105],[28.51,36.8],[28.6,36.71],[28.61,36.7],[28.7,36.61],[28.8,36.61],[28.89,36.7],[28.9,36.7111],[29.0,36.7182],[29.0286,36.7],[29.05,36.6],[29.1,36.55],[29.1667,36.5],[29.1105,36.4],[29.2,36.3105],[29.21,36.3],[29.3,36.21],[29.4,36.21],[29.41,36.2],[29.5,36.11]]]}},{"type":"Feature","properties":{"layer_id":"1981_2000_T20","layer_label":"1981_2000, T>20\u00b0C","low":10.0,"high":25.0,"label":"10\u201325 %","fill":"#fee391","fillOpacity":0.34,"stroke":"#fee391","strokeOpacity":0.46,"strokeWeight":0.35},"geometry":{"type":"Polygon","coordinates":[[[29.425,36.2],[29.4,36.225],[29.3,36.225],[29.225,36.3],[29.2,36.3263],[29.1263,36.4],[29.2,36.4875],[29.2667,36.5],[29.275,36.6],[29.3,36.7],[29.3167,36.6],[29.3167,36.5],[29.4,36.4],[29.4,36.4],[29.5,36.3444],[29.6,36.3286],[29.7,36.3706],[29.8,36.4],[29.9,36.3737],[30.0,36.35],[30.1,36.3882],[30.1118,36.4],[30.2,36.4833],[30.2429,36.5],[30.3,36.5444],[30.4,36.5688],[30.425,36.6],[30.4333,36.7],[30.4417,36.8],[30.5,36.87],[30.5188,36.9],[30.5214,37.0],[30.6,37.0846],[30.6154,37.1],[30.7,37.1917],[30.7091,37.2],[30.8,37.2833],[30.9,37.2615],[30.9889,37.2],[31.0,37.1929],[31.1,37.1688],[31.2,37.1643],[31.2818,37.1],[31.3,37.0867],[31.4,37.0375],[31.4375,37.0],[31.5,36.9688],[31.5917,36.9],[31.6,36.8938],[31.7,36.8727],[31.7889,36.8],[31.8,36.7875],[31.8583,36.7],[31.9,36.65],[31.9625,36.6],[31.9,36.55],[31.85,36.6],[31.8,36.6417],[31.7,36.625],[31.625,36.7],[31.6,36.725],[31.5,36.725],[31.4,36.725],[31.325,36.8],[31.3,36.825],[31.2,36.825],[31.1,36.825],[31.0,36.825],[30.9,36.825],[30.8,36.825],[30.725,36.9],[30.7,36.9278],[30.6722,36.9],[30.6,36.8278],[30.5583,36.8],[30.5667,36.7],[30.575,36.6],[30.5737,36.5],[30.5,36.4263],[30.475,36.4],[30.5,36.375],[30.575,36.3],[30.5,36.225],[30.4,36.225],[30.3,36.225],[30.225,36.3],[30.2,36.325],[30.175,36.3],[30.1,36.225],[30.0,36.25],[29.9,36.2263],[29.875,36.2],[29.8,36.125],[29.7,36.125],[29.625,36.2],[29.6,36.2714],[29.575,36.2],[29.5,36.125],[29.425,36.2]]]}},{"type":"Feature","properties":{"layer_id":"1981_2000_T20","layer_label":"1981_2000, T>20\u00b0C","low":10.0,"high":25.0,"label":"10\u201325 %","fill":"#fee391","fillOpacity":0.34,"stroke":"#fee391","strokeOpacity":0.46,"strokeWeight":0.35},"geometry":{"type":"Polygon","coordinates":[[[28.025,36.7],[28.025,36.8],[28.025,36.9],[28.1,36.975],[28.2,36.975],[28.3,36.975],[28.3263,37.0],[28.3,37.0313],[28.2,37.0313],[28.1,37.0333],[28.0,37.0313],[27.9,37.0263],[27.875,37.0],[27.8,36.925],[27.7,36.925],[27.6,36.925],[27.5,36.925],[27.425,37.0],[27.4,37.025],[27.375,37.0],[27.3,36.925],[27.275,36.9],[27.2,36.825],[27.175,36.8],[27.1,36.725],[27.025,36.8],[27.1,36.875],[27.125,36.9],[27.2,36.975],[27.225,37.0],[27.225,37.1],[27.3,37.175],[27.4,37.175],[27.5,37.175],[27.6,37.175],[27.625,37.2],[27.6,37.225],[27.525,37.3],[27.5,37.3263],[27.4,37.325],[27.3,37.325],[27.225,37.4],[27.225,37.5],[27.2,37.525],[27.125,37.6],[27.2,37.675],[27.2263,37.7],[27.2263,37.8],[27.2313,37.9],[27.2,37.925],[27.125,38.0],[27.1,38.0333],[27.0,38.025],[26.9,38.025],[26.825,38.1],[26.8,38.125],[26.725,38.2],[26.7,38.225],[26.675,38.2],[26.6,38.125],[26.5,38.125],[26.425,38.2],[26.4,38.225],[26.3,38.225],[26.225,38.3],[26.3,38.375],[26.4,38.375],[26.5,38.375],[26.525,38.4],[26.5,38.425],[26.425,38.5],[26.4,38.525],[26.325,38.6],[26.4,38.675],[26.5,38.675],[26.575,38.6],[26.575,38.5],[26.6,38.475],[26.675,38.4],[26.7,38.375],[26.8,38.375],[26.9,38.3615],[27.0,38.35],[27.1,38.3444],[27.1625,38.4],[27.1,38.45],[27.0,38.4313],[26.9313,38.5],[26.9,38.5278],[26.8,38.5263],[26.7263,38.6],[26.7263,38.7],[26.8,38.7737],[26.9,38.7722],[26.9385,38.8],[27.0,38.8615],[27.0417,38.9],[27.0,38.9313],[26.9,38.925],[26.825,39.0],[26.8333,39.1],[26.8,39.1357],[26.7357,39.2],[26.7,39.225],[26.625,39.3],[26.7,39.375],[26.7294,39.4],[26.8,39.4706],[26.8278,39.5],[26.9,39.5765],[27.0,39.525],[27.02,39.5],[27.0,39.475],[26.9625,39.4],[26.9,39.3167],[26.8933,39.3],[26.9,39.2857],[26.9857,39.2],[27.0,39.1857],[27.1,39.1429],[27.2,39.1333],[27.2333,39.1],[27.2,39.05],[27.1857,39.0],[27.1875,38.9],[27.18,38.8],[27.175,38.7],[27.1833,38.6],[27.2,38.5],[27.2,38.5],[27.26,38.4],[27.3,38.3714],[27.3714,38.3],[27.4,38.25],[27.5,38.2],[27.5,38.2],[27.6,38.15],[27.6429,38.1],[27.6,38.025],[27.5667,38.0],[27.6,37.975],[27.7,37.9],[27.7,37.9],[27.8,37.8833],[27.9,37.8733],[28.0,37.8667],[28.1,37.825],[28.2,37.85],[28.22,37.9],[28.3,37.95],[28.4,37.9667],[28.5,37.9333],[28.55,37.9],[28.5,37.85],[28.4,37.8],[28.4,37.8],[28.3,37.7833],[28.2,37.78],[28.1,37.78],[28.0333,37.7],[28.05,37.6],[28.1,37.57],[28.2,37.5],[28.2,37.5],[28.2833,37.4],[28.28,37.3],[28.3,37.2],[28.3,37.2],[28.4,37.18],[28.5,37.16],[28.6,37.1],[28.6,37.1],[28.7,37.0636],[28.8,37.0],[28.8,37.0],[28.9,36.9818],[28.99,36.9],[29.0,36.8857],[29.06,36.8],[29.0,36.7455],[28.9,36.7278],[28.875,36.7],[28.8,36.625],[28.7,36.625],[28.625,36.7],[28.6,36.725],[28.525,36.8],[28.5,36.8263],[28.4,36.8263],[28.3,36.825],[28.275,36.8],[28.275,36.7],[28.2,36.625],[28.1,36.625],[28.025,36.7]]]}},{"type":"Feature","properties":{"layer_id":"1981_2000_T20","layer_label":"1981_2000, T>20\u00b0C","low":10.0,"high":25.0,"label":"10\u201325 %","fill":"#fee391","fillOpacity":0.34,"stroke":"#fee391","strokeOpacity":0.46,"strokeWeight":0.35},"geometry":{"type":"Polygon","coordinates":[[[29.0667,37.8],[29.0,37.8222],[28.9,37.8455],[28.825,37.9],[28.8083,38.0],[28.9,38.0733],[29.0,38.0786],[29.0846,38.0],[29.1,37.9846],[29.2,37.9286],[29.25,37.9],[29.3,37.8333],[29.325,37.8],[29.3,37.7833],[29.2,37.7625],[29.1,37.7714],[29.0667,37.8]]]}},{"type":"Feature","properties":{"layer_id":"1981_2000_T20","layer_label":"1981_2000, T>20\u00b0C","low":10.0,"high":25.0,"label":"10\u201325 %","fill":"#fee391","fillOpacity":0.34,"stroke":"#fee391","strokeOpacity":0.46,"strokeWeight":0.35},"geometry":{"type":"Polygon","coordinates":[[[27.825,38.2],[27.9,38.2375],[28.0,38.2444],[28.1,38.2375],[28.15,38.2],[28.1,38.1571],[28.0,38.15],[27.9,38.1571],[27.825,38.2]]]}},{"type":"Feature","properties":{"layer_id":"1981_2000_T20","layer_label":"1981_2000, T>20\u00b0C","low":10.0,"high":25.0,"label":"10\u201325 %","fill":"#fee391","fillOpacity":0.34,"stroke":"#fee391","strokeOpacity":0.46,"strokeWeight":0.35},"geometry":{"type":"Polygon","coordinates":[[[25.4,36.31],[25.5,36.31],[25.59,36.4],[25.5,36.49],[25.4,36.49],[25.31,36.4],[25.4,36.31]]]}},{"type":"Feature","properties":{"layer_id":"1981_2000_T20","layer_label":"1981_2000, T>20\u00b0C","low":10.0,"high":25.0,"label":"10\u201325 %","fill":"#fee391","fillOpacity":0.34,"stroke":"#fee391","strokeOpacity":0.46,"strokeWeight":0.35},"geometry":{"type":"Polygon","coordinates":[[[25.325,36.4],[25.4,36.475],[25.5,36.475],[25.575,36.4],[25.5,36.325],[25.4,36.325],[25.325,36.4]]]}},{"type":"Feature","properties":{"layer_id":"1981_2000_T20","layer_label":"1981_2000, T>20\u00b0C","low":10.0,"high":25.0,"label":"10\u201325 %","fill":"#fee391","fillOpacity":0.34,"stroke":"#fee391","strokeOpacity":0.46,"strokeWeight":0.35},"geometry":{"type":"Polygon","coordinates":[[[23.1,36.41],[23.19,36.5],[23.1,36.59],[23.09,36.6],[23.0857,36.7],[23.1,36.71],[23.19,36.8],[23.1,36.89],[23.06,36.9],[23.0,36.96],[22.9,37.0],[22.8,36.95],[22.75,37.0],[22.7,37.0333],[22.6,37.0875],[22.55,37.1],[22.5,37.1333],[22.45,37.1],[22.45,37.0],[22.44,36.9],[22.4,36.8714],[22.3,36.875],[22.26,36.9],[22.2,36.975],[22.14,36.9],[22.2,36.84],[22.225,36.8],[22.3,36.725],[22.31,36.7],[22.4,36.61],[22.49,36.7],[22.5,36.7154],[22.6,36.7105],[22.6895,36.8],[22.7,36.8111],[22.7118,36.8],[22.8,36.7118],[22.8111,36.7],[22.9,36.6111],[22.91,36.6],[23.0,36.51],[23.01,36.5],[23.1,36.41]]]}},{"type":"Feature","properties":{"layer_id":"1981_2000_T20","layer_label":"1981_2000, T>20\u00b0C","low":10.0,"high":25.0,"label":"10\u201325 %","fill":"#fee391","fillOpacity":0.34,"stroke":"#fee391","strokeOpacity":0.46,"strokeWeight":0.35},"geometry":{"type":"Polygon","coordinates":[[[23.025,36.5],[23.0,36.525],[22.925,36.6],[22.9,36.6278],[22.8278,36.7],[22.8,36.7294],[22.7294,36.8],[22.7,36.8278],[22.6737,36.8],[22.6,36.7263],[22.5,36.7385],[22.475,36.7],[22.4,36.625],[22.325,36.7],[22.3,36.7625],[22.2625,36.8],[22.3,36.8375],[22.4,36.8286],[22.5,36.9],[22.5,36.9],[22.52,37.0],[22.6,37.05],[22.6667,37.0],[22.7,36.9867],[22.7867,36.9],[22.8,36.8857],[22.9,36.875],[23.0,36.9],[23.1,36.875],[23.175,36.8],[23.1,36.725],[23.0643,36.7],[23.075,36.6],[23.1,36.575],[23.175,36.5],[23.1,36.425],[23.025,36.5]]]}},{"type":"Feature","properties":{"layer_id":"1981_2000_T20","layer_label":"1981_2000, T>20\u00b0C","low":10.0,"high":25.0,"label":"10\u201325 %","fill":"#fee391","fillOpacity":0.34,"stroke":"#fee391","strokeOpacity":0.46,"strokeWeight":0.35},"geometry":{"type":"Polygon","coordinates":[[[32.7,36.5667],[32.8,36.5333],[32.9,36.5],[32.9333,36.6],[32.9,36.6333],[32.8,36.65],[32.7,36.6333],[32.6667,36.6],[32.7,36.5667]]]}},{"type":"Feature","properties":{"layer_id":"1981_2000_T20","layer_label":"1981_2000, T>20\u00b0C","low":10.0,"high":25.0,"label":"10\u201325 %","fill":"#fee391","fillOpacity":0.34,"stroke":"#fee391","strokeOpacity":0.46,"strokeWeight":0.35},"geometry":{"type":"Polygon","coordinates":[[[5.7,36.64],[5.8,36.6667],[5.9,36.6667],[5.95,36.7],[6.0,36.7125],[6.1,36.7143],[6.2,36.72],[6.3,36.7],[6.4,36.7167],[6.5,36.7333],[6.6,36.7333],[6.7,36.7333],[6.8,36.7],[6.9,36.8],[6.88,36.9],[6.8,36.98],[6.7,36.9857],[6.6,36.9833],[6.5889,37.0],[6.5,37.0889],[6.49,37.1],[6.4,37.19],[6.31,37.1],[6.3,37.0875],[6.2125,37.0],[6.2182,36.9],[6.2,36.8667],[6.1875,36.9],[6.1,36.9875],[6.0125,36.9],[6.0,36.8778],[5.9,36.8857],[5.8,36.8857],[5.7,36.8867],[5.6133,36.8],[5.64,36.7],[5.7,36.64]]]}},{"type":"Feature","properties":{"layer_id":"1981_2000_T20","layer_label":"1981_2000, T>20\u00b0C","low":10.0,"high":25.0,"label":"10\u201325 %","fill":"#fee391","fillOpacity":0.34,"stroke":"#fee391","strokeOpacity":0.46,"strokeWeight":0.35},"geometry":{"type":"Polygon","coordinates":[[[5.6333,36.8],[5.7,36.8667],[5.8,36.8643],[5.9,36.8643],[6.0,36.8444],[6.0313,36.9],[6.1,36.9688],[6.1688,36.9],[6.2,36.8167],[6.2455,36.9],[6.2313,37.0],[6.3,37.0688],[6.325,37.1],[6.4,37.175],[6.475,37.1],[6.5,37.0722],[6.5722,37.0],[6.6,36.9583],[6.7,36.9643],[6.8,36.95],[6.85,36.9],[6.8,36.8167],[6.7,36.81],[6.6,36.8125],[6.5,36.82],[6.4667,36.8],[6.4,36.7667],[6.3,36.75],[6.2,36.78],[6.1,36.7571],[6.0,36.75],[5.9,36.7182],[5.8,36.7182],[5.7,36.7],[5.6333,36.8]]]}},{"type":"Feature","properties":{"layer_id":"1981_2000_T20","layer_label":"1981_2000, T>20\u00b0C","low":10.0,"high":25.0,"label":"10\u201325 %","fill":"#fee391","fillOpacity":0.34,"stroke":"#fee391","strokeOpacity":0.46,"strokeWeight":0.35},"geometry":{"type":"Polygon","coordinates":[[[14.8,36.61],[14.89,36.7],[14.9,36.71],[14.91,36.7],[15.0,36.61],[15.09,36.7],[15.0895,36.8],[15.0889,36.9],[15.1,36.9111],[15.2,36.9105],[15.2895,37.0],[15.2895,37.1],[15.2895,37.2],[15.2889,37.3],[15.2,37.3889],[15.1889,37.4],[15.19,37.5],[15.1867,37.6],[15.2,37.6286],[15.2714,37.7],[15.2875,37.8],[15.2875,37.9],[15.3,37.95],[15.3111,37.9],[15.4,37.8111],[15.4889,37.9],[15.45,38.0],[15.4,38.05],[15.3,38.05],[15.2667,38.1],[15.3,38.1118],[15.4,38.1118],[15.5,38.1125],[15.6,38.1125],[15.7,38.15],[15.75,38.2],[15.7,38.25],[15.6882,38.3],[15.6,38.3882],[15.5,38.3882],[15.4118,38.3],[15.4,38.2882],[15.3,38.2882],[15.2118,38.2],[15.2,38.1667],[15.1,38.1867],[15.0,38.1846],[14.9,38.175],[14.8,38.1833],[14.7167,38.1],[14.8,38.0167],[14.9,38.025],[15.0,38.0154],[15.1,38.0],[15.1,38.0],[15.1125,37.9],[15.1125,37.8],[15.1286,37.7],[15.1,37.6867],[15.0071,37.6],[15.0,37.5944],[14.95,37.6],[14.9,37.6333],[14.8,37.66],[14.7,37.6],[14.7111,37.5],[14.7,37.45],[14.6667,37.4],[14.65,37.3],[14.6,37.2667],[14.5,37.2],[14.5,37.2],[14.4,37.1846],[14.3,37.1846],[14.2,37.1857],[14.1143,37.1],[14.2,37.0143],[14.3,37.0154],[14.3105,37.0],[14.4,36.9105],[14.4105,36.9],[14.41,36.8],[14.5,36.71],[14.6,36.71],[14.7,36.7105],[14.71,36.7],[14.8,36.61]]]}},{"type":"Feature","properties":{"layer_id":"1981_2000_T20","layer_label":"1981_2000, T>20\u00b0C","low":10.0,"high":25.0,"label":"10\u201325 %","fill":"#fee391","fillOpacity":0.34,"stroke":"#fee391","strokeOpacity":0.46,"strokeWeight":0.35},"geometry":{"type":"Polygon","coordinates":[[[14.725,36.7],[14.7,36.7263],[14.6,36.725],[14.5,36.725],[14.425,36.8],[14.4263,36.9],[14.4,36.9263],[14.3263,37.0],[14.3,37.0385],[14.2,37.0357],[14.1357,37.1],[14.2,37.1643],[14.3,37.1615],[14.4,37.1615],[14.5,37.175],[14.6,37.1],[14.6,37.1],[14.7,37.0667],[14.7667,37.0],[14.8,36.9833],[14.85,37.0],[14.9,37.05],[14.9333,37.1],[14.9,37.2],[14.9,37.2],[14.8,37.275],[14.7667,37.3],[14.725,37.4],[14.7444,37.5],[14.8,37.6],[14.9,37.5875],[15.0,37.5778],[15.0286,37.6],[15.1,37.6667],[15.1714,37.7],[15.1313,37.8],[15.1313,37.9],[15.2,37.9846],[15.2688,37.9],[15.2688,37.8],[15.2286,37.7],[15.2,37.6714],[15.1667,37.6],[15.175,37.5],[15.1722,37.4],[15.2,37.3722],[15.2722,37.3],[15.2737,37.2],[15.2737,37.1],[15.2737,37.0],[15.2,36.9263],[15.1,36.9278],[15.0722,36.9],[15.0737,36.8],[15.075,36.7],[15.0,36.625],[14.925,36.7],[14.9,36.725],[14.875,36.7],[14.8,36.625],[14.725,36.7]]]}},{"type":"Feature","properties":{"layer_id":"1981_2000_T20","layer_label":"1981_2000, T>20\u00b0C","low":10.0,"high":25.0,"label":"10\u201325 %","fill":"#fee391","fillOpacity":0.34,"stroke":"#fee391","strokeOpacity":0.46,"strokeWeight":0.35},"geometry":{"type":"Polygon","coordinates":[[[14.7417,38.1],[14.8,38.1583],[14.9,38.1375],[15.0,38.1615],[15.1,38.1667],[15.2,38.1167],[15.2294,38.2],[15.3,38.2706],[15.4,38.2706],[15.4294,38.3],[15.5,38.3706],[15.6,38.3706],[15.6706,38.3],[15.6917,38.2],[15.6,38.1313],[15.5,38.1313],[15.4,38.1294],[15.3,38.1294],[15.2167,38.1],[15.2,38.0667],[15.1,38.0231],[15.0,38.0385],[14.9,38.0625],[14.8,38.0417],[14.7417,38.1]]]}},{"type":"Feature","properties":{"layer_id":"1981_2000_T20","layer_label":"1981_2000, T>20\u00b0C","low":10.0,"high":25.0,"label":"10\u201325 %","fill":"#fee391","fillOpacity":0.34,"stroke":"#fee391","strokeOpacity":0.46,"strokeWeight":0.35},"geometry":{"type":"Polygon","coordinates":[[[-3.7,36.7333],[-3.6,36.725],[-3.5,36.7286],[-3.4,36.75],[-3.3,36.7667],[-3.2,36.7167],[-3.1,36.7182],[-3.0,36.7222],[-2.9,36.725],[-2.8,36.725],[-2.7,36.72],[-2.6,36.71],[-2.51,36.8],[-2.5,36.8182],[-2.4,36.8182],[-2.39,36.8],[-2.3,36.71],[-2.2,36.71],[-2.1,36.71],[-2.01,36.8],[-2.0,36.81],[-1.91,36.9],[-1.9,36.91],[-1.81,37.0],[-1.8154,37.1],[-1.825,37.2],[-1.8,37.2143],[-1.7143,37.3],[-1.7,37.3182],[-1.6,37.3105],[-1.5105,37.4],[-1.5,37.4118],[-1.4,37.4118],[-1.3118,37.5],[-1.3,37.5105],[-1.2,37.51],[-1.11,37.6],[-1.1,37.6125],[-1.09,37.6],[-1.0,37.51],[-0.91,37.6],[-0.91,37.7],[-0.9,37.71],[-0.8,37.71],[-0.71,37.8],[-0.7,37.81],[-0.61,37.9],[-0.6118,38.0],[-0.6133,38.1],[-0.6,38.1105],[-0.5105,38.2],[-0.5111,38.3],[-0.5,38.3111],[-0.4111,38.4],[-0.4,38.4125],[-0.3,38.4111],[-0.2111,38.5],[-0.2,38.5286],[-0.1,38.5222],[-0.0222,38.6],[0.0,38.6125],[0.1,38.6105],[0.1895,38.7],[0.19,38.8],[0.1,38.89],[0.0,38.8889],[-0.01,38.9],[-0.1,38.99],[-0.1133,39.0],[-0.2,39.0867],[-0.2118,39.1],[-0.2,39.11],[-0.11,39.2],[-0.2,39.29],[-0.3,39.2895],[-0.3143,39.3],[-0.3143,39.4],[-0.3,39.4105],[-0.2105,39.5],[-0.3,39.5895],[-0.3167,39.6],[-0.3,39.6167],[-0.2,39.6105],[-0.1105,39.7],[-0.1,39.7105],[-0.0105,39.8],[-0.0118,39.9],[0.0,39.91],[0.09,40.0],[0.1,40.0154],[0.1846,40.1],[0.1,40.1846],[0.0,40.15],[-0.05,40.1],[-0.1,40.0778],[-0.1875,40.0],[-0.2,39.95],[-0.25,39.9],[-0.3,39.85],[-0.35,39.8],[-0.4,39.7],[-0.4,39.7],[-0.4909,39.6],[-0.5,39.575],[-0.575,39.5],[-0.6,39.4],[-0.5667,39.3],[-0.55,39.2],[-0.55,39.1],[-0.5,39.0],[-0.4,39.0],[-0.4,39.0],[-0.35,38.9],[-0.3,38.85],[-0.275,38.8],[-0.2,38.7],[-0.2,38.7],[-0.2,38.7],[-0.3,38.6],[-0.3,38.6],[-0.4,38.5875],[-0.5,38.575],[-0.6,38.5],[-0.6,38.5],[-0.7,38.4714],[-0.8,38.45],[-0.85,38.4],[-0.9,38.35],[-0.95,38.3],[-1.0,38.2],[-1.0,38.2],[-1.0,38.2],[-1.1,38.2333],[-1.2,38.25],[-1.3,38.2333],[-1.35,38.2],[-1.35,38.1],[-1.3333,38.0],[-1.3,37.9667],[-1.2,38.0],[-1.2,38.0],[-1.2,38.0],[-1.2,37.9],[-1.2,37.9],[-1.3,37.8],[-1.3,37.8],[-1.4,37.75],[-1.45,37.7],[-1.5,37.6333],[-1.5333,37.6],[-1.6,37.5818],[-1.7,37.55],[-1.75,37.5],[-1.8,37.46],[-1.86,37.4],[-1.9,37.35],[-1.95,37.3],[-1.9857,37.2],[-2.0,37.15],[-2.0333,37.1],[-2.1,37.0714],[-2.2,37.0667],[-2.3,37.0667],[-2.4,37.05],[-2.44,37.1],[-2.5,37.16],[-2.6,37.1667],[-2.68,37.1],[-2.65,37.0],[-2.6,36.9],[-2.6,36.9],[-2.6,36.9],[-2.7,36.88],[-2.8,36.875],[-2.9,36.875],[-3.0,36.8875],[-3.0143,36.9],[-3.1,36.975],[-3.1857,36.9],[-3.2,36.8909],[-3.3,36.8333],[-3.4,36.85],[-3.5,36.8714],[-3.6,36.875],[-3.7,36.8667],[-3.8,36.8],[-3.7,36.7333]]]}},{"type":"Feature","properties":{"layer_id":"1981_2000_T20","layer_label":"1981_2000, T>20\u00b0C","low":10.0,"high":25.0,"label":"10\u201325 %","fill":"#fee391","fillOpacity":0.34,"stroke":"#fee391","strokeOpacity":0.46,"strokeWeight":0.35},"geometry":{"type":"Polygon","coordinates":[[[-3.2778,36.8],[-3.2,36.8636],[-3.1429,36.9],[-3.1,36.9375],[-3.0571,36.9],[-3.0,36.85],[-2.9,36.8375],[-2.8,36.8375],[-2.7,36.85],[-2.6,36.8833],[-2.5667,36.9],[-2.58,37.0],[-2.6,37.05],[-2.62,37.1],[-2.6,37.1167],[-2.5,37.1],[-2.5,37.1],[-2.42,37.0],[-2.4,36.9857],[-2.35,37.0],[-2.3,37.0167],[-2.2,37.0167],[-2.1,37.0286],[-2.0,37.0867],[-1.98,37.1],[-1.9429,37.2],[-1.9,37.275],[-1.89,37.3],[-1.8,37.4],[-1.8,37.4],[-1.7,37.4857],[-1.6857,37.5],[-1.6,37.5545],[-1.5,37.5857],[-1.4846,37.6],[-1.4,37.6917],[-1.375,37.7],[-1.3,37.75],[-1.2,37.775],[-1.1333,37.8],[-1.1,37.9],[-1.1,37.9],[-1.0,38.0],[-1.0,38.0],[-0.975,38.1],[-0.9,38.2],[-0.8,38.2],[-0.8,38.2],[-0.8,38.2],[-0.8667,38.3],[-0.8,38.3667],[-0.7667,38.4],[-0.7,38.4286],[-0.6,38.4727],[-0.55,38.5],[-0.5,38.5375],[-0.4,38.5688],[-0.3,38.5813],[-0.24,38.6],[-0.2,38.64],[-0.1,38.68],[-0.0917,38.7],[-0.1,38.7111],[-0.2,38.8],[-0.2,38.8],[-0.2846,38.9],[-0.3,38.9667],[-0.325,39.0],[-0.4,39.03],[-0.4778,39.1],[-0.475,39.2],[-0.49,39.3],[-0.5,39.4],[-0.5,39.5],[-0.4636,39.6],[-0.4,39.67],[-0.37,39.7],[-0.3,39.7778],[-0.2846,39.8],[-0.2,39.8846],[-0.1857,39.9],[-0.15,40.0],[-0.1,40.0444],[0.0,40.0938],[0.0111,40.1],[0.1,40.1615],[0.1615,40.1],[0.1,40.0385],[0.075,40.0],[0.0,39.925],[-0.0294,39.9],[-0.0263,39.8],[-0.1,39.7263],[-0.1263,39.7],[-0.2,39.6263],[-0.3,39.6417],[-0.3417,39.6],[-0.3,39.5737],[-0.2263,39.5],[-0.3,39.4263],[-0.3357,39.4],[-0.3357,39.3],[-0.3,39.2737],[-0.2,39.275],[-0.125,39.2],[-0.2,39.125],[-0.2294,39.1],[-0.2,39.0667],[-0.1333,39.0],[-0.1,38.975],[-0.025,38.9],[0.0,38.8722],[0.1,38.875],[0.175,38.8],[0.1737,38.7],[0.1,38.6263],[0.0,38.6313],[-0.0556,38.6],[-0.1,38.5556],[-0.2,38.5714],[-0.2278,38.5],[-0.3,38.4278],[-0.4,38.4313],[-0.4278,38.4],[-0.5,38.3278],[-0.5278,38.3],[-0.5263,38.2],[-0.6,38.1263],[-0.6333,38.1],[-0.6294,38.0],[-0.625,37.9],[-0.7,37.825],[-0.725,37.8],[-0.8,37.725],[-0.9,37.725],[-0.925,37.7],[-0.925,37.6],[-1.0,37.525],[-1.075,37.6],[-1.1,37.6313],[-1.125,37.6],[-1.2,37.525],[-1.3,37.5263],[-1.3294,37.5],[-1.4,37.4294],[-1.5,37.4294],[-1.5263,37.4],[-1.6,37.3263],[-1.7,37.3455],[-1.7357,37.3],[-1.8,37.2357],[-1.8625,37.2],[-1.8385,37.1],[-1.825,37.0],[-1.9,36.925],[-1.925,36.9],[-2.0,36.825],[-2.025,36.8],[-2.1,36.725],[-2.2,36.725],[-2.3,36.725],[-2.375,36.8],[-2.4,36.8455],[-2.5,36.8455],[-2.525,36.8],[-2.6,36.725],[-2.7,36.75],[-2.8,36.7625],[-2.9,36.7625],[-3.0,36.7556],[-3.1,36.7455],[-3.2,36.7417],[-3.2778,36.8]]]}},{"type":"Feature","properties":{"layer_id":"1981_2000_T20","layer_label":"1981_2000, T>20\u00b0C","low":10.0,"high":25.0,"label":"10\u201325 %","fill":"#fee391","fillOpacity":0.34,"stroke":"#fee391","strokeOpacity":0.46,"strokeWeight":0.35},"geometry":{"type":"Polygon","coordinates":[[[21.8,36.71],[21.9,36.7111],[21.9889,36.8],[21.9895,36.9],[22.0,36.9105],[22.0895,37.0],[22.0923,37.1],[22.0,37.1923],[21.9,37.1833],[21.8,37.15],[21.78,37.2],[21.8,37.3],[21.76,37.4],[21.7333,37.5],[21.8,37.6],[21.7,37.7],[21.7,37.7],[21.6,37.8],[21.6,37.8],[21.6,37.9],[21.6,37.9],[21.7,38.0],[21.7,38.0],[21.7333,38.1],[21.7,38.2],[21.6,38.1667],[21.5,38.1857],[21.4,38.1833],[21.3167,38.1],[21.3,38.0875],[21.2125,38.0],[21.2,37.9882],[21.1,37.9882],[21.0118,37.9],[21.1,37.8118],[21.2,37.8118],[21.2167,37.8],[21.3,37.7167],[21.3154,37.7],[21.4,37.6154],[21.5,37.625],[21.5667,37.6],[21.6,37.5667],[21.6667,37.5],[21.64,37.4],[21.64,37.3],[21.6333,37.2],[21.6,37.1867],[21.5133,37.1],[21.6,37.0133],[21.6118,37.0],[21.7,36.9118],[21.7111,36.9],[21.71,36.8],[21.8,36.71]]]}},{"type":"Feature","properties":{"layer_id":"1981_2000_T20","layer_label":"1981_2000, T>20\u00b0C","low":10.0,"high":25.0,"label":"10\u201325 %","fill":"#fee391","fillOpacity":0.34,"stroke":"#fee391","strokeOpacity":0.46,"strokeWeight":0.35},"geometry":{"type":"Polygon","coordinates":[[[21.725,36.8],[21.7278,36.9],[21.7,36.9294],[21.6294,37.0],[21.6,37.0333],[21.5333,37.1],[21.6,37.1667],[21.6833,37.2],[21.7,37.3],[21.72,37.2],[21.7667,37.1],[21.8,37.0818],[21.85,37.1],[21.9,37.1333],[22.0,37.1692],[22.0692,37.1],[22.0737,37.0],[22.0,36.9263],[21.9737,36.9],[21.9722,36.8],[21.9,36.7278],[21.8,36.725],[21.725,36.8]]]}},{"type":"Feature","properties":{"layer_id":"1981_2000_T20","layer_label":"1981_2000, T>20\u00b0C","low":10.0,"high":25.0,"label":"10\u201325 %","fill":"#fee391","fillOpacity":0.34,"stroke":"#fee391","strokeOpacity":0.46,"strokeWeight":0.35},"geometry":{"type":"Polygon","coordinates":[[[21.3385,37.7],[21.3,37.7417],[21.2417,37.8],[21.2,37.8294],[21.1,37.8294],[21.0294,37.9],[21.1,37.9706],[21.2,37.9706],[21.2313,38.0],[21.3,38.0688],[21.3417,38.1],[21.4,38.1583],[21.5,38.1643],[21.6,38.1167],[21.6333,38.1],[21.6,38.0667],[21.5,38.01],[21.4889,38.0],[21.4818,37.9],[21.475,37.8],[21.5,37.76],[21.56,37.7],[21.5,37.6625],[21.4,37.6385],[21.3385,37.7]]]}},{"type":"Feature","properties":{"layer_id":"1981_2000_T20","layer_label":"1981_2000, T>20\u00b0C","low":10.0,"high":25.0,"label":"10\u201325 %","fill":"#fee391","fillOpacity":0.34,"stroke":"#fee391","strokeOpacity":0.46,"strokeWeight":0.35},"geometry":{"type":"Polygon","coordinates":[[[25.2,36.91],[25.29,37.0],[25.29,37.1],[25.2,37.19],[25.11,37.1],[25.11,37.0],[25.2,36.91]]]}},{"type":"Feature","properties":{"layer_id":"1981_2000_T20","layer_label":"1981_2000, T>20\u00b0C","low":10.0,"high":25.0,"label":"10\u201325 %","fill":"#fee391","fillOpacity":0.34,"stroke":"#fee391","strokeOpacity":0.46,"strokeWeight":0.35},"geometry":{"type":"Polygon","coordinates":[[[25.125,37.0],[25.125,37.1],[25.2,37.175],[25.275,37.1],[25.275,37.0],[25.2,36.925],[25.125,37.0]]]}},{"type":"Feature","properties":{"layer_id":"1981_2000_T20","layer_label":"1981_2000, T>20\u00b0C","low":10.0,"high":25.0,"label":"10\u201325 %","fill":"#fee391","fillOpacity":0.34,"stroke":"#fee391","strokeOpacity":0.46,"strokeWeight":0.35},"geometry":{"type":"Polygon","coordinates":[[[25.4,36.91],[25.5,36.91],[25.59,37.0],[25.6,37.01],[25.69,37.1],[25.6,37.19],[25.5,37.19],[25.4,37.19],[25.31,37.1],[25.31,37.0],[25.4,36.91]]]}},{"type":"Feature","properties":{"layer_id":"1981_2000_T20","layer_label":"1981_2000, T>20\u00b0C","low":10.0,"high":25.0,"label":"10\u201325 %","fill":"#fee391","fillOpacity":0.34,"stroke":"#fee391","strokeOpacity":0.46,"strokeWeight":0.35},"geometry":{"type":"Polygon","coordinates":[[[25.325,37.0],[25.325,37.1],[25.4,37.175],[25.5,37.175],[25.6,37.175],[25.675,37.1],[25.6,37.025],[25.575,37.0],[25.5,36.925],[25.4,36.925],[25.325,37.0]]]}},{"type":"Feature","properties":{"layer_id":"1981_2000_T20","layer_label":"1981_2000, T>20\u00b0C","low":10.0,"high":25.0,"label":"10\u201325 %","fill":"#fee391","fillOpacity":0.34,"stroke":"#fee391","strokeOpacity":0.46,"strokeWeight":0.35},"geometry":{"type":"Polygon","coordinates":[[[26.9,36.91],[27.0,36.91],[27.09,37.0],[27.0,37.09],[26.9,37.09],[26.81,37.0],[26.9,36.91]]]}},{"type":"Feature","properties":{"layer_id":"1981_2000_T20","layer_label":"1981_2000, T>20\u00b0C","low":10.0,"high":25.0,"label":"10\u201325 %","fill":"#fee391","fillOpacity":0.34,"stroke":"#fee391","strokeOpacity":0.46,"strokeWeight":0.35},"geometry":{"type":"Polygon","coordinates":[[[26.825,37.0],[26.9,37.075],[27.0,37.075],[27.075,37.0],[27.0,36.925],[26.9,36.925],[26.825,37.0]]]}},{"type":"Feature","properties":{"layer_id":"1981_2000_T20","layer_label":"1981_2000, T>20\u00b0C","low":10.0,"high":25.0,"label":"10\u201325 %","fill":"#fee391","fillOpacity":0.34,"stroke":"#fee391","strokeOpacity":0.46,"strokeWeight":0.35},"geometry":{"type":"Polygon","coordinates":[[[22.9,37.0],[22.9778,37.1],[22.99,37.2],[22.9,37.29],[22.8818,37.3],[22.8,37.3818],[22.7333,37.4],[22.78,37.5],[22.8,37.5154],[22.9,37.5167],[22.9143,37.5],[23.0,37.4143],[23.1,37.41],[23.11,37.4],[23.2,37.31],[23.29,37.4],[23.3,37.41],[23.4,37.41],[23.41,37.4],[23.5,37.31],[23.59,37.4],[23.59,37.5],[23.5,37.59],[23.4,37.59],[23.3,37.59],[23.29,37.6],[23.2,37.69],[23.1882,37.7],[23.19,37.8],[23.19,37.9],[23.2,37.9111],[23.3,37.9105],[23.31,37.9],[23.4,37.81],[23.5,37.81],[23.59,37.9],[23.6,37.91],[23.7,37.9125],[23.71,37.9],[23.8,37.81],[23.9,37.8111],[23.9125,37.8],[23.9,37.79],[23.81,37.7],[23.9,37.61],[24.0,37.61],[24.09,37.7],[24.0875,37.8],[24.0,37.8875],[23.9889,37.9],[24.0,37.9143],[24.0857,38.0],[24.05,38.1],[24.1,38.1182],[24.1818,38.2],[24.2,38.21],[24.29,38.3],[24.29,38.4],[24.29,38.5],[24.2,38.59],[24.1895,38.6],[24.1,38.6895],[24.0,38.66],[23.9,38.6],[23.9,38.5],[23.9,38.5],[23.9,38.5],[23.8,38.6],[23.8,38.6],[23.8,38.6],[23.86,38.7],[23.8,38.76],[23.7,38.7714],[23.6846,38.8],[23.6,38.8846],[23.5,38.8889],[23.4882,38.9],[23.4,38.9882],[23.3857,39.0],[23.3,39.0857],[23.2,39.0875],[23.19,39.1],[23.1,39.19],[23.01,39.1],[23.1,39.01],[23.1125,39.0],[23.1,38.9895],[23.0,38.99],[22.9857,39.0],[22.9889,39.1],[22.9,39.1889],[22.89,39.2],[22.89,39.3],[22.9,39.3286],[23.0,39.3667],[23.0118,39.3],[23.1,39.2118],[23.2,39.21],[23.21,39.2],[23.3,39.11],[23.39,39.2],[23.3,39.29],[23.29,39.3],[23.2,39.39],[23.18,39.4],[23.1,39.48],[23.05,39.5],[23.0,39.55],[22.9818,39.6],[22.9833,39.7],[22.9,39.7833],[22.8778,39.8],[22.8,39.8778],[22.7833,39.9],[22.7,39.9833],[22.6667,40.0],[22.6,40.0667],[22.5333,40.0],[22.55,39.9],[22.5,39.8667],[22.4,39.8857],[22.3,39.9],[22.3,39.9],[22.2,39.9833],[22.175,40.0],[22.1,40.06],[22.025,40.0],[22.02,39.9],[22.1,39.82],[22.1333,39.8],[22.1667,39.7],[22.1,39.6333],[22.0,39.6],[22.0,39.6],[21.9,39.6],[21.8,39.6],[21.8,39.6],[21.7,39.6333],[21.6667,39.6],[21.65,39.5],[21.7,39.4333],[21.8,39.4333],[21.85,39.4],[21.9,39.35],[21.9333,39.3],[22.0,39.2333],[22.1,39.25],[22.2,39.2333],[22.25,39.2],[22.3,39.1667],[22.4,39.1667],[22.5,39.1667],[22.6,39.1667],[22.7,39.14],[22.75,39.1],[22.75,39.0],[22.7,38.9833],[22.6,38.9867],[22.5,38.9857],[22.4,38.9667],[22.32,38.9],[22.4,38.8],[22.4,38.8],[22.5,38.7143],[22.6,38.7],[22.6,38.7],[22.7,38.6667],[22.7667,38.6],[22.8,38.5],[22.8,38.5],[22.9,38.425],[23.0,38.4286],[23.1,38.4],[23.1,38.4],[23.1,38.4],[23.0,38.3],[23.0167,38.2],[23.01,38.1],[23.0,38.09],[22.91,38.0],[22.9,37.9857],[22.8875,38.0],[22.8,38.0875],[22.7,38.0857],[22.6077,38.0],[22.6333,37.9],[22.7,37.82],[22.75,37.8],[22.8,37.7],[22.9,37.8],[22.9,37.8],[22.9,37.8],[23.0,37.7],[23.0,37.7],[23.0,37.7],[22.9,37.7],[22.8,37.7],[22.7,37.6889],[22.62,37.6],[22.6111,37.5],[22.6667,37.4],[22.7,37.35],[22.71,37.3],[22.8,37.2],[22.8,37.2],[22.8125,37.1],[22.9,37.0]]]}},{"type":"Feature","properties":{"layer_id":"1981_2000_T20","layer_label":"1981_2000, T>20\u00b0C","low":10.0,"high":25.0,"label":"10\u201325 %","fill":"#fee391","fillOpacity":0.34,"stroke":"#fee391","strokeOpacity":0.46,"strokeWeight":0.35},"geometry":{"type":"Polygon","coordinates":[[[22.85,37.1],[22.8167,37.2],[22.8,37.2333],[22.74,37.3],[22.8,37.3545],[22.8545,37.3],[22.9,37.275],[22.975,37.2],[22.9444,37.1],[22.9,37.0429],[22.85,37.1]]]}},{"type":"Feature","properties":{"layer_id":"1981_2000_T20","layer_label":"1981_2000, T>20\u00b0C","low":10.0,"high":25.0,"label":"10\u201325 %","fill":"#fee391","fillOpacity":0.34,"stroke":"#fee391","strokeOpacity":0.46,"strokeWeight":0.35},"geometry":{"type":"Polygon","coordinates":[[[23.125,37.4],[23.1,37.425],[23.0,37.4357],[22.9357,37.5],[22.9,37.5417],[22.8,37.5385],[22.75,37.5],[22.7,37.4286],[22.6444,37.5],[22.65,37.6],[22.7,37.6556],[22.8,37.6727],[22.9,37.67],[23.0,37.64],[23.02,37.7],[23.0063,37.8],[23.0,37.8067],[22.9,37.825],[22.8,37.8182],[22.7,37.88],[22.6833,37.9],[22.6308,38.0],[22.7,38.0643],[22.8,38.0688],[22.8688,38.0],[22.9,37.9643],[22.925,38.0],[23.0,38.075],[23.025,38.1],[23.0417,38.2],[23.1,38.2875],[23.15,38.3],[23.175,38.4],[23.2,38.4333],[23.3,38.4],[23.25,38.3],[23.2625,38.2],[23.3,38.17],[23.4,38.1625],[23.5,38.14],[23.5667,38.1],[23.6,38.0938],[23.7,38.0733],[23.8,38.07],[23.9,38.08],[24.0,38.09],[24.0643,38.0],[24.0,37.9357],[23.9722,37.9],[24.0,37.8688],[24.0688,37.8],[24.075,37.7],[24.0,37.625],[23.9,37.625],[23.825,37.7],[23.9,37.775],[23.9313,37.8],[23.9,37.8278],[23.8,37.825],[23.725,37.9],[23.7,37.9313],[23.6,37.925],[23.575,37.9],[23.5,37.825],[23.4,37.825],[23.325,37.9],[23.3,37.9263],[23.2,37.9278],[23.175,37.9],[23.175,37.8],[23.1706,37.7],[23.2,37.675],[23.275,37.6],[23.3,37.575],[23.4,37.575],[23.5,37.575],[23.575,37.5],[23.575,37.4],[23.5,37.325],[23.425,37.4],[23.4,37.425],[23.3,37.425],[23.275,37.4],[23.2,37.325],[23.125,37.4]]]}},{"type":"Feature","properties":{"layer_id":"1981_2000_T20","layer_label":"1981_2000, T>20\u00b0C","low":10.0,"high":25.0,"label":"10\u201325 %","fill":"#fee391","fillOpacity":0.34,"stroke":"#fee391","strokeOpacity":0.46,"strokeWeight":0.35},"geometry":{"type":"Polygon","coordinates":[[[23.6667,38.1],[23.6,38.1667],[23.5,38.2],[23.4,38.2],[23.3,38.2],[23.3,38.2],[23.3,38.2],[23.4,38.3],[23.4,38.3],[23.4,38.3],[23.5,38.2],[23.6,38.2333],[23.7,38.2333],[23.8,38.3],[23.8,38.3],[23.8,38.3],[23.85,38.2],[23.8,38.1],[23.8,38.1],[23.7,38.0933],[23.6667,38.1]]]}},{"type":"Feature","properties":{"layer_id":"1981_2000_T20","layer_label":"1981_2000, T>20\u00b0C","low":10.0,"high":25.0,"label":"10\u201325 %","fill":"#fee391","fillOpacity":0.34,"stroke":"#fee391","strokeOpacity":0.46,"strokeWeight":0.35},"geometry":{"type":"Polygon","coordinates":[[[23.95,38.2],[23.9,38.2667],[23.875,38.3],[23.8,38.35],[23.7,38.3111],[23.6,38.3143],[23.5,38.3667],[23.45,38.4],[23.4,38.45],[23.35,38.5],[23.4,38.5167],[23.4833,38.6],[23.5,38.7],[23.6,38.7],[23.6,38.7],[23.6,38.7],[23.5,38.7],[23.5,38.7],[23.4,38.6556],[23.3556,38.7],[23.3,38.7417],[23.2417,38.8],[23.2,38.8625],[23.1,38.8263],[23.0,38.825],[22.925,38.9],[22.9,38.9357],[22.85,38.9],[22.8545,38.8],[22.8,38.725],[22.7,38.7125],[22.6,38.7176],[22.5,38.7357],[22.425,38.8],[22.4,38.875],[22.38,38.9],[22.4,38.9167],[22.5,38.9643],[22.6,38.9667],[22.7,38.9583],[22.8,38.9833],[22.81,39.0],[22.8071,39.1],[22.8,39.1063],[22.7,39.2],[22.7,39.2],[22.6,39.22],[22.5,39.3],[22.5286,39.4],[22.5,39.45],[22.4333,39.5],[22.4,39.5077],[22.3,39.55],[22.25,39.6],[22.25,39.7],[22.3,39.7667],[22.325,39.8],[22.4,39.8429],[22.475,39.8],[22.5,39.7923],[22.5923,39.7],[22.6,39.6929],[22.7,39.6727],[22.8,39.6778],[22.8222,39.7],[22.8,39.7333],[22.75,39.8],[22.7,39.8364],[22.6222,39.9],[22.6,39.9667],[22.5833,40.0],[22.6,40.0167],[22.6167,40.0],[22.7,39.9583],[22.7583,39.9],[22.8,39.8444],[22.8444,39.8],[22.9,39.7583],[22.9583,39.7],[22.9545,39.6],[22.9,39.5143],[22.8833,39.5],[22.9,39.4667],[22.95,39.4],[22.9,39.3714],[22.875,39.3],[22.875,39.2],[22.9,39.1722],[22.9722,39.1],[22.9643,39.0],[23.0,38.975],[23.1,38.9737],[23.1313,39.0],[23.1,39.025],[23.025,39.1],[23.1,39.175],[23.175,39.1],[23.2,39.0688],[23.3,39.0643],[23.3643,39.0],[23.4,38.9706],[23.4706,38.9],[23.5,38.8722],[23.6,38.8615],[23.6615,38.8],[23.7,38.7286],[23.8,38.7],[23.7,38.6],[23.7,38.6],[23.7,38.6],[23.7889,38.5],[23.8,38.475],[23.9,38.4571],[23.9429,38.5],[24.0,38.6],[24.0,38.6],[24.1,38.6737],[24.1737,38.6],[24.2,38.575],[24.275,38.5],[24.275,38.4],[24.275,38.3],[24.2,38.225],[24.1545,38.2],[24.1,38.1455],[24.0,38.1333],[23.95,38.2]]]}},{"type":"Feature","properties":{"layer_id":"1981_2000_T20","layer_label":"1981_2000, T>20\u00b0C","low":10.0,"high":25.0,"label":"10\u201325 %","fill":"#fee391","fillOpacity":0.34,"stroke":"#fee391","strokeOpacity":0.46,"strokeWeight":0.35},"geometry":{"type":"Polygon","coordinates":[[[22.85,38.5],[22.8667,38.6],[22.9,38.6333],[22.95,38.6],[23.0,38.5667],[23.05,38.5],[23.0,38.4714],[22.9,38.4625],[22.85,38.5]]]}},{"type":"Feature","properties":{"layer_id":"1981_2000_T20","layer_label":"1981_2000, T>20\u00b0C","low":10.0,"high":25.0,"label":"10\u201325 %","fill":"#fee391","fillOpacity":0.34,"stroke":"#fee391","strokeOpacity":0.46,"strokeWeight":0.35},"geometry":{"type":"Polygon","coordinates":[[[23.1,38.6],[23.1,38.7],[23.0,38.7333],[22.9,38.7333],[22.8818,38.8],[22.88,38.9],[22.9,38.9143],[22.91,38.9],[23.0,38.81],[23.1,38.8105],[23.2,38.825],[23.2167,38.8],[23.3,38.7167],[23.3222,38.7],[23.3,38.66],[23.2,38.6333],[23.1,38.6],[23.1,38.6],[23.1,38.6]]]}},{"type":"Feature","properties":{"layer_id":"1981_2000_T20","layer_label":"1981_2000, T>20\u00b0C","low":10.0,"high":25.0,"label":"10\u201325 %","fill":"#fee391","fillOpacity":0.34,"stroke":"#fee391","strokeOpacity":0.46,"strokeWeight":0.35},"geometry":{"type":"Polygon","coordinates":[[[23.225,39.2],[23.2,39.225],[23.1,39.2294],[23.0294,39.3],[23.0286,39.4],[23.1,39.45],[23.15,39.4],[23.2,39.375],[23.275,39.3],[23.3,39.275],[23.375,39.2],[23.3,39.125],[23.225,39.2]]]}},{"type":"Feature","properties":{"layer_id":"1981_2000_T20","layer_label":"1981_2000, T>20\u00b0C","low":10.0,"high":25.0,"label":"10\u201325 %","fill":"#fee391","fillOpacity":0.34,"stroke":"#fee391","strokeOpacity":0.46,"strokeWeight":0.35},"geometry":{"type":"Polygon","coordinates":[[[22.225,39.3],[22.25,39.4],[22.3,39.4333],[22.3333,39.4],[22.4,39.35],[22.5,39.3],[22.4,39.25],[22.3,39.24],[22.225,39.3]]]}},{"type":"Feature","properties":{"layer_id":"1981_2000_T20","layer_label":"1981_2000, T>20\u00b0C","low":10.0,"high":25.0,"label":"10\u201325 %","fill":"#fee391","fillOpacity":0.34,"stroke":"#fee391","strokeOpacity":0.46,"strokeWeight":0.35},"geometry":{"type":"Polygon","coordinates":[[[28.7,37.2333],[28.7667,37.3],[28.8,37.4],[28.7333,37.5],[28.7,37.55],[28.65,37.6],[28.6,37.6333],[28.5,37.65],[28.45,37.6],[28.4,37.5],[28.5,37.45],[28.55,37.4],[28.6,37.35],[28.6333,37.3],[28.7,37.2333]]]}},{"type":"Feature","properties":{"layer_id":"1981_2000_T20","layer_label":"1981_2000, T>20\u00b0C","low":10.0,"high":25.0,"label":"10\u201325 %","fill":"#fee391","fillOpacity":0.34,"stroke":"#fee391","strokeOpacity":0.46,"strokeWeight":0.35},"geometry":{"type":"Polygon","coordinates":[[[13.3,37.3133],[13.4,37.34],[13.46,37.4],[13.4,37.475],[13.39,37.5],[13.3,37.59],[13.2857,37.6],[13.2,37.6857],[13.1667,37.7],[13.1,37.8],[13.1,37.8],[13.1,37.8],[13.2,37.8333],[13.3,37.9],[13.2,38.0],[13.2,38.0],[13.2,38.0],[13.3,38.0],[13.3,38.0],[13.4,37.9143],[13.45,37.9],[13.5,37.8667],[13.6,37.82],[13.7,37.8083],[13.8,37.82],[13.9,37.8667],[13.95,37.9],[14.0,37.9063],[14.1,37.9118],[14.2,37.9059],[14.3,37.9056],[14.4,37.9143],[14.5,37.94],[14.6,38.0],[14.5,38.06],[14.4,38.0857],[14.3,38.0895],[14.2,38.0889],[14.1,38.0882],[14.0,38.0882],[13.9,38.0889],[13.8111,38.0],[13.8,37.9667],[13.7889,38.0],[13.7,38.0889],[13.6,38.0889],[13.5,38.0882],[13.4882,38.1],[13.4,38.1882],[13.3,38.1857],[13.2,38.1818],[13.1,38.1857],[13.0143,38.1],[13.0,38.0778],[12.9,38.0667],[12.8714,38.1],[12.8,38.1714],[12.7,38.1714],[12.6,38.1846],[12.5154,38.1],[12.5182,38.0],[12.5143,37.9],[12.5,37.89],[12.41,37.8],[12.4105,37.7],[12.5,37.6105],[12.6,37.6105],[12.7,37.6118],[12.8,37.6154],[12.8111,37.6],[12.9,37.5111],[13.0,37.5125],[13.1,37.5143],[13.1133,37.5],[13.2,37.4133],[13.2133,37.4],[13.3,37.3133]]]}},{"type":"Feature","properties":{"layer_id":"1981_2000_T20","layer_label":"1981_2000, T>20\u00b0C","low":10.0,"high":25.0,"label":"10\u201325 %","fill":"#fee391","fillOpacity":0.34,"stroke":"#fee391","strokeOpacity":0.46,"strokeWeight":0.35},"geometry":{"type":"Polygon","coordinates":[[[13.2333,37.4],[13.2,37.4333],[13.1333,37.5],[13.1,37.5357],[13.0,37.5313],[12.9,37.5278],[12.8278,37.6],[12.8,37.6385],[12.7,37.6294],[12.6,37.6263],[12.5,37.6263],[12.4263,37.7],[12.425,37.8],[12.5,37.875],[12.5357,37.9],[12.5455,38.0],[12.5385,38.1],[12.6,38.1615],[12.7,38.1286],[12.8,38.1286],[12.8286,38.1],[12.8,38.05],[12.7,38.06],[12.6667,38.0],[12.675,37.9],[12.7,37.87],[12.7778,37.8],[12.8,37.78],[12.9,37.8],[13.0,37.75],[13.0667,37.7],[13.1,37.69],[13.2,37.6429],[13.2429,37.6],[13.3,37.56],[13.36,37.5],[13.4,37.4],[13.3,37.3333],[13.2333,37.4]]]}},{"type":"Feature","properties":{"layer_id":"1981_2000_T20","layer_label":"1981_2000, T>20\u00b0C","low":10.0,"high":25.0,"label":"10\u201325 %","fill":"#fee391","fillOpacity":0.34,"stroke":"#fee391","strokeOpacity":0.46,"strokeWeight":0.35},"geometry":{"type":"Polygon","coordinates":[[[12.875,37.9],[12.8667,38.0],[12.9,38.0167],[13.0,38.0444],[13.0357,38.1],[13.1,38.1643],[13.2,38.1545],[13.3,38.1643],[13.4,38.1706],[13.4706,38.1],[13.5,38.0706],[13.6,38.0722],[13.7,38.0722],[13.7722,38.0],[13.8,37.9167],[13.8278,38.0],[13.9,38.0722],[14.0,38.0706],[14.1,38.0706],[14.2,38.0722],[14.3,38.0737],[14.4,38.0643],[14.5,38.0],[14.4,37.9357],[14.3,37.9222],[14.2,37.9235],[14.1,37.9294],[14.0,37.925],[13.9,37.9133],[13.8333,37.9],[13.8,37.88],[13.7,37.8333],[13.6,37.85],[13.5286,37.9],[13.5,37.9143],[13.4,37.9571],[13.35,38.0],[13.3,38.025],[13.2,38.0333],[13.125,38.0],[13.1667,37.9],[13.1,37.86],[13.0,37.85],[12.9,37.8],[12.875,37.9]]]}},{"type":"Feature","properties":{"layer_id":"1981_2000_T20","layer_label":"1981_2000, T>20\u00b0C","low":10.0,"high":25.0,"label":"10\u201325 %","fill":"#fee391","fillOpacity":0.34,"stroke":"#fee391","strokeOpacity":0.46,"strokeWeight":0.35},"geometry":{"type":"Polygon","coordinates":[[[27.7,37.4818],[27.8,37.5],[27.8,37.5],[27.8,37.6],[27.8,37.6],[27.7,37.7],[27.7,37.7],[27.7,37.7],[27.64,37.6],[27.65,37.5],[27.7,37.4818]]]}},{"type":"Feature","properties":{"layer_id":"1981_2000_T20","layer_label":"1981_2000, T>20\u00b0C","low":10.0,"high":25.0,"label":"10\u201325 %","fill":"#fee391","fillOpacity":0.34,"stroke":"#fee391","strokeOpacity":0.46,"strokeWeight":0.35},"geometry":{"type":"Polygon","coordinates":[[[26.0,37.51],[26.1,37.51],[26.2,37.51],[26.29,37.6],[26.2,37.69],[26.1,37.69],[26.0,37.69],[25.91,37.6],[26.0,37.51]]]}},{"type":"Feature","properties":{"layer_id":"1981_2000_T20","layer_label":"1981_2000, T>20\u00b0C","low":10.0,"high":25.0,"label":"10\u201325 %","fill":"#fee391","fillOpacity":0.34,"stroke":"#fee391","strokeOpacity":0.46,"strokeWeight":0.35},"geometry":{"type":"Polygon","coordinates":[[[25.925,37.6],[26.0,37.675],[26.1,37.675],[26.2,37.675],[26.275,37.6],[26.2,37.525],[26.1,37.525],[26.0,37.525],[25.925,37.6]]]}},{"type":"Feature","properties":{"layer_id":"1981_2000_T20","layer_label":"1981_2000, T>20\u00b0C","low":10.0,"high":25.0,"label":"10\u201325 %","fill":"#fee391","fillOpacity":0.34,"stroke":"#fee391","strokeOpacity":0.46,"strokeWeight":0.35},"geometry":{"type":"Polygon","coordinates":[[[36.8,37.5],[36.9,37.6],[36.9,37.6],[36.9333,37.7],[36.9,37.75],[36.8,37.775],[36.725,37.7],[36.7,37.6],[36.8,37.5]]]}},{"type":"Feature","properties":{"layer_id":"1981_2000_T20","layer_label":"1981_2000, T>20\u00b0C","low":10.0,"high":25.0,"label":"10\u201325 %","fill":"#fee391","fillOpacity":0.34,"stroke":"#fee391","strokeOpacity":0.46,"strokeWeight":0.35},"geometry":{"type":"Polygon","coordinates":[[[39.9,37.5818],[39.9286,37.6],[39.9167,37.7],[39.92,37.8],[39.9,37.8111],[39.8,37.82],[39.7,37.82],[39.65,37.8],[39.7,37.7833],[39.7625,37.7],[39.8,37.65],[39.86,37.6],[39.9,37.5818]]]}},{"type":"Feature","properties":{"layer_id":"1981_2000_T20","layer_label":"1981_2000, T>20\u00b0C","low":10.0,"high":25.0,"label":"10\u201325 %","fill":"#fee391","fillOpacity":0.34,"stroke":"#fee391","strokeOpacity":0.46,"strokeWeight":0.35},"geometry":{"type":"Polygon","coordinates":[[[20.8,37.61],[20.89,37.7],[20.89,37.8],[20.8,37.89],[20.7,37.89],[20.61,37.8],[20.7,37.71],[20.71,37.7],[20.8,37.61]]]}},{"type":"Feature","properties":{"layer_id":"1981_2000_T20","layer_label":"1981_2000, T>20\u00b0C","low":10.0,"high":25.0,"label":"10\u201325 %","fill":"#fee391","fillOpacity":0.34,"stroke":"#fee391","strokeOpacity":0.46,"strokeWeight":0.35},"geometry":{"type":"Polygon","coordinates":[[[20.725,37.7],[20.7,37.725],[20.625,37.8],[20.7,37.875],[20.8,37.875],[20.875,37.8],[20.875,37.7],[20.8,37.625],[20.725,37.7]]]}},{"type":"Feature","properties":{"layer_id":"1981_2000_T20","layer_label":"1981_2000, T>20\u00b0C","low":10.0,"high":25.0,"label":"10\u201325 %","fill":"#fee391","fillOpacity":0.34,"stroke":"#fee391","strokeOpacity":0.46,"strokeWeight":0.35},"geometry":{"type":"Polygon","coordinates":[[[26.7,37.6105],[26.8,37.6105],[26.9,37.6105],[27.0,37.6105],[27.0895,37.7],[27.0,37.7895],[26.9895,37.8],[26.9,37.8895],[26.8,37.8895],[26.7,37.89],[26.61,37.8],[26.6105,37.7],[26.7,37.6105]]]}},{"type":"Feature","properties":{"layer_id":"1981_2000_T20","layer_label":"1981_2000, T>20\u00b0C","low":10.0,"high":25.0,"label":"10\u201325 %","fill":"#fee391","fillOpacity":0.34,"stroke":"#fee391","strokeOpacity":0.46,"strokeWeight":0.35},"geometry":{"type":"Polygon","coordinates":[[[26.6263,37.7],[26.625,37.8],[26.7,37.875],[26.8,37.8737],[26.9,37.8737],[26.9737,37.8],[27.0,37.7737],[27.0737,37.7],[27.0,37.6263],[26.9,37.6263],[26.8,37.6263],[26.7,37.6263],[26.6263,37.7]]]}},{"type":"Feature","properties":{"layer_id":"1981_2000_T20","layer_label":"1981_2000, T>20\u00b0C","low":10.0,"high":25.0,"label":"10\u201325 %","fill":"#fee391","fillOpacity":0.34,"stroke":"#fee391","strokeOpacity":0.46,"strokeWeight":0.35},"geometry":{"type":"Polygon","coordinates":[[[24.9,37.71],[24.99,37.8],[24.9,37.89],[24.89,37.9],[24.8,37.99],[24.71,37.9],[24.8,37.81],[24.81,37.8],[24.9,37.71]]]}},{"type":"Feature","properties":{"layer_id":"1981_2000_T20","layer_label":"1981_2000, T>20\u00b0C","low":10.0,"high":25.0,"label":"10\u201325 %","fill":"#fee391","fillOpacity":0.34,"stroke":"#fee391","strokeOpacity":0.46,"strokeWeight":0.35},"geometry":{"type":"Polygon","coordinates":[[[24.825,37.8],[24.8,37.825],[24.725,37.9],[24.8,37.975],[24.875,37.9],[24.9,37.875],[24.975,37.8],[24.9,37.725],[24.825,37.8]]]}},{"type":"Feature","properties":{"layer_id":"1981_2000_T20","layer_label":"1981_2000, T>20\u00b0C","low":10.0,"high":25.0,"label":"10\u201325 %","fill":"#fee391","fillOpacity":0.34,"stroke":"#fee391","strokeOpacity":0.46,"strokeWeight":0.35},"geometry":{"type":"Polygon","coordinates":[[[15.7,37.9105],[15.8,37.9125],[15.9,37.9182],[16.0,37.9118],[16.1,37.9105],[16.1895,38.0],[16.1882,38.1],[16.2,38.1118],[16.2882,38.2],[16.3,38.2111],[16.3889,38.3],[16.4,38.3118],[16.5,38.3111],[16.5889,38.4],[16.5882,38.5],[16.5857,38.6],[16.5,38.6857],[16.4143,38.6],[16.4063,38.5],[16.4,38.4938],[16.3,38.4],[16.3,38.4],[16.2,38.3833],[16.1667,38.4],[16.175,38.5],[16.2,38.6],[16.2,38.6],[16.3,38.6667],[16.35,38.7],[16.4,38.7333],[16.5,38.7286],[16.5714,38.8],[16.6,38.82],[16.7,38.8222],[16.8,38.8222],[16.8778,38.9],[16.9,38.9143],[17.0,38.9125],[17.1,38.9111],[17.1889,39.0],[17.1882,39.1],[17.1889,39.2],[17.1889,39.3],[17.1,39.3889],[17.0889,39.4],[17.0,39.4889],[16.9889,39.5],[16.9,39.5889],[16.8,39.5882],[16.79,39.6],[16.7,39.69],[16.6,39.6714],[16.59,39.7],[16.5,39.79],[16.4867,39.8],[16.4,39.8867],[16.3,39.86],[16.24,39.8],[16.2,39.7667],[16.1333,39.7],[16.1154,39.6],[16.125,39.5],[16.1,39.48],[16.0667,39.5],[16.0,39.55],[15.95,39.5],[15.9286,39.4],[16.0,39.3286],[16.0333,39.3],[16.0286,39.2],[16.1,39.1286],[16.15,39.1],[16.1,39.0882],[16.0118,39.0],[16.1,38.9118],[16.1118,38.9],[16.1125,38.8],[16.1,38.7882],[16.0,38.7889],[15.9,38.7889],[15.8111,38.7],[15.8111,38.6],[15.9,38.5111],[15.9118,38.5],[15.9118,38.4],[15.94,38.3],[16.0,38.24],[16.0182,38.2],[16.0118,38.1],[16.0,38.0882],[15.9,38.0818],[15.8,38.0875],[15.7,38.0895],[15.6105,38.0],[15.7,37.9105]]]}},{"type":"Feature","properties":{"layer_id":"1981_2000_T20","layer_label":"1981_2000, T>20\u00b0C","low":10.0,"high":25.0,"label":"10\u201325 %","fill":"#fee391","fillOpacity":0.34,"stroke":"#fee391","strokeOpacity":0.46,"strokeWeight":0.35},"geometry":{"type":"Polygon","coordinates":[[[15.6263,38.0],[15.7,38.0737],[15.8,38.0688],[15.9,38.0545],[16.0,38.0706],[16.0294,38.1],[16.0455,38.2],[16.0,38.3],[16.0,38.3],[15.9294,38.4],[15.9294,38.5],[15.9,38.5278],[15.8278,38.6],[15.8278,38.7],[15.9,38.7722],[16.0,38.7722],[16.1,38.7706],[16.1313,38.8],[16.1294,38.9],[16.1,38.9294],[16.0294,39.0],[16.1,39.0706],[16.2,39.0909],[16.2909,39.0],[16.3,38.9909],[16.4,38.9545],[16.5,38.9444],[16.6,38.95],[16.7,38.9444],[16.7714,39.0],[16.8,39.04],[16.825,39.1],[16.9,39.2],[16.9,39.2],[16.9,39.2],[16.875,39.3],[16.8833,39.4],[16.8,39.4294],[16.725,39.5],[16.7,39.5211],[16.6,39.5714],[16.5333,39.6],[16.5,39.6063],[16.4833,39.6],[16.4,39.55],[16.3,39.5273],[16.2,39.5],[16.1385,39.6],[16.1833,39.7],[16.2,39.7167],[16.3,39.8],[16.3,39.8],[16.4,39.8667],[16.4667,39.8],[16.5,39.775],[16.575,39.7],[16.6,39.6286],[16.7,39.675],[16.775,39.6],[16.8,39.5706],[16.9,39.5722],[16.9722,39.5],[17.0,39.4722],[17.0722,39.4],[17.1,39.3722],[17.1722,39.3],[17.1722,39.2],[17.1706,39.1],[17.1722,39.0],[17.1,38.9278],[17.0,38.9313],[16.9,38.9357],[16.8444,38.9],[16.8,38.8556],[16.7,38.8556],[16.6,38.85],[16.5286,38.8],[16.5,38.7714],[16.4333,38.8],[16.4,38.8143],[16.3857,38.8],[16.3,38.725],[16.275,38.7],[16.2,38.6333],[16.1727,38.6],[16.1375,38.5],[16.1167,38.4],[16.2,38.3583],[16.3,38.3813],[16.32,38.4],[16.4,38.475],[16.425,38.5],[16.4357,38.6],[16.5,38.6643],[16.5643,38.6],[16.5706,38.5],[16.5722,38.4],[16.5,38.3278],[16.4,38.3294],[16.3722,38.3],[16.3,38.2278],[16.2706,38.2],[16.2,38.1294],[16.1706,38.1],[16.1737,38.0],[16.1,37.9263],[16.0,37.9294],[15.9,37.9455],[15.8,37.9313],[15.7,37.9263],[15.6263,38.0]]]}},{"type":"Feature","properties":{"layer_id":"1981_2000_T20","layer_label":"1981_2000, T>20\u00b0C","low":10.0,"high":25.0,"label":"10\u201325 %","fill":"#fee391","fillOpacity":0.34,"stroke":"#fee391","strokeOpacity":0.46,"strokeWeight":0.35},"geometry":{"type":"Polygon","coordinates":[[[16.35,39.0],[16.3,39.05],[16.25,39.1],[16.2,39.1667],[16.1833,39.2],[16.2,39.25],[16.3,39.3],[16.3,39.3],[16.3333,39.4],[16.3,39.5],[16.3,39.5],[16.3,39.5],[16.4,39.52],[16.5,39.55],[16.6,39.5286],[16.7,39.5053],[16.7063,39.5],[16.8,39.4118],[16.8333,39.4],[16.8,39.3],[16.8,39.2],[16.8,39.1],[16.8,39.1],[16.7286,39.0],[16.7,38.9778],[16.6,38.98],[16.5,38.9778],[16.4,38.9818],[16.35,39.0]]]}},{"type":"Feature","properties":{"layer_id":"1981_2000_T20","layer_label":"1981_2000, T>20\u00b0C","low":10.0,"high":25.0,"label":"10\u201325 %","fill":"#fee391","fillOpacity":0.34,"stroke":"#fee391","strokeOpacity":0.46,"strokeWeight":0.35},"geometry":{"type":"Polygon","coordinates":[[[16.0714,39.2],[16.0833,39.3],[16.0,39.3714],[15.9714,39.4],[16.0,39.4667],[16.1,39.42],[16.15,39.4],[16.1333,39.3],[16.1333,39.2],[16.1,39.1714],[16.0714,39.2]]]}},{"type":"Feature","properties":{"layer_id":"1981_2000_T20","layer_label":"1981_2000, T>20\u00b0C","low":10.0,"high":25.0,"label":"10\u201325 %","fill":"#fee391","fillOpacity":0.34,"stroke":"#fee391","strokeOpacity":0.46,"strokeWeight":0.35},"geometry":{"type":"Polygon","coordinates":[[[24.3,38.0111],[24.4,38.0143],[24.5,38.0125],[24.5875,38.1],[24.5,38.1875],[24.4,38.1857],[24.3,38.1889],[24.2111,38.1],[24.3,38.0111]]]}},{"type":"Feature","properties":{"layer_id":"1981_2000_T20","layer_label":"1981_2000, T>20\u00b0C","low":10.0,"high":25.0,"label":"10\u201325 %","fill":"#fee391","fillOpacity":0.34,"stroke":"#fee391","strokeOpacity":0.46,"strokeWeight":0.35},"geometry":{"type":"Polygon","coordinates":[[[24.2278,38.1],[24.3,38.1722],[24.4,38.1643],[24.5,38.1688],[24.5688,38.1],[24.5,38.0313],[24.4,38.0357],[24.3,38.0278],[24.2278,38.1]]]}},{"type":"Feature","properties":{"layer_id":"1981_2000_T20","layer_label":"1981_2000, T>20\u00b0C","low":10.0,"high":25.0,"label":"10\u201325 %","fill":"#fee391","fillOpacity":0.34,"stroke":"#fee391","strokeOpacity":0.46,"strokeWeight":0.35},"geometry":{"type":"Polygon","coordinates":[[[20.4,38.11],[20.5,38.11],[20.6,38.1105],[20.7,38.1105],[20.7895,38.2],[20.7,38.2895],[20.69,38.3],[20.6,38.39],[20.5,38.39],[20.4,38.39],[20.31,38.3],[20.31,38.2],[20.4,38.11]]]}},{"type":"Feature","properties":{"layer_id":"1981_2000_T20","layer_label":"1981_2000, T>20\u00b0C","low":10.0,"high":25.0,"label":"10\u201325 %","fill":"#fee391","fillOpacity":0.34,"stroke":"#fee391","strokeOpacity":0.46,"strokeWeight":0.35},"geometry":{"type":"Polygon","coordinates":[[[20.325,38.2],[20.325,38.3],[20.4,38.375],[20.5,38.375],[20.6,38.375],[20.675,38.3],[20.7,38.2737],[20.7737,38.2],[20.7,38.1263],[20.6,38.1263],[20.5,38.125],[20.4,38.125],[20.325,38.2]]]}},{"type":"Feature","properties":{"layer_id":"1981_2000_T20","layer_label":"1981_2000, T>20\u00b0C","low":10.0,"high":25.0,"label":"10\u201325 %","fill":"#fee391","fillOpacity":0.34,"stroke":"#fee391","strokeOpacity":0.46,"strokeWeight":0.35},"geometry":{"type":"Polygon","coordinates":[[[22.1,38.14],[22.16,38.2],[22.1,38.26],[22.08,38.3],[22.1,38.35],[22.15,38.4],[22.1,38.45],[22.0,38.45],[21.9,38.4667],[21.8,38.4667],[21.7333,38.5],[21.7,38.5333],[21.6,38.5667],[21.5714,38.6],[21.5,38.6714],[21.45,38.7],[21.4,38.8],[21.4,38.8],[21.4,38.9],[21.3,38.95],[21.2,38.9667],[21.1333,38.9],[21.1,38.8714],[21.0,38.875],[20.99,38.9],[20.9,38.99],[20.8,38.99],[20.71,38.9],[20.7,38.89],[20.6,38.8889],[20.5111,38.8],[20.51,38.7],[20.51,38.6],[20.6,38.51],[20.7,38.51],[20.79,38.6],[20.79,38.7],[20.8,38.71],[20.89,38.8],[20.9,38.81],[20.925,38.8],[20.9143,38.7],[20.9105,38.6],[21.0,38.5105],[21.0105,38.5],[21.1,38.4105],[21.1105,38.4],[21.2,38.3105],[21.3,38.3105],[21.4,38.3125],[21.5,38.3111],[21.6,38.3125],[21.64,38.3],[21.7,38.2],[21.8,38.24],[21.875,38.3],[21.9,38.32],[21.9111,38.3],[22.0,38.22],[22.04,38.2],[22.1,38.14]]]}},{"type":"Feature","properties":{"layer_id":"1981_2000_T20","layer_label":"1981_2000, T>20\u00b0C","low":10.0,"high":25.0,"label":"10\u201325 %","fill":"#fee391","fillOpacity":0.34,"stroke":"#fee391","strokeOpacity":0.46,"strokeWeight":0.35},"geometry":{"type":"Polygon","coordinates":[[[21.9444,38.3],[21.9,38.38],[21.8,38.3],[21.7,38.3],[21.6,38.3313],[21.5,38.3278],[21.4,38.3313],[21.3,38.3263],[21.2,38.3263],[21.1263,38.4],[21.1,38.4263],[21.0263,38.5],[21.0,38.5263],[20.9263,38.6],[20.9357,38.7],[20.9625,38.8],[20.9,38.825],[20.875,38.8],[20.8,38.725],[20.775,38.7],[20.775,38.6],[20.7,38.525],[20.6,38.525],[20.525,38.6],[20.525,38.7],[20.5278,38.8],[20.6,38.8722],[20.7,38.875],[20.725,38.9],[20.8,38.975],[20.9,38.975],[20.975,38.9],[21.0,38.8375],[21.1,38.8286],[21.1833,38.9],[21.2,38.9167],[21.25,38.9],[21.3,38.8],[21.3,38.8],[21.375,38.7],[21.4,38.6833],[21.5,38.6286],[21.5286,38.6],[21.6,38.5167],[21.6333,38.5],[21.7,38.4667],[21.8,38.4167],[21.9,38.4167],[21.95,38.4],[22.0,38.3833],[22.05,38.3],[22.0,38.25],[21.9444,38.3]]]}},{"type":"Feature","properties":{"layer_id":"1981_2000_T20","layer_label":"1981_2000, T>20\u00b0C","low":10.0,"high":25.0,"label":"10\u201325 %","fill":"#fee391","fillOpacity":0.34,"stroke":"#fee391","strokeOpacity":0.46,"strokeWeight":0.35},"geometry":{"type":"Polygon","coordinates":[[[26.0,38.11],[26.09,38.2],[26.09,38.3],[26.1,38.3105],[26.1895,38.4],[26.1895,38.5],[26.1,38.5895],[26.0,38.5875],[25.99,38.6],[25.9,38.69],[25.81,38.6],[25.9,38.51],[25.9125,38.5],[25.9105,38.4],[25.9,38.39],[25.81,38.3],[25.9,38.21],[25.91,38.2],[26.0,38.11]]]}},{"type":"Feature","properties":{"layer_id":"1981_2000_T20","layer_label":"1981_2000, T>20\u00b0C","low":10.0,"high":25.0,"label":"10\u201325 %","fill":"#fee391","fillOpacity":0.34,"stroke":"#fee391","strokeOpacity":0.46,"strokeWeight":0.35},"geometry":{"type":"Polygon","coordinates":[[[25.925,38.2],[25.9,38.225],[25.825,38.3],[25.9,38.375],[25.9263,38.4],[25.9313,38.5],[25.9,38.525],[25.825,38.6],[25.9,38.675],[25.975,38.6],[26.0,38.5688],[26.1,38.5737],[26.1737,38.5],[26.1737,38.4],[26.1,38.3263],[26.075,38.3],[26.075,38.2],[26.0,38.125],[25.925,38.2]]]}},{"type":"Feature","properties":{"layer_id":"1981_2000_T20","layer_label":"1981_2000, T>20\u00b0C","low":10.0,"high":25.0,"label":"10\u201325 %","fill":"#fee391","fillOpacity":0.34,"stroke":"#fee391","strokeOpacity":0.46,"strokeWeight":0.35},"geometry":{"type":"Polygon","coordinates":[[[28.6,38.21],[28.7,38.2],[28.8,38.3],[28.7,38.4],[28.7,38.4],[28.6,38.46],[28.5,38.5],[28.5,38.5],[28.45,38.6],[28.4,38.65],[28.3,38.68],[28.2,38.6833],[28.1,38.6909],[28.0,38.6909],[27.9,38.68],[27.8,38.6333],[27.7,38.6],[27.8,38.5667],[27.9,38.5333],[28.0,38.5091],[28.0333,38.5],[28.1,38.45],[28.2,38.44],[28.3,38.42],[28.4,38.4125],[28.45,38.4],[28.5,38.3],[28.5,38.3],[28.6,38.21]]]}},{"type":"Feature","properties":{"layer_id":"1981_2000_T20","layer_label":"1981_2000, T>20\u00b0C","low":10.0,"high":25.0,"label":"10\u201325 %","fill":"#fee391","fillOpacity":0.34,"stroke":"#fee391","strokeOpacity":0.46,"strokeWeight":0.35},"geometry":{"type":"Polygon","coordinates":[[[28.5333,38.3],[28.6,38.4],[28.7,38.3571],[28.7571,38.3],[28.7,38.2429],[28.6,38.24],[28.5333,38.3]]]}},{"type":"Feature","properties":{"layer_id":"1981_2000_T20","layer_label":"1981_2000, T>20\u00b0C","low":10.0,"high":25.0,"label":"10\u201325 %","fill":"#fee391","fillOpacity":0.34,"stroke":"#fee391","strokeOpacity":0.46,"strokeWeight":0.35},"geometry":{"type":"Polygon","coordinates":[[[28.2,38.5],[28.2,38.5],[28.1,38.5125],[28.0,38.5364],[27.9,38.5833],[27.8667,38.6],[27.9,38.62],[28.0,38.6636],[28.1,38.6636],[28.2,38.6333],[28.3,38.62],[28.3333,38.6],[28.4,38.5667],[28.4571,38.5],[28.4,38.45],[28.3,38.45],[28.2,38.5]]]}},{"type":"Feature","properties":{"layer_id":"1981_2000_T20","layer_label":"1981_2000, T>20\u00b0C","low":10.0,"high":25.0,"label":"10\u201325 %","fill":"#fee391","fillOpacity":0.34,"stroke":"#fee391","strokeOpacity":0.46,"strokeWeight":0.35},"geometry":{"type":"Polygon","coordinates":[[[43.0,38.35],[43.1,38.3667],[43.15,38.4],[43.2,38.45],[43.2333,38.5],[43.2,38.55],[43.175,38.6],[43.1857,38.7],[43.2,38.7333],[43.25,38.8],[43.3,38.84],[43.375,38.9],[43.3,38.96],[43.2,38.975],[43.1143,38.9],[43.1,38.875],[43.04,38.8],[43.0,38.7818],[42.9,38.7857],[42.8,38.7846],[42.7,38.7846],[42.6,38.7818],[42.5,38.75],[42.45,38.7],[42.42,38.6],[42.5,38.52],[42.6,38.5143],[42.7,38.5167],[42.8,38.5],[42.8,38.5],[42.9,38.425],[42.9333,38.4],[43.0,38.35]]]}},{"type":"Feature","properties":{"layer_id":"1981_2000_T20","layer_label":"1981_2000, T>20\u00b0C","low":10.0,"high":25.0,"label":"10\u201325 %","fill":"#fee391","fillOpacity":0.34,"stroke":"#fee391","strokeOpacity":0.46,"strokeWeight":0.35},"geometry":{"type":"Polygon","coordinates":[[[42.9,38.5],[42.9,38.5],[42.8,38.53],[42.7,38.5417],[42.6,38.5357],[42.5,38.55],[42.45,38.6],[42.5,38.6833],[42.5143,38.7],[42.6,38.7545],[42.7,38.7615],[42.8,38.7615],[42.9,38.7643],[43.0,38.7545],[43.1,38.8],[43.1429,38.7],[43.1,38.6],[43.1,38.6],[43.1,38.6],[43.1333,38.5],[43.1,38.4667],[43.0,38.4333],[42.9,38.5]]]}},{"type":"Feature","properties":{"layer_id":"1981_2000_T20","layer_label":"1981_2000, T>20\u00b0C","low":10.0,"high":25.0,"label":"10\u201325 %","fill":"#fee391","fillOpacity":0.34,"stroke":"#fee391","strokeOpacity":0.46,"strokeWeight":0.35},"geometry":{"type":"Polygon","coordinates":[[[33.4,38.45],[33.5,38.45],[33.6,38.4333],[33.68,38.5],[33.7,38.525],[33.76,38.6],[33.7,38.66],[33.6667,38.7],[33.6,38.7667],[33.5667,38.8],[33.5,38.8667],[33.46,38.9],[33.4333,39.0],[33.4,39.0333],[33.3667,39.0],[33.3,38.9333],[33.2667,38.9],[33.2,38.86],[33.1,38.8],[33.1333,38.7],[33.2,38.6],[33.2,38.6],[33.3,38.5],[33.3,38.5],[33.4,38.45]]]}},{"type":"Feature","properties":{"layer_id":"1981_2000_T20","layer_label":"1981_2000, T>20\u00b0C","low":10.0,"high":25.0,"label":"10\u201325 %","fill":"#fee391","fillOpacity":0.34,"stroke":"#fee391","strokeOpacity":0.46,"strokeWeight":0.35},"geometry":{"type":"Polygon","coordinates":[[[33.55,38.5],[33.5,38.525],[33.4,38.525],[33.3,38.575],[33.275,38.6],[33.2,38.675],[33.1833,38.7],[33.2,38.8],[33.2,38.8],[33.3,38.8333],[33.4,38.9],[33.5,38.8167],[33.5167,38.8],[33.6,38.7167],[33.6167,38.7],[33.7,38.6],[33.62,38.5],[33.6,38.4833],[33.55,38.5]]]}},{"type":"Feature","properties":{"layer_id":"1981_2000_T20","layer_label":"1981_2000, T>20\u00b0C","low":10.0,"high":25.0,"label":"10\u201325 %","fill":"#fee391","fillOpacity":0.34,"stroke":"#fee391","strokeOpacity":0.46,"strokeWeight":0.35},"geometry":{"type":"Polygon","coordinates":[[[-6.6,38.6],[-6.5,38.7],[-6.5,38.7],[-6.5,38.7],[-6.4,38.6],[-6.3,38.7],[-6.3,38.7],[-6.2,38.7],[-6.1,38.8],[-6.1,38.8],[-6.0,38.8167],[-5.9,38.8333],[-5.8,38.8],[-5.8,38.8],[-5.7,38.7667],[-5.6,38.8],[-5.6,38.8],[-5.5,38.8],[-5.4,38.8],[-5.3,38.9],[-5.3,38.9],[-5.2,38.9],[-5.1,39.0],[-5.1,39.0],[-5.0,39.0],[-4.95,39.1],[-4.9,39.15],[-4.8,39.1],[-4.8,39.1],[-4.7,39.05],[-4.6,39.1],[-4.6,39.2],[-4.6,39.3],[-4.7,39.4],[-4.7,39.4],[-4.8,39.4333],[-4.9,39.48],[-5.0,39.4833],[-5.1,39.4833],[-5.2,39.48],[-5.3,39.4],[-5.3,39.4],[-5.4,39.38],[-5.5,39.35],[-5.6,39.3667],[-5.7,39.3],[-5.7,39.3],[-5.8,39.28],[-5.9,39.2],[-5.9,39.2],[-6.0,39.2],[-6.1,39.2],[-6.2,39.15],[-6.3,39.15],[-6.4,39.2],[-6.5,39.2],[-6.5,39.2],[-6.5,39.2],[-6.4,39.3],[-6.4,39.3],[-6.3,39.4],[-6.3,39.4],[-6.2,39.45],[-6.1,39.5],[-6.1333,39.6],[-6.1,39.65],[-6.05,39.7],[-6.1,39.75],[-6.2,39.7],[-6.2,39.7],[-6.2,39.7],[-6.25,39.8],[-6.3,39.85],[-6.4,39.9],[-6.4,39.9],[-6.4,39.9],[-6.3667,40.0],[-6.4,40.05],[-6.45,40.1],[-6.5,40.1333],[-6.6,40.1333],[-6.7,40.1333],[-6.75,40.1],[-6.75,40.0],[-6.7,39.95],[-6.6,39.9],[-6.6,39.9],[-6.6,39.9],[-6.7,39.8667],[-6.8,39.875],[-6.875,39.8],[-6.9,39.7667],[-7.0,39.7],[-7.0,39.7],[-7.1,39.6333],[-7.15,39.6],[-7.1,39.5667],[-7.0,39.55],[-6.95,39.5],[-7.0,39.4],[-6.95,39.3],[-7.0,39.2],[-7.0,39.1],[-7.0,39.0],[-7.0,39.0],[-7.05,38.9],[-7.0,38.85],[-6.9,38.85],[-6.8,38.8],[-6.8,38.8],[-6.7,38.7],[-6.7,38.7],[-6.6,38.6]]]}},{"type":"Feature","properties":{"layer_id":"1981_2000_T20","layer_label":"1981_2000, T>20\u00b0C","low":10.0,"high":25.0,"label":"10\u201325 %","fill":"#fee391","fillOpacity":0.34,"stroke":"#fee391","strokeOpacity":0.46,"strokeWeight":0.35},"geometry":{"type":"Polygon","coordinates":[[[-6.2667,38.9],[-6.2,39.0],[-6.2,39.0],[-6.1,39.05],[-6.0,39.075],[-5.9,39.1],[-5.8,39.0],[-5.8,39.0],[-5.7,38.95],[-5.6,38.9571],[-5.5,39.0],[-5.45,38.9],[-5.5,38.86],[-5.6,38.8429],[-5.7,38.84],[-5.8,38.85],[-5.9,38.8833],[-6.0,38.8667],[-6.1,38.86],[-6.2,38.85],[-6.2667,38.9]]]}},{"type":"Feature","properties":{"layer_id":"1981_2000_T20","layer_label":"1981_2000, T>20\u00b0C","low":10.0,"high":25.0,"label":"10\u201325 %","fill":"#fee391","fillOpacity":0.34,"stroke":"#fee391","strokeOpacity":0.46,"strokeWeight":0.35},"geometry":{"type":"Polygon","coordinates":[[[-5.825,39.2],[-5.8,39.22],[-5.7,39.24],[-5.6,39.2667],[-5.5,39.25],[-5.4333,39.3],[-5.4,39.32],[-5.3,39.34],[-5.225,39.4],[-5.2,39.42],[-5.1,39.4333],[-5.0,39.4333],[-4.9,39.42],[-4.8667,39.4],[-4.9,39.3],[-4.9,39.3],[-5.0,39.25],[-5.05,39.2],[-5.1,39.15],[-5.2,39.1],[-5.3,39.1],[-5.4,39.125],[-5.5,39.1333],[-5.6,39.15],[-5.7,39.16],[-5.8,39.15],[-5.825,39.2]]]}},{"type":"Feature","properties":{"layer_id":"1981_2000_T20","layer_label":"1981_2000, T>20\u00b0C","low":10.0,"high":25.0,"label":"10\u201325 %","fill":"#fee391","fillOpacity":0.34,"stroke":"#fee391","strokeOpacity":0.46,"strokeWeight":0.35},"geometry":{"type":"Polygon","coordinates":[[[-6.55,39.7],[-6.5,39.7333],[-6.4,39.7667],[-6.35,39.7],[-6.4,39.6],[-6.5,39.6],[-6.55,39.7]]]}},{"type":"Feature","properties":{"layer_id":"1981_2000_T20","layer_label":"1981_2000, T>20\u00b0C","low":10.0,"high":25.0,"label":"10\u201325 %","fill":"#fee391","fillOpacity":0.34,"stroke":"#fee391","strokeOpacity":0.46,"strokeWeight":0.35},"geometry":{"type":"Polygon","coordinates":[[[-5.1,38.6667],[-5.0,38.7],[-5.0,38.7],[-5.0,38.7],[-4.9,38.6],[-4.8,38.6333],[-4.7,38.7],[-4.8,38.7667],[-4.9,38.8],[-4.9,38.8],[-5.0,38.9],[-5.1,38.8],[-5.1,38.8],[-5.2,38.7],[-5.1,38.6667]]]}},{"type":"Feature","properties":{"layer_id":"1981_2000_T20","layer_label":"1981_2000, T>20\u00b0C","low":10.0,"high":25.0,"label":"10\u201325 %","fill":"#fee391","fillOpacity":0.34,"stroke":"#fee391","strokeOpacity":0.46,"strokeWeight":0.35},"geometry":{"type":"Polygon","coordinates":[[[24.6,38.71],[24.69,38.8],[24.6,38.89],[24.59,38.9],[24.5,38.99],[24.41,38.9],[24.5,38.81],[24.51,38.8],[24.6,38.71]]]}},{"type":"Feature","properties":{"layer_id":"1981_2000_T20","layer_label":"1981_2000, T>20\u00b0C","low":10.0,"high":25.0,"label":"10\u201325 %","fill":"#fee391","fillOpacity":0.34,"stroke":"#fee391","strokeOpacity":0.46,"strokeWeight":0.35},"geometry":{"type":"Polygon","coordinates":[[[24.525,38.8],[24.5,38.825],[24.425,38.9],[24.5,38.975],[24.575,38.9],[24.6,38.875],[24.675,38.8],[24.6,38.725],[24.525,38.8]]]}},{"type":"Feature","properties":{"layer_id":"1981_2000_T20","layer_label":"1981_2000, T>20\u00b0C","low":10.0,"high":25.0,"label":"10\u201325 %","fill":"#fee391","fillOpacity":0.34,"stroke":"#fee391","strokeOpacity":0.46,"strokeWeight":0.35},"geometry":{"type":"Polygon","coordinates":[[[1.4,38.81],[1.49,38.9],[1.5,38.91],[1.59,39.0],[1.5,39.09],[1.4,39.09],[1.3,39.09],[1.21,39.0],[1.3,38.91],[1.31,38.9],[1.4,38.81]]]}},{"type":"Feature","properties":{"layer_id":"1981_2000_T20","layer_label":"1981_2000, T>20\u00b0C","low":10.0,"high":25.0,"label":"10\u201325 %","fill":"#fee391","fillOpacity":0.34,"stroke":"#fee391","strokeOpacity":0.46,"strokeWeight":0.35},"geometry":{"type":"Polygon","coordinates":[[[1.325,38.9],[1.3,38.925],[1.225,39.0],[1.3,39.075],[1.4,39.075],[1.5,39.075],[1.575,39.0],[1.5,38.925],[1.475,38.9],[1.4,38.825],[1.325,38.9]]]}},{"type":"Feature","properties":{"layer_id":"1981_2000_T20","layer_label":"1981_2000, T>20\u00b0C","low":10.0,"high":25.0,"label":"10\u201325 %","fill":"#fee391","fillOpacity":0.34,"stroke":"#fee391","strokeOpacity":0.46,"strokeWeight":0.35},"geometry":{"type":"Polygon","coordinates":[[[8.9,38.8133],[8.9867,38.9],[8.9714,39.0],[8.9,39.1],[8.8,39.0833],[8.775,39.1],[8.75,39.2],[8.8,39.2333],[8.85,39.2],[8.9,39.1],[8.9333,39.2],[9.0,39.2125],[9.1,39.2133],[9.2,39.22],[9.3,39.2667],[9.3167,39.2],[9.4,39.1167],[9.5,39.1125],[9.5875,39.2],[9.6,39.2125],[9.6875,39.3],[9.6875,39.4],[9.6867,39.5],[9.6818,39.6],[9.68,39.7],[9.7,39.7118],[9.7882,39.8],[9.7889,39.9],[9.7895,40.0],[9.7,40.0895],[9.6,40.1],[9.51,40.0],[9.5071,39.9],[9.5091,39.8],[9.5111,39.7],[9.5,39.65],[9.4,39.6],[9.4,39.5],[9.4,39.4],[9.4,39.4],[9.3,39.35],[9.2,39.4],[9.1,39.3929],[9.08,39.4],[9.0,39.5],[8.9,39.5],[8.8,39.5],[8.75,39.4],[8.7,39.3],[8.7,39.3],[8.6,39.2667],[8.5667,39.3],[8.5,39.3667],[8.4,39.4],[8.35,39.3],[8.3167,39.2],[8.4,39.1167],[8.4167,39.1],[8.5,39.0167],[8.5118,39.0],[8.6,38.9118],[8.7,38.9154],[8.8,38.9286],[8.8133,38.9],[8.9,38.8133]]]}},{"type":"Feature","properties":{"layer_id":"1981_2000_T20","layer_label":"1981_2000, T>20\u00b0C","low":10.0,"high":25.0,"label":"10\u201325 %","fill":"#fee391","fillOpacity":0.34,"stroke":"#fee391","strokeOpacity":0.46,"strokeWeight":0.35},"geometry":{"type":"Polygon","coordinates":[[[8.8333,38.9],[8.8,38.9714],[8.7,38.9385],[8.6,38.9294],[8.5294,39.0],[8.5,39.0417],[8.4417,39.1],[8.4,39.1417],[8.3417,39.2],[8.4,39.2875],[8.5,39.2833],[8.5833,39.2],[8.6,39.1875],[8.7,39.1],[8.7,39.1],[8.8,39.0333],[8.9,39.04],[8.9286,39.0],[8.9667,38.9],[8.9,38.8333],[8.8333,38.9]]]}},{"type":"Feature","properties":{"layer_id":"1981_2000_T20","layer_label":"1981_2000, T>20\u00b0C","low":10.0,"high":25.0,"label":"10\u201325 %","fill":"#fee391","fillOpacity":0.34,"stroke":"#fee391","strokeOpacity":0.46,"strokeWeight":0.35},"geometry":{"type":"Polygon","coordinates":[[[9.3417,39.2],[9.4,39.2778],[9.4333,39.3],[9.46,39.4],[9.475,39.5],[9.5,39.5333],[9.525,39.6],[9.5444,39.7],[9.5364,39.8],[9.5286,39.9],[9.54,40.0],[9.6,40.0667],[9.7,40.0737],[9.7737,40.0],[9.7722,39.9],[9.7706,39.8],[9.7,39.7294],[9.65,39.7],[9.6545,39.6],[9.6667,39.5],[9.6688,39.4],[9.6688,39.3],[9.6,39.2313],[9.5688,39.2],[9.5,39.1313],[9.4,39.1417],[9.3417,39.2]]]}},{"type":"Feature","properties":{"layer_id":"1981_2000_T20","layer_label":"1981_2000, T>20\u00b0C","low":10.0,"high":25.0,"label":"10\u201325 %","fill":"#fee391","fillOpacity":0.34,"stroke":"#fee391","strokeOpacity":0.46,"strokeWeight":0.35},"geometry":{"type":"Polygon","coordinates":[[[8.82,39.3],[8.9,39.4],[8.9,39.4],[9.0,39.425],[9.02,39.4],[9.1,39.3714],[9.2,39.3625],[9.2714,39.3],[9.2,39.25],[9.1,39.2333],[9.0,39.2313],[8.9,39.2333],[8.82,39.3]]]}},{"type":"Feature","properties":{"layer_id":"1981_2000_T20","layer_label":"1981_2000, T>20\u00b0C","low":10.0,"high":25.0,"label":"10\u201325 %","fill":"#fee391","fillOpacity":0.34,"stroke":"#fee391","strokeOpacity":0.46,"strokeWeight":0.35},"geometry":{"type":"Polygon","coordinates":[[[45.0,38.92],[45.0,38.98],[44.9833,39.0],[44.9667,39.1],[44.9,39.15],[44.82,39.2],[44.8,39.25],[44.7667,39.3],[44.8,39.325],[44.8429,39.4],[44.8333,39.5],[44.8,39.56],[44.75,39.6],[44.7,39.64],[44.65,39.7],[44.7,39.8],[44.8,39.7333],[44.85,39.7],[44.9,39.675],[45.0,39.6556],[45.0,39.6889],[44.95,39.7],[44.9,39.7333],[44.8,39.7833],[44.775,39.8],[44.7,39.86],[44.65,39.9],[44.6,39.95],[44.5,39.975],[44.45,40.0],[44.4,40.0333],[44.35,40.0],[44.4,39.95],[44.425,39.9],[44.5,39.825],[44.55,39.8],[44.6,39.7],[44.6,39.7],[44.65,39.6],[44.7,39.55],[44.8,39.5],[44.8,39.5],[44.8,39.4],[44.8,39.4],[44.7,39.35],[44.65,39.3],[44.7,39.25],[44.7333,39.2],[44.8,39.15],[44.9,39.1125],[44.9167,39.1],[44.9333,39.0],[45.0,38.92]]]}},{"type":"Feature","properties":{"layer_id":"1981_2000_T20","layer_label":"1981_2000, T>20\u00b0C","low":10.0,"high":25.0,"label":"10\u201325 %","fill":"#fee391","fillOpacity":0.34,"stroke":"#fee391","strokeOpacity":0.46,"strokeWeight":0.35},"geometry":{"type":"Polygon","coordinates":[[[20.6,39.04],[20.7,39.0286],[20.8,39.1],[20.7,39.2],[20.7,39.2],[20.6,39.275],[20.55,39.3],[20.5,39.35],[20.45,39.4],[20.4,39.45],[20.3667,39.5],[20.3,39.6],[20.3,39.6],[20.2,39.7],[20.2,39.7],[20.2,39.8],[20.1,39.9],[20.02,39.8],[20.0125,39.7],[20.1,39.6125],[20.1286,39.6],[20.2,39.5286],[20.25,39.5],[20.2125,39.4],[20.3,39.3125],[20.3133,39.3],[20.4,39.2133],[20.4286,39.2],[20.5,39.1286],[20.54,39.1],[20.6,39.04]]]}},{"type":"Feature","properties":{"layer_id":"1981_2000_T20","layer_label":"1981_2000, T>20\u00b0C","low":10.0,"high":25.0,"label":"10\u201325 %","fill":"#fee391","fillOpacity":0.34,"stroke":"#fee391","strokeOpacity":0.46,"strokeWeight":0.35},"geometry":{"type":"Polygon","coordinates":[[[20.4714,39.2],[20.4,39.2333],[20.3333,39.3],[20.3,39.3313],[20.2313,39.4],[20.3,39.4917],[20.3846,39.4],[20.4,39.3833],[20.4833,39.3],[20.5,39.25],[20.6,39.2],[20.5,39.1714],[20.4714,39.2]]]}},{"type":"Feature","properties":{"layer_id":"1981_2000_T20","layer_label":"1981_2000, T>20\u00b0C","low":10.0,"high":25.0,"label":"10\u201325 %","fill":"#fee391","fillOpacity":0.34,"stroke":"#fee391","strokeOpacity":0.46,"strokeWeight":0.35},"geometry":{"type":"Polygon","coordinates":[[[20.1714,39.6],[20.1,39.6313],[20.0313,39.7],[20.05,39.8],[20.1,39.8625],[20.1625,39.8],[20.1786,39.7],[20.2,39.64],[20.24,39.6],[20.2,39.5714],[20.1714,39.6]]]}},{"type":"Feature","properties":{"layer_id":"1981_2000_T20","layer_label":"1981_2000, T>20\u00b0C","low":10.0,"high":25.0,"label":"10\u201325 %","fill":"#fee391","fillOpacity":0.34,"stroke":"#fee391","strokeOpacity":0.46,"strokeWeight":0.35},"geometry":{"type":"Polygon","coordinates":[[[20.9,39.05],[21.0,39.04],[21.06,39.1],[21.0,39.2],[20.9,39.2],[20.8,39.1],[20.9,39.05]]]}},{"type":"Feature","properties":{"layer_id":"1981_2000_T20","layer_label":"1981_2000, T>20\u00b0C","low":10.0,"high":25.0,"label":"10\u201325 %","fill":"#fee391","fillOpacity":0.34,"stroke":"#fee391","strokeOpacity":0.46,"strokeWeight":0.35},"geometry":{"type":"Polygon","coordinates":[[[23.7,39.01],[23.8,39.01],[23.89,39.1],[23.8,39.19],[23.7,39.19],[23.61,39.1],[23.7,39.01]]]}},{"type":"Feature","properties":{"layer_id":"1981_2000_T20","layer_label":"1981_2000, T>20\u00b0C","low":10.0,"high":25.0,"label":"10\u201325 %","fill":"#fee391","fillOpacity":0.34,"stroke":"#fee391","strokeOpacity":0.46,"strokeWeight":0.35},"geometry":{"type":"Polygon","coordinates":[[[23.625,39.1],[23.7,39.175],[23.8,39.175],[23.875,39.1],[23.8,39.025],[23.7,39.025],[23.625,39.1]]]}},{"type":"Feature","properties":{"layer_id":"1981_2000_T20","layer_label":"1981_2000, T>20\u00b0C","low":10.0,"high":25.0,"label":"10\u201325 %","fill":"#fee391","fillOpacity":0.34,"stroke":"#fee391","strokeOpacity":0.46,"strokeWeight":0.35},"geometry":{"type":"Polygon","coordinates":[[[26.1,39.0105],[26.2,39.01],[26.3,39.0105],[26.4,39.0105],[26.5,39.01],[26.59,39.1],[26.5889,39.2],[26.5,39.2889],[26.4895,39.3],[26.4,39.3895],[26.3,39.3895],[26.2,39.3895],[26.1105,39.3],[26.1,39.2875],[26.0882,39.3],[26.0,39.3882],[25.9,39.3895],[25.8105,39.3],[25.8105,39.2],[25.9,39.1105],[26.0,39.1118],[26.0105,39.1],[26.1,39.0105]]]}},{"type":"Feature","properties":{"layer_id":"1981_2000_T20","layer_label":"1981_2000, T>20\u00b0C","low":10.0,"high":25.0,"label":"10\u201325 %","fill":"#fee391","fillOpacity":0.34,"stroke":"#fee391","strokeOpacity":0.46,"strokeWeight":0.35},"geometry":{"type":"Polygon","coordinates":[[[26.0263,39.1],[26.0,39.1294],[25.9,39.1263],[25.8263,39.2],[25.8263,39.3],[25.9,39.3737],[26.0,39.3706],[26.0706,39.3],[26.1,39.2688],[26.1263,39.3],[26.2,39.3737],[26.3,39.3737],[26.4,39.3737],[26.4737,39.3],[26.5,39.2722],[26.5722,39.2],[26.575,39.1],[26.5,39.025],[26.4,39.0263],[26.3,39.0263],[26.2,39.025],[26.1,39.0263],[26.0263,39.1]]]}},{"type":"Feature","properties":{"layer_id":"1981_2000_T20","layer_label":"1981_2000, T>20\u00b0C","low":10.0,"high":25.0,"label":"10\u201325 %","fill":"#fee391","fillOpacity":0.34,"stroke":"#fee391","strokeOpacity":0.46,"strokeWeight":0.35},"geometry":{"type":"Polygon","coordinates":[[[3.1,39.21],[3.19,39.3],[3.2,39.3105],[3.2895,39.4],[3.2889,39.5],[3.3,39.5111],[3.4,39.5105],[3.4895,39.6],[3.4895,39.7],[3.4,39.7895],[3.3,39.7889],[3.2,39.7889],[3.1,39.7895],[3.0889,39.8],[3.0895,39.9],[3.0,39.9895],[2.9105,39.9],[2.9,39.8889],[2.8,39.8882],[2.7118,39.8],[2.7,39.7895],[2.6,39.7895],[2.5,39.7895],[2.4105,39.7],[2.41,39.6],[2.5,39.51],[2.6,39.51],[2.61,39.5],[2.7,39.41],[2.7105,39.4],[2.8,39.3105],[2.9,39.3105],[3.0,39.31],[3.01,39.3],[3.1,39.21]]]}},{"type":"Feature","properties":{"layer_id":"1981_2000_T20","layer_label":"1981_2000, T>20\u00b0C","low":10.0,"high":25.0,"label":"10\u201325 %","fill":"#fee391","fillOpacity":0.34,"stroke":"#fee391","strokeOpacity":0.46,"strokeWeight":0.35},"geometry":{"type":"Polygon","coordinates":[[[3.025,39.3],[3.0,39.325],[2.9,39.3263],[2.8,39.3263],[2.7263,39.4],[2.7,39.425],[2.625,39.5],[2.6,39.525],[2.5,39.525],[2.425,39.6],[2.4263,39.7],[2.5,39.7737],[2.6,39.7737],[2.7,39.7737],[2.7294,39.8],[2.8,39.8706],[2.9,39.8722],[2.9263,39.9],[3.0,39.9737],[3.0737,39.9],[3.0722,39.8],[3.1,39.7737],[3.2,39.7722],[3.3,39.7722],[3.4,39.7737],[3.4737,39.7],[3.4737,39.6],[3.4,39.5263],[3.3,39.5278],[3.2722,39.5],[3.2737,39.4],[3.2,39.3263],[3.175,39.3],[3.1,39.225],[3.025,39.3]]]}},{"type":"Feature","properties":{"layer_id":"1981_2000_T20","layer_label":"1981_2000, T>20\u00b0C","low":10.0,"high":25.0,"label":"10\u201325 %","fill":"#fee391","fillOpacity":0.34,"stroke":"#fee391","strokeOpacity":0.46,"strokeWeight":0.35},"geometry":{"type":"Polygon","coordinates":[[[19.9,39.41],[19.99,39.5],[19.99,39.6],[19.9,39.69],[19.89,39.7],[19.8,39.79],[19.7,39.79],[19.61,39.7],[19.7,39.61],[19.71,39.6],[19.8,39.51],[19.81,39.5],[19.9,39.41]]]}},{"type":"Feature","properties":{"layer_id":"1981_2000_T20","layer_label":"1981_2000, T>20\u00b0C","low":10.0,"high":25.0,"label":"10\u201325 %","fill":"#fee391","fillOpacity":0.34,"stroke":"#fee391","strokeOpacity":0.46,"strokeWeight":0.35},"geometry":{"type":"Polygon","coordinates":[[[19.825,39.5],[19.8,39.525],[19.725,39.6],[19.7,39.625],[19.625,39.7],[19.7,39.775],[19.8,39.775],[19.875,39.7],[19.9,39.675],[19.975,39.6],[19.975,39.5],[19.9,39.425],[19.825,39.5]]]}},{"type":"Feature","properties":{"layer_id":"1981_2000_T20","layer_label":"1981_2000, T>20\u00b0C","low":10.0,"high":25.0,"label":"10\u201325 %","fill":"#fee391","fillOpacity":0.34,"stroke":"#fee391","strokeOpacity":0.46,"strokeWeight":0.35},"geometry":{"type":"Polygon","coordinates":[[[26.1,39.4105],[26.2,39.4111],[26.2889,39.5],[26.3,39.5333],[26.4,39.54],[26.5,39.55],[26.6,39.5667],[26.65,39.6],[26.6,39.65],[26.55,39.7],[26.5667,39.8],[26.55,39.9],[26.5,39.95],[26.4,40.0],[26.3,39.975],[26.2,39.9833],[26.1167,39.9],[26.1133,39.8],[26.125,39.7],[26.1167,39.6],[26.1,39.5895],[26.0105,39.5],[26.1,39.4105]]]}},{"type":"Feature","properties":{"layer_id":"1981_2000_T20","layer_label":"1981_2000, T>20\u00b0C","low":10.0,"high":25.0,"label":"10\u201325 %","fill":"#fee391","fillOpacity":0.34,"stroke":"#fee391","strokeOpacity":0.46,"strokeWeight":0.35},"geometry":{"type":"Polygon","coordinates":[[[26.0263,39.5],[26.1,39.5737],[26.1417,39.6],[26.1625,39.7],[26.1333,39.8],[26.1417,39.9],[26.2,39.9583],[26.3,39.9375],[26.375,39.9],[26.4,39.85],[26.45,39.8],[26.4,39.75],[26.3,39.7],[26.3,39.7],[26.3,39.7],[26.4,39.6],[26.3,39.5833],[26.2722,39.5],[26.2,39.4278],[26.1,39.4263],[26.0263,39.5]]]}},{"type":"Feature","properties":{"layer_id":"1981_2000_T20","layer_label":"1981_2000, T>20\u00b0C","low":10.0,"high":25.0,"label":"10\u201325 %","fill":"#fee391","fillOpacity":0.34,"stroke":"#fee391","strokeOpacity":0.46,"strokeWeight":0.35},"geometry":{"type":"Polygon","coordinates":[[[8.5,39.5333],[8.6,39.55],[8.7,39.6],[8.7,39.7],[8.6,39.75],[8.5,39.775],[8.425,39.7],[8.45,39.6],[8.5,39.5333]]]}},{"type":"Feature","properties":{"layer_id":"1981_2000_T20","layer_label":"1981_2000, T>20\u00b0C","low":10.0,"high":25.0,"label":"10\u201325 %","fill":"#fee391","fillOpacity":0.34,"stroke":"#fee391","strokeOpacity":0.46,"strokeWeight":0.35},"geometry":{"type":"Polygon","coordinates":[[[-6.0,39.75],[-5.9,39.725],[-5.8,39.75],[-5.75,39.8],[-5.7,39.8143],[-5.6,39.82],[-5.5,39.85],[-5.45,39.9],[-5.4,39.95],[-5.3,39.94],[-5.2,40.0],[-5.3,40.075],[-5.4,40.0333],[-5.5,40.06],[-5.6,40.06],[-5.7,40.0667],[-5.8,40.0333],[-5.9,40.0],[-5.9,40.0],[-6.0,39.975],[-6.1,39.9333],[-6.15,39.9],[-6.1,39.85],[-6.05,39.8],[-6.0,39.75]]]}},{"type":"Feature","properties":{"layer_id":"1981_2000_T20","layer_label":"1981_2000, T>20\u00b0C","low":10.0,"high":25.0,"label":"10\u201325 %","fill":"#fee391","fillOpacity":0.34,"stroke":"#fee391","strokeOpacity":0.46,"strokeWeight":0.35},"geometry":{"type":"Polygon","coordinates":[[[-6.0,39.9],[-5.9,39.95],[-5.8,39.96],[-5.7333,40.0],[-5.7,40.0167],[-5.6,40.0],[-5.6,40.0],[-5.5667,39.9],[-5.6,39.88],[-5.7,39.8571],[-5.8,39.84],[-5.9,39.8],[-6.0,39.9]]]}},{"type":"Feature","properties":{"layer_id":"1981_2000_T20","layer_label":"1981_2000, T>20\u00b0C","low":10.0,"high":25.0,"label":"10\u201325 %","fill":"#fee391","fillOpacity":0.34,"stroke":"#fee391","strokeOpacity":0.46,"strokeWeight":0.35},"geometry":{"type":"Polygon","coordinates":[[[25.3,39.71],[25.39,39.8],[25.3,39.89],[25.29,39.9],[25.2,39.99],[25.19,40.0],[25.1,40.09],[25.01,40.0],[25.01,39.9],[25.1,39.81],[25.2,39.81],[25.21,39.8],[25.3,39.71]]]}},{"type":"Feature","properties":{"layer_id":"1981_2000_T20","layer_label":"1981_2000, T>20\u00b0C","low":10.0,"high":25.0,"label":"10\u201325 %","fill":"#fee391","fillOpacity":0.34,"stroke":"#fee391","strokeOpacity":0.46,"strokeWeight":0.35},"geometry":{"type":"Polygon","coordinates":[[[25.225,39.8],[25.2,39.825],[25.1,39.825],[25.025,39.9],[25.025,40.0],[25.1,40.075],[25.175,40.0],[25.2,39.975],[25.275,39.9],[25.3,39.875],[25.375,39.8],[25.3,39.725],[25.225,39.8]]]}},{"type":"Feature","properties":{"layer_id":"1981_2000_T20","layer_label":"1981_2000, T>20\u00b0C","low":10.0,"high":25.0,"label":"10\u201325 %","fill":"#fee391","fillOpacity":0.34,"stroke":"#fee391","strokeOpacity":0.46,"strokeWeight":0.35},"geometry":{"type":"Polygon","coordinates":[[[4.1,39.81],[4.2,39.81],[4.3,39.81],[4.39,39.9],[4.3,39.99],[4.29,40.0],[4.2,40.09],[4.1,40.09],[4.0,40.09],[3.9,40.09],[3.81,40.0],[3.9,39.91],[4.0,39.91],[4.01,39.9],[4.1,39.81]]]}},{"type":"Feature","properties":{"layer_id":"1981_2000_T20","layer_label":"1981_2000, T>20\u00b0C","low":10.0,"high":25.0,"label":"10\u201325 %","fill":"#fee391","fillOpacity":0.34,"stroke":"#fee391","strokeOpacity":0.46,"strokeWeight":0.35},"geometry":{"type":"Polygon","coordinates":[[[4.025,39.9],[4.0,39.925],[3.9,39.925],[3.825,40.0],[3.9,40.075],[4.0,40.075],[4.1,40.075],[4.2,40.075],[4.275,40.0],[4.3,39.975],[4.375,39.9],[4.3,39.825],[4.2,39.825],[4.1,39.825],[4.025,39.9]]]}},{"type":"Feature","properties":{"layer_id":"1981_2000_T20","layer_label":"1981_2000, T>20\u00b0C","low":10.0,"high":25.0,"label":"10\u201325 %","fill":"#fee391","fillOpacity":0.34,"stroke":"#fee391","strokeOpacity":0.46,"strokeWeight":0.35},"geometry":{"type":"Polygon","coordinates":[[[18.2,39.81],[18.3,39.81],[18.39,39.9],[18.4,39.91],[18.49,40.0],[18.49,40.1],[18.49,40.2],[18.4889,40.3],[18.4,40.3889],[18.3889,40.4],[18.3,40.4889],[18.2,40.4889],[18.1882,40.5],[18.1,40.5882],[18.0778,40.6],[18.0,40.6778],[17.9,40.6818],[17.8882,40.7],[17.8,40.7882],[17.7,40.7889],[17.6,40.7857],[17.5846,40.8],[17.5,40.8846],[17.4895,40.9],[17.4,40.9895],[17.3,40.9846],[17.2,40.9714],[17.1846,41.0],[17.1,41.0846],[17.0882,41.1],[17.0,41.1882],[16.9,41.1867],[16.8,41.1857],[16.7875,41.2],[16.7,41.2875],[16.6,41.2833],[16.5,41.2778],[16.4,41.25],[16.3857,41.3],[16.3,41.3857],[16.2,41.3846],[16.1867,41.4],[16.1,41.4867],[16.0,41.4857],[15.9,41.4846],[15.8867,41.5],[15.8846,41.6],[15.9,41.65],[16.0,41.6182],[16.0818,41.7],[16.1,41.7111],[16.2,41.7105],[16.2895,41.8],[16.2,41.8895],[16.1889,41.9],[16.1,41.9889],[16.0,41.9889],[15.9,41.9882],[15.8,41.9778],[15.7222,41.9],[15.8,41.8222],[15.9,41.8118],[15.925,41.8],[15.9,41.75],[15.8,41.7333],[15.7667,41.7],[15.7,41.68],[15.6,41.6714],[15.56,41.7],[15.6,41.8],[15.5875,41.9],[15.5,41.9875],[15.4,41.9875],[15.3125,41.9],[15.3,41.86],[15.2,41.8333],[15.1867,41.9],[15.1,41.9867],[15.0857,42.0],[15.0,42.0857],[14.9,42.0818],[14.8,42.0],[14.9,41.9],[14.9,41.9],[15.0,41.85],[15.1,41.8071],[15.15,41.8],[15.2,41.75],[15.3,41.725],[15.3333,41.7],[15.325,41.6],[15.4,41.525],[15.425,41.5],[15.5,41.425],[15.6,41.4167],[15.6333,41.4],[15.7,41.35],[15.8,41.3],[15.8,41.3],[15.8,41.3],[15.7333,41.2],[15.8,41.1],[15.85,41.2],[15.9,41.225],[16.0,41.2],[16.1,41.2167],[16.2,41.2154],[16.3,41.2077],[16.3333,41.2],[16.4,41.15],[16.5,41.1],[16.5,41.1],[16.6,41.0],[16.7,41.0],[16.7,41.0],[16.8,40.9143],[16.9,40.9],[16.9,40.9],[17.0,40.8],[17.0,40.8],[17.0,40.8],[16.9,40.7],[16.9,40.7],[16.84,40.6],[16.8,40.5846],[16.7,40.56],[16.625,40.5],[16.6,40.48],[16.52,40.4],[16.5,40.3667],[16.45,40.3],[16.4,40.2],[16.4143,40.1],[16.4667,40.0],[16.5,39.9],[16.6,39.9111],[16.6889,40.0],[16.6,40.0889],[16.575,40.1],[16.6,40.1118],[16.7,40.1111],[16.7889,40.2],[16.7882,40.3],[16.7857,40.4],[16.8,40.4154],[16.9,40.4154],[17.0,40.4133],[17.1,40.4105],[17.2,40.4105],[17.21,40.4],[17.3,40.31],[17.4,40.31],[17.5,40.31],[17.51,40.3],[17.6,40.21],[17.7,40.2105],[17.8,40.2105],[17.9,40.21],[17.91,40.2],[17.91,40.1],[18.0,40.01],[18.01,40.0],[18.1,39.91],[18.11,39.9],[18.2,39.81]]]}},{"type":"Feature","properties":{"layer_id":"1981_2000_T20","layer_label":"1981_2000, T>20\u00b0C","low":10.0,"high":25.0,"label":"10\u201325 %","fill":"#fee391","fillOpacity":0.34,"stroke":"#fee391","strokeOpacity":0.46,"strokeWeight":0.35},"geometry":{"type":"Polygon","coordinates":[[[18.125,39.9],[18.1,39.925],[18.025,40.0],[18.0,40.025],[17.925,40.1],[17.925,40.2],[17.9,40.225],[17.8,40.2263],[17.7,40.2263],[17.6,40.225],[17.525,40.3],[17.5,40.325],[17.4,40.325],[17.3,40.325],[17.225,40.4],[17.2,40.4263],[17.1,40.4263],[17.0,40.4333],[16.9,40.4385],[16.8,40.4385],[16.7643,40.4],[16.7706,40.3],[16.7722,40.2],[16.7,40.1278],[16.6,40.1294],[16.5375,40.1],[16.6,40.0722],[16.6722,40.0],[16.6,39.9278],[16.5133,40.0],[16.5,40.04],[16.4571,40.1],[16.4429,40.2],[16.5,40.28],[16.51,40.3],[16.58,40.4],[16.6,40.42],[16.7,40.5],[16.7,40.5],[16.8,40.5615],[16.9,40.6],[16.9,40.6],[17.0,40.6667],[17.1,40.65],[17.2,40.625],[17.25,40.6],[17.3,40.5933],[17.4,40.6],[17.4,40.6],[17.4,40.7],[17.4,40.7],[17.3,40.8],[17.3,40.8],[17.2,40.8333],[17.1,40.9],[17.1,40.9],[17.0,40.925],[16.9,40.95],[16.8,40.9571],[16.75,41.0],[16.7,41.0333],[16.6,41.1],[16.6,41.1],[16.5,41.1429],[16.42,41.2],[16.5,41.2444],[16.6,41.2583],[16.7,41.2688],[16.7688,41.2],[16.8,41.1643],[16.9,41.1667],[17.0,41.1706],[17.0706,41.1],[17.1,41.0615],[17.1615,41.0],[17.2,40.9286],[17.3,40.9615],[17.4,40.9737],[17.4737,40.9],[17.5,40.8615],[17.5615,40.8],[17.6,40.7643],[17.7,40.7722],[17.8,40.7706],[17.8706,40.7],[17.9,40.6545],[18.0,40.6444],[18.0444,40.6],[18.1,40.5706],[18.1706,40.5],[18.2,40.4722],[18.3,40.4722],[18.3722,40.4],[18.4,40.3722],[18.4722,40.3],[18.475,40.2],[18.475,40.1],[18.475,40.0],[18.4,39.925],[18.375,39.9],[18.3,39.825],[18.2,39.825],[18.125,39.9]]]}},{"type":"Feature","properties":{"layer_id":"1981_2000_T20","layer_label":"1981_2000, T>20\u00b0C","low":10.0,"high":25.0,"label":"10\u201325 %","fill":"#fee391","fillOpacity":0.34,"stroke":"#fee391","strokeOpacity":0.46,"strokeWeight":0.35},"geometry":{"type":"Polygon","coordinates":[[[15.85,41.3],[15.8,41.3375],[15.7167,41.4],[15.7,41.4167],[15.6,41.4667],[15.5,41.5],[15.5,41.5],[15.4,41.6],[15.5,41.7],[15.6,41.6286],[15.7,41.65],[15.8,41.68],[15.8615,41.6],[15.8667,41.5],[15.9,41.4615],[16.0,41.4643],[16.1,41.4667],[16.1667,41.4],[16.2,41.3615],[16.3,41.3643],[16.3643,41.3],[16.3,41.2308],[16.2,41.2385],[16.1,41.2417],[16.0,41.2429],[15.9,41.2625],[15.85,41.3]]]}},{"type":"Feature","properties":{"layer_id":"1981_2000_T20","layer_label":"1981_2000, T>20\u00b0C","low":10.0,"high":25.0,"label":"10\u201325 %","fill":"#fee391","fillOpacity":0.34,"stroke":"#fee391","strokeOpacity":0.46,"strokeWeight":0.35},"geometry":{"type":"Polygon","coordinates":[[[15.9143,41.7],[15.9625,41.8],[15.9,41.8294],[15.8,41.8556],[15.7556,41.9],[15.8,41.9444],[15.9,41.9706],[16.0,41.9722],[16.1,41.9722],[16.1722,41.9],[16.2,41.8737],[16.2737,41.8],[16.2,41.7263],[16.1,41.7278],[16.0545,41.7],[16.0,41.6455],[15.9143,41.7]]]}},{"type":"Feature","properties":{"layer_id":"1981_2000_T20","layer_label":"1981_2000, T>20\u00b0C","low":10.0,"high":25.0,"label":"10\u201325 %","fill":"#fee391","fillOpacity":0.34,"stroke":"#fee391","strokeOpacity":0.46,"strokeWeight":0.35},"geometry":{"type":"Polygon","coordinates":[[[15.3,41.8],[15.3313,41.9],[15.4,41.9688],[15.5,41.9688],[15.5688,41.9],[15.5,41.8],[15.5,41.8],[15.4,41.7333],[15.3,41.8]]]}},{"type":"Feature","properties":{"layer_id":"1981_2000_T20","layer_label":"1981_2000, T>20\u00b0C","low":10.0,"high":25.0,"label":"10\u201325 %","fill":"#fee391","fillOpacity":0.34,"stroke":"#fee391","strokeOpacity":0.46,"strokeWeight":0.35},"geometry":{"type":"Polygon","coordinates":[[[15.0091,41.9],[15.0,41.91],[14.9,41.9333],[14.8333,42.0],[14.9,42.0545],[15.0,42.0643],[15.0643,42.0],[15.1,41.9667],[15.1667,41.9],[15.1,41.8286],[15.0091,41.9]]]}},{"type":"Feature","properties":{"layer_id":"1981_2000_T20","layer_label":"1981_2000, T>20\u00b0C","low":10.0,"high":25.0,"label":"10\u201325 %","fill":"#fee391","fillOpacity":0.34,"stroke":"#fee391","strokeOpacity":0.46,"strokeWeight":0.35},"geometry":{"type":"Polygon","coordinates":[[[8.4,39.9286],[8.5,39.9286],[8.6,40.0],[8.5,40.0714],[8.4,40.0714],[8.3286,40.0],[8.4,39.9286]]]}},{"type":"Feature","properties":{"layer_id":"1981_2000_T20","layer_label":"1981_2000, T>20\u00b0C","low":10.0,"high":25.0,"label":"10\u201325 %","fill":"#fee391","fillOpacity":0.34,"stroke":"#fee391","strokeOpacity":0.46,"strokeWeight":0.35},"geometry":{"type":"Polygon","coordinates":[[[19.9,39.9286],[20.0,40.0],[19.9,40.0714],[19.86,40.1],[19.8,40.16],[19.74,40.1],[19.8,40.04],[19.8286,40.0],[19.9,39.9286]]]}},{"type":"Feature","properties":{"layer_id":"1981_2000_T20","layer_label":"1981_2000, T>20\u00b0C","low":10.0,"high":25.0,"label":"10\u201325 %","fill":"#fee391","fillOpacity":0.34,"stroke":"#fee391","strokeOpacity":0.46,"strokeWeight":0.35},"geometry":{"type":"Polygon","coordinates":[[[23.4,39.91],[23.5,39.91],[23.6,39.91],[23.69,40.0],[23.6,40.09],[23.5,40.09],[23.4,40.09],[23.31,40.0],[23.4,39.91]]]}},{"type":"Feature","properties":{"layer_id":"1981_2000_T20","layer_label":"1981_2000, T>20\u00b0C","low":10.0,"high":25.0,"label":"10\u201325 %","fill":"#fee391","fillOpacity":0.34,"stroke":"#fee391","strokeOpacity":0.46,"strokeWeight":0.35},"geometry":{"type":"Polygon","coordinates":[[[23.325,40.0],[23.4,40.075],[23.5,40.075],[23.6,40.075],[23.675,40.0],[23.6,39.925],[23.5,39.925],[23.4,39.925],[23.325,40.0]]]}},{"type":"Feature","properties":{"layer_id":"1981_2000_T20","layer_label":"1981_2000, T>20\u00b0C","low":10.0,"high":25.0,"label":"10\u201325 %","fill":"#fee391","fillOpacity":0.34,"stroke":"#fee391","strokeOpacity":0.46,"strokeWeight":0.35},"geometry":{"type":"Polygon","coordinates":[[[23.9,39.91],[23.99,40.0],[24.0,40.01],[24.09,40.1],[24.0,40.19],[23.99,40.2],[24.0,40.21],[24.1,40.21],[24.2,40.21],[24.21,40.2],[24.3,40.11],[24.4,40.11],[24.49,40.2],[24.4,40.29],[24.3,40.29],[24.29,40.3],[24.2,40.39],[24.1,40.39],[24.09,40.4],[24.0,40.49],[23.9,40.49],[23.8667,40.5],[23.8,40.5667],[23.7333,40.6],[23.7667,40.7],[23.8,40.7182],[23.9,40.72],[24.0,40.74],[24.1,40.7667],[24.2,40.75],[24.25,40.8],[24.3,40.8143],[24.3857,40.9],[24.35,41.0],[24.3,41.0333],[24.25,41.1],[24.2,41.15],[24.1,41.1667],[24.0,41.16],[23.9,41.1],[23.9,41.1],[23.8,41.0778],[23.7,41.0857],[23.65,41.1],[23.6,41.15],[23.5,41.1818],[23.45,41.2],[23.4,41.25],[23.3,41.2889],[23.2,41.2714],[23.1,41.2667],[23.0,41.28],[22.9,41.28],[22.8,41.2667],[22.7,41.2667],[22.6,41.3],[22.6,41.3],[22.6,41.4],[22.6,41.4],[22.7,41.45],[22.7333,41.5],[22.7,41.5333],[22.6,41.575],[22.5,41.5333],[22.4667,41.5],[22.4,41.4],[22.4,41.4],[22.35,41.3],[22.4,41.2],[22.4,41.2],[22.45,41.1],[22.5,41.0333],[22.525,41.0],[22.6,40.9],[22.6,40.9],[22.6,40.8],[22.6,40.8],[22.5,40.7667],[22.4,40.7],[22.4333,40.6],[22.4667,40.5],[22.4,40.4],[22.4,40.4],[22.3333,40.3],[22.4,40.2],[22.4,40.2],[22.5,40.1125],[22.5875,40.2],[22.6,40.2105],[22.6895,40.3],[22.6833,40.4],[22.6818,40.5],[22.7,40.5133],[22.8,40.5143],[22.8857,40.6],[22.9,40.6167],[22.9182,40.6],[22.9118,40.5],[23.0,40.4118],[23.01,40.4],[23.1,40.31],[23.11,40.3],[23.2,40.21],[23.3,40.2111],[23.4,40.2111],[23.5,40.2118],[23.6,40.2111],[23.61,40.2],[23.7,40.11],[23.71,40.1],[23.8,40.01],[23.81,40.0],[23.9,39.91]]]}},{"type":"Feature","properties":{"layer_id":"1981_2000_T20","layer_label":"1981_2000, T>20\u00b0C","low":10.0,"high":25.0,"label":"10\u201325 %","fill":"#fee391","fillOpacity":0.34,"stroke":"#fee391","strokeOpacity":0.46,"strokeWeight":0.35},"geometry":{"type":"Polygon","coordinates":[[[23.825,40.0],[23.8,40.025],[23.725,40.1],[23.7,40.125],[23.625,40.2],[23.6,40.2278],[23.5,40.2294],[23.4,40.2278],[23.3,40.2278],[23.2,40.225],[23.125,40.3],[23.1,40.325],[23.025,40.4],[23.0,40.4294],[22.9294,40.5],[22.9455,40.6],[22.9,40.6417],[22.8643,40.6],[22.8,40.5357],[22.7,40.5333],[22.6545,40.5],[22.6583,40.4],[22.6737,40.3],[22.6,40.2263],[22.5688,40.2],[22.5,40.1313],[22.4214,40.2],[22.4,40.275],[22.3833,40.3],[22.4,40.325],[22.46,40.4],[22.5,40.45],[22.525,40.5],[22.52,40.6],[22.55,40.7],[22.6,40.725],[22.675,40.8],[22.65,40.9],[22.6,41.0],[22.6,41.0],[22.52,41.1],[22.5,41.1333],[22.46,41.2],[22.4333,41.3],[22.5,41.3667],[22.54,41.3],[22.6,41.24],[22.6667,41.2],[22.7,41.175],[22.8,41.1667],[22.85,41.2],[22.9,41.22],[23.0,41.22],[23.1,41.2167],[23.2,41.2286],[23.3,41.2556],[23.3833,41.2],[23.4,41.1933],[23.5,41.1545],[23.5857,41.1],[23.6,41.0909],[23.7,41.0643],[23.8,41.0444],[23.9,41.0],[23.9,41.0],[23.9167,40.9],[24.0,40.8],[23.9,40.75],[23.8,40.7455],[23.7167,40.7],[23.7,40.6667],[23.675,40.7],[23.7,40.8],[23.7,40.8],[23.7,40.8],[23.6,40.8667],[23.5333,40.9],[23.5,40.9083],[23.4,40.94],[23.3,41.0],[23.3,41.0],[23.2,41.0571],[23.1,41.0667],[23.0,41.0],[23.0,41.0],[23.0,40.9],[23.0,40.9],[23.1,40.8429],[23.2,40.8],[23.2,40.8],[23.3,40.7667],[23.4,40.7667],[23.5,40.75],[23.5571,40.7],[23.6,40.6],[23.5,40.5429],[23.4,40.5333],[23.3,40.5222],[23.2333,40.5],[23.3,40.4714],[23.4,40.425],[23.42,40.4],[23.5,40.375],[23.6,40.3765],[23.68,40.4],[23.7,40.425],[23.775,40.5],[23.8,40.5167],[23.8167,40.5],[23.9,40.475],[24.0,40.475],[24.075,40.4],[24.1,40.375],[24.2,40.375],[24.275,40.3],[24.3,40.275],[24.4,40.275],[24.475,40.2],[24.4,40.125],[24.3,40.125],[24.225,40.2],[24.2,40.225],[24.1,40.225],[24.0,40.225],[23.975,40.2],[24.0,40.175],[24.075,40.1],[24.0,40.025],[23.975,40.0],[23.9,39.925],[23.825,40.0]]]}},{"type":"Feature","properties":{"layer_id":"1981_2000_T20","layer_label":"1981_2000, T>20\u00b0C","low":10.0,"high":25.0,"label":"10\u201325 %","fill":"#fee391","fillOpacity":0.34,"stroke":"#fee391","strokeOpacity":0.46,"strokeWeight":0.35},"geometry":{"type":"Polygon","coordinates":[[[23.48,40.4],[23.4,40.5],[23.4,40.5],[23.4,40.5],[23.5,40.5],[23.6,40.525],[23.7,40.5],[23.7,40.5],[23.7,40.5],[23.62,40.4],[23.6,40.3941],[23.5,40.3938],[23.48,40.4]]]}},{"type":"Feature","properties":{"layer_id":"1981_2000_T20","layer_label":"1981_2000, T>20\u00b0C","low":10.0,"high":25.0,"label":"10\u201325 %","fill":"#fee391","fillOpacity":0.34,"stroke":"#fee391","strokeOpacity":0.46,"strokeWeight":0.35},"geometry":{"type":"Polygon","coordinates":[[[23.6,40.7],[23.5,40.7875],[23.4,40.7917],[23.3,40.8],[23.3,40.8],[23.2,40.875],[23.1,40.8857],[23.075,40.9],[23.075,41.0],[23.1,41.0167],[23.2,41.0143],[23.225,41.0],[23.3,40.925],[23.4,40.91],[23.4333,40.9],[23.5,40.8333],[23.6,40.8167],[23.625,40.8],[23.6,40.7],[23.6,40.7],[23.6,40.7]]]}},{"type":"Feature","properties":{"layer_id":"1981_2000_T20","layer_label":"1981_2000, T>20\u00b0C","low":10.0,"high":25.0,"label":"10\u201325 %","fill":"#fee391","fillOpacity":0.34,"stroke":"#fee391","strokeOpacity":0.46,"strokeWeight":0.35},"geometry":{"type":"Polygon","coordinates":[[[23.9667,40.9],[24.0,40.9667],[24.1,41.0],[24.1,41.0],[24.1,41.0],[24.2,40.95],[24.2077,40.9],[24.2,40.8667],[24.1,40.8333],[24.0,40.86],[23.9667,40.9]]]}},{"type":"Feature","properties":{"layer_id":"1981_2000_T20","layer_label":"1981_2000, T>20\u00b0C","low":10.0,"high":25.0,"label":"10\u201325 %","fill":"#fee391","fillOpacity":0.34,"stroke":"#fee391","strokeOpacity":0.46,"strokeWeight":0.35},"geometry":{"type":"Polygon","coordinates":[[[15.2,40.0667],[15.2333,40.1],[15.2,40.1333],[15.1818,40.2],[15.1,40.29],[15.0182,40.2],[15.1,40.1182],[15.1667,40.1],[15.2,40.0667]]]}},{"type":"Feature","properties":{"layer_id":"1981_2000_T20","layer_label":"1981_2000, T>20\u00b0C","low":10.0,"high":25.0,"label":"10\u201325 %","fill":"#fee391","fillOpacity":0.34,"stroke":"#fee391","strokeOpacity":0.46,"strokeWeight":0.35},"geometry":{"type":"Polygon","coordinates":[[[26.2,40.0125],[26.3,40.0182],[26.4,40.0],[26.5,40.1],[26.5,40.1],[26.6,40.2],[26.6,40.2],[26.7,40.25],[26.8,40.3],[26.8,40.3],[26.9,40.325],[27.0,40.3667],[27.05,40.3],[27.1,40.25],[27.2,40.225],[27.3,40.2167],[27.4,40.225],[27.46,40.3],[27.4,40.36],[27.3833,40.4],[27.3,40.4833],[27.2,40.4833],[27.1,40.46],[27.0,40.4333],[26.9,40.46],[26.8818,40.5],[26.9,40.5133],[27.0,40.5143],[27.0857,40.6],[27.1,40.6333],[27.2,40.6333],[27.2667,40.7],[27.3,40.7667],[27.4,40.7667],[27.4333,40.8],[27.4333,40.9],[27.4,41.0],[27.3,40.9],[27.3,40.9],[27.2,40.8],[27.2,40.8],[27.1,40.8],[27.0,40.8],[26.9,40.8],[26.8,40.8],[26.8,40.8],[26.7,40.8667],[26.6,40.9],[26.5,40.9],[26.4,40.9],[26.4,40.9],[26.3,40.95],[26.2,40.9667],[26.1,40.98],[26.0,40.9833],[25.9,40.9857],[25.8,41.0],[25.7,41.0],[25.6,41.0],[25.5286,40.9],[25.6,40.8286],[25.7,40.84],[25.8,40.82],[25.9,40.825],[26.0,40.8286],[26.025,40.8],[26.0133,40.7],[26.1,40.6133],[26.2,40.62],[26.3,40.6333],[26.4,40.6333],[26.5,40.64],[26.6,40.64],[26.7,40.65],[26.7133,40.6],[26.7182,40.5],[26.7,40.46],[26.6,40.46],[26.5,40.4778],[26.4,40.4857],[26.3,40.4867],[26.2133,40.4],[26.2118,40.3],[26.2,40.2875],[26.1125,40.2],[26.1125,40.1],[26.2,40.0125]]]}},{"type":"Feature","properties":{"layer_id":"1981_2000_T20","layer_label":"1981_2000, T>20\u00b0C","low":10.0,"high":25.0,"label":"10\u201325 %","fill":"#fee391","fillOpacity":0.34,"stroke":"#fee391","strokeOpacity":0.46,"strokeWeight":0.35},"geometry":{"type":"Polygon","coordinates":[[[26.1313,40.1],[26.1313,40.2],[26.2,40.2688],[26.2294,40.3],[26.2333,40.4],[26.3,40.4667],[26.4,40.4643],[26.5,40.4444],[26.6,40.4],[26.6,40.3],[26.5,40.2333],[26.48,40.2],[26.4,40.1],[26.4,40.1],[26.3,40.0455],[26.2,40.0313],[26.1313,40.1]]]}},{"type":"Feature","properties":{"layer_id":"1981_2000_T20","layer_label":"1981_2000, T>20\u00b0C","low":10.0,"high":25.0,"label":"10\u201325 %","fill":"#fee391","fillOpacity":0.34,"stroke":"#fee391","strokeOpacity":0.46,"strokeWeight":0.35},"geometry":{"type":"Polygon","coordinates":[[[27.2,40.3],[27.2,40.3],[27.1,40.4],[27.2,40.4583],[27.3,40.4583],[27.3583,40.4],[27.4,40.3],[27.3,40.2667],[27.2,40.3]]]}},{"type":"Feature","properties":{"layer_id":"1981_2000_T20","layer_label":"1981_2000, T>20\u00b0C","low":10.0,"high":25.0,"label":"10\u201325 %","fill":"#fee391","fillOpacity":0.34,"stroke":"#fee391","strokeOpacity":0.46,"strokeWeight":0.35},"geometry":{"type":"Polygon","coordinates":[[[26.7455,40.5],[26.7333,40.6],[26.8,40.6909],[26.9,40.6909],[27.0,40.69],[27.05,40.7],[27.1,40.725],[27.2,40.725],[27.2167,40.7],[27.2,40.6833],[27.1,40.6833],[27.0643,40.6],[27.0,40.5357],[26.9,40.5333],[26.8545,40.5],[26.8,40.4],[26.7455,40.5]]]}},{"type":"Feature","properties":{"layer_id":"1981_2000_T20","layer_label":"1981_2000, T>20\u00b0C","low":10.0,"high":25.0,"label":"10\u201325 %","fill":"#fee391","fillOpacity":0.34,"stroke":"#fee391","strokeOpacity":0.46,"strokeWeight":0.35},"geometry":{"type":"Polygon","coordinates":[[[26.0333,40.7],[26.0625,40.8],[26.0,40.8714],[25.9,40.8625],[25.8,40.85],[25.7,40.9],[25.8,40.9625],[25.9,40.9429],[26.0,40.9333],[26.1,40.92],[26.15,40.9],[26.2,40.8667],[26.2667,40.8],[26.3,40.75],[26.4,40.8],[26.5,40.7],[26.4,40.6833],[26.3,40.6833],[26.2,40.65],[26.1,40.6333],[26.0333,40.7]]]}},{"type":"Feature","properties":{"layer_id":"1981_2000_T20","layer_label":"1981_2000, T>20\u00b0C","low":10.0,"high":25.0,"label":"10\u201325 %","fill":"#fee391","fillOpacity":0.34,"stroke":"#fee391","strokeOpacity":0.46,"strokeWeight":0.35},"geometry":{"type":"Polygon","coordinates":[[[25.7,40.11],[25.8,40.11],[25.9,40.11],[25.99,40.2],[25.9,40.29],[25.8,40.29],[25.7,40.29],[25.61,40.2],[25.7,40.11]]]}},{"type":"Feature","properties":{"layer_id":"1981_2000_T20","layer_label":"1981_2000, T>20\u00b0C","low":10.0,"high":25.0,"label":"10\u201325 %","fill":"#fee391","fillOpacity":0.34,"stroke":"#fee391","strokeOpacity":0.46,"strokeWeight":0.35},"geometry":{"type":"Polygon","coordinates":[[[25.625,40.2],[25.7,40.275],[25.8,40.275],[25.9,40.275],[25.975,40.2],[25.9,40.125],[25.8,40.125],[25.7,40.125],[25.625,40.2]]]}},{"type":"Feature","properties":{"layer_id":"1981_2000_T20","layer_label":"1981_2000, T>20\u00b0C","low":10.0,"high":25.0,"label":"10\u201325 %","fill":"#fee391","fillOpacity":0.34,"stroke":"#fee391","strokeOpacity":0.46,"strokeWeight":0.35},"geometry":{"type":"Polygon","coordinates":[[[27.8,40.15],[27.9,40.12],[28.0,40.1167],[28.1,40.1167],[28.2,40.15],[28.25,40.2],[28.3,40.3],[28.3,40.3],[28.4,40.3],[28.4,40.3],[28.5,40.2667],[28.55,40.3],[28.5818,40.4],[28.5,40.4818],[28.4,40.4778],[28.3,40.4778],[28.2,40.4846],[28.1,40.4857],[28.0143,40.4],[28.0,40.375],[27.9833,40.4],[27.9,40.4833],[27.8167,40.4],[27.8,40.3714],[27.7286,40.3],[27.7,40.2],[27.8,40.15]]]}},{"type":"Feature","properties":{"layer_id":"1981_2000_T20","layer_label":"1981_2000, T>20\u00b0C","low":10.0,"high":25.0,"label":"10\u201325 %","fill":"#fee391","fillOpacity":0.34,"stroke":"#fee391","strokeOpacity":0.46,"strokeWeight":0.35},"geometry":{"type":"Polygon","coordinates":[[[27.8167,40.2],[27.8,40.2333],[27.7714,40.3],[27.8,40.3286],[27.8417,40.4],[27.9,40.4583],[27.9583,40.4],[28.0,40.3375],[28.0357,40.4],[28.1,40.4643],[28.2,40.4615],[28.3,40.4444],[28.4,40.4444],[28.5,40.4545],[28.5545,40.4],[28.5,40.325],[28.4,40.3429],[28.3,40.3429],[28.2,40.3111],[28.175,40.3],[28.15,40.2],[28.1,40.1667],[28.0,40.1417],[27.9,40.15],[27.8167,40.2]]]}},{"type":"Feature","properties":{"layer_id":"1981_2000_T20","layer_label":"1981_2000, T>20\u00b0C","low":10.0,"high":25.0,"label":"10\u201325 %","fill":"#fee391","fillOpacity":0.34,"stroke":"#fee391","strokeOpacity":0.46,"strokeWeight":0.35},"geometry":{"type":"Polygon","coordinates":[[[9.5,40.2167],[9.6,40.2],[9.6833,40.3],[9.6846,40.4],[9.7,40.4133],[9.8,40.4111],[9.8889,40.5],[9.8,40.5889],[9.7846,40.6],[9.7882,40.7],[9.7,40.7882],[9.6818,40.8],[9.6867,40.9],[9.6,40.9867],[9.5867,41.0],[9.5882,41.1],[9.5,41.1882],[9.4,41.1882],[9.3,41.1857],[9.2,41.18],[9.1889,41.2],[9.1,41.2889],[9.0111,41.2],[9.0,41.175],[8.925,41.1],[9.0,41.0143],[9.1,41.0143],[9.2,41.0111],[9.25,41.0],[9.3,40.95],[9.35,40.9],[9.4,40.85],[9.45,40.8],[9.45,40.7],[9.5,40.65],[9.525,40.6],[9.52,40.5],[9.5,40.4833],[9.4167,40.4],[9.4167,40.3],[9.5,40.2167]]]}},{"type":"Feature","properties":{"layer_id":"1981_2000_T20","layer_label":"1981_2000, T>20\u00b0C","low":10.0,"high":25.0,"label":"10\u201325 %","fill":"#fee391","fillOpacity":0.34,"stroke":"#fee391","strokeOpacity":0.46,"strokeWeight":0.35},"geometry":{"type":"Polygon","coordinates":[[[9.4667,40.3],[9.4667,40.4],[9.5,40.4333],[9.58,40.5],[9.6,40.6],[9.6,40.6],[9.6,40.6],[9.5286,40.7],[9.525,40.8],[9.5,40.8333],[9.4333,40.9],[9.4,40.9333],[9.3333,41.0],[9.3,41.0182],[9.2,41.0444],[9.1,41.0571],[9.0,41.0571],[8.9625,41.1],[9.0,41.1375],[9.0278,41.2],[9.1,41.2722],[9.1722,41.2],[9.2,41.15],[9.3,41.1643],[9.4,41.1706],[9.5,41.1706],[9.5706,41.1],[9.5667,41.0],[9.6,40.9667],[9.6667,40.9],[9.6545,40.8],[9.7,40.7706],[9.7706,40.7],[9.7615,40.6],[9.8,40.5722],[9.8722,40.5],[9.8,40.4278],[9.7,40.4333],[9.6615,40.4],[9.6583,40.3],[9.6,40.23],[9.5,40.2667],[9.4667,40.3]]]}},{"type":"Feature","properties":{"layer_id":"1981_2000_T20","layer_label":"1981_2000, T>20\u00b0C","low":10.0,"high":25.0,"label":"10\u201325 %","fill":"#fee391","fillOpacity":0.34,"stroke":"#fee391","strokeOpacity":0.46,"strokeWeight":0.35},"geometry":{"type":"Polygon","coordinates":[[[0.4,40.3222],[0.4778,40.4],[0.5,40.4143],[0.5857,40.5],[0.5833,40.6],[0.6,40.6125],[0.7,40.61],[0.8,40.61],[0.89,40.7],[0.8,40.79],[0.7875,40.8],[0.8,40.8167],[0.8833,40.9],[0.9,40.9182],[0.9818,41.0],[1.0,41.0333],[1.1,41.0222],[1.2,41.02],[1.28,41.1],[1.3,41.15],[1.4,41.15],[1.45,41.2],[1.4,41.25],[1.3,41.25],[1.25,41.2],[1.2,41.18],[1.1,41.1778],[1.0,41.1667],[0.9,41.15],[0.8,41.1333],[0.7,41.1333],[0.65,41.1],[0.6,41.0667],[0.55,41.0],[0.5333,40.9],[0.5,40.8333],[0.4667,40.8],[0.4333,40.7],[0.4091,40.6],[0.4,40.5],[0.4,40.5],[0.3125,40.4],[0.4,40.3222]]]}},{"type":"Feature","properties":{"layer_id":"1981_2000_T20","layer_label":"1981_2000, T>20\u00b0C","low":10.0,"high":25.0,"label":"10\u201325 %","fill":"#fee391","fillOpacity":0.34,"stroke":"#fee391","strokeOpacity":0.46,"strokeWeight":0.35},"geometry":{"type":"Polygon","coordinates":[[[0.35,40.4],[0.4,40.4571],[0.425,40.5],[0.4364,40.6],[0.4833,40.7],[0.5,40.7333],[0.5222,40.8],[0.5833,40.9],[0.6,40.95],[0.6333,41.0],[0.7,41.05],[0.8,41.06],[0.9,41.0857],[0.95,41.1],[1.0,41.1167],[1.1,41.1444],[1.2,41.15],[1.25,41.1],[1.2,41.05],[1.1,41.0556],[1.0,41.0833],[0.9545,41.0],[0.9,40.9455],[0.8583,40.9],[0.8,40.8417],[0.7688,40.8],[0.8,40.775],[0.875,40.7],[0.8,40.625],[0.7,40.625],[0.6,40.6313],[0.5583,40.6],[0.5643,40.5],[0.5,40.4357],[0.4444,40.4],[0.4,40.3556],[0.35,40.4]]]}},{"type":"Feature","properties":{"layer_id":"1981_2000_T20","layer_label":"1981_2000, T>20\u00b0C","low":10.0,"high":25.0,"label":"10\u201325 %","fill":"#fee391","fillOpacity":0.34,"stroke":"#fee391","strokeOpacity":0.46,"strokeWeight":0.35},"geometry":{"type":"Polygon","coordinates":[[[19.5,40.32],[19.6,40.3333],[19.7,40.3667],[19.75,40.4],[19.775,40.5],[19.7,40.575],[19.6,40.6],[19.6,40.6],[19.6,40.6],[19.65,40.7],[19.68,40.8],[19.6667,40.9],[19.6833,41.0],[19.675,41.1],[19.68,41.2],[19.7,41.2333],[19.75,41.3],[19.7,41.4],[19.7,41.4],[19.66,41.5],[19.65,41.6],[19.6,41.65],[19.55,41.6],[19.54,41.5],[19.5,41.4857],[19.4143,41.4],[19.4111,41.3],[19.5,41.2111],[19.5333,41.2],[19.5,41.1778],[19.4222,41.1],[19.4154,41.0],[19.4,40.9714],[19.3286,40.9],[19.3154,40.8],[19.3167,40.7],[19.4,40.6167],[19.4182,40.6],[19.4133,40.5],[19.4333,40.4],[19.5,40.32]]]}},{"type":"Feature","properties":{"layer_id":"1981_2000_T20","layer_label":"1981_2000, T>20\u00b0C","low":10.0,"high":25.0,"label":"10\u201325 %","fill":"#fee391","fillOpacity":0.34,"stroke":"#fee391","strokeOpacity":0.46,"strokeWeight":0.35},"geometry":{"type":"Polygon","coordinates":[[[19.4833,40.4],[19.4333,40.5],[19.4455,40.6],[19.4,40.6417],[19.3417,40.7],[19.3385,40.8],[19.3714,40.9],[19.4,40.9286],[19.4385,41.0],[19.4556,41.1],[19.5,41.1444],[19.6,41.1],[19.6,41.1],[19.6333,41.0],[19.6,40.9333],[19.575,40.9],[19.6,40.85],[19.62,40.8],[19.6,40.7667],[19.5667,40.7],[19.5667,40.6],[19.6,40.5571],[19.7,40.5],[19.6333,40.4],[19.6,40.3833],[19.5,40.38],[19.4833,40.4]]]}},{"type":"Feature","properties":{"layer_id":"1981_2000_T20","layer_label":"1981_2000, T>20\u00b0C","low":10.0,"high":25.0,"label":"10\u201325 %","fill":"#fee391","fillOpacity":0.34,"stroke":"#fee391","strokeOpacity":0.46,"strokeWeight":0.35},"geometry":{"type":"Polygon","coordinates":[[[19.5833,41.2],[19.5,41.2278],[19.4278,41.3],[19.4357,41.4],[19.5,41.4643],[19.6,41.5],[19.64,41.4],[19.6833,41.3],[19.62,41.2],[19.6,41.1],[19.5833,41.2]]]}},{"type":"Feature","properties":{"layer_id":"1981_2000_T20","layer_label":"1981_2000, T>20\u00b0C","low":10.0,"high":25.0,"label":"10\u201325 %","fill":"#fee391","fillOpacity":0.34,"stroke":"#fee391","strokeOpacity":0.46,"strokeWeight":0.35},"geometry":{"type":"Polygon","coordinates":[[[8.4,40.4333],[8.5,40.4],[8.55,40.5],[8.55,40.6],[8.6,40.65],[8.65,40.7],[8.6833,40.8],[8.7,40.8143],[8.8,40.9],[8.7,40.975],[8.625,40.9],[8.6,40.8714],[8.5,40.8867],[8.4,40.8882],[8.3,40.8889],[8.2,40.8895],[8.1105,40.8],[8.1111,40.7],[8.2,40.6111],[8.2125,40.6],[8.3,40.5125],[8.3333,40.5],[8.4,40.4333]]]}},{"type":"Feature","properties":{"layer_id":"1981_2000_T20","layer_label":"1981_2000, T>20\u00b0C","low":10.0,"high":25.0,"label":"10\u201325 %","fill":"#fee391","fillOpacity":0.34,"stroke":"#fee391","strokeOpacity":0.46,"strokeWeight":0.35},"geometry":{"type":"Polygon","coordinates":[[[8.3833,40.5],[8.3,40.5313],[8.2313,40.6],[8.2,40.6278],[8.1278,40.7],[8.1263,40.8],[8.2,40.8737],[8.3,40.8722],[8.4,40.8706],[8.5,40.8667],[8.6,40.8286],[8.6333,40.8],[8.6,40.75],[8.5,40.7],[8.5,40.7],[8.475,40.6],[8.4333,40.5],[8.4,40.4833],[8.3833,40.5]]]}},{"type":"Feature","properties":{"layer_id":"1981_2000_T20","layer_label":"1981_2000, T>20\u00b0C","low":10.0,"high":25.0,"label":"10\u201325 %","fill":"#fee391","fillOpacity":0.34,"stroke":"#fee391","strokeOpacity":0.46,"strokeWeight":0.35},"geometry":{"type":"Polygon","coordinates":[[[15.0,40.4167],[15.1,40.5],[15.06,40.6],[15.0,40.66],[14.9,40.7],[14.9,40.7],[14.8,40.7667],[14.7,40.7889],[14.65,40.8],[14.6,40.8333],[14.55,40.9],[14.5,40.95],[14.4,40.98],[14.3,41.0],[14.3,41.0],[14.2333,41.1],[14.2,41.1333],[14.1,41.1333],[14.0,41.1667],[13.9333,41.1],[13.9111,41.0],[14.0,40.9111],[14.0111,40.9],[14.1,40.8111],[14.2,40.8133],[14.3,40.8182],[14.3167,40.8],[14.4,40.7167],[14.4154,40.7],[14.5,40.6154],[14.6,40.6182],[14.7,40.62],[14.8,40.6333],[14.8143,40.6],[14.9,40.5143],[14.9167,40.5],[15.0,40.4167]]]}},{"type":"Feature","properties":{"layer_id":"1981_2000_T20","layer_label":"1981_2000, T>20\u00b0C","low":10.0,"high":25.0,"label":"10\u201325 %","fill":"#fee391","fillOpacity":0.34,"stroke":"#fee391","strokeOpacity":0.46,"strokeWeight":0.35},"geometry":{"type":"Polygon","coordinates":[[[14.9417,40.5],[14.9,40.5357],[14.8357,40.6],[14.8,40.6833],[14.7,40.65],[14.6,40.6455],[14.5,40.6385],[14.4385,40.7],[14.4,40.7417],[14.3417,40.8],[14.3,40.8455],[14.2,40.8333],[14.1,40.8278],[14.0278,40.9],[14.0,40.9278],[13.9278,41.0],[13.9833,41.1],[14.0,41.1167],[14.0333,41.1],[14.1,41.06],[14.2,41.0],[14.2,41.0],[14.3,40.9667],[14.4,40.92],[14.45,40.9],[14.5,40.85],[14.5333,40.8],[14.6,40.775],[14.7,40.7556],[14.8,40.7167],[14.825,40.7],[14.9,40.675],[15.0,40.6],[15.0,40.6],[15.07,40.5],[15.0,40.4417],[14.9417,40.5]]]}},{"type":"Feature","properties":{"layer_id":"1981_2000_T20","layer_label":"1981_2000, T>20\u00b0C","low":10.0,"high":25.0,"label":"10\u201325 %","fill":"#fee391","fillOpacity":0.34,"stroke":"#fee391","strokeOpacity":0.46,"strokeWeight":0.35},"geometry":{"type":"Polygon","coordinates":[[[28.9,40.425],[29.0,40.4667],[29.0333,40.5],[29.075,40.6],[29.0,40.66],[28.94,40.6],[28.9,40.575],[28.825,40.5],[28.9,40.425]]]}},{"type":"Feature","properties":{"layer_id":"1981_2000_T20","layer_label":"1981_2000, T>20\u00b0C","low":10.0,"high":25.0,"label":"10\u201325 %","fill":"#fee391","fillOpacity":0.34,"stroke":"#fee391","strokeOpacity":0.46,"strokeWeight":0.35},"geometry":{"type":"Polygon","coordinates":[[[24.6,40.61],[24.7,40.61],[24.79,40.7],[24.7,40.79],[24.6,40.79],[24.51,40.7],[24.6,40.61]]]}},{"type":"Feature","properties":{"layer_id":"1981_2000_T20","layer_label":"1981_2000, T>20\u00b0C","low":10.0,"high":25.0,"label":"10\u201325 %","fill":"#fee391","fillOpacity":0.34,"stroke":"#fee391","strokeOpacity":0.46,"strokeWeight":0.35},"geometry":{"type":"Polygon","coordinates":[[[24.525,40.7],[24.6,40.775],[24.7,40.775],[24.775,40.7],[24.7,40.625],[24.6,40.625],[24.525,40.7]]]}},{"type":"Feature","properties":{"layer_id":"1981_2000_T20","layer_label":"1981_2000, T>20\u00b0C","low":10.0,"high":25.0,"label":"10\u201325 %","fill":"#fee391","fillOpacity":0.34,"stroke":"#fee391","strokeOpacity":0.46,"strokeWeight":0.35},"geometry":{"type":"Polygon","coordinates":[[[22.1,40.7667],[22.2,40.8],[22.2,40.9],[22.15,41.0],[22.1,41.05],[22.05,41.0],[22.0,40.9],[22.05,40.8],[22.1,40.7667]]]}},{"type":"Feature","properties":{"layer_id":"1981_2000_T20","layer_label":"1981_2000, T>20\u00b0C","low":10.0,"high":25.0,"label":"10\u201325 %","fill":"#fee391","fillOpacity":0.34,"stroke":"#fee391","strokeOpacity":0.46,"strokeWeight":0.35},"geometry":{"type":"Polygon","coordinates":[[[29.4,40.7286],[29.4833,40.8],[29.475,40.9],[29.5,41.0],[29.5,41.0],[29.6,41.02],[29.7,41.02],[29.8,41.02],[29.9,41.0167],[30.0,41.0333],[30.1,41.0333],[30.2,41.0333],[30.3,41.0333],[30.4,41.0333],[30.5,41.0333],[30.6,41.025],[30.7,41.05],[30.75,41.1],[30.7,41.15],[30.6,41.16],[30.5,41.15],[30.4,41.15],[30.3,41.15],[30.2,41.15],[30.1,41.15],[30.0,41.15],[29.9,41.1714],[29.8,41.1667],[29.7,41.1667],[29.68,41.2],[29.6,41.28],[29.52,41.2],[29.5,41.1667],[29.4,41.1714],[29.3867,41.2],[29.3,41.2867],[29.2,41.28],[29.1,41.2778],[29.0,41.2818],[28.9,41.28],[28.8846,41.3],[28.8,41.3846],[28.7,41.3857],[28.6,41.3846],[28.5,41.3833],[28.4846,41.4],[28.4,41.4846],[28.3,41.475],[28.2,41.5],[28.1,41.5],[28.05,41.4],[28.05,41.3],[28.0,41.2],[28.0,41.2],[27.9,41.1667],[27.8,41.1667],[27.7,41.15],[27.6,41.1],[27.6,41.1],[27.5,41.0],[27.6,40.94],[27.7,40.925],[27.8,40.9182],[27.9,40.9167],[28.0,40.9125],[28.0875,41.0],[28.1,41.02],[28.2,41.0222],[28.3,41.02],[28.4,41.02],[28.4111,41.0],[28.5,40.9111],[28.6,40.9111],[28.7,40.9118],[28.8,40.9133],[28.9,40.9143],[29.0,40.925],[29.1,40.925],[29.2,40.925],[29.225,40.9],[29.3,40.825],[29.3286,40.8],[29.4,40.7286]]]}},{"type":"Feature","properties":{"layer_id":"1981_2000_T20","layer_label":"1981_2000, T>20\u00b0C","low":10.0,"high":25.0,"label":"10\u201325 %","fill":"#fee391","fillOpacity":0.34,"stroke":"#fee391","strokeOpacity":0.46,"strokeWeight":0.35},"geometry":{"type":"Polygon","coordinates":[[[29.2625,40.9],[29.2,40.9625],[29.1,40.9625],[29.0,40.9625],[28.9,40.9357],[28.8,40.9333],[28.7,40.9294],[28.6,40.9278],[28.5,40.9278],[28.4278,41.0],[28.4,41.05],[28.3,41.05],[28.2,41.0556],[28.1,41.05],[28.0688,41.0],[28.0,40.9313],[27.9,40.9417],[27.8,40.9455],[27.7,40.9625],[27.6,41.0],[27.7,41.06],[27.8,41.0857],[27.9,41.0875],[27.925,41.1],[28.0,41.15],[28.1,41.1833],[28.2,41.2],[28.2,41.2],[28.22,41.3],[28.225,41.4],[28.3,41.4375],[28.4,41.4615],[28.4615,41.4],[28.5,41.3583],[28.6,41.3615],[28.7,41.3643],[28.8,41.3615],[28.8615,41.3],[28.9,41.25],[29.0,41.2545],[29.1,41.2444],[29.2,41.25],[29.3,41.2667],[29.3667,41.2],[29.4,41.1286],[29.5,41.1167],[29.55,41.2],[29.6,41.25],[29.65,41.2],[29.7,41.1167],[29.8,41.1167],[29.9,41.1286],[29.9667,41.1],[29.9,41.0667],[29.8,41.08],[29.7,41.08],[29.6,41.08],[29.5,41.075],[29.4,41.0],[29.4,41.0],[29.4,40.9],[29.3,40.8625],[29.2625,40.9]]]}},{"type":"Feature","properties":{"layer_id":"1981_2000_T20","layer_label":"1981_2000, T>20\u00b0C","low":10.0,"high":25.0,"label":"10\u201325 %","fill":"#fee391","fillOpacity":0.34,"stroke":"#fee391","strokeOpacity":0.46,"strokeWeight":0.35},"geometry":{"type":"Polygon","coordinates":[[[24.7,40.81],[24.79,40.9],[24.8,40.9286],[24.9,40.92],[25.0,40.925],[25.1,40.9167],[25.2,40.9133],[25.3,40.94],[25.4,40.94],[25.5,41.0],[25.4,41.075],[25.3,41.075],[25.2,41.0929],[25.1,41.0909],[25.0,41.0857],[24.9,41.0889],[24.8,41.0833],[24.7,41.05],[24.6,41.0],[24.61,40.9],[24.7,40.81]]]}},{"type":"Feature","properties":{"layer_id":"1981_2000_T20","layer_label":"1981_2000, T>20\u00b0C","low":10.0,"high":25.0,"label":"10\u201325 %","fill":"#fee391","fillOpacity":0.34,"stroke":"#fee391","strokeOpacity":0.46,"strokeWeight":0.35},"geometry":{"type":"Polygon","coordinates":[[[24.625,40.9],[24.7,40.9938],[24.7333,41.0],[24.8,41.0333],[24.9,41.0556],[25.0,41.0429],[25.1,41.0636],[25.2,41.0714],[25.3,41.0],[25.2,40.9333],[25.1,40.9417],[25.0,40.9625],[24.9,40.95],[24.8,40.9714],[24.775,40.9],[24.7,40.825],[24.625,40.9]]]}},{"type":"Feature","properties":{"layer_id":"1981_2000_T20","layer_label":"1981_2000, T>20\u00b0C","low":10.0,"high":25.0,"label":"10\u201325 %","fill":"#fee391","fillOpacity":0.34,"stroke":"#fee391","strokeOpacity":0.46,"strokeWeight":0.35},"geometry":{"type":"Polygon","coordinates":[[[-0.1,41.15],[0.0,41.1333],[0.1,41.15],[0.2,41.2],[0.2,41.2],[0.3,41.3],[0.2,41.4],[0.2,41.4],[0.1,41.5],[0.0,41.5],[-0.1,41.4],[-0.1,41.4],[-0.2,41.3],[-0.2,41.2],[-0.1,41.15]]]}},{"type":"Feature","properties":{"layer_id":"1981_2000_T20","layer_label":"1981_2000, T>20\u00b0C","low":10.0,"high":25.0,"label":"10\u201325 %","fill":"#fee391","fillOpacity":0.34,"stroke":"#fee391","strokeOpacity":0.46,"strokeWeight":0.35},"geometry":{"type":"Polygon","coordinates":[[[1.6,41.15],[1.7,41.12],[1.78,41.2],[1.8,41.2286],[1.9,41.2182],[2.0,41.2154],[2.1,41.2154],[2.1846,41.3],[2.1778,41.4],[2.2,41.4333],[2.3,41.4143],[2.4,41.4133],[2.4867,41.5],[2.5,41.55],[2.55,41.6],[2.5,41.65],[2.4,41.65],[2.3333,41.6],[2.3,41.5923],[2.2,41.5667],[2.1333,41.5],[2.1,41.4778],[2.0,41.45],[1.95,41.4],[1.9,41.3818],[1.8,41.3714],[1.7167,41.3],[1.7,41.2889],[1.6,41.3],[1.55,41.2],[1.6,41.15]]]}},{"type":"Feature","properties":{"layer_id":"1981_2000_T20","layer_label":"1981_2000, T>20\u00b0C","low":10.0,"high":25.0,"label":"10\u201325 %","fill":"#fee391","fillOpacity":0.34,"stroke":"#fee391","strokeOpacity":0.46,"strokeWeight":0.35},"geometry":{"type":"Polygon","coordinates":[[[1.7667,41.3],[1.8,41.3286],[1.9,41.3545],[2.0,41.3889],[2.02,41.4],[2.1,41.4444],[2.1444,41.4],[2.1615,41.3],[2.1,41.2385],[2.0,41.2385],[1.9,41.2455],[1.8,41.2714],[1.7667,41.3]]]}},{"type":"Feature","properties":{"layer_id":"1981_2000_T20","layer_label":"1981_2000, T>20\u00b0C","low":10.0,"high":25.0,"label":"10\u201325 %","fill":"#fee391","fillOpacity":0.34,"stroke":"#fee391","strokeOpacity":0.46,"strokeWeight":0.35},"geometry":{"type":"Polygon","coordinates":[[[2.1833,41.5],[2.2,41.5167],[2.3,41.5692],[2.4,41.5909],[2.4667,41.5],[2.4,41.4333],[2.3,41.4357],[2.2,41.4833],[2.1833,41.5]]]}},{"type":"Feature","properties":{"layer_id":"1981_2000_T20","layer_label":"1981_2000, T>20\u00b0C","low":10.0,"high":25.0,"label":"10\u201325 %","fill":"#fee391","fillOpacity":0.34,"stroke":"#fee391","strokeOpacity":0.46,"strokeWeight":0.35},"geometry":{"type":"Polygon","coordinates":[[[37.0,41.15],[37.05,41.2],[37.0,41.25],[36.9667,41.3],[36.9,41.3667],[36.8,41.35],[36.7,41.3333],[36.6667,41.3],[36.7,41.2667],[36.8,41.2333],[36.9,41.2],[36.9,41.2],[37.0,41.15]]]}},{"type":"Feature","properties":{"layer_id":"1981_2000_T20","layer_label":"1981_2000, T>20\u00b0C","low":10.0,"high":25.0,"label":"10\u201325 %","fill":"#fee391","fillOpacity":0.34,"stroke":"#fee391","strokeOpacity":0.46,"strokeWeight":0.35},"geometry":{"type":"Polygon","coordinates":[[[13.0,41.2111],[13.1,41.2111],[13.2,41.2118],[13.2882,41.3],[13.2,41.3882],[13.1778,41.4],[13.1,41.4778],[13.0,41.4889],[12.98,41.5],[12.9,41.58],[12.8333,41.6],[12.8,41.6333],[12.7,41.6846],[12.6333,41.7],[12.6,41.75],[12.5833,41.8],[12.55,41.9],[12.5,41.95],[12.4,41.9889],[12.3,42.0],[12.3,42.0],[12.2,42.0857],[12.16,42.1],[12.1,42.16],[12.0,42.1778],[11.9778,42.2],[11.9333,42.3],[11.9,42.3333],[11.8,42.3875],[11.7667,42.4],[11.7,42.45],[11.6,42.5],[11.6,42.5],[11.5,42.5857],[11.4,42.5909],[11.38,42.6],[11.3,42.68],[11.275,42.7],[11.2,42.76],[11.16,42.8],[11.1,42.86],[11.05,42.9],[11.0,42.95],[10.9,43.0],[10.9,43.0],[10.8,43.1],[10.8,43.1],[10.7,43.1818],[10.6778,43.2],[10.7,43.3],[10.65,43.4],[10.6,43.45],[10.55,43.5],[10.5,43.6],[10.5,43.6],[10.45,43.7],[10.4,43.75],[10.3,43.8],[10.225,43.7],[10.2111,43.6],[10.3,43.5111],[10.34,43.5],[10.4,43.44],[10.45,43.4],[10.5,43.35],[10.525,43.3],[10.5222,43.2],[10.5118,43.1],[10.5,43.09],[10.41,43.0],[10.5,42.91],[10.6,42.9111],[10.7,42.9111],[10.7118,42.9],[10.8,42.8118],[10.8167,42.8],[10.9,42.7167],[10.9118,42.7],[11.0,42.6118],[11.0118,42.6],[11.1,42.5118],[11.1118,42.5],[11.2,42.4118],[11.3,42.4133],[11.3118,42.4],[11.4,42.3118],[11.5,42.3143],[11.6,42.325],[11.6125,42.3],[11.6105,42.2],[11.7,42.1105],[11.8,42.1133],[11.8125,42.1],[11.9,42.0125],[11.9111,42.0],[12.0,41.9111],[12.1,41.9111],[12.1111,41.9],[12.1111,41.8],[12.2,41.7111],[12.3,41.7111],[12.3111,41.7],[12.4,41.6111],[12.5,41.6143],[12.5111,41.6],[12.5111,41.5],[12.6,41.4111],[12.7,41.4111],[12.8,41.4111],[12.9,41.42],[12.9111,41.4],[12.9111,41.3],[13.0,41.2111]]]}},{"type":"Feature","properties":{"layer_id":"1981_2000_T20","layer_label":"1981_2000, T>20\u00b0C","low":10.0,"high":25.0,"label":"10\u201325 %","fill":"#fee391","fillOpacity":0.34,"stroke":"#fee391","strokeOpacity":0.46,"strokeWeight":0.35},"geometry":{"type":"Polygon","coordinates":[[[12.9278,41.3],[12.9278,41.4],[12.9,41.45],[12.8,41.4278],[12.7,41.4278],[12.6,41.4278],[12.5278,41.5],[12.5278,41.6],[12.5,41.6357],[12.4,41.6278],[12.3278,41.7],[12.3,41.7278],[12.2,41.7278],[12.1278,41.8],[12.1278,41.9],[12.1,41.9278],[12.0,41.9278],[11.9278,42.0],[11.9,42.0313],[11.8313,42.1],[11.8,42.1333],[11.7,42.1263],[11.6263,42.2],[11.6313,42.3],[11.6,42.3625],[11.5,42.3357],[11.4,42.3294],[11.3294,42.4],[11.3,42.4333],[11.2,42.4294],[11.1294,42.5],[11.1,42.5294],[11.0294,42.6],[11.0,42.6294],[10.9294,42.7],[10.9,42.7417],[10.8417,42.8],[10.8,42.8294],[10.7294,42.9],[10.7,42.9278],[10.6,42.9278],[10.5,42.925],[10.425,43.0],[10.5,43.075],[10.5294,43.1],[10.5556,43.2],[10.5625,43.3],[10.6,43.36],[10.65,43.3],[10.6444,43.2],[10.7,43.1545],[10.7667,43.1],[10.8,43.0571],[10.8571,43.0],[10.9,42.95],[10.975,42.9],[11.0,42.85],[11.1,42.8],[11.1,42.8],[11.2,42.7],[11.2,42.7],[11.3,42.62],[11.32,42.6],[11.4,42.5636],[11.5,42.5429],[11.55,42.5],[11.6,42.45],[11.675,42.4],[11.7,42.3917],[11.8,42.35],[11.8667,42.3],[11.9,42.2667],[11.9444,42.2],[12.0,42.1444],[12.1,42.1],[12.1,42.1],[12.2,42.0643],[12.275,42.0],[12.3,41.975],[12.4,41.9556],[12.4714,41.9],[12.5,41.85],[12.5333,41.8],[12.5818,41.7],[12.6,41.6867],[12.7,41.6615],[12.78,41.6],[12.8,41.5867],[12.9,41.55],[12.95,41.5],[13.0,41.4722],[13.1,41.4444],[13.1444,41.4],[13.2,41.3706],[13.2706,41.3],[13.2,41.2294],[13.1,41.2278],[13.0,41.2278],[12.9278,41.3]]]}},{"type":"Feature","properties":{"layer_id":"1981_2000_T20","layer_label":"1981_2000, T>20\u00b0C","low":10.0,"high":25.0,"label":"10\u201325 %","fill":"#fee391","fillOpacity":0.34,"stroke":"#fee391","strokeOpacity":0.46,"strokeWeight":0.35},"geometry":{"type":"Polygon","coordinates":[[[10.2278,43.6],[10.2625,43.7],[10.3,43.75],[10.36,43.7],[10.4,43.6333],[10.425,43.6],[10.4,43.5],[10.3,43.5278],[10.2278,43.6]]]}},{"type":"Feature","properties":{"layer_id":"1981_2000_T20","layer_label":"1981_2000, T>20\u00b0C","low":10.0,"high":25.0,"label":"10\u201325 %","fill":"#fee391","fillOpacity":0.34,"stroke":"#fee391","strokeOpacity":0.46,"strokeWeight":0.35},"geometry":{"type":"Polygon","coordinates":[[[45.0,41.2667],[45.0,41.3],[45.0,41.325],[44.9,41.375],[44.8667,41.4],[44.9,41.45],[44.9143,41.5],[45.0,41.575],[45.0,41.6],[45.0,41.6333],[44.95,41.6],[44.9,41.5667],[44.85,41.5],[44.8,41.4333],[44.75,41.4],[44.8,41.35],[44.9,41.3],[44.9,41.3],[45.0,41.2667]]]}},{"type":"Feature","properties":{"layer_id":"1981_2000_T20","layer_label":"1981_2000, T>20\u00b0C","low":10.0,"high":25.0,"label":"10\u201325 %","fill":"#fee391","fillOpacity":0.34,"stroke":"#fee391","strokeOpacity":0.46,"strokeWeight":0.35},"geometry":{"type":"Polygon","coordinates":[[[21.9,41.3667],[22.0,41.3333],[22.1,41.3333],[22.2,41.34],[22.26,41.4],[22.25,41.5],[22.2,41.55],[22.1,41.5714],[22.0333,41.6],[22.0,41.65],[21.95,41.7],[21.9,41.75],[21.8,41.7],[21.8,41.7],[21.7667,41.6],[21.8,41.5667],[21.84,41.5],[21.8667,41.4],[21.9,41.3667]]]}},{"type":"Feature","properties":{"layer_id":"1981_2000_T20","layer_label":"1981_2000, T>20\u00b0C","low":10.0,"high":25.0,"label":"10\u201325 %","fill":"#fee391","fillOpacity":0.34,"stroke":"#fee391","strokeOpacity":0.46,"strokeWeight":0.35},"geometry":{"type":"Polygon","coordinates":[[[21.9667,41.4],[21.9,41.5],[22.0,41.5333],[22.1,41.5286],[22.1667,41.5],[22.2,41.4],[22.1,41.3833],[22.0,41.3833],[21.9667,41.4]]]}},{"type":"Feature","properties":{"layer_id":"1981_2000_T20","layer_label":"1981_2000, T>20\u00b0C","low":10.0,"high":25.0,"label":"10\u201325 %","fill":"#fee391","fillOpacity":0.34,"stroke":"#fee391","strokeOpacity":0.46,"strokeWeight":0.35},"geometry":{"type":"Polygon","coordinates":[[[23.3,41.35],[23.3333,41.4],[23.35,41.5],[23.3,41.55],[23.2333,41.6],[23.2,41.6333],[23.1667,41.6],[23.1667,41.5],[23.2,41.4667],[23.2667,41.4],[23.3,41.35]]]}},{"type":"Feature","properties":{"layer_id":"1981_2000_T20","layer_label":"1981_2000, T>20\u00b0C","low":10.0,"high":25.0,"label":"10\u201325 %","fill":"#fee391","fillOpacity":0.34,"stroke":"#fee391","strokeOpacity":0.46,"strokeWeight":0.35},"geometry":{"type":"Polygon","coordinates":[[[8.9,41.4125],[9.0,41.4125],[9.1,41.4118],[9.2,41.4105],[9.2895,41.5],[9.2778,41.6],[9.2,41.6875],[9.1,41.66],[9.0,41.6875],[8.95,41.7],[8.9,41.75],[8.8833,41.8],[8.9,41.9],[8.9,42.0],[8.9,42.1],[8.8,42.18],[8.7889,42.2],[8.7,42.3],[8.62,42.2],[8.6133,42.1],[8.7,42.0133],[8.7222,42.0],[8.74,41.9],[8.7,41.8833],[8.6167,41.8],[8.7,41.7167],[8.8,41.7286],[8.8667,41.7],[8.8,41.6889],[8.7111,41.6],[8.8,41.5111],[8.8125,41.5],[8.9,41.4125]]]}},{"type":"Feature","properties":{"layer_id":"1981_2000_T20","layer_label":"1981_2000, T>20\u00b0C","low":10.0,"high":25.0,"label":"10\u201325 %","fill":"#fee391","fillOpacity":0.34,"stroke":"#fee391","strokeOpacity":0.46,"strokeWeight":0.35},"geometry":{"type":"Polygon","coordinates":[[[8.8313,41.5],[8.8,41.5278],[8.7278,41.6],[8.8,41.6722],[8.9,41.6833],[9.0,41.65],[9.1,41.6],[9.1,41.6],[9.1,41.6],[9.2,41.65],[9.2444,41.6],[9.2737,41.5],[9.2,41.4263],[9.1,41.4294],[9.0,41.4313],[8.9,41.4313],[8.8313,41.5]]]}},{"type":"Feature","properties":{"layer_id":"1981_2000_T20","layer_label":"1981_2000, T>20\u00b0C","low":10.0,"high":25.0,"label":"10\u201325 %","fill":"#fee391","fillOpacity":0.34,"stroke":"#fee391","strokeOpacity":0.46,"strokeWeight":0.35},"geometry":{"type":"Polygon","coordinates":[[[8.7556,42.0],[8.7,42.0333],[8.6333,42.1],[8.65,42.2],[8.7,42.2625],[8.7556,42.2],[8.8,42.12],[8.825,42.1],[8.8571,42.0],[8.8,41.9],[8.7556,42.0]]]}},{"type":"Feature","properties":{"layer_id":"1981_2000_T20","layer_label":"1981_2000, T>20\u00b0C","low":10.0,"high":25.0,"label":"10\u201325 %","fill":"#fee391","fillOpacity":0.34,"stroke":"#fee391","strokeOpacity":0.46,"strokeWeight":0.35},"geometry":{"type":"Polygon","coordinates":[[[0.0,41.5],[0.1,41.6],[0.05,41.7],[0.0,41.75],[-0.05,41.7],[-0.05,41.6],[0.0,41.5]]]}},{"type":"Feature","properties":{"layer_id":"1981_2000_T20","layer_label":"1981_2000, T>20\u00b0C","low":10.0,"high":25.0,"label":"10\u201325 %","fill":"#fee391","fillOpacity":0.34,"stroke":"#fee391","strokeOpacity":0.46,"strokeWeight":0.35},"geometry":{"type":"Polygon","coordinates":[[[28.1,41.5],[28.1714,41.6],[28.1,41.6714],[28.075,41.7],[28.0,41.775],[27.925,41.7],[28.0,41.6],[28.0,41.6],[28.1,41.5]]]}},{"type":"Feature","properties":{"layer_id":"1981_2000_T20","layer_label":"1981_2000, T>20\u00b0C","low":10.0,"high":25.0,"label":"10\u201325 %","fill":"#fee391","fillOpacity":0.34,"stroke":"#fee391","strokeOpacity":0.46,"strokeWeight":0.35},"geometry":{"type":"Polygon","coordinates":[[[35.9,41.54],[36.0,41.5333],[36.0667,41.6],[36.0875,41.7],[36.0,41.7875],[35.9,41.7867],[35.8133,41.7],[35.825,41.6],[35.9,41.54]]]}},{"type":"Feature","properties":{"layer_id":"1981_2000_T20","layer_label":"1981_2000, T>20\u00b0C","low":10.0,"high":25.0,"label":"10\u201325 %","fill":"#fee391","fillOpacity":0.34,"stroke":"#fee391","strokeOpacity":0.46,"strokeWeight":0.35},"geometry":{"type":"Polygon","coordinates":[[[35.9,41.6],[35.9,41.6],[35.8333,41.7],[35.9,41.7667],[36.0,41.7688],[36.0688,41.7],[36.0167,41.6],[36.0,41.5833],[35.9,41.6]]]}},{"type":"Feature","properties":{"layer_id":"1981_2000_T20","layer_label":"1981_2000, T>20\u00b0C","low":10.0,"high":25.0,"label":"10\u201325 %","fill":"#fee391","fillOpacity":0.34,"stroke":"#fee391","strokeOpacity":0.46,"strokeWeight":0.35},"geometry":{"type":"Polygon","coordinates":[[[2.9,41.6333],[2.9667,41.7],[3.0,41.75],[3.05,41.8],[3.1,41.8222],[3.2,41.8133],[3.2867,41.9],[3.2833,42.0],[3.2,42.0833],[3.18,42.1],[3.1333,42.2],[3.2,42.2167],[3.2833,42.3],[3.2,42.3833],[3.1667,42.4],[3.1,42.48],[3.0,42.4],[3.0,42.3],[3.0,42.3],[2.95,42.2],[2.9333,42.1],[3.0,42.0],[3.0,42.0],[3.0,42.0],[2.9333,41.9],[2.9,41.85],[2.85,41.8],[2.8333,41.7],[2.9,41.6333]]]}},{"type":"Feature","properties":{"layer_id":"1981_2000_T20","layer_label":"1981_2000, T>20\u00b0C","low":10.0,"high":25.0,"label":"10\u201325 %","fill":"#fee391","fillOpacity":0.34,"stroke":"#fee391","strokeOpacity":0.46,"strokeWeight":0.35},"geometry":{"type":"Polygon","coordinates":[[[3.02,41.9],[3.0375,42.0],[3.0167,42.1],[3.1,42.1714],[3.15,42.1],[3.2,42.0583],[3.2583,42.0],[3.2667,41.9],[3.2,41.8333],[3.1,41.8556],[3.02,41.9]]]}},{"type":"Feature","properties":{"layer_id":"1981_2000_T20","layer_label":"1981_2000, T>20\u00b0C","low":10.0,"high":25.0,"label":"10\u201325 %","fill":"#fee391","fillOpacity":0.34,"stroke":"#fee391","strokeOpacity":0.46,"strokeWeight":0.35},"geometry":{"type":"Polygon","coordinates":[[[3.0429,42.3],[3.075,42.4],[3.1,42.42],[3.1167,42.4],[3.2,42.3583],[3.2583,42.3],[3.2,42.2417],[3.1,42.2333],[3.0429,42.3]]]}},{"type":"Feature","properties":{"layer_id":"1981_2000_T20","layer_label":"1981_2000, T>20\u00b0C","low":10.0,"high":25.0,"label":"10\u201325 %","fill":"#fee391","fillOpacity":0.34,"stroke":"#fee391","strokeOpacity":0.46,"strokeWeight":0.35},"geometry":{"type":"Polygon","coordinates":[[[9.4,41.6143],[9.4857,41.7],[9.45,41.8],[9.4,41.85],[9.35,41.8],[9.3077,41.7],[9.4,41.6143]]]}},{"type":"Feature","properties":{"layer_id":"1981_2000_T20","layer_label":"1981_2000, T>20\u00b0C","low":10.0,"high":25.0,"label":"10\u201325 %","fill":"#fee391","fillOpacity":0.34,"stroke":"#fee391","strokeOpacity":0.46,"strokeWeight":0.35},"geometry":{"type":"Polygon","coordinates":[[[19.4,41.8133],[19.5,41.82],[19.6,41.85],[19.65,41.9],[19.65,42.0],[19.6,42.05],[19.5778,42.1],[19.5,42.1778],[19.4833,42.2],[19.4,42.2833],[19.3333,42.3],[19.3,42.3333],[19.2,42.3],[19.2125,42.2],[19.2,42.16],[19.1333,42.2],[19.1,42.2333],[19.0,42.275],[18.9333,42.3],[18.9,42.3333],[18.8,42.3778],[18.7222,42.3],[18.8,42.2222],[18.8286,42.2],[18.9,42.1286],[19.0,42.125],[19.02,42.1],[19.1,42.02],[19.125,42.0],[19.2,41.925],[19.3,41.925],[19.3133,41.9],[19.4,41.8133]]]}},{"type":"Feature","properties":{"layer_id":"1981_2000_T20","layer_label":"1981_2000, T>20\u00b0C","low":10.0,"high":25.0,"label":"10\u201325 %","fill":"#fee391","fillOpacity":0.34,"stroke":"#fee391","strokeOpacity":0.46,"strokeWeight":0.35},"geometry":{"type":"Polygon","coordinates":[[[19.3333,41.9],[19.3,41.9625],[19.2,41.9625],[19.1625,42.0],[19.1,42.05],[19.05,42.1],[19.0,42.1625],[18.9,42.1714],[18.8714,42.2],[18.9,42.25],[19.0,42.2375],[19.06,42.2],[19.1,42.1714],[19.2,42.1],[19.2,42.1],[19.2,42.1],[19.2313,42.2],[19.3,42.2846],[19.4,42.2583],[19.4583,42.2],[19.5,42.1444],[19.5444,42.1],[19.58,42.0],[19.5833,41.9],[19.5,41.85],[19.4,41.8333],[19.3333,41.9]]]}},{"type":"Feature","properties":{"layer_id":"1981_2000_T20","layer_label":"1981_2000, T>20\u00b0C","low":10.0,"high":25.0,"label":"10\u201325 %","fill":"#fee391","fillOpacity":0.34,"stroke":"#fee391","strokeOpacity":0.46,"strokeWeight":0.35},"geometry":{"type":"Polygon","coordinates":[[[27.9,41.8],[28.0,41.8286],[28.0714,41.9],[28.0,41.9714],[27.95,42.0],[27.95,42.1],[27.9,42.15],[27.85,42.1],[27.85,42.0],[27.84,41.9],[27.9,41.8]]]}},{"type":"Feature","properties":{"layer_id":"1981_2000_T20","layer_label":"1981_2000, T>20\u00b0C","low":10.0,"high":25.0,"label":"10\u201325 %","fill":"#fee391","fillOpacity":0.34,"stroke":"#fee391","strokeOpacity":0.46,"strokeWeight":0.35},"geometry":{"type":"Polygon","coordinates":[[[41.8,41.8667],[41.85,41.9],[41.9,41.9333],[41.9667,42.0],[42.0,42.1],[42.0,42.1],[42.0667,42.2],[42.1,42.25],[42.2,42.25],[42.3,42.3],[42.2,42.3333],[42.1,42.3333],[42.0,42.375],[41.9,42.4],[41.9,42.4],[41.8,42.475],[41.7833,42.5],[41.7,42.6],[41.7,42.6],[41.6,42.68],[41.5833,42.7],[41.5,42.7714],[41.4286,42.7],[41.5,42.6286],[41.5333,42.6],[41.5,42.5833],[41.4167,42.5],[41.5,42.4167],[41.52,42.4],[41.5143,42.3],[41.6,42.2143],[41.62,42.2],[41.7,42.12],[41.75,42.1],[41.7286,42.0],[41.7667,41.9],[41.8,41.8667]]]}},{"type":"Feature","properties":{"layer_id":"1981_2000_T20","layer_label":"1981_2000, T>20\u00b0C","low":10.0,"high":25.0,"label":"10\u201325 %","fill":"#fee391","fillOpacity":0.34,"stroke":"#fee391","strokeOpacity":0.46,"strokeWeight":0.35},"geometry":{"type":"Polygon","coordinates":[[[41.65,42.2],[41.6,42.2357],[41.5357,42.3],[41.55,42.4],[41.5,42.4417],[41.4417,42.5],[41.5,42.5583],[41.5833,42.6],[41.6,42.62],[41.625,42.6],[41.7,42.54],[41.7333,42.5],[41.8,42.4],[41.8,42.4],[41.9,42.3],[41.9,42.2],[41.8,42.125],[41.7,42.15],[41.65,42.2]]]}},{"type":"Feature","properties":{"layer_id":"1981_2000_T20","layer_label":"1981_2000, T>20\u00b0C","low":10.0,"high":25.0,"label":"10\u201325 %","fill":"#fee391","fillOpacity":0.34,"stroke":"#fee391","strokeOpacity":0.46,"strokeWeight":0.35},"geometry":{"type":"Polygon","coordinates":[[[9.4,41.9167],[9.5,41.9125],[9.5875,42.0],[9.5882,42.1],[9.58,42.2],[9.5333,42.3],[9.5,42.35],[9.4667,42.3],[9.4,42.2333],[9.3667,42.2],[9.3083,42.1],[9.3167,42.0],[9.4,41.9167]]]}},{"type":"Feature","properties":{"layer_id":"1981_2000_T20","layer_label":"1981_2000, T>20\u00b0C","low":10.0,"high":25.0,"label":"10\u201325 %","fill":"#fee391","fillOpacity":0.34,"stroke":"#fee391","strokeOpacity":0.46,"strokeWeight":0.35},"geometry":{"type":"Polygon","coordinates":[[[9.3417,42.0],[9.3333,42.1],[9.4,42.18],[9.4286,42.2],[9.5,42.2714],[9.55,42.2],[9.5706,42.1],[9.5688,42.0],[9.5,41.9313],[9.4,41.9417],[9.3417,42.0]]]}},{"type":"Feature","properties":{"layer_id":"1981_2000_T20","layer_label":"1981_2000, T>20\u00b0C","low":10.0,"high":25.0,"label":"10\u201325 %","fill":"#fee391","fillOpacity":0.34,"stroke":"#fee391","strokeOpacity":0.46,"strokeWeight":0.35},"geometry":{"type":"Polygon","coordinates":[[[42.4,42.25],[42.5,42.2],[42.6,42.2667],[42.65,42.3],[42.6,42.3333],[42.5,42.3333],[42.4,42.3333],[42.3,42.3],[42.4,42.25]]]}},{"type":"Feature","properties":{"layer_id":"1981_2000_T20","layer_label":"1981_2000, T>20\u00b0C","low":10.0,"high":25.0,"label":"10\u201325 %","fill":"#fee391","fillOpacity":0.34,"stroke":"#fee391","strokeOpacity":0.46,"strokeWeight":0.35},"geometry":{"type":"Polygon","coordinates":[[[8.7,42.3],[8.7857,42.4],[8.8,42.42],[8.8667,42.5],[8.8,42.5667],[8.7,42.5875],[8.6125,42.5],[8.625,42.4],[8.7,42.3]]]}},{"type":"Feature","properties":{"layer_id":"1981_2000_T20","layer_label":"1981_2000, T>20\u00b0C","low":10.0,"high":25.0,"label":"10\u201325 %","fill":"#fee391","fillOpacity":0.34,"stroke":"#fee391","strokeOpacity":0.46,"strokeWeight":0.35},"geometry":{"type":"Polygon","coordinates":[[[8.6625,42.4],[8.6313,42.5],[8.7,42.5688],[8.8,42.5167],[8.8167,42.5],[8.8,42.48],[8.7429,42.4],[8.7,42.35],[8.6625,42.4]]]}},{"type":"Feature","properties":{"layer_id":"1981_2000_T20","layer_label":"1981_2000, T>20\u00b0C","low":10.0,"high":25.0,"label":"10\u201325 %","fill":"#fee391","fillOpacity":0.34,"stroke":"#fee391","strokeOpacity":0.46,"strokeWeight":0.35},"geometry":{"type":"Polygon","coordinates":[[[9.5,42.4083],[9.5846,42.5],[9.5,42.5846],[9.4714,42.6],[9.5,42.62],[9.58,42.7],[9.5867,42.8],[9.5,42.8867],[9.4,42.8882],[9.3118,42.8],[9.3,42.7714],[9.2,42.7818],[9.1182,42.7],[9.1,42.675],[9.0,42.675],[8.925,42.6],[9.0,42.525],[9.1,42.5143],[9.2,42.5333],[9.3,42.6],[9.3,42.6],[9.3,42.6],[9.4,42.5286],[9.4154,42.5],[9.5,42.4083]]]}},{"type":"Feature","properties":{"layer_id":"1981_2000_T20","layer_label":"1981_2000, T>20\u00b0C","low":10.0,"high":25.0,"label":"10\u201325 %","fill":"#fee391","fillOpacity":0.34,"stroke":"#fee391","strokeOpacity":0.46,"strokeWeight":0.35},"geometry":{"type":"Polygon","coordinates":[[[8.9625,42.6],[9.0,42.6375],[9.1,42.6375],[9.1455,42.7],[9.2,42.7545],[9.3,42.7286],[9.3294,42.8],[9.4,42.8706],[9.5,42.8667],[9.5667,42.8],[9.55,42.7],[9.5,42.65],[9.4286,42.6],[9.4,42.5714],[9.36,42.6],[9.3,42.66],[9.2,42.6143],[9.175,42.6],[9.1,42.5571],[9.0,42.5625],[8.9625,42.6]]]}},{"type":"Feature","properties":{"layer_id":"1981_2000_T20","layer_label":"1981_2000, T>20\u00b0C","low":10.0,"high":25.0,"label":"10\u201325 %","fill":"#fee391","fillOpacity":0.34,"stroke":"#fee391","strokeOpacity":0.46,"strokeWeight":0.35},"geometry":{"type":"Polygon","coordinates":[[[27.6,42.55],[27.65,42.6],[27.7,42.65],[27.8,42.6286],[27.8714,42.7],[27.8,42.8],[27.7,42.75],[27.6,42.7],[27.6,42.7],[27.5,42.6],[27.6,42.55]]]}},{"type":"Feature","properties":{"layer_id":"1981_2000_T20","layer_label":"1981_2000, T>20\u00b0C","low":10.0,"high":25.0,"label":"10\u201325 %","fill":"#fee391","fillOpacity":0.34,"stroke":"#fee391","strokeOpacity":0.46,"strokeWeight":0.35},"geometry":{"type":"Polygon","coordinates":[[[10.1,42.71],[10.2,42.71],[10.3,42.71],[10.4,42.71],[10.49,42.8],[10.4,42.89],[10.3,42.89],[10.2,42.89],[10.1,42.89],[10.01,42.8],[10.1,42.71]]]}},{"type":"Feature","properties":{"layer_id":"1981_2000_T20","layer_label":"1981_2000, T>20\u00b0C","low":10.0,"high":25.0,"label":"10\u201325 %","fill":"#fee391","fillOpacity":0.34,"stroke":"#fee391","strokeOpacity":0.46,"strokeWeight":0.35},"geometry":{"type":"Polygon","coordinates":[[[10.025,42.8],[10.1,42.875],[10.2,42.875],[10.3,42.875],[10.4,42.875],[10.475,42.8],[10.4,42.725],[10.3,42.725],[10.2,42.725],[10.1,42.725],[10.025,42.8]]]}},{"type":"Feature","properties":{"layer_id":"1981_2000_T20","layer_label":"1981_2000, T>20\u00b0C","low":10.0,"high":25.0,"label":"10\u201325 %","fill":"#fee391","fillOpacity":0.34,"stroke":"#fee391","strokeOpacity":0.46,"strokeWeight":0.35},"geometry":{"type":"Polygon","coordinates":[[[13.9,42.8167],[13.9833,42.9],[13.9,42.9833],[13.86,43.0],[13.88,43.1],[13.8,43.18],[13.75,43.2],[13.7846,43.3],[13.7667,43.4],[13.7,43.4667],[13.6,43.45],[13.5333,43.5],[13.575,43.6],[13.5,43.675],[13.4,43.6714],[13.3,43.65],[13.2333,43.7],[13.2,43.7333],[13.1,43.7],[13.2,43.6],[13.2,43.6],[13.3,43.5],[13.4,43.5],[13.4,43.5],[13.5,43.4],[13.5,43.4],[13.55,43.3],[13.6,43.2667],[13.65,43.2],[13.7,43.1333],[13.7111,43.1],[13.74,43.0],[13.8,42.9],[13.8,42.9],[13.9,42.8167]]]}},{"type":"Feature","properties":{"layer_id":"1981_2000_T20","layer_label":"1981_2000, T>20\u00b0C","low":10.0,"high":25.0,"label":"10\u201325 %","fill":"#fee391","fillOpacity":0.34,"stroke":"#fee391","strokeOpacity":0.46,"strokeWeight":0.35},"geometry":{"type":"Polygon","coordinates":[[[16.8,42.81],[16.9,42.81],[17.0,42.8111],[17.1,42.8118],[17.1882,42.9],[17.2,42.92],[17.3,42.925],[17.375,43.0],[17.3,43.075],[17.2,43.08],[17.1833,43.1],[17.1,43.1833],[17.0,43.1882],[16.9,43.19],[16.81,43.1],[16.9,43.01],[17.0,43.0118],[17.0154,43.0],[17.0,42.9889],[16.9,42.99],[16.8,42.99],[16.71,42.9],[16.8,42.81]]]}},{"type":"Feature","properties":{"layer_id":"1981_2000_T20","layer_label":"1981_2000, T>20\u00b0C","low":10.0,"high":25.0,"label":"10\u201325 %","fill":"#fee391","fillOpacity":0.34,"stroke":"#fee391","strokeOpacity":0.46,"strokeWeight":0.35},"geometry":{"type":"Polygon","coordinates":[[[16.725,42.9],[16.8,42.975],[16.9,42.975],[17.0,42.9722],[17.0385,43.0],[17.0,43.0294],[16.9,43.025],[16.825,43.1],[16.9,43.175],[17.0,43.1706],[17.1,43.1583],[17.1583,43.1],[17.2,43.05],[17.3,43.0375],[17.3375,43.0],[17.3,42.9625],[17.2,42.95],[17.1706,42.9],[17.1,42.8294],[17.0,42.8278],[16.9,42.825],[16.8,42.825],[16.725,42.9]]]}},{"type":"Feature","properties":{"layer_id":"1981_2000_T20","layer_label":"1981_2000, T>20\u00b0C","low":10.0,"high":25.0,"label":"10\u201325 %","fill":"#fee391","fillOpacity":0.34,"stroke":"#fee391","strokeOpacity":0.46,"strokeWeight":0.35},"geometry":{"type":"Polygon","coordinates":[[[41.1,42.825],[41.2,42.85],[41.25,42.9],[41.2,42.95],[41.1,42.975],[41.025,42.9],[41.1,42.825]]]}},{"type":"Feature","properties":{"layer_id":"1981_2000_T20","layer_label":"1981_2000, T>20\u00b0C","low":10.0,"high":25.0,"label":"10\u201325 %","fill":"#fee391","fillOpacity":0.34,"stroke":"#fee391","strokeOpacity":0.46,"strokeWeight":0.35},"geometry":{"type":"Polygon","coordinates":[[[6.1,43.0222],[6.2,43.0167],[6.3,43.0182],[6.3818,43.1],[6.3,43.19],[6.2,43.2],[6.1,43.1875],[6.0222,43.1],[6.1,43.0222]]]}},{"type":"Feature","properties":{"layer_id":"1981_2000_T20","layer_label":"1981_2000, T>20\u00b0C","low":10.0,"high":25.0,"label":"10\u201325 %","fill":"#fee391","fillOpacity":0.34,"stroke":"#fee391","strokeOpacity":0.46,"strokeWeight":0.35},"geometry":{"type":"Polygon","coordinates":[[[6.0556,43.1],[6.1,43.15],[6.2,43.17],[6.3,43.16],[6.3545,43.1],[6.3,43.0455],[6.2,43.0417],[6.1,43.0556],[6.0556,43.1]]]}},{"type":"Feature","properties":{"layer_id":"1981_2000_T20","layer_label":"1981_2000, T>20\u00b0C","low":10.0,"high":25.0,"label":"10\u201325 %","fill":"#fee391","fillOpacity":0.34,"stroke":"#fee391","strokeOpacity":0.46,"strokeWeight":0.35},"geometry":{"type":"Polygon","coordinates":[[[6.5,43.15],[6.6,43.14],[6.66,43.2],[6.65,43.3],[6.7,43.3286],[6.8,43.3222],[6.8778,43.4],[6.9,43.4333],[6.9667,43.5],[6.9,43.5667],[6.8,43.55],[6.7,43.5],[6.7,43.5],[6.6,43.5],[6.525,43.4],[6.5333,43.3],[6.5,43.2667],[6.4,43.2],[6.5,43.15]]]}},{"type":"Feature","properties":{"layer_id":"1981_2000_T20","layer_label":"1981_2000, T>20\u00b0C","low":10.0,"high":25.0,"label":"10\u201325 %","fill":"#fee391","fillOpacity":0.34,"stroke":"#fee391","strokeOpacity":0.46,"strokeWeight":0.35},"geometry":{"type":"Polygon","coordinates":[[[16.5,43.11],[16.59,43.2],[16.6,43.22],[16.7,43.2222],[16.7778,43.3],[16.7,43.3778],[16.6,43.38],[16.52,43.3],[16.5,43.29],[16.41,43.2],[16.5,43.11]]]}},{"type":"Feature","properties":{"layer_id":"1981_2000_T20","layer_label":"1981_2000, T>20\u00b0C","low":10.0,"high":25.0,"label":"10\u201325 %","fill":"#fee391","fillOpacity":0.34,"stroke":"#fee391","strokeOpacity":0.46,"strokeWeight":0.35},"geometry":{"type":"Polygon","coordinates":[[[16.425,43.2],[16.5,43.275],[16.55,43.3],[16.6,43.35],[16.7,43.3444],[16.7444,43.3],[16.7,43.2556],[16.6,43.25],[16.575,43.2],[16.5,43.125],[16.425,43.2]]]}},{"type":"Feature","properties":{"layer_id":"1981_2000_T20","layer_label":"1981_2000, T>20\u00b0C","low":10.0,"high":25.0,"label":"10\u201325 %","fill":"#fee391","fillOpacity":0.34,"stroke":"#fee391","strokeOpacity":0.46,"strokeWeight":0.35},"geometry":{"type":"Polygon","coordinates":[[[4.7,43.3333],[4.8,43.325],[4.9,43.325],[5.0,43.34],[5.06,43.4],[5.0,43.5],[5.0,43.5],[4.9,43.55],[4.8,43.58],[4.75,43.6],[4.7,43.65],[4.6,43.7],[4.6,43.7],[4.5,43.8],[4.4,43.7],[4.4,43.7],[4.3,43.7],[4.2,43.7],[4.1,43.65],[4.05,43.6],[4.1,43.5667],[4.2,43.5667],[4.22,43.5],[4.3,43.42],[4.38,43.5],[4.4,43.55],[4.5,43.55],[4.525,43.5],[4.6,43.425],[4.6333,43.4],[4.7,43.3333]]]}},{"type":"Feature","properties":{"layer_id":"1981_2000_T20","layer_label":"1981_2000, T>20\u00b0C","low":10.0,"high":25.0,"label":"10\u201325 %","fill":"#fee391","fillOpacity":0.34,"stroke":"#fee391","strokeOpacity":0.46,"strokeWeight":0.35},"geometry":{"type":"Polygon","coordinates":[[[4.6833,43.4],[4.6,43.4625],[4.5625,43.5],[4.6,43.575],[4.7,43.5333],[4.8,43.52],[4.8333,43.5],[4.9,43.46],[5.0,43.4],[4.9,43.3625],[4.8,43.3625],[4.7,43.3833],[4.6833,43.4]]]}},{"type":"Feature","properties":{"layer_id":"1981_2000_T20","layer_label":"1981_2000, T>20\u00b0C","low":10.0,"high":25.0,"label":"10\u201325 %","fill":"#fee391","fillOpacity":0.34,"stroke":"#fee391","strokeOpacity":0.46,"strokeWeight":0.35},"geometry":{"type":"Polygon","coordinates":[[[28.3,43.3333],[28.4,43.32],[28.5,43.32],[28.58,43.4],[28.5778,43.5],[28.55,43.6],[28.5,43.7],[28.4333,43.6],[28.4,43.5667],[28.3333,43.5],[28.3,43.48],[28.22,43.4],[28.3,43.3333]]]}},{"type":"Feature","properties":{"layer_id":"1981_2000_T20","layer_label":"1981_2000, T>20\u00b0C","low":10.0,"high":25.0,"label":"10\u201325 %","fill":"#fee391","fillOpacity":0.34,"stroke":"#fee391","strokeOpacity":0.46,"strokeWeight":0.35},"geometry":{"type":"Polygon","coordinates":[[[28.28,43.4],[28.3,43.42],[28.4,43.4833],[28.42,43.5],[28.5,43.58],[28.5444,43.5],[28.55,43.4],[28.5,43.35],[28.4,43.35],[28.3,43.3833],[28.28,43.4]]]}},{"type":"Feature","properties":{"layer_id":"1981_2000_T20","layer_label":"1981_2000, T>20\u00b0C","low":10.0,"high":25.0,"label":"10\u201325 %","fill":"#fee391","fillOpacity":0.34,"stroke":"#fee391","strokeOpacity":0.46,"strokeWeight":0.35},"geometry":{"type":"Polygon","coordinates":[[[39.7,43.5667],[39.75,43.6],[39.7333,43.7],[39.7,43.7333],[39.6,43.7667],[39.55,43.7],[39.6,43.65],[39.6667,43.6],[39.7,43.5667]]]}},{"type":"Feature","properties":{"layer_id":"1981_2000_T20","layer_label":"1981_2000, T>20\u00b0C","low":10.0,"high":25.0,"label":"10\u201325 %","fill":"#fee391","fillOpacity":0.34,"stroke":"#fee391","strokeOpacity":0.46,"strokeWeight":0.35},"geometry":{"type":"Polygon","coordinates":[[[44.6,43.5667],[44.7,43.55],[44.8,43.55],[44.9,43.5],[45.0,43.5],[45.0,43.6],[45.0,43.7],[45.0,43.8],[45.0,43.8],[44.9,43.8],[44.8,43.9],[44.8,43.9],[44.7,43.9],[44.6,43.9],[44.5,43.9],[44.4,43.95],[44.35,44.0],[44.4,44.1],[44.4,44.1],[44.4,44.2],[44.4,44.2],[44.3667,44.3],[44.35,44.4],[44.4,44.5],[44.4,44.5],[44.45,44.6],[44.45,44.7],[44.4,44.7333],[44.3,44.8],[44.3,44.9],[44.4,45.0],[44.4,45.0],[44.5,45.05],[44.6,45.1],[44.7,45.1],[44.7,45.1],[44.7333,45.2],[44.7,45.2167],[44.6,45.25],[44.5,45.3],[44.5,45.3],[44.4,45.3],[44.3,45.3],[44.2,45.4],[44.2,45.5],[44.3,45.5667],[44.35,45.6],[44.3,45.65],[44.2,45.6],[44.1,45.6],[44.0,45.65],[43.9,45.7],[43.9,45.8],[44.0,45.9],[44.1,45.9],[44.1,45.9],[44.1,45.9],[44.0,46.0],[44.1,46.05],[44.2,46.0333],[44.25,46.0],[44.3,45.95],[44.35,45.9],[44.4,45.85],[44.45,45.8],[44.4,45.7],[44.4,45.7],[44.4,45.7],[44.5,45.6667],[44.6,45.675],[44.7,45.7],[44.7,45.7],[44.8,45.8],[44.8,45.8],[44.9,45.9],[45.0,45.85],[45.0,45.9],[45.0,46.0],[45.0,46.1],[45.0,46.2],[45.0,46.25],[44.95,46.3],[45.0,46.4],[45.0,46.4],[45.0,46.5],[45.0,46.5],[44.95,46.6],[45.0,46.7],[45.0,46.7],[45.0,46.8],[45.0,46.9],[45.0,47.0],[45.0,47.1],[45.0,47.2],[45.0,47.3],[45.0,47.4],[45.0,47.5],[45.0,47.6],[45.0,47.7],[45.0,47.8],[45.0,47.9],[45.0,48.0],[45.0,48.1],[45.0,48.1],[45.0,48.1],[45.0,48.2],[45.0,48.3],[45.0,48.4],[44.9,48.4],[44.8,48.4],[44.7,48.3],[44.8,48.2],[44.8,48.2],[44.8,48.2],[44.7,48.1],[44.7,48.1],[44.6,48.0],[44.6,47.9],[44.6,47.8],[44.6,47.7],[44.6,47.6],[44.6,47.6],[44.5,47.5],[44.5,47.4],[44.5,47.3],[44.5,47.3],[44.4,47.25],[44.3,47.25],[44.2,47.3],[44.1,47.2],[44.1,47.2],[44.0,47.2],[43.9,47.2],[43.8,47.1],[43.8,47.1],[43.75,47.0],[43.7,46.9667],[43.6,47.0],[43.6,47.0],[43.5,47.1],[43.4,47.0],[43.4,47.0],[43.4,47.0],[43.4,47.1],[43.4,47.1],[43.5,47.1],[43.6,47.1],[43.7,47.2],[43.7,47.2],[43.8,47.3],[43.7,47.4],[43.7,47.4],[43.6,47.45],[43.5,47.45],[43.4,47.45],[43.3,47.4],[43.3,47.4],[43.2,47.4],[43.2,47.4],[43.2,47.4],[43.2333,47.5],[43.3,47.5667],[43.4,47.55],[43.5,47.6],[43.4,47.7],[43.4,47.7],[43.4,47.8],[43.4,47.8],[43.5,47.9],[43.5,48.0],[43.4,48.1],[43.4,48.1],[43.4,48.2],[43.4,48.2],[43.5,48.3],[43.4,48.4],[43.3,48.3],[43.3,48.3],[43.3,48.3],[43.3,48.4],[43.2,48.4857],[43.1,48.5],[43.1,48.5],[43.1,48.5],[43.2,48.6],[43.1,48.65],[43.0,48.7],[42.9,48.7],[42.8,48.6],[42.8,48.5],[42.8,48.5],[42.7,48.5],[42.6,48.5],[42.5,48.5],[42.4,48.4],[42.4,48.3],[42.4,48.2],[42.4,48.2],[42.3,48.2],[42.2,48.2],[42.1,48.2],[42.0,48.2],[41.9,48.2],[41.9,48.2],[41.9,48.3],[41.8,48.4],[41.7,48.4],[41.6,48.4],[41.5,48.3],[41.5,48.2],[41.5,48.1],[41.5,48.0],[41.5,47.9],[41.6,47.8],[41.7,47.8],[41.7,47.8],[41.7,47.8],[41.6,47.8],[41.5,47.8],[41.4,47.8],[41.3,47.8],[41.2,47.8],[41.1,47.8],[41.1,47.8],[41.0,47.85],[40.9,47.85],[40.8,47.8],[40.9,47.7],[40.9,47.7],[40.9,47.6],[40.9,47.6],[40.8,47.6],[40.7,47.5],[40.7,47.5],[40.6,47.4],[40.6,47.4],[40.5,47.4],[40.4,47.4],[40.3,47.3],[40.3,47.2],[40.4,47.1],[40.5,47.1],[40.5,47.1],[40.6,47.0],[40.6,47.0],[40.6,46.9],[40.6,46.9],[40.5,46.9],[40.4,46.9],[40.3,46.8],[40.3,46.7],[40.3,46.7],[40.2,46.6],[40.2,46.6],[40.1,46.5],[40.1,46.4],[40.1,46.4],[40.0,46.3],[40.0,46.2],[40.1,46.1],[40.1,46.1],[40.1,46.1],[40.0,46.1],[39.9,46.0],[40.0,45.9],[40.0,45.9],[40.1,45.8],[40.1,45.8],[40.1,45.7],[40.2,45.6],[40.2,45.6],[40.2,45.5],[40.2,45.5],[40.1,45.4],[40.1,45.3],[40.2,45.2],[40.3,45.2],[40.4,45.2],[40.5,45.2],[40.6,45.3],[40.6,45.3],[40.7,45.3],[40.8,45.3],[40.9,45.3],[41.0,45.3],[41.1,45.4],[41.1,45.4],[41.2,45.4],[41.3,45.5],[41.2,45.6],[41.1,45.6],[41.1,45.6],[41.1,45.6],[41.2,45.6],[41.3,45.6],[41.4,45.6],[41.5,45.6],[41.6,45.6],[41.7,45.6],[41.7,45.6],[41.8,45.55],[41.9,45.5],[42.0,45.5],[42.1,45.55],[42.2,45.6],[42.2,45.6],[42.3,45.7],[42.3,45.7],[42.3,45.7],[42.4,45.6],[42.5,45.7],[42.5,45.7],[42.6,45.7],[42.7,45.8],[42.7,45.8],[42.7,45.8],[42.7,45.7],[42.8,45.65],[42.9,45.6],[43.0,45.6],[43.1,45.6],[43.2,45.65],[43.3,45.6],[43.3,45.6],[43.3,45.5],[43.4,45.45],[43.5,45.45],[43.6,45.45],[43.7,45.4],[43.8,45.4],[43.8,45.4],[43.9,45.3],[43.9,45.3],[43.9,45.3],[43.8,45.3],[43.7,45.2],[43.7,45.2],[43.6,45.2],[43.5,45.1],[43.6,45.0],[43.6,45.0],[43.65,44.9],[43.6,44.8],[43.6,44.7],[43.6,44.6],[43.6,44.5],[43.6,44.5],[43.55,44.4],[43.6,44.3],[43.6,44.3],[43.65,44.2],[43.7,44.15],[43.75,44.1],[43.7667,44.0],[43.8,43.95],[43.9,43.9],[44.0,43.9],[44.0,43.9],[44.0,43.8],[44.1,43.7],[44.2,43.7],[44.2,43.7],[44.3,43.6],[44.4,43.6],[44.5,43.6],[44.5,43.6],[44.6,43.5667]]]}},{"type":"Feature","properties":{"layer_id":"1981_2000_T20","layer_label":"1981_2000, T>20\u00b0C","low":10.0,"high":25.0,"label":"10\u201325 %","fill":"#fee391","fillOpacity":0.34,"stroke":"#fee391","strokeOpacity":0.46,"strokeWeight":0.35},"geometry":{"type":"Polygon","coordinates":[[[43.7,46.0],[43.7,46.0],[43.6,46.0],[43.5,46.0667],[43.4,46.1],[43.4,46.1],[43.3,46.15],[43.2333,46.2],[43.2,46.25],[43.15,46.3],[43.2,46.35],[43.3,46.35],[43.35,46.3],[43.4,46.2667],[43.5,46.25],[43.6,46.2],[43.6,46.2],[43.7,46.15],[43.8,46.15],[43.9,46.1333],[44.0,46.1],[44.0,46.0],[43.9,45.9],[43.8,45.9],[43.7,46.0]]]}},{"type":"Feature","properties":{"layer_id":"1981_2000_T20","layer_label":"1981_2000, T>20\u00b0C","low":10.0,"high":25.0,"label":"10\u201325 %","fill":"#fee391","fillOpacity":0.34,"stroke":"#fee391","strokeOpacity":0.46,"strokeWeight":0.35},"geometry":{"type":"Polygon","coordinates":[[[43.0,46.1],[43.1,46.1333],[43.2,46.15],[43.2333,46.1],[43.2,46.0],[43.1,46.0],[43.0,46.1]]]}},{"type":"Feature","properties":{"layer_id":"1981_2000_T20","layer_label":"1981_2000, T>20\u00b0C","low":10.0,"high":25.0,"label":"10\u201325 %","fill":"#fee391","fillOpacity":0.34,"stroke":"#fee391","strokeOpacity":0.46,"strokeWeight":0.35},"geometry":{"type":"Polygon","coordinates":[[[42.7,46.2],[42.7,46.2],[42.6,46.2],[42.5,46.3],[42.5,46.3],[42.4,46.4],[42.4,46.4],[42.325,46.5],[42.4,46.575],[42.5,46.5833],[42.6,46.5],[42.6,46.5],[42.7,46.5],[42.8,46.5],[42.88,46.4],[42.9,46.3833],[42.9833,46.3],[42.9,46.2],[42.9,46.2],[42.8,46.1],[42.7,46.2]]]}},{"type":"Feature","properties":{"layer_id":"1981_2000_T20","layer_label":"1981_2000, T>20\u00b0C","low":10.0,"high":25.0,"label":"10\u201325 %","fill":"#fee391","fillOpacity":0.34,"stroke":"#fee391","strokeOpacity":0.46,"strokeWeight":0.35},"geometry":{"type":"Polygon","coordinates":[[[44.0,46.2],[43.9,46.3],[43.9,46.3],[43.9,46.4],[43.8,46.5],[43.8,46.5],[43.8,46.5],[43.9,46.6],[43.9,46.6],[44.0,46.6],[44.0,46.6],[44.0,46.5],[44.0,46.4],[44.1,46.3],[44.1,46.3],[44.2,46.2],[44.2,46.2],[44.2,46.2],[44.1,46.2],[44.0,46.2],[44.0,46.2]]]}},{"type":"Feature","properties":{"layer_id":"1981_2000_T20","layer_label":"1981_2000, T>20\u00b0C","low":10.0,"high":25.0,"label":"10\u201325 %","fill":"#fee391","fillOpacity":0.34,"stroke":"#fee391","strokeOpacity":0.46,"strokeWeight":0.35},"geometry":{"type":"Polygon","coordinates":[[[43.6,46.3],[43.5,46.4],[43.4,46.4],[43.4,46.4],[43.4,46.5],[43.4,46.6],[43.3,46.7],[43.3,46.7],[43.2,46.8],[43.2,46.8],[43.2,46.8],[43.3,46.8],[43.4,46.8],[43.5,46.8],[43.5,46.8],[43.6,46.7],[43.6,46.7],[43.6,46.6],[43.6,46.5],[43.7,46.4],[43.7,46.4],[43.7,46.4],[43.6,46.3],[43.6,46.3],[43.6,46.3]]]}},{"type":"Feature","properties":{"layer_id":"1981_2000_T20","layer_label":"1981_2000, T>20\u00b0C","low":10.0,"high":25.0,"label":"10\u201325 %","fill":"#fee391","fillOpacity":0.34,"stroke":"#fee391","strokeOpacity":0.46,"strokeWeight":0.35},"geometry":{"type":"Polygon","coordinates":[[[42.2,47.5],[42.2,47.5],[42.1,47.525],[42.0,47.6],[42.05,47.7],[42.1,47.75],[42.15,47.8],[42.2,47.9],[42.2,47.9],[42.3,48.0],[42.4,48.0],[42.4,48.0],[42.5,48.05],[42.6,48.1],[42.6,48.1],[42.7,48.15],[42.8,48.1667],[42.8333,48.2],[42.9,48.2667],[43.0,48.26],[43.05,48.3],[43.1,48.3667],[43.125,48.4],[43.2,48.4429],[43.25,48.4],[43.2,48.34],[43.15,48.3],[43.1,48.25],[43.06,48.2],[43.1,48.16],[43.2,48.15],[43.25,48.1],[43.3,48.0333],[43.35,48.0],[43.4,47.9],[43.3,47.8667],[43.2,47.8667],[43.1,47.8],[43.1,47.8],[43.0667,47.7],[43.0,47.6],[43.0,47.6],[42.9,47.5],[42.8,47.5],[42.7,47.5],[42.7,47.5],[42.6,47.4],[42.5,47.4],[42.4,47.4],[42.3,47.45],[42.2,47.5]]]}},{"type":"Feature","properties":{"layer_id":"1981_2000_T20","layer_label":"1981_2000, T>20\u00b0C","low":10.0,"high":25.0,"label":"10\u201325 %","fill":"#fee391","fillOpacity":0.34,"stroke":"#fee391","strokeOpacity":0.46,"strokeWeight":0.35},"geometry":{"type":"Polygon","coordinates":[[[15.7,43.7333],[15.8,43.74],[15.875,43.8],[15.8,43.86],[15.7,43.88],[15.6333,43.8],[15.7,43.7333]]]}},{"type":"Feature","properties":{"layer_id":"1981_2000_T20","layer_label":"1981_2000, T>20\u00b0C","low":10.0,"high":25.0,"label":"10\u201325 %","fill":"#fee391","fillOpacity":0.34,"stroke":"#fee391","strokeOpacity":0.46,"strokeWeight":0.35},"geometry":{"type":"Polygon","coordinates":[[[24.5,43.75],[24.6,43.75],[24.7,43.75],[24.8,43.8],[24.7,43.85],[24.6,43.85],[24.5,43.9],[24.45,43.8],[24.5,43.75]]]}},{"type":"Feature","properties":{"layer_id":"1981_2000_T20","layer_label":"1981_2000, T>20\u00b0C","low":10.0,"high":25.0,"label":"10\u201325 %","fill":"#fee391","fillOpacity":0.34,"stroke":"#fee391","strokeOpacity":0.46,"strokeWeight":0.35},"geometry":{"type":"Polygon","coordinates":[[[12.7,43.85],[12.8,43.8],[12.8667,43.9],[12.8,43.9667],[12.7833,44.0],[12.7,44.0833],[12.6,44.0667],[12.5333,44.1],[12.5,44.1333],[12.4,44.1],[12.5,44.0],[12.5,44.0],[12.6,43.9],[12.6,43.9],[12.7,43.85]]]}},{"type":"Feature","properties":{"layer_id":"1981_2000_T20","layer_label":"1981_2000, T>20\u00b0C","low":10.0,"high":25.0,"label":"10\u201325 %","fill":"#fee391","fillOpacity":0.34,"stroke":"#fee391","strokeOpacity":0.46,"strokeWeight":0.35},"geometry":{"type":"Polygon","coordinates":[[[12.75,43.9],[12.7,43.9125],[12.6,43.975],[12.575,44.0],[12.6,44.0167],[12.7,44.0583],[12.7583,44.0],[12.8,43.9167],[12.8167,43.9],[12.8,43.875],[12.75,43.9]]]}},{"type":"Feature","properties":{"layer_id":"1981_2000_T20","layer_label":"1981_2000, T>20\u00b0C","low":10.0,"high":25.0,"label":"10\u201325 %","fill":"#fee391","fillOpacity":0.34,"stroke":"#fee391","strokeOpacity":0.46,"strokeWeight":0.35},"geometry":{"type":"Polygon","coordinates":[[[23.5,43.85],[23.6,43.9],[23.5,44.0],[23.5,44.0],[23.4,44.1],[23.3,44.1],[23.2,44.05],[23.1,44.0],[23.2,43.9],[23.3,43.9333],[23.4,43.9],[23.4,43.9],[23.5,43.85]]]}},{"type":"Feature","properties":{"layer_id":"1981_2000_T20","layer_label":"1981_2000, T>20\u00b0C","low":10.0,"high":25.0,"label":"10\u201325 %","fill":"#fee391","fillOpacity":0.34,"stroke":"#fee391","strokeOpacity":0.46,"strokeWeight":0.35},"geometry":{"type":"Polygon","coordinates":[[[44.8,44.1],[44.8,44.1],[44.9,44.2],[44.9,44.2],[44.9,44.2],[44.8,44.2],[44.7,44.3],[44.7,44.4],[44.7,44.4],[44.6,44.4],[44.6,44.4],[44.6,44.3],[44.6,44.3],[44.7,44.2],[44.7,44.2],[44.8,44.1],[44.8,44.1]]]}},{"type":"Feature","properties":{"layer_id":"1981_2000_T20","layer_label":"1981_2000, T>20\u00b0C","low":10.0,"high":25.0,"label":"10\u201325 %","fill":"#fee391","fillOpacity":0.34,"stroke":"#fee391","strokeOpacity":0.46,"strokeWeight":0.35},"geometry":{"type":"Polygon","coordinates":[[[12.3,44.1667],[12.4,44.1],[12.4333,44.2],[12.4,44.2333],[12.35,44.3],[12.3714,44.4],[12.3,44.4714],[12.2818,44.5],[12.2,44.5818],[12.1778,44.6],[12.2,44.6125],[12.2875,44.7],[12.3,44.7118],[12.3882,44.8],[12.4,44.8111],[12.4889,44.9],[12.4,44.9889],[12.3875,45.0],[12.3,45.0875],[12.2818,45.1],[12.2833,45.2],[12.2,45.2833],[12.175,45.3],[12.16,45.4],[12.1,45.46],[12.0,45.4333],[11.95,45.4],[11.9,45.35],[11.85,45.3],[11.8,45.2],[11.8,45.2],[11.7,45.18],[11.6,45.18],[11.5,45.18],[11.4,45.2],[11.3,45.2],[11.2,45.2],[11.1,45.2],[11.0,45.2],[11.0,45.2],[10.9,45.3],[10.8,45.3],[10.8,45.3],[10.8,45.3],[10.9,45.3],[11.0,45.3],[11.05,45.4],[11.0,45.4333],[10.9,45.4667],[10.8667,45.5],[10.8,45.55],[10.75,45.6],[10.7,45.65],[10.6,45.6778],[10.5125,45.6],[10.5,45.55],[10.4667,45.5],[10.4,45.45],[10.3,45.4333],[10.2,45.4],[10.2,45.4],[10.1,45.4],[10.0,45.35],[9.9,45.375],[9.8,45.3667],[9.7,45.375],[9.6,45.3667],[9.5,45.4],[9.4,45.3],[9.4333,45.2],[9.5,45.1333],[9.6,45.1],[9.7,45.1],[9.7,45.1],[9.8,45.0667],[9.9,45.0333],[10.0,45.0333],[10.1,45.02],[10.1333,45.0],[10.2,44.95],[10.3,44.9],[10.3,44.9],[10.35,44.8],[10.4,44.7667],[10.5,44.7667],[10.6,44.7333],[10.7,44.7],[10.7,44.7],[10.8,44.65],[10.9,44.6],[11.0,44.6],[11.0,44.6],[11.1,44.5],[11.1,44.5],[11.2,44.4],[11.3,44.4],[11.4,44.4],[11.5,44.4],[11.6,44.4],[11.6,44.4],[11.7,44.3],[11.8,44.3],[11.9,44.3],[12.0,44.3],[12.0,44.3],[12.1,44.2667],[12.2,44.25],[12.25,44.2],[12.3,44.1667]]]}},{"type":"Feature","properties":{"layer_id":"1981_2000_T20","layer_label":"1981_2000, T>20\u00b0C","low":10.0,"high":25.0,"label":"10\u201325 %","fill":"#fee391","fillOpacity":0.34,"stroke":"#fee391","strokeOpacity":0.46,"strokeWeight":0.35},"geometry":{"type":"Polygon","coordinates":[[[12.15,44.4],[12.1,44.42],[12.0,44.4667],[11.9,44.5],[11.9,44.5],[11.8,44.5333],[11.7,44.5],[11.6,44.6],[11.6,44.6],[11.6,44.6],[11.5,44.5667],[11.4,44.6],[11.4,44.6],[11.3,44.6],[11.2,44.7],[11.2,44.7],[11.1,44.76],[11.0,44.7667],[10.9,44.7667],[10.8,44.7667],[10.7,44.775],[10.6,44.7833],[10.5667,44.8],[10.6,44.9],[10.7,44.9],[10.8,44.9],[10.8,44.9],[10.8,44.9],[10.7,44.9],[10.6,45.0],[10.6,45.0],[10.5,45.05],[10.4,45.05],[10.3,45.0],[10.2,45.1],[10.3,45.2],[10.4,45.2],[10.5,45.2],[10.6,45.2],[10.7,45.2],[10.8,45.2],[10.9,45.2],[11.0,45.1],[11.0,45.1],[11.0,45.1],[11.1,45.125],[11.2,45.14],[11.3,45.125],[11.4,45.125],[11.5,45.12],[11.6,45.12],[11.7,45.12],[11.8,45.125],[11.875,45.2],[11.9,45.2333],[12.0,45.3],[12.0,45.3],[12.1,45.4],[12.1375,45.3],[12.2,45.2583],[12.2583,45.2],[12.2545,45.1],[12.3,45.0688],[12.3688,45.0],[12.4,44.9722],[12.4722,44.9],[12.4,44.8278],[12.3706,44.8],[12.3,44.7294],[12.2688,44.7],[12.2,44.6313],[12.1444,44.6],[12.2,44.5545],[12.2545,44.5],[12.3,44.4286],[12.3286,44.4],[12.3,44.3333],[12.2,44.3667],[12.15,44.4]]]}},{"type":"Feature","properties":{"layer_id":"1981_2000_T20","layer_label":"1981_2000, T>20\u00b0C","low":10.0,"high":25.0,"label":"10\u201325 %","fill":"#fee391","fillOpacity":0.34,"stroke":"#fee391","strokeOpacity":0.46,"strokeWeight":0.35},"geometry":{"type":"Polygon","coordinates":[[[9.8667,45.1],[9.9,45.2],[10.0,45.2],[10.1,45.2],[10.2,45.1],[10.1,45.08],[10.0,45.0833],[9.9,45.0833],[9.8667,45.1]]]}},{"type":"Feature","properties":{"layer_id":"1981_2000_T20","layer_label":"1981_2000, T>20\u00b0C","low":10.0,"high":25.0,"label":"10\u201325 %","fill":"#fee391","fillOpacity":0.34,"stroke":"#fee391","strokeOpacity":0.46,"strokeWeight":0.35},"geometry":{"type":"Polygon","coordinates":[[[10.5286,45.5],[10.55,45.6],[10.6,45.6444],[10.68,45.6],[10.7,45.55],[10.75,45.5],[10.7,45.4667],[10.6,45.4167],[10.5286,45.5]]]}},{"type":"Feature","properties":{"layer_id":"1981_2000_T20","layer_label":"1981_2000, T>20\u00b0C","low":10.0,"high":25.0,"label":"10\u201325 %","fill":"#fee391","fillOpacity":0.34,"stroke":"#fee391","strokeOpacity":0.46,"strokeWeight":0.35},"geometry":{"type":"Polygon","coordinates":[[[38.4,44.34],[38.5,44.3333],[38.6,44.35],[38.7,44.4],[38.6,44.4667],[38.5,44.48],[38.4,44.475],[38.34,44.4],[38.4,44.34]]]}},{"type":"Feature","properties":{"layer_id":"1981_2000_T20","layer_label":"1981_2000, T>20\u00b0C","low":10.0,"high":25.0,"label":"10\u201325 %","fill":"#fee391","fillOpacity":0.34,"stroke":"#fee391","strokeOpacity":0.46,"strokeWeight":0.35},"geometry":{"type":"Polygon","coordinates":[[[28.7,44.4],[28.8,44.4286],[28.8714,44.5],[28.8,44.5714],[28.7,44.5667],[28.6333,44.5],[28.7,44.4]]]}},{"type":"Feature","properties":{"layer_id":"1981_2000_T20","layer_label":"1981_2000, T>20\u00b0C","low":10.0,"high":25.0,"label":"10\u201325 %","fill":"#fee391","fillOpacity":0.34,"stroke":"#fee391","strokeOpacity":0.46,"strokeWeight":0.35},"geometry":{"type":"Polygon","coordinates":[[[20.2,44.75],[20.3,44.75],[20.35,44.8],[20.35,44.9],[20.3,44.95],[20.2,45.0],[20.1,45.0],[20.0,44.9],[20.1,44.8],[20.1,44.8],[20.2,44.75]]]}},{"type":"Feature","properties":{"layer_id":"1981_2000_T20","layer_label":"1981_2000, T>20\u00b0C","low":10.0,"high":25.0,"label":"10\u201325 %","fill":"#fee391","fillOpacity":0.34,"stroke":"#fee391","strokeOpacity":0.46,"strokeWeight":0.35},"geometry":{"type":"Polygon","coordinates":[[[29.2,44.7286],[29.3,44.7222],[29.4,44.7222],[29.4778,44.8],[29.5,44.8286],[29.6,44.8286],[29.6714,44.9],[29.6667,45.0],[29.6,45.1],[29.5,45.1],[29.4,45.1],[29.3,45.1],[29.2,45.05],[29.1,45.0],[29.1,45.0],[29.0333,44.9],[29.1,44.8333],[29.1286,44.8],[29.2,44.7286]]]}},{"type":"Feature","properties":{"layer_id":"1981_2000_T20","layer_label":"1981_2000, T>20\u00b0C","low":10.0,"high":25.0,"label":"10\u201325 %","fill":"#fee391","fillOpacity":0.34,"stroke":"#fee391","strokeOpacity":0.46,"strokeWeight":0.35},"geometry":{"type":"Polygon","coordinates":[[[29.1714,44.8],[29.1,44.8833],[29.0833,44.9],[29.1,44.925],[29.2,44.95],[29.3,45.0],[29.3,45.0],[29.4,45.025],[29.5,45.025],[29.6,45.025],[29.6167,45.0],[29.6286,44.9],[29.6,44.8714],[29.5,44.8714],[29.4444,44.8],[29.4,44.7556],[29.3,44.7556],[29.2,44.7714],[29.1714,44.8]]]}},{"type":"Feature","properties":{"layer_id":"1981_2000_T20","layer_label":"1981_2000, T>20\u00b0C","low":10.0,"high":25.0,"label":"10\u201325 %","fill":"#fee391","fillOpacity":0.34,"stroke":"#fee391","strokeOpacity":0.46,"strokeWeight":0.35},"geometry":{"type":"Polygon","coordinates":[[[37.4,44.7286],[37.5,44.75],[37.5667,44.8],[37.5667,44.9],[37.6,44.95],[37.7,45.0],[37.7,45.0],[37.8,45.1],[37.8,45.1],[37.9,45.1],[38.0,45.1],[38.0,45.1],[38.1,45.0],[38.2,45.0],[38.3,45.0],[38.4,45.0],[38.5,45.0],[38.5,45.0],[38.6,44.9],[38.7,44.9],[38.8,44.9],[38.9,44.9],[39.0,44.9],[39.1,45.0],[39.1,45.0],[39.1,45.0],[39.2,44.9],[39.3,44.925],[39.4,44.9],[39.5,44.9],[39.6,45.0],[39.6,45.0],[39.7,45.0],[39.8,45.0],[39.9,45.0],[40.0,45.0],[40.1,45.1],[40.0,45.2],[40.0,45.2],[39.9,45.3],[39.8,45.3],[39.8,45.3],[39.7,45.4],[39.7,45.4],[39.6,45.5],[39.5,45.5],[39.5,45.5],[39.4,45.6],[39.4,45.6],[39.4,45.6],[39.5,45.7],[39.5,45.8],[39.4,45.9],[39.3,45.9],[39.2,45.8],[39.2,45.8],[39.1,45.8],[39.0,45.8],[39.0,45.8],[38.9,45.9],[38.8,45.8],[38.8,45.8],[38.8,45.8],[38.8,45.9],[38.8,46.0],[38.8,46.1],[38.8,46.2],[38.8,46.3],[38.8,46.4],[38.8,46.5],[38.8,46.5],[38.9,46.5],[39.0,46.6],[39.0,46.6],[39.1,46.6],[39.2,46.6],[39.3,46.7],[39.3,46.8],[39.3,46.8],[39.4,46.9],[39.4,46.9],[39.5,46.9],[39.6,47.0],[39.6,47.0],[39.7,47.1],[39.7,47.2],[39.6,47.3],[39.5,47.2],[39.5,47.2],[39.5,47.2],[39.4,47.3],[39.4,47.3],[39.3,47.4],[39.2,47.4],[39.1,47.4],[39.0,47.4],[38.9,47.4],[38.8,47.4],[38.7,47.3],[38.7,47.3],[38.6,47.3],[38.5,47.3],[38.4,47.3],[38.3,47.275],[38.2,47.2667],[38.1,47.2667],[38.0,47.28],[37.9,47.25],[37.8,47.2],[37.8,47.2],[37.7,47.2],[37.6,47.2],[37.5,47.1667],[37.4333,47.1],[37.4,47.05],[37.3,47.05],[37.25,47.0],[37.2,46.9929],[37.1,46.9889],[37.0,46.9857],[36.9,46.9667],[36.8,46.9667],[36.7,46.9667],[36.6,46.9],[36.6,46.9],[36.5,46.9],[36.4,46.9],[36.3,46.85],[36.2,46.8],[36.2,46.8],[36.1,46.8],[36.0,46.75],[35.9,46.75],[35.8,46.75],[35.7,46.75],[35.6,46.75],[35.55,46.7],[35.5,46.6667],[35.4,46.65],[35.3,46.6667],[35.2,46.6],[35.2,46.6],[35.1,46.6],[35.05,46.5],[35.0,46.45],[34.9,46.4],[34.9,46.4],[34.8,46.4],[34.7,46.4],[34.6,46.3],[34.6,46.3],[34.5,46.3],[34.4,46.3],[34.3,46.3],[34.2,46.3],[34.1,46.3],[34.0,46.3],[33.9,46.3],[33.8,46.3],[33.7,46.3],[33.6,46.3],[33.5,46.3],[33.4,46.3],[33.3,46.2],[33.4,46.1667],[33.4667,46.1],[33.5,46.0667],[33.5333,46.1],[33.6,46.1667],[33.6667,46.1],[33.65,46.0],[33.6,45.9333],[33.5667,45.9],[33.5,45.8333],[33.4,45.8333],[33.3667,45.8],[33.3,45.7333],[33.2,45.7333],[33.1667,45.7],[33.2,45.6],[33.3,45.6],[33.4,45.6],[33.5,45.7],[33.5,45.7],[33.6,45.7],[33.7,45.7],[33.8,45.8],[33.8,45.8],[33.9,45.8],[34.0,45.8],[34.1,45.8],[34.2,45.8],[34.3,45.8],[34.4,45.8],[34.5,45.8],[34.5,45.8],[34.6,45.72],[34.65,45.7],[34.7,45.6],[34.8,45.6],[34.8,45.6],[34.9,45.5],[34.9,45.5],[35.0,45.4],[35.0,45.4],[35.0,45.3],[35.1,45.2],[35.1,45.2],[35.2,45.1],[35.2,45.1],[35.2,45.1],[35.1333,45.0],[35.1,44.9833],[35.0,44.9667],[34.9,44.9],[35.0,44.85],[35.1,44.8286],[35.1714,44.9],[35.2,44.95],[35.25,45.0],[35.3,45.04],[35.3167,45.0],[35.4,44.9167],[35.4833,45.0],[35.4818,45.1],[35.5,45.1143],[35.6,45.1118],[35.7,45.1118],[35.7125,45.1],[35.8,45.0125],[35.9,45.0118],[36.0,45.0118],[36.1,45.0118],[36.2,45.0111],[36.3,45.0111],[36.4,45.0105],[36.4895,45.1],[36.5,45.11],[36.59,45.2],[36.6,45.21],[36.61,45.2],[36.7,45.11],[36.8,45.1105],[36.9,45.1105],[36.9895,45.2],[37.0,45.2105],[37.01,45.2],[37.1,45.11],[37.1118,45.1],[37.2,45.0118],[37.2143,45.0],[37.2133,44.9],[37.3,44.8133],[37.3286,44.8],[37.4,44.7286]]]}},{"type":"Feature","properties":{"layer_id":"1981_2000_T20","layer_label":"1981_2000, T>20\u00b0C","low":10.0,"high":25.0,"label":"10\u201325 %","fill":"#fee391","fillOpacity":0.34,"stroke":"#fee391","strokeOpacity":0.46,"strokeWeight":0.35},"geometry":{"type":"Polygon","coordinates":[[[37.3714,44.8],[37.3,44.8333],[37.2333,44.9],[37.2357,45.0],[37.2,45.0294],[37.1294,45.1],[37.1,45.125],[37.025,45.2],[37.0,45.2263],[36.9737,45.2],[36.9,45.1263],[36.8,45.1263],[36.7,45.125],[36.625,45.2],[36.6,45.225],[36.575,45.2],[36.5,45.125],[36.4737,45.1],[36.4,45.0263],[36.3,45.0278],[36.2,45.0278],[36.1,45.0294],[36.0,45.0294],[35.9,45.0294],[35.8,45.0313],[35.7313,45.1],[35.7,45.1294],[35.6,45.1294],[35.5,45.1357],[35.4545,45.1],[35.4583,45.0],[35.4,44.9417],[35.3417,45.0],[35.3,45.1],[35.3,45.1],[35.2,45.15],[35.15,45.2],[35.1,45.25],[35.05,45.3],[35.025,45.4],[35.0,45.5],[35.0,45.5],[34.9,45.575],[34.875,45.6],[34.8,45.6333],[34.725,45.7],[34.7,45.7333],[34.6,45.78],[34.575,45.8],[34.5,45.825],[34.4,45.875],[34.3667,45.9],[34.3,46.0],[34.3,46.0],[34.2,46.025],[34.1,46.0429],[34.0,46.0333],[33.9,46.025],[33.8,46.0333],[33.7333,46.1],[33.7,46.1333],[33.6333,46.2],[33.7,46.2571],[33.8,46.2667],[33.9,46.2667],[34.0,46.24],[34.1,46.2667],[34.2,46.2667],[34.3,46.225],[34.4,46.225],[34.5,46.2571],[34.6,46.2625],[34.7,46.275],[34.8,46.28],[34.9,46.2889],[34.9143,46.3],[35.0,46.375],[35.04,46.4],[35.1,46.46],[35.2,46.46],[35.2667,46.5],[35.3,46.55],[35.4,46.5778],[35.5,46.58],[35.6,46.5875],[35.625,46.6],[35.7,46.66],[35.8,46.6667],[35.9,46.675],[36.0,46.675],[36.1,46.6778],[36.2,46.6875],[36.3,46.6917],[36.3167,46.7],[36.4,46.7714],[36.5,46.79],[36.5167,46.8],[36.6,46.8625],[36.7,46.8857],[36.8,46.8833],[36.9,46.89],[36.925,46.9],[37.0,46.9429],[37.1,46.9556],[37.2,46.9714],[37.3,46.9833],[37.4,46.9857],[37.42,47.0],[37.5,47.0889],[37.5167,47.1],[37.6,47.1625],[37.7,47.17],[37.8,47.17],[37.9,47.1778],[37.9667,47.2],[38.0,47.22],[38.05,47.2],[38.1,47.1875],[38.2,47.1875],[38.3,47.2],[38.4,47.2],[38.4,47.2],[38.5,47.225],[38.6,47.2],[38.6,47.2],[38.7,47.2],[38.7,47.2],[38.8,47.25],[38.9,47.2714],[39.0,47.2714],[39.0667,47.3],[39.1,47.325],[39.2,47.3],[39.2,47.3],[39.3,47.2333],[39.35,47.2],[39.4,47.15],[39.5,47.1],[39.4,47.05],[39.3,47.0],[39.3,47.0],[39.2,46.95],[39.1,46.9333],[39.0,46.9333],[38.98,46.9],[38.9,46.82],[38.8,46.8125],[38.7667,46.8],[38.7,46.75],[38.6,46.7167],[38.5875,46.7],[38.5,46.6125],[38.4,46.6],[38.4,46.6],[38.3,46.5167],[38.2,46.5],[38.2,46.5],[38.2,46.5],[38.3,46.4667],[38.3667,46.4],[38.4,46.39],[38.5,46.3667],[38.5667,46.3],[38.6,46.2],[38.6,46.1],[38.5,46.0],[38.5,46.0],[38.5,46.0],[38.55,45.9],[38.5,45.8],[38.4,45.8],[38.4,45.8],[38.3,45.7],[38.2,45.7],[38.2,45.7],[38.2,45.7],[38.25,45.6],[38.3,45.5],[38.2,45.4],[38.2,45.4],[38.1,45.35],[38.0,45.4],[38.0,45.4],[38.0,45.4],[37.9,45.3333],[37.8667,45.3],[37.8,45.2],[37.7,45.2],[37.7,45.2],[37.6,45.1333],[37.5,45.1125],[37.475,45.1],[37.475,45.0],[37.4833,44.9],[37.4667,44.8],[37.4,44.7714],[37.3714,44.8]]]}},{"type":"Feature","properties":{"layer_id":"1981_2000_T20","layer_label":"1981_2000, T>20\u00b0C","low":10.0,"high":25.0,"label":"10\u201325 %","fill":"#fee391","fillOpacity":0.34,"stroke":"#fee391","strokeOpacity":0.46,"strokeWeight":0.35},"geometry":{"type":"Polygon","coordinates":[[[13.9,44.8143],[13.9857,44.9],[14.0,44.9222],[14.1,44.92],[14.18,45.0],[14.2,45.0286],[14.2714,45.1],[14.2,45.1833],[14.1,45.1833],[14.0,45.18],[13.9,45.18],[13.875,45.2],[13.8667,45.3],[13.8,45.3667],[13.78,45.4],[13.7333,45.5],[13.7,45.5333],[13.6667,45.5],[13.6,45.4778],[13.5222,45.4],[13.5222,45.3],[13.6,45.2222],[13.6222,45.2],[13.6222,45.1],[13.7,45.0222],[13.72,45.0],[13.8,44.92],[13.8143,44.9],[13.9,44.8143]]]}},{"type":"Feature","properties":{"layer_id":"1981_2000_T20","layer_label":"1981_2000, T>20\u00b0C","low":10.0,"high":25.0,"label":"10\u201325 %","fill":"#fee391","fillOpacity":0.34,"stroke":"#fee391","strokeOpacity":0.46,"strokeWeight":0.35},"geometry":{"type":"Polygon","coordinates":[[[13.8357,44.9],[13.8,44.95],[13.75,45.0],[13.7,45.0556],[13.6556,45.1],[13.6556,45.2],[13.6,45.2556],[13.5556,45.3],[13.5556,45.4],[13.6,45.4444],[13.7,45.4333],[13.72,45.4],[13.7667,45.3],[13.8,45.2],[13.8,45.2],[13.9,45.12],[14.0,45.12],[14.1,45.1333],[14.2,45.1333],[14.2286,45.1],[14.2,45.0714],[14.15,45.0],[14.1,44.95],[14.0,44.9556],[13.9643,44.9],[13.9,44.8357],[13.8357,44.9]]]}},{"type":"Feature","properties":{"layer_id":"1981_2000_T20","layer_label":"1981_2000, T>20\u00b0C","low":10.0,"high":25.0,"label":"10\u201325 %","fill":"#fee391","fillOpacity":0.34,"stroke":"#fee391","strokeOpacity":0.46,"strokeWeight":0.35},"geometry":{"type":"Polygon","coordinates":[[[14.3,44.8154],[14.4,44.8154],[14.4846,44.9],[14.4,44.9846],[14.3,44.9846],[14.2154,44.9],[14.3,44.8154]]]}},{"type":"Feature","properties":{"layer_id":"1981_2000_T20","layer_label":"1981_2000, T>20\u00b0C","low":10.0,"high":25.0,"label":"10\u201325 %","fill":"#fee391","fillOpacity":0.34,"stroke":"#fee391","strokeOpacity":0.46,"strokeWeight":0.35},"geometry":{"type":"Polygon","coordinates":[[[8.9,45.05],[9.0,45.05],[9.1,45.05],[9.2,45.1],[9.1,45.2],[9.1,45.2],[9.1,45.2],[9.2,45.3],[9.1,45.4],[9.0,45.4],[8.9,45.3],[8.95,45.2],[8.9,45.15],[8.85,45.1],[8.9,45.05]]]}},{"type":"Feature","properties":{"layer_id":"1981_2000_T20","layer_label":"1981_2000, T>20\u00b0C","low":10.0,"high":25.0,"label":"10\u201325 %","fill":"#fee391","fillOpacity":0.34,"stroke":"#fee391","strokeOpacity":0.46,"strokeWeight":0.35},"geometry":{"type":"Polygon","coordinates":[[[29.6,45.1],[29.6333,45.2],[29.7,45.2333],[29.7667,45.3],[29.76,45.4],[29.7,45.46],[29.65,45.5],[29.6,45.6],[29.5,45.5667],[29.4333,45.5],[29.4333,45.4],[29.45,45.3],[29.5,45.2],[29.5,45.2],[29.6,45.1]]]}},{"type":"Feature","properties":{"layer_id":"1981_2000_T20","layer_label":"1981_2000, T>20\u00b0C","low":10.0,"high":25.0,"label":"10\u201325 %","fill":"#fee391","fillOpacity":0.34,"stroke":"#fee391","strokeOpacity":0.46,"strokeWeight":0.35},"geometry":{"type":"Polygon","coordinates":[[[33.3,45.1182],[33.4,45.1333],[33.4667,45.2],[33.5,45.25],[33.6,45.3],[33.5,45.3667],[33.4,45.4],[33.4,45.4],[33.4,45.5],[33.3,45.6],[33.2,45.6],[33.2,45.6],[33.1,45.6333],[33.0333,45.7],[33.0,45.7333],[32.9667,45.7],[32.9,45.6333],[32.8667,45.6],[32.8,45.5333],[32.7667,45.5],[32.8,45.4667],[32.8667,45.4],[32.9,45.3667],[33.0,45.3667],[33.1,45.4],[33.1,45.4],[33.2,45.4],[33.2,45.4],[33.2,45.4],[33.1333,45.3],[33.2,45.2333],[33.2182,45.2],[33.3,45.1182]]]}},{"type":"Feature","properties":{"layer_id":"1981_2000_T20","layer_label":"1981_2000, T>20\u00b0C","low":10.0,"high":25.0,"label":"10\u201325 %","fill":"#fee391","fillOpacity":0.34,"stroke":"#fee391","strokeOpacity":0.46,"strokeWeight":0.35},"geometry":{"type":"Polygon","coordinates":[[[33.2455,45.2],[33.2,45.2833],[33.1833,45.3],[33.2,45.325],[33.3,45.3],[33.3,45.3],[33.4,45.25],[33.4167,45.2],[33.4,45.1833],[33.3,45.1455],[33.2455,45.2]]]}},{"type":"Feature","properties":{"layer_id":"1981_2000_T20","layer_label":"1981_2000, T>20\u00b0C","low":10.0,"high":25.0,"label":"10\u201325 %","fill":"#fee391","fillOpacity":0.34,"stroke":"#fee391","strokeOpacity":0.46,"strokeWeight":0.35},"geometry":{"type":"Polygon","coordinates":[[[32.5,45.325],[32.6,45.3286],[32.7,45.3667],[32.7333,45.4],[32.7,45.4333],[32.6,45.4714],[32.5,45.475],[32.425,45.4],[32.5,45.325]]]}},{"type":"Feature","properties":{"layer_id":"1981_2000_T20","layer_label":"1981_2000, T>20\u00b0C","low":10.0,"high":25.0,"label":"10\u201325 %","fill":"#fee391","fillOpacity":0.34,"stroke":"#fee391","strokeOpacity":0.46,"strokeWeight":0.35},"geometry":{"type":"Polygon","coordinates":[[[12.2,45.4667],[12.3,45.44],[12.36,45.5],[12.4,45.5667],[12.5,45.54],[12.6,45.525],[12.7,45.525],[12.775,45.6],[12.8,45.6667],[12.9,45.6222],[13.0,45.62],[13.1,45.62],[13.18,45.7],[13.2,45.7667],[13.3,45.7667],[13.4,45.7667],[13.4182,45.7],[13.5,45.6182],[13.5818,45.7],[13.6,45.8],[13.5,45.8667],[13.4,45.8333],[13.3,45.8333],[13.2,45.8333],[13.1,45.8],[13.1,45.8],[13.0,45.7889],[12.9,45.7778],[12.8,45.7333],[12.75,45.7],[12.7,45.6857],[12.6,45.675],[12.5,45.66],[12.4,45.6333],[12.35,45.6],[12.3,45.575],[12.2,45.5333],[12.1667,45.5],[12.2,45.4667]]]}},{"type":"Feature","properties":{"layer_id":"1981_2000_T20","layer_label":"1981_2000, T>20\u00b0C","low":10.0,"high":25.0,"label":"10\u201325 %","fill":"#fee391","fillOpacity":0.34,"stroke":"#fee391","strokeOpacity":0.46,"strokeWeight":0.35},"geometry":{"type":"Polygon","coordinates":[[[12.8333,45.7],[12.9,45.7444],[13.0,45.7556],[13.1,45.7625],[13.15,45.7],[13.1,45.65],[13.0,45.65],[12.9,45.6556],[12.8333,45.7]]]}},{"type":"Feature","properties":{"layer_id":"1981_2000_T20","layer_label":"1981_2000, T>20\u00b0C","low":10.0,"high":25.0,"label":"10\u201325 %","fill":"#fee391","fillOpacity":0.34,"stroke":"#fee391","strokeOpacity":0.46,"strokeWeight":0.35},"geometry":{"type":"Polygon","coordinates":[[[30.1,45.8667],[30.2,45.8333],[30.2667,45.9],[30.3,45.94],[30.36,46.0],[30.3333,46.1],[30.4,46.14],[30.5,46.1333],[30.6,46.15],[30.65,46.2],[30.6333,46.3],[30.6,46.4],[30.5,46.35],[30.4667,46.3],[30.4,46.26],[30.3,46.2],[30.3,46.2],[30.2,46.1],[30.2,46.1],[30.1,46.0],[30.1,46.0],[30.0,45.9],[30.1,45.8667]]]}},{"type":"Feature","properties":{"layer_id":"1981_2000_T20","layer_label":"1981_2000, T>20\u00b0C","low":10.0,"high":25.0,"label":"10\u201325 %","fill":"#fee391","fillOpacity":0.34,"stroke":"#fee391","strokeOpacity":0.46,"strokeWeight":0.35},"geometry":{"type":"Polygon","coordinates":[[[32.1,46.1333],[32.2,46.1333],[32.3,46.14],[32.4,46.15],[32.5,46.15],[32.6,46.2],[32.5,46.3],[32.5,46.3],[32.4667,46.4],[32.45,46.5],[32.4,46.55],[32.3,46.5333],[32.2667,46.5],[32.2,46.46],[32.1,46.4667],[32.0333,46.4],[32.0,46.3714],[31.9286,46.3],[32.0,46.2286],[32.0333,46.2],[32.1,46.1333]]]}},{"type":"Feature","properties":{"layer_id":"1981_2000_T20","layer_label":"1981_2000, T>20\u00b0C","low":10.0,"high":25.0,"label":"10\u201325 %","fill":"#fee391","fillOpacity":0.34,"stroke":"#fee391","strokeOpacity":0.46,"strokeWeight":0.35},"geometry":{"type":"Polygon","coordinates":[[[32.0833,46.2],[32.0,46.2714],[31.9714,46.3],[32.0,46.3286],[32.0833,46.4],[32.1,46.4167],[32.2,46.4],[32.1667,46.3],[32.2,46.25],[32.3,46.2],[32.2,46.1833],[32.1,46.1833],[32.0833,46.2]]]}},{"type":"Feature","properties":{"layer_id":"1981_2000_T20","layer_label":"1981_2000, T>20\u00b0C","low":10.0,"high":25.0,"label":"10\u201325 %","fill":"#fee391","fillOpacity":0.34,"stroke":"#fee391","strokeOpacity":0.46,"strokeWeight":0.35},"geometry":{"type":"Polygon","coordinates":[[[33.9,47.125],[34.0,47.15],[34.05,47.2],[34.075,47.3],[34.1,47.325],[34.175,47.4],[34.2,47.425],[34.3,47.425],[34.375,47.5],[34.4,47.525],[34.5,47.525],[34.5333,47.5],[34.6,47.4],[34.7,47.4],[34.8,47.4],[34.8,47.4],[34.9,47.325],[35.0,47.325],[35.075,47.4],[35.1,47.42],[35.2,47.425],[35.3,47.5],[35.3,47.6],[35.25,47.7],[35.2,47.75],[35.1,47.7667],[35.0,47.75],[34.9,47.7],[34.9,47.7],[34.8,47.675],[34.7,47.7],[34.7,47.7],[34.6,47.75],[34.5,47.7],[34.5,47.7],[34.4,47.675],[34.3,47.6667],[34.2,47.6667],[34.1,47.6667],[34.0,47.6667],[33.9333,47.6],[33.9,47.55],[33.85,47.5],[33.9,47.45],[34.0,47.425],[34.025,47.4],[34.0,47.375],[33.9,47.35],[33.85,47.3],[33.825,47.2],[33.9,47.125]]]}},{"type":"Feature","properties":{"layer_id":"1981_2000_T20","layer_label":"1981_2000, T>20\u00b0C","low":10.0,"high":25.0,"label":"10\u201325 %","fill":"#fee391","fillOpacity":0.34,"stroke":"#fee391","strokeOpacity":0.46,"strokeWeight":0.35},"geometry":{"type":"Polygon","coordinates":[[[34.8,47.5],[34.9,47.6],[35.0,47.6],[35.1,47.6],[35.2,47.5],[35.1,47.48],[35.0,47.4],[34.9,47.4],[34.8,47.5]]]}},{"type":"Feature","properties":{"layer_id":"1981_2000_T20","layer_label":"1981_2000, T>20\u00b0C","low":10.0,"high":25.0,"label":"10\u201325 %","fill":"#fee391","fillOpacity":0.34,"stroke":"#fee391","strokeOpacity":0.46,"strokeWeight":0.35},"geometry":{"type":"Polygon","coordinates":[[[44.9,48.925],[45.0,48.9],[45.0,49.0],[45.0,49.1],[44.9,49.075],[44.825,49.0],[44.9,48.925]]]}},{"type":"Feature","properties":{"layer_id":"1981_2000_T20","layer_label":"1981_2000, T>20\u00b0C","low":10.0,"high":25.0,"label":"10\u201325 %","fill":"#fee391","fillOpacity":0.34,"stroke":"#fee391","strokeOpacity":0.46,"strokeWeight":0.35},"geometry":{"type":"Polygon","coordinates":[[[32.8,49.0667],[32.9,49.0667],[33.0,49.0667],[33.1,49.0667],[33.2,49.1],[33.1,49.2],[33.1,49.2],[33.0333,49.3],[33.0,49.3333],[32.9,49.4],[32.9,49.4],[32.8,49.4333],[32.7,49.4333],[32.6,49.4],[32.6,49.4],[32.6,49.4],[32.5,49.4333],[32.4,49.4333],[32.3,49.4333],[32.2667,49.4],[32.3,49.3],[32.3,49.3],[32.4,49.2],[32.4,49.2],[32.5,49.1667],[32.6,49.15],[32.7,49.1],[32.7,49.1],[32.8,49.0667]]]}},{"type":"Feature","properties":{"layer_id":"1981_2000_T20","layer_label":"1981_2000, T>20\u00b0C","low":25.0,"high":50.0,"label":"25\u201350 %","fill":"#fec44f","fillOpacity":0.44,"stroke":"#fec44f","strokeOpacity":0.56,"strokeWeight":0.35},"geometry":{"type":"Polygon","coordinates":[[[-5.2,34.075],[-5.1,34.0667],[-5.0,34.075],[-4.9,34.05],[-4.8,34.04],[-4.7,34.0333],[-4.6,34.05],[-4.5,34.075],[-4.4,34.1],[-4.4,34.1],[-4.3,34.2],[-4.32,34.3],[-4.375,34.4],[-4.4,34.425],[-4.5,34.5],[-4.5,34.5],[-4.6,34.56],[-4.7,34.56],[-4.8,34.55],[-4.9,34.5],[-4.9,34.5],[-4.9,34.5],[-5.0,34.52],[-5.05,34.5],[-5.1,34.4667],[-5.2,34.475],[-5.3,34.45],[-5.4,34.4333],[-5.5,34.4],[-5.5,34.4],[-5.55,34.3],[-5.5,34.2],[-5.4,34.3],[-5.4,34.3],[-5.4,34.3],[-5.3,34.2],[-5.2,34.2],[-5.2,34.2],[-5.2,34.2],[-5.3,34.1],[-5.2,34.075]]]}},{"type":"Feature","properties":{"layer_id":"1981_2000_T20","layer_label":"1981_2000, T>20\u00b0C","low":25.0,"high":50.0,"label":"25\u201350 %","fill":"#fec44f","fillOpacity":0.44,"stroke":"#fec44f","strokeOpacity":0.56,"strokeWeight":0.35},"geometry":{"type":"Polygon","coordinates":[[[-3.5,34.0],[-3.4,34.0],[-3.3,34.0],[-3.2667,34.0],[-3.2,34.05],[-3.1,34.1],[-3.1,34.1],[-3.0,34.2],[-3.0,34.2],[-2.9667,34.3],[-2.9,34.38],[-2.8833,34.4],[-2.8,34.4833],[-2.78,34.5],[-2.775,34.6],[-2.8,34.6333],[-2.9,34.675],[-3.0,34.6714],[-3.1,34.6667],[-3.2,34.64],[-3.3,34.6],[-3.3,34.6],[-3.4,34.52],[-3.42,34.5],[-3.5,34.42],[-3.55,34.4],[-3.6,34.35],[-3.65,34.3],[-3.7,34.2],[-3.6,34.125],[-3.575,34.1],[-3.55,34.0],[-3.5,34.0]]]}},{"type":"Feature","properties":{"layer_id":"1981_2000_T20","layer_label":"1981_2000, T>20\u00b0C","low":25.0,"high":50.0,"label":"25\u201350 %","fill":"#fec44f","fillOpacity":0.44,"stroke":"#fec44f","strokeOpacity":0.56,"strokeWeight":0.35},"geometry":{"type":"Polygon","coordinates":[[[-3.3,34.2],[-3.3,34.2],[-3.4,34.225],[-3.46,34.3],[-3.42,34.4],[-3.4,34.42],[-3.32,34.5],[-3.3,34.5167],[-3.2,34.525],[-3.1,34.55],[-3.0,34.6],[-2.9667,34.5],[-3.0,34.475],[-3.1,34.4],[-3.1,34.4],[-3.1,34.4],[-3.075,34.3],[-3.1,34.2],[-3.1,34.2],[-3.2,34.15],[-3.3,34.2]]]}},{"type":"Feature","properties":{"layer_id":"1981_2000_T20","layer_label":"1981_2000, T>20\u00b0C","low":25.0,"high":50.0,"label":"25\u201350 %","fill":"#fec44f","fillOpacity":0.44,"stroke":"#fec44f","strokeOpacity":0.56,"strokeWeight":0.35},"geometry":{"type":"Polygon","coordinates":[[[0.6,34.06],[0.6667,34.1],[0.6,34.2],[0.6,34.2],[0.5,34.2667],[0.4,34.2333],[0.3,34.2],[0.4,34.15],[0.5,34.1],[0.5,34.1],[0.6,34.06]]]}},{"type":"Feature","properties":{"layer_id":"1981_2000_T20","layer_label":"1981_2000, T>20\u00b0C","low":25.0,"high":50.0,"label":"25\u201350 %","fill":"#fec44f","fillOpacity":0.44,"stroke":"#fec44f","strokeOpacity":0.56,"strokeWeight":0.35},"geometry":{"type":"Polygon","coordinates":[[[2.4,34.0],[2.46,34.0],[2.5,34.0286],[2.6,34.0143],[2.7,34.0],[2.7,34.0],[2.8,34.0],[2.8,34.0],[2.8429,34.1],[2.85,34.2],[2.9,34.26],[3.0,34.2857],[3.1,34.3],[3.1,34.3],[3.2,34.34],[3.3,34.3538],[3.3857,34.4],[3.4,34.42],[3.5,34.4667],[3.6,34.44],[3.6667,34.4],[3.7,34.3857],[3.8,34.375],[3.8333,34.4],[3.9,34.5],[3.9,34.5],[4.0,34.5571],[4.0375,34.6],[4.1,34.6556],[4.1444,34.7],[4.1,34.8],[4.2,34.9],[4.2,34.9],[4.3,34.925],[4.4,35.0],[4.4,35.0],[4.4,35.0],[4.35,35.1],[4.3,35.1125],[4.2,35.16],[4.1,35.2],[4.1,35.3],[4.1,35.4],[4.1,35.4],[4.0333,35.5],[4.0,35.6],[4.0333,35.7],[4.1,35.75],[4.2,35.74],[4.275,35.8],[4.3,35.8143],[4.4,35.8],[4.4,35.8],[4.4,35.8],[4.5,35.82],[4.6,35.8],[4.6,35.8],[4.7,35.8],[4.8,35.7364],[4.9,35.7182],[5.0,35.7182],[5.1,35.7091],[5.15,35.7],[5.2,35.68],[5.28,35.6],[5.3,35.5875],[5.4,35.55],[5.5,35.5286],[5.55,35.5],[5.5833,35.4],[5.6,35.39],[5.7,35.3583],[5.8,35.3143],[5.82,35.3],[5.85,35.2],[5.9,35.175],[6.0,35.15],[6.1,35.12],[6.2,35.11],[6.2333,35.1],[6.3,35.0667],[6.4,35.02],[6.5,35.0556],[6.6,35.0833],[6.7,35.0667],[6.75,35.1],[6.8,35.11],[6.9,35.125],[6.95,35.1],[6.9,35.0875],[6.8,35.05],[6.7667,35.0],[6.8,34.99],[6.9,34.9462],[7.0,34.9273],[7.1,34.9429],[7.2,34.9429],[7.3,34.9],[7.3,34.9],[7.4,34.8615],[7.5,34.8364],[7.6,34.8],[7.6,34.8],[7.7,34.7727],[7.8,34.73],[7.86,34.7],[7.9,34.68],[8.0,34.66],[8.1,34.66],[8.2,34.6571],[8.3,34.65],[8.4,34.65],[8.5,34.6667],[8.6,34.6667],[8.7,34.7],[8.8,34.7],[8.8,34.7],[8.9,34.7143],[9.0,34.7444],[9.1,34.725],[9.2,34.74],[9.3,34.8],[9.3,34.8],[9.4,34.9],[9.4,34.9],[9.5,34.9714],[9.6,34.975],[9.6333,35.0],[9.625,35.1],[9.6429,35.2],[9.6,35.275],[9.5833,35.3],[9.6,35.35],[9.625,35.4],[9.7,35.4333],[9.8,35.4],[9.8,35.4],[9.8,35.4],[9.8,35.5],[9.88,35.6],[9.8667,35.7],[9.9,35.8],[9.9,35.8],[9.95,35.9],[10.0,35.95],[10.1,35.9667],[10.15,36.0],[10.2,36.025],[10.275,36.1],[10.3,36.15],[10.3167,36.2],[10.3333,36.3],[10.3833,36.4],[10.4,36.4333],[10.4091,36.4],[10.4167,36.3],[10.4333,36.2],[10.4333,36.1],[10.5,36.0444],[10.5444,36.0],[10.6,35.9412],[10.6412,35.9],[10.6333,35.8],[10.7,35.7286],[10.8,35.75],[10.9,35.75],[10.95,35.7],[11.0,35.65],[11.05,35.6],[11.0474,35.5],[11.0474,35.4],[11.1,35.35],[11.15,35.3],[11.1,35.25],[11.05,35.2],[11.05,35.1],[11.0,35.05],[10.95,35.0],[10.95,34.9],[10.9,34.85],[10.8,34.85],[10.75,34.8],[10.75,34.7],[10.7,34.65],[10.65,34.6],[10.6,34.55],[10.5,34.55],[10.4,34.55],[10.35,34.5],[10.35,34.4],[10.3,34.35],[10.2,34.35],[10.1474,34.3],[10.1,34.2526],[10.05,34.2],[10.05,34.1],[10.05,34.0],[10.075,34.0],[10.075,34.1],[10.075,34.2],[10.1,34.2263],[10.1737,34.3],[10.2,34.325],[10.3,34.325],[10.375,34.4],[10.375,34.5],[10.4,34.525],[10.5,34.525],[10.6,34.525],[10.675,34.6],[10.7,34.625],[10.775,34.7],[10.775,34.8],[10.8,34.825],[10.9,34.825],[10.975,34.9],[10.975,35.0],[11.0,35.025],[11.075,35.1],[11.075,35.2],[11.1,35.225],[11.175,35.3],[11.1,35.375],[11.0737,35.4],[11.0737,35.5],[11.075,35.6],[11.0,35.675],[10.975,35.7],[10.9,35.775],[10.8,35.775],[10.7,35.7643],[10.6667,35.8],[10.6706,35.9],[10.6,35.9706],[10.5722,36.0],[10.5,36.0722],[10.4667,36.1],[10.4667,36.2],[10.4583,36.3],[10.4545,36.4],[10.5,36.4313],[10.6,36.4263],[10.7,36.425],[10.8,36.425],[10.875,36.5],[10.8706,36.6],[10.9,36.6263],[10.9737,36.7],[11.0,36.725],[11.075,36.8],[11.075,36.9],[11.1,36.925],[11.175,37.0],[11.1,37.075],[11.0,37.075],[10.9,37.075],[10.825,37.0],[10.8,36.975],[10.725,36.9],[10.7,36.875],[10.675,36.9],[10.6,36.975],[10.525,36.9],[10.525,36.8],[10.5,36.7737],[10.4,36.7706],[10.3,36.7688],[10.2667,36.8],[10.3,36.8263],[10.3737,36.9],[10.3,36.9737],[10.2,36.9722],[10.1722,37.0],[10.1737,37.1],[10.2,37.125],[10.275,37.2],[10.2,37.275],[10.1,37.275],[10.0,37.2737],[9.9263,37.2],[9.9,37.1722],[9.8706,37.2],[9.8737,37.3],[9.8,37.3737],[9.7,37.3737],[9.6,37.3722],[9.5,37.3706],[9.4294,37.3],[9.4,37.2583],[9.3,37.2667],[9.2333,37.2],[9.2,37.1444],[9.1,37.1545],[9.0,37.1722],[8.9278,37.1],[8.9,37.0688],[8.8313,37.0],[8.8,36.9444],[8.7,36.9615],[8.6,36.9583],[8.5,36.9643],[8.4,36.9706],[8.3,36.9737],[8.2263,36.9],[8.2,36.8444],[8.1,36.8444],[8.0688,36.9],[8.0,36.9688],[7.9313,36.9],[7.9,36.8375],[7.8,36.8444],[7.7643,36.9],[7.7,36.9643],[7.6,36.9583],[7.5722,37.0],[7.5,37.0722],[7.4,37.0688],[7.3313,37.0],[7.3,36.9545],[7.2,36.95],[7.1,36.9444],[7.0,36.95],[6.95,36.9],[7.0,36.8375],[7.1,36.8429],[7.2,36.8],[7.2,36.8],[7.3,36.7667],[7.4,36.725],[7.5,36.75],[7.6,36.72],[7.65,36.7],[7.7,36.675],[7.7333,36.7],[7.8,36.7333],[7.9,36.74],[8.0,36.7167],[8.1,36.7429],[8.2,36.7429],[8.3,36.7333],[8.4,36.7333],[8.5,36.7429],[8.6,36.8],[8.6,36.8],[8.7,36.82],[8.8,36.85],[8.88,36.9],[8.9,36.9083],[9.0,36.9143],[9.05,36.9],[9.1,36.8],[9.2,36.9],[9.2,36.9],[9.2333,37.0],[9.3,37.05],[9.4,37.05],[9.5,37.0167],[9.55,37.0],[9.6,36.975],[9.7,36.95],[9.75,36.9],[9.75,36.8],[9.7,36.75],[9.6,36.7333],[9.5,36.72],[9.4,36.72],[9.3,36.725],[9.2,36.75],[9.15,36.7],[9.2,36.6667],[9.3,36.6],[9.3,36.6],[9.4,36.55],[9.5,36.55],[9.6,36.55],[9.7,36.6],[9.7,36.6],[9.8,36.65],[9.9,36.65],[10.0,36.6],[10.0,36.6],[10.1,36.5],[10.2,36.5],[10.3,36.5],[10.3,36.5],[10.3,36.4],[10.3,36.4],[10.22,36.3],[10.2,36.2],[10.2,36.2],[10.1,36.1333],[10.05,36.1],[10.0,36.08],[9.9,36.05],[9.86,36.0],[9.8,35.9],[9.8167,35.8],[9.8,35.75],[9.7667,35.7],[9.775,35.6],[9.7167,35.5],[9.7,35.4889],[9.6,35.4571],[9.5429,35.4],[9.5,35.3],[9.5,35.3],[9.4,35.2],[9.4,35.2],[9.35,35.1],[9.3,35.0],[9.3,35.0],[9.25,34.9],[9.2,34.8667],[9.1333,34.8],[9.1,34.7875],[9.0,34.8],[8.9,34.7857],[8.8,34.8],[8.8,34.8],[8.7,34.8333],[8.6,34.82],[8.5667,34.8],[8.5,34.7667],[8.4,34.75],[8.3,34.75],[8.2,34.75],[8.1,34.725],[8.0,34.725],[7.9,34.7429],[7.8,34.78],[7.75,34.8],[7.7,34.8333],[7.6,34.8556],[7.5,34.8818],[7.4,34.9],[7.4,34.9],[7.3,34.9625],[7.2,34.9786],[7.1,34.9786],[7.0,34.9727],[6.9,34.9846],[6.8667,35.0],[6.9,35.025],[7.0,35.0429],[7.0571,35.1],[7.02,35.2],[7.0,35.2167],[6.9,35.2286],[6.8667,35.2],[6.8,35.16],[6.7,35.1444],[6.6,35.1444],[6.5,35.1167],[6.4,35.12],[6.3,35.15],[6.2,35.16],[6.1,35.17],[6.0,35.1857],[5.95,35.2],[5.925,35.3],[5.9,35.4],[5.8,35.3857],[5.7,35.4],[5.7,35.4],[5.65,35.5],[5.6,35.5429],[5.5,35.6],[5.4,35.6],[5.4,35.6],[5.3,35.6571],[5.2571,35.7],[5.2,35.7444],[5.1,35.7545],[5.0,35.7636],[4.9,35.7636],[4.8,35.7818],[4.7714,35.8],[4.7,35.8556],[4.6,35.8625],[4.525,35.9],[4.5,35.92],[4.4,35.9],[4.4,35.9],[4.3,35.8857],[4.2,35.84],[4.1,35.85],[4.025,35.9],[4.0,35.925],[3.95,35.9],[3.9,35.8667],[3.8,35.85],[3.7,35.8667],[3.6,35.8],[3.6,35.8],[3.5,35.7],[3.6,35.65],[3.7,35.6],[3.7,35.6],[3.7,35.5],[3.8,35.475],[3.9,35.45],[3.925,35.4],[3.9667,35.3],[3.9,35.2],[3.9,35.2],[3.825,35.1],[3.9,35.0],[4.0,35.0],[4.1,35.0667],[4.2,35.05],[4.3,35.02],[4.3167,35.0],[4.3,34.9875],[4.2,34.9714],[4.1,34.9667],[4.0,35.0],[3.9,35.0],[3.8667,34.9],[3.85,34.8],[3.9,34.7667],[4.0,34.75],[4.05,34.7],[4.0,34.6667],[3.9,34.66],[3.8,34.6],[3.8,34.6],[3.7,34.5667],[3.6,34.5667],[3.5,34.575],[3.4,34.5333],[3.35,34.5],[3.3143,34.4],[3.3,34.3923],[3.2,34.39],[3.1,34.4],[3.0,34.3667],[2.9,34.35],[2.825,34.4],[2.8,34.425],[2.7,34.4],[2.7,34.4],[2.7,34.4],[2.6333,34.5],[2.6,34.525],[2.5,34.54],[2.4,34.54],[2.3333,34.5],[2.35,34.4],[2.4,34.36],[2.5,34.35],[2.6,34.3],[2.6,34.3],[2.7,34.2667],[2.75,34.2],[2.7333,34.1],[2.7,34.0833],[2.6,34.0857],[2.5,34.1],[2.5,34.1],[2.4,34.125],[2.375,34.1],[2.3333,34.0],[2.4,34.0]]]}},{"type":"Feature","properties":{"layer_id":"1981_2000_T20","layer_label":"1981_2000, T>20\u00b0C","low":25.0,"high":50.0,"label":"25\u201350 %","fill":"#fec44f","fillOpacity":0.44,"stroke":"#fec44f","strokeOpacity":0.56,"strokeWeight":0.35},"geometry":{"type":"Polygon","coordinates":[[[10.425,36.5],[10.4,36.6],[10.4,36.6],[10.3,36.625],[10.2,36.65],[10.15,36.7],[10.1,36.7333],[10.0,36.8],[10.0,36.8],[9.9,36.9],[9.9,36.9],[9.825,37.0],[9.8,37.0143],[9.7,37.0333],[9.6,37.0667],[9.5,37.1],[9.5,37.1],[9.4,37.16],[9.3,37.1375],[9.2667,37.2],[9.3,37.2333],[9.4,37.2167],[9.4588,37.3],[9.5,37.3412],[9.6,37.3444],[9.7,37.3474],[9.8,37.3474],[9.8474,37.3],[9.8412,37.2],[9.9,37.1444],[9.9526,37.2],[10.0,37.2474],[10.1,37.25],[10.2,37.25],[10.25,37.2],[10.2,37.15],[10.1474,37.1],[10.1444,37.0],[10.2,36.9444],[10.3,36.9474],[10.3474,36.9],[10.3,36.8526],[10.2333,36.8],[10.3,36.7375],[10.4,36.7412],[10.5,36.7474],[10.55,36.8],[10.55,36.9],[10.6,36.95],[10.65,36.9],[10.7,36.85],[10.75,36.9],[10.8,36.95],[10.85,37.0],[10.9,37.05],[11.0,37.05],[11.1,37.05],[11.15,37.0],[11.1,36.95],[11.05,36.9],[11.05,36.8],[11.0,36.75],[10.9474,36.7],[10.9,36.6526],[10.8412,36.6],[10.85,36.5],[10.8,36.45],[10.7,36.45],[10.6,36.4526],[10.5,36.4625],[10.425,36.5]]]}},{"type":"Feature","properties":{"layer_id":"1981_2000_T20","layer_label":"1981_2000, T>20\u00b0C","low":25.0,"high":50.0,"label":"25\u201350 %","fill":"#fec44f","fillOpacity":0.44,"stroke":"#fec44f","strokeOpacity":0.56,"strokeWeight":0.35},"geometry":{"type":"Polygon","coordinates":[[[8.25,36.8],[8.2526,36.9],[8.3,36.9474],[8.4,36.9412],[8.5,36.9286],[8.6,36.9167],[8.7,36.9231],[8.775,36.9],[8.7,36.87],[8.6,36.8714],[8.5,36.82],[8.45,36.8],[8.4,36.7889],[8.3,36.7889],[8.25,36.8]]]}},{"type":"Feature","properties":{"layer_id":"1981_2000_T20","layer_label":"1981_2000, T>20\u00b0C","low":25.0,"high":50.0,"label":"25\u201350 %","fill":"#fec44f","fillOpacity":0.44,"stroke":"#fec44f","strokeOpacity":0.56,"strokeWeight":0.35},"geometry":{"type":"Polygon","coordinates":[[[7.2,36.9],[7.3,36.9091],[7.3625,37.0],[7.4,37.0375],[7.5,37.0444],[7.5444,37.0],[7.6,36.9167],[7.7,36.9286],[7.7286,36.9],[7.7,36.8429],[7.6,36.8333],[7.5,36.86],[7.4,36.84],[7.3,36.88],[7.2,36.9]]]}},{"type":"Feature","properties":{"layer_id":"1981_2000_T20","layer_label":"1981_2000, T>20\u00b0C","low":25.0,"high":50.0,"label":"25\u201350 %","fill":"#fec44f","fillOpacity":0.44,"stroke":"#fec44f","strokeOpacity":0.56,"strokeWeight":0.35},"geometry":{"type":"Polygon","coordinates":[[[8.8625,37.0],[8.9,37.0375],[8.9556,37.1],[9.0,37.1444],[9.1,37.1091],[9.15,37.1],[9.1,37.0667],[9.0333,37.0],[9.0,36.9857],[8.9,36.95],[8.8625,37.0]]]}},{"type":"Feature","properties":{"layer_id":"1981_2000_T20","layer_label":"1981_2000, T>20\u00b0C","low":25.0,"high":50.0,"label":"25\u201350 %","fill":"#fec44f","fillOpacity":0.44,"stroke":"#fec44f","strokeOpacity":0.56,"strokeWeight":0.35},"geometry":{"type":"Polygon","coordinates":[[[37.9,34.0],[38.0,34.0],[38.0,34.0],[38.0,34.1],[38.0,34.2],[38.1,34.3],[38.1,34.3],[38.1667,34.4],[38.1667,34.5],[38.1,34.6],[38.1667,34.7],[38.2,34.7333],[38.3,34.75],[38.4,34.7714],[38.45,34.8],[38.5,34.85],[38.5333,34.9],[38.5,34.94],[38.4,35.0],[38.4,35.0],[38.3,35.0143],[38.2,35.02],[38.1,35.1],[38.1,35.1],[38.0,35.15],[37.9,35.15],[37.8,35.2],[37.8,35.3],[37.8,35.3],[37.7,35.3],[37.6,35.3],[37.5,35.3],[37.4,35.3],[37.4,35.3],[37.3,35.25],[37.2,35.2667],[37.15,35.3],[37.1,35.325],[37.0,35.4],[37.0,35.4],[36.9,35.4],[36.9,35.4],[36.8,35.3667],[36.75,35.4],[36.7778,35.5],[36.8,35.6],[36.8,35.6],[36.8,35.6],[36.7889,35.7],[36.76,35.8],[36.7,35.9],[36.7,35.9],[36.6,35.9667],[36.5,35.975],[36.4,35.9],[36.32,36.0],[36.3,36.0111],[36.2,36.03],[36.1,36.0],[36.1,36.0],[36.0692,35.9],[36.0636,35.8],[36.0583,35.7],[36.0588,35.6],[36.0588,35.5],[36.0769,35.4],[36.0714,35.3],[36.07,35.2],[36.1,35.125],[36.1143,35.1],[36.1333,35.0],[36.2,34.92],[36.2091,34.9],[36.2667,34.8],[36.2833,34.7],[36.2111,34.6],[36.2,34.5909],[36.1,34.5091],[36.08,34.5],[36.0,34.45],[35.9692,34.4],[35.9,34.3471],[35.8526,34.4],[35.85,34.5],[35.9,34.55],[35.95,34.6],[35.9,34.65],[35.85,34.7],[35.9,34.75],[35.95,34.8],[35.9526,34.9],[35.9,34.95],[35.85,35.0],[35.9,35.05],[35.9588,35.1],[35.9588,35.2],[35.95,35.3],[35.9,35.35],[35.85,35.4],[35.8,35.45],[35.75,35.5],[35.8,35.55],[35.85,35.6],[35.8,35.65],[35.75,35.7],[35.8,35.75],[35.85,35.8],[35.85,35.9],[35.9,35.95],[35.9556,36.0],[35.9,36.05],[35.85,36.1],[35.9,36.15],[35.95,36.2],[35.9,36.2526],[35.8526,36.3],[35.85,36.4],[35.9,36.45],[36.0,36.4474],[36.05,36.5],[36.1,36.55],[36.1526,36.6],[36.1526,36.7],[36.2,36.7474],[36.2643,36.7],[36.275,36.6],[36.3,36.5571],[36.4,36.5875],[36.45,36.6],[36.5,36.6143],[36.5143,36.6],[36.6,36.5143],[36.6167,36.5],[36.7,36.4286],[36.7667,36.4],[36.7,36.3],[36.7,36.3],[36.6,36.2],[36.6,36.2],[36.6,36.2],[36.7,36.1857],[36.7167,36.2],[36.8,36.2833],[36.9,36.2857],[36.9333,36.3],[37.0,36.34],[37.06,36.4],[37.0833,36.5],[37.1,36.52],[37.1667,36.6],[37.2,36.6333],[37.25,36.7],[37.3,36.7667],[37.3333,36.8],[37.3571,36.9],[37.4,36.95],[37.4429,37.0],[37.5,37.05],[37.5667,37.1],[37.6,37.2],[37.6,37.2],[37.6,37.2],[37.5375,37.3],[37.5556,37.4],[37.5857,37.5],[37.6,37.5111],[37.7,37.5273],[37.8,37.5375],[37.9,37.575],[37.9167,37.6],[38.0,37.6556],[38.1,37.7],[38.1,37.7],[38.2,37.7857],[38.2167,37.8],[38.3,37.8417],[38.4,37.8714],[38.5,37.8667],[38.6,37.8727],[38.7,37.8583],[38.8,37.8667],[38.9,37.8875],[38.9143,37.9],[39.0,37.96],[39.1,37.9857],[39.1333,38.0],[39.2,38.0667],[39.22,38.1],[39.3,38.1667],[39.4,38.1833],[39.5,38.1875],[39.525,38.2],[39.6,38.2375],[39.7,38.2],[39.7,38.2],[39.8,38.1571],[39.9,38.15],[40.0,38.1444],[40.1,38.15],[40.2,38.2],[40.2,38.2],[40.2,38.2],[40.1,38.2667],[40.05,38.3],[40.1,38.35],[40.2,38.36],[40.3,38.3667],[40.4,38.38],[40.5,38.3444],[40.6,38.3],[40.6,38.3],[40.6444,38.2],[40.6,38.12],[40.5857,38.1],[40.6,38.0875],[40.7,38.0909],[40.8,38.08],[40.9,38.0643],[41.0,38.05],[41.1,38.05],[41.2,38.05],[41.3,38.0286],[41.4,38.0],[41.4,38.0],[41.5,37.9778],[41.6,37.9385],[41.7,37.9273],[41.8,37.9],[41.8,37.9],[41.9,37.8571],[41.95,37.8],[41.9909,37.7],[41.9818,37.6],[41.9667,37.5],[42.0,37.46],[42.1,37.44],[42.2,37.4444],[42.3,37.4167],[42.31,37.4],[42.4,37.31],[42.4125,37.3],[42.5,37.2364],[42.6,37.24],[42.7,37.2444],[42.8,37.2],[42.8,37.2],[42.9,37.11],[43.0,37.1308],[43.1,37.125],[43.13,37.1],[43.1,37.0571],[43.0556,37.0],[43.1,36.9429],[43.175,36.9],[43.2,36.8857],[43.3,36.8571],[43.4,36.8333],[43.5,36.8333],[43.6,36.84],[43.7,36.85],[43.8,36.8571],[43.9,36.8571],[44.0,36.81],[44.05,36.8],[44.1,36.79],[44.2,36.76],[44.3,36.7182],[44.4,36.7],[44.4,36.7],[44.5,36.64],[44.55,36.6],[44.5,36.5],[44.5,36.5],[44.5,36.5],[44.5333,36.4],[44.6,36.38],[44.7,36.3333],[44.8,36.3333],[44.9,36.3286],[45.0,36.3286],[45.0,36.3643],[44.9,36.3643],[44.8,36.3667],[44.7,36.3667],[44.6375,36.4],[44.6,36.4375],[44.55,36.5],[44.6,36.5625],[44.7,36.5571],[44.76,36.6],[44.7,36.6429],[44.6,36.7],[44.6,36.7],[44.5,36.7333],[44.4,36.7556],[44.3,36.7636],[44.22,36.8],[44.2,36.82],[44.1,36.85],[44.0,36.86],[43.9333,36.9],[43.9,36.9286],[43.8,36.95],[43.7,36.9333],[43.65,36.9],[43.6,36.89],[43.5,36.875],[43.4,36.875],[43.34,36.9],[43.3,36.9286],[43.2,36.9571],[43.125,37.0],[43.18,37.1],[43.1,37.1667],[43.0,37.1692],[42.9,37.16],[42.8556,37.2],[42.8,37.25],[42.7,37.3],[42.6,37.29],[42.5,37.2818],[42.475,37.3],[42.4,37.36],[42.36,37.4],[42.3,37.5],[42.2,37.5],[42.1,37.49],[42.075,37.5],[42.0429,37.6],[42.0444,37.7],[42.02,37.8],[42.0,37.825],[41.94,37.9],[41.9,37.9333],[41.8,37.9625],[41.7,37.9727],[41.6,37.9769],[41.55,38.0],[41.5,38.1],[41.4,38.1],[41.3,38.1],[41.2,38.0917],[41.1,38.0857],[41.0,38.0813],[40.9,38.1],[40.9,38.1],[40.8,38.15],[40.7,38.2],[40.7,38.2],[40.7,38.2],[40.775,38.3],[40.8,38.325],[40.9,38.34],[41.0,38.35],[41.04,38.3],[41.1,38.24],[41.14,38.2],[41.2,38.125],[41.3,38.1],[41.3333,38.2],[41.3,38.25],[41.275,38.3],[41.24,38.4],[41.2,38.4286],[41.1,38.45],[41.0,38.5],[41.0,38.5],[40.9,38.5167],[40.8667,38.5],[40.8,38.46],[40.7,38.46],[40.6,38.4],[40.6,38.4],[40.5,38.4],[40.5,38.4],[40.4,38.5],[40.3,38.48],[40.2,38.45],[40.1,38.4444],[40.0,38.4667],[39.9,38.475],[39.8,38.4],[39.8,38.4],[39.7,38.3333],[39.6,38.3],[39.6,38.3],[39.5,38.25],[39.4,38.2444],[39.3,38.2375],[39.2,38.2375],[39.1,38.2],[39.1,38.2],[39.0833,38.1],[39.0,38.0167],[38.98,38.0],[38.9,37.95],[38.8,37.9333],[38.7,37.9],[38.7,37.9],[38.7,37.9],[38.6,37.94],[38.5,37.94],[38.4,37.95],[38.34,37.9],[38.3,37.8833],[38.2,37.85],[38.1333,37.8],[38.1,37.7714],[38.0,37.72],[37.975,37.7],[37.9,37.6571],[37.8,37.6],[37.8,37.6],[37.7,37.5727],[37.6,37.5667],[37.5143,37.5],[37.5,37.4],[37.5,37.4],[37.4667,37.3],[37.475,37.2],[37.475,37.1],[37.4,37.04],[37.36,37.0],[37.3,36.925],[37.2667,36.9],[37.225,36.8],[37.2,36.75],[37.1667,36.7],[37.1,36.6333],[37.0667,36.6],[37.0,36.5],[37.0,36.5],[36.9,36.5],[36.8,36.48],[36.7,36.5],[36.7,36.5],[36.6,36.5857],[36.5857,36.6],[36.5,36.6857],[36.4,36.6667],[36.3,36.7],[36.3,36.7],[36.2,36.7737],[36.1263,36.7],[36.1263,36.6],[36.1,36.575],[36.025,36.5],[36.0,36.4737],[35.9,36.475],[35.825,36.4],[35.8263,36.3],[35.9,36.2263],[35.925,36.2],[35.9,36.175],[35.825,36.1],[35.9,36.025],[35.9278,36.0],[35.9,35.975],[35.825,35.9],[35.825,35.8],[35.8,35.775],[35.725,35.7],[35.8,35.625],[35.825,35.6],[35.8,35.575],[35.725,35.5],[35.8,35.425],[35.825,35.4],[35.9,35.325],[35.925,35.3],[35.9294,35.2],[35.9294,35.1],[35.9,35.075],[35.825,35.0],[35.9,34.925],[35.9263,34.9],[35.925,34.8],[35.9,34.775],[35.825,34.7],[35.9,34.625],[35.925,34.6],[35.9,34.575],[35.825,34.5],[35.8263,34.4],[35.8,34.3643],[35.7,34.375],[35.625,34.3],[35.6833,34.2],[35.7,34.15],[35.7167,34.2],[35.8,34.2357],[35.875,34.3],[35.9,34.3176],[36.0,34.3833],[36.0167,34.4],[36.1,34.4556],[36.1444,34.5],[36.2,34.5455],[36.2667,34.6],[36.3,34.65],[36.4,34.675],[36.46,34.6],[36.4571,34.5],[36.5,34.425],[36.575,34.5],[36.6,34.55],[36.625,34.6],[36.6,34.7],[36.6,34.7],[36.5,34.8],[36.4,34.725],[36.325,34.8],[36.3,34.8167],[36.2545,34.9],[36.2167,35.0],[36.2,35.05],[36.1857,35.1],[36.1333,35.2],[36.12,35.3],[36.14,35.4],[36.1,35.45],[36.0882,35.5],[36.0882,35.6],[36.1,35.7],[36.1,35.7],[36.15,35.8],[36.2,35.9],[36.2,35.9],[36.2,35.9],[36.3,35.8286],[36.4,35.8167],[36.4833,35.9],[36.5,35.9125],[36.55,35.9],[36.6,35.8833],[36.7,35.8167],[36.71,35.8],[36.7333,35.7],[36.7375,35.6],[36.7222,35.5],[36.7,35.4667],[36.6,35.4571],[36.5,35.4833],[36.4,35.5],[36.34,35.4],[36.36,35.3],[36.4,35.2],[36.4,35.2],[36.42,35.1],[36.4571,35.0],[36.4667,34.9],[36.5,34.8],[36.6,34.8167],[36.65,34.8],[36.7,34.75],[36.7333,34.8],[36.8,34.9],[36.8,34.9],[36.9,34.9333],[37.0,34.925],[37.1,34.9333],[37.2,34.9333],[37.3,34.975],[37.35,35.0],[37.4,35.025],[37.5,35.05],[37.6,35.05],[37.7,35.05],[37.8,35.0429],[37.9,35.0429],[38.0,35.02],[38.05,35.0],[38.1,34.9667],[38.1667,34.9],[38.1,34.8],[38.1,34.8],[38.0,34.74],[37.9,34.725],[37.8,34.7],[37.8,34.7],[37.775,34.6],[37.7,34.5],[37.7,34.5],[37.6,34.45],[37.5667,34.4],[37.6,34.375],[37.7,34.3667],[37.8,34.35],[37.8667,34.3],[37.85,34.2],[37.8,34.1],[37.8,34.0],[37.9,34.0]]]}},{"type":"Feature","properties":{"layer_id":"1981_2000_T20","layer_label":"1981_2000, T>20\u00b0C","low":25.0,"high":50.0,"label":"25\u201350 %","fill":"#fec44f","fillOpacity":0.44,"stroke":"#fec44f","strokeOpacity":0.56,"strokeWeight":0.35},"geometry":{"type":"Polygon","coordinates":[[[36.6,35.0],[36.6,35.0],[36.5333,35.1],[36.5,35.1333],[36.4714,35.2],[36.5,35.3],[36.6,35.24],[36.65,35.2],[36.7,35.15],[36.7333,35.1],[36.75,35.0],[36.7,34.95],[36.6,35.0]]]}},{"type":"Feature","properties":{"layer_id":"1981_2000_T20","layer_label":"1981_2000, T>20\u00b0C","low":25.0,"high":50.0,"label":"25\u201350 %","fill":"#fec44f","fillOpacity":0.44,"stroke":"#fec44f","strokeOpacity":0.56,"strokeWeight":0.35},"geometry":{"type":"Polygon","coordinates":[[[32.6,34.625],[32.7,34.625],[32.8,34.625],[32.9,34.625],[33.0,34.625],[33.075,34.7],[33.1,34.725],[33.2,34.725],[33.3,34.725],[33.4,34.725],[33.475,34.8],[33.5,34.825],[33.6,34.825],[33.675,34.9],[33.675,35.0],[33.7,35.025],[33.725,35.0],[33.8,34.925],[33.9,34.925],[33.975,35.0],[33.975,35.1],[33.975,35.2],[34.0,35.225],[34.075,35.3],[34.075,35.4],[34.0,35.475],[33.9,35.475],[33.8,35.475],[33.725,35.4],[33.7,35.375],[33.6,35.375],[33.5,35.375],[33.4,35.375],[33.3,35.375],[33.2,35.375],[33.1,35.375],[33.0,35.375],[32.925,35.3],[32.9,35.275],[32.825,35.2],[32.8,35.175],[32.775,35.2],[32.7,35.275],[32.6,35.275],[32.525,35.2],[32.525,35.1],[32.5,35.075],[32.4,35.075],[32.325,35.0],[32.325,34.9],[32.325,34.8],[32.4,34.725],[32.5,34.725],[32.525,34.7],[32.6,34.625]]]}},{"type":"Feature","properties":{"layer_id":"1981_2000_T20","layer_label":"1981_2000, T>20\u00b0C","low":25.0,"high":50.0,"label":"25\u201350 %","fill":"#fec44f","fillOpacity":0.44,"stroke":"#fec44f","strokeOpacity":0.56,"strokeWeight":0.35},"geometry":{"type":"Polygon","coordinates":[[[32.55,34.7],[32.5,34.75],[32.4,34.75],[32.35,34.8],[32.35,34.9],[32.35,35.0],[32.4,35.05],[32.5,35.05],[32.55,35.1],[32.55,35.2],[32.6,35.25],[32.7,35.25],[32.75,35.2],[32.8,35.15],[32.85,35.2],[32.9,35.25],[32.95,35.3],[33.0,35.35],[33.1,35.35],[33.2,35.35],[33.3,35.35],[33.4,35.35],[33.5,35.35],[33.6,35.35],[33.7,35.35],[33.75,35.4],[33.8,35.45],[33.9,35.45],[34.0,35.45],[34.05,35.4],[34.05,35.3],[34.0,35.25],[33.95,35.2],[33.95,35.1],[33.95,35.0],[33.9,34.95],[33.8,34.95],[33.75,35.0],[33.7,35.05],[33.65,35.0],[33.65,34.9],[33.6,34.85],[33.5,34.85],[33.45,34.8],[33.4,34.75],[33.3,34.75],[33.2,34.75],[33.1,34.75],[33.05,34.7],[33.0,34.65],[32.9,34.65],[32.8,34.65],[32.7,34.65],[32.6,34.65],[32.55,34.7]]]}},{"type":"Feature","properties":{"layer_id":"1981_2000_T20","layer_label":"1981_2000, T>20\u00b0C","low":25.0,"high":50.0,"label":"25\u201350 %","fill":"#fec44f","fillOpacity":0.44,"stroke":"#fec44f","strokeOpacity":0.56,"strokeWeight":0.35},"geometry":{"type":"Polygon","coordinates":[[[1.5,34.85],[1.6,34.825],[1.7,34.8],[1.8,34.8667],[1.8333,34.9],[1.8,34.9167],[1.7,34.94],[1.6,34.9429],[1.5,34.92],[1.4667,34.9],[1.5,34.85]]]}},{"type":"Feature","properties":{"layer_id":"1981_2000_T20","layer_label":"1981_2000, T>20\u00b0C","low":25.0,"high":50.0,"label":"25\u201350 %","fill":"#fec44f","fillOpacity":0.44,"stroke":"#fec44f","strokeOpacity":0.56,"strokeWeight":0.35},"geometry":{"type":"Polygon","coordinates":[[[2.3,34.8],[2.4,34.8],[2.5,34.9],[2.5,35.0],[2.5,35.0],[2.6,35.1],[2.6,35.1],[2.6333,35.2],[2.6,35.2333],[2.5,35.2],[2.5,35.2],[2.4667,35.1],[2.4,35.075],[2.325,35.0],[2.3,34.9667],[2.22,34.9],[2.3,34.8]]]}},{"type":"Feature","properties":{"layer_id":"1981_2000_T20","layer_label":"1981_2000, T>20\u00b0C","low":25.0,"high":50.0,"label":"25\u201350 %","fill":"#fec44f","fillOpacity":0.44,"stroke":"#fec44f","strokeOpacity":0.56,"strokeWeight":0.35},"geometry":{"type":"Polygon","coordinates":[[[32.7,34.8833],[32.8,34.8769],[32.9,34.8538],[33.0,34.8563],[33.1,34.8769],[33.1333,34.9],[33.11,35.0],[33.1,35.0091],[33.0,35.0286],[32.9,35.0333],[32.8,35.0375],[32.7,35.0286],[32.6556,35.0],[32.68,34.9],[32.7,34.8833]]]}},{"type":"Feature","properties":{"layer_id":"1981_2000_T20","layer_label":"1981_2000, T>20\u00b0C","low":25.0,"high":50.0,"label":"25\u201350 %","fill":"#fec44f","fillOpacity":0.44,"stroke":"#fec44f","strokeOpacity":0.56,"strokeWeight":0.35},"geometry":{"type":"Polygon","coordinates":[[[32.8667,34.9],[32.8,34.9667],[32.75,35.0],[32.8,35.0063],[32.9,35.0],[32.9,35.0],[33.0,34.9667],[33.05,34.9],[33.0,34.8875],[32.9,34.8923],[32.8667,34.9]]]}},{"type":"Feature","properties":{"layer_id":"1981_2000_T20","layer_label":"1981_2000, T>20\u00b0C","low":25.0,"high":50.0,"label":"25\u201350 %","fill":"#fec44f","fillOpacity":0.44,"stroke":"#fec44f","strokeOpacity":0.56,"strokeWeight":0.35},"geometry":{"type":"Polygon","coordinates":[[[24.8,34.925],[24.9,34.9263],[25.0,34.9385],[25.1,34.9455],[25.2,34.9455],[25.2545,35.0],[25.3,35.1],[25.2667,35.2],[25.3,35.2182],[25.3643,35.3],[25.3,35.3643],[25.2,35.3706],[25.1,35.3667],[25.075,35.4],[25.0,35.475],[24.9,35.475],[24.8,35.4722],[24.7,35.4722],[24.6278,35.4],[24.7,35.3235],[24.8,35.3278],[24.9,35.325],[25.0,35.3063],[25.0091,35.3],[25.1,35.2],[25.1,35.2],[25.1,35.2],[25.0,35.1333],[24.9,35.1286],[24.8,35.1722],[24.7,35.1813],[24.625,35.2],[24.6,35.225],[24.5,35.22],[24.4,35.2667],[24.3556,35.2],[24.4,35.1556],[24.5,35.1833],[24.5278,35.1],[24.6,35.0278],[24.7,35.0278],[24.725,35.0],[24.8,34.925]]]}},{"type":"Feature","properties":{"layer_id":"1981_2000_T20","layer_label":"1981_2000, T>20\u00b0C","low":25.0,"high":50.0,"label":"25\u201350 %","fill":"#fec44f","fillOpacity":0.44,"stroke":"#fec44f","strokeOpacity":0.56,"strokeWeight":0.35},"geometry":{"type":"Polygon","coordinates":[[[24.75,35.0],[24.7,35.0556],[24.6,35.0556],[24.5556,35.1],[24.6,35.1667],[24.7,35.15],[24.8,35.1444],[24.8727,35.1],[24.9,35.075],[25.0,35.05],[25.1,35.1],[25.2,35.1],[25.2091,35.0],[25.2,34.9909],[25.1,34.9909],[25.0,34.9769],[24.9,34.9526],[24.8,34.95],[24.75,35.0]]]}},{"type":"Feature","properties":{"layer_id":"1981_2000_T20","layer_label":"1981_2000, T>20\u00b0C","low":25.0,"high":50.0,"label":"25\u201350 %","fill":"#fec44f","fillOpacity":0.44,"stroke":"#fec44f","strokeOpacity":0.56,"strokeWeight":0.35},"geometry":{"type":"Polygon","coordinates":[[[25.0545,35.3],[25.1,35.3333],[25.2,35.3412],[25.3,35.3286],[25.3286,35.3],[25.3,35.2636],[25.2,35.2125],[25.1,35.25],[25.0545,35.3]]]}},{"type":"Feature","properties":{"layer_id":"1981_2000_T20","layer_label":"1981_2000, T>20\u00b0C","low":25.0,"high":50.0,"label":"25\u201350 %","fill":"#fec44f","fillOpacity":0.44,"stroke":"#fec44f","strokeOpacity":0.56,"strokeWeight":0.35},"geometry":{"type":"Polygon","coordinates":[[[24.6556,35.4],[24.7,35.4444],[24.8,35.4444],[24.9,35.45],[25.0,35.45],[25.05,35.4],[25.0,35.3375],[24.9,35.35],[24.8,35.3556],[24.7,35.3529],[24.6556,35.4]]]}},{"type":"Feature","properties":{"layer_id":"1981_2000_T20","layer_label":"1981_2000, T>20\u00b0C","low":25.0,"high":50.0,"label":"25\u201350 %","fill":"#fec44f","fillOpacity":0.44,"stroke":"#fec44f","strokeOpacity":0.56,"strokeWeight":0.35},"geometry":{"type":"Polygon","coordinates":[[[25.9,34.925],[25.975,35.0],[26.0,35.025],[26.1,35.025],[26.2,35.025],[26.3,35.025],[26.375,35.1],[26.375,35.2],[26.3,35.275],[26.2,35.275],[26.1,35.275],[26.0,35.275],[25.9,35.275],[25.825,35.2],[25.8,35.175],[25.775,35.2],[25.775,35.3],[25.7,35.375],[25.6,35.375],[25.5,35.35],[25.45,35.3],[25.5,35.25],[25.6,35.2063],[25.6063,35.2],[25.6063,35.1],[25.7,35.025],[25.8,35.025],[25.825,35.0],[25.9,34.925]]]}},{"type":"Feature","properties":{"layer_id":"1981_2000_T20","layer_label":"1981_2000, T>20\u00b0C","low":25.0,"high":50.0,"label":"25\u201350 %","fill":"#fec44f","fillOpacity":0.44,"stroke":"#fec44f","strokeOpacity":0.56,"strokeWeight":0.35},"geometry":{"type":"Polygon","coordinates":[[[25.85,35.0],[25.8,35.05],[25.7,35.05],[25.6375,35.1],[25.6375,35.2],[25.6,35.2375],[25.5,35.3],[25.6,35.35],[25.7,35.35],[25.75,35.3],[25.75,35.2],[25.8,35.15],[25.85,35.2],[25.9,35.25],[26.0,35.25],[26.1,35.25],[26.2,35.25],[26.3,35.25],[26.35,35.2],[26.35,35.1],[26.3,35.05],[26.2,35.05],[26.1,35.05],[26.0,35.05],[25.95,35.0],[25.9,34.95],[25.85,35.0]]]}},{"type":"Feature","properties":{"layer_id":"1981_2000_T20","layer_label":"1981_2000, T>20\u00b0C","low":25.0,"high":50.0,"label":"25\u201350 %","fill":"#fec44f","fillOpacity":0.44,"stroke":"#fec44f","strokeOpacity":0.56,"strokeWeight":0.35},"geometry":{"type":"Polygon","coordinates":[[[-1.9,35.0125],[-1.8,35.06],[-1.7,35.075],[-1.6,35.075],[-1.5,35.06],[-1.4,35.1],[-1.4,35.1],[-1.3,35.1],[-1.2,35.1333],[-1.1,35.2],[-1.1,35.2],[-1.0,35.2333],[-0.9,35.25],[-0.8,35.2667],[-0.7,35.3],[-0.7,35.3],[-0.6,35.4],[-0.6,35.4],[-0.6,35.4],[-0.5,35.3],[-0.4,35.3],[-0.3,35.35],[-0.2,35.3],[-0.1,35.3],[0.0,35.3],[0.025,35.4],[0.1,35.46],[0.16,35.4],[0.2,35.3],[0.3,35.35],[0.35,35.4],[0.35,35.5],[0.3,35.55],[0.2667,35.6],[0.3,35.7],[0.3,35.7],[0.3,35.7],[0.4,35.65],[0.42,35.6],[0.425,35.5],[0.5,35.45],[0.6,35.4],[0.6,35.4],[0.7,35.3429],[0.8,35.35],[0.9,35.4],[0.9,35.4],[1.0,35.4],[1.1,35.4333],[1.2,35.4667],[1.25,35.5],[1.3,35.5667],[1.35,35.6],[1.3,35.7],[1.3,35.7],[1.22,35.8],[1.2,35.9],[1.2,35.9],[1.2,35.9],[1.3,36.0],[1.3,36.0],[1.4,36.02],[1.5,36.0333],[1.6,36.1],[1.6,36.1],[1.7,36.12],[1.8,36.1333],[1.9,36.15],[2.0,36.1333],[2.0167,36.1],[2.1,36.0286],[2.2,36.0375],[2.3,36.06],[2.35,36.1],[2.3,36.2],[2.3,36.2],[2.2,36.2571],[2.1,36.2667],[2.0,36.3],[2.0,36.3],[1.9,36.3333],[1.8,36.35],[1.7,36.3667],[1.6,36.35],[1.5,36.3333],[1.4,36.3333],[1.3,36.4],[1.3,36.4],[1.3,36.4],[1.4,36.4133],[1.5,36.4143],[1.6,36.4083],[1.7,36.4125],[1.8,36.4333],[1.9,36.4667],[2.0,36.4667],[2.1,36.5],[2.1,36.5],[2.2,36.5077],[2.3,36.5091],[2.35,36.5],[2.4,36.4667],[2.5,36.44],[2.6,36.425],[2.7,36.475],[2.8,36.4833],[2.85,36.5],[2.9,36.525],[3.0,36.6],[3.0,36.6],[3.1,36.6333],[3.2,36.7],[3.1,36.7286],[3.0706,36.8],[3.0,36.8706],[2.9,36.8706],[2.8294,36.8],[2.8,36.7667],[2.7,36.7737],[2.6263,36.7],[2.6,36.6444],[2.5,36.6688],[2.4,36.6688],[2.3,36.6667],[2.2,36.6706],[2.1,36.6737],[2.0263,36.6],[2.0,36.5167],[1.9,36.5167],[1.8,36.5444],[1.7,36.5583],[1.6,36.5688],[1.5,36.5706],[1.4,36.5722],[1.3,36.5737],[1.2263,36.5],[1.2,36.4375],[1.1,36.4545],[1.0,36.4167],[0.9,36.4688],[0.8313,36.4],[0.8,36.3706],[0.7,36.375],[0.625,36.3],[0.6,36.2688],[0.5,36.2722],[0.4278,36.2],[0.4,36.1643],[0.3643,36.2],[0.3,36.2643],[0.2357,36.2],[0.2,36.175],[0.125,36.1],[0.1294,36.0],[0.1,35.9737],[0.0263,35.9],[0.0,35.8737],[-0.0737,35.8],[-0.1,35.7722],[-0.2,35.7737],[-0.3,35.7737],[-0.325,35.8],[-0.3,35.825],[-0.225,35.9],[-0.3,35.975],[-0.375,35.9],[-0.4,35.875],[-0.5,35.875],[-0.575,35.8],[-0.6,35.775],[-0.7,35.7722],[-0.8,35.7737],[-0.9,35.7706],[-0.9706,35.7],[-1.0,35.6615],[-1.1,35.6706],[-1.1706,35.6],[-1.2,35.5706],[-1.2706,35.5],[-1.2687,35.4],[-1.3,35.3688],[-1.3687,35.3],[-1.4,35.25],[-1.5,35.2615],[-1.6,35.2444],[-1.6444,35.2],[-1.7,35.1167],[-1.8,35.1286],[-1.9,35.1583],[-1.9583,35.1],[-1.9,35.0125]]]}},{"type":"Feature","properties":{"layer_id":"1981_2000_T20","layer_label":"1981_2000, T>20\u00b0C","low":25.0,"high":50.0,"label":"25\u201350 %","fill":"#fec44f","fillOpacity":0.44,"stroke":"#fec44f","strokeOpacity":0.56,"strokeWeight":0.35},"geometry":{"type":"Polygon","coordinates":[[[-1.3375,35.3],[-1.3,35.3375],[-1.2375,35.4],[-1.2412,35.5],[-1.2,35.5412],[-1.1412,35.6],[-1.1,35.6412],[-1.0,35.6231],[-0.9412,35.7],[-0.9,35.7412],[-0.8,35.7474],[-0.7,35.7444],[-0.6,35.75],[-0.55,35.8],[-0.5,35.85],[-0.4,35.85],[-0.35,35.8],[-0.3,35.7474],[-0.2,35.7474],[-0.1,35.7444],[-0.0474,35.8],[0.0,35.8474],[0.0526,35.9],[0.1,35.9474],[0.1588,36.0],[0.15,36.1],[0.2,36.15],[0.2714,36.2],[0.3,36.2286],[0.3286,36.2],[0.4,36.1286],[0.4556,36.2],[0.5,36.2444],[0.6,36.2375],[0.65,36.3],[0.7,36.35],[0.8,36.3412],[0.8625,36.4],[0.9,36.4375],[0.96,36.4],[0.9333,36.3],[0.9,36.25],[0.8,36.2125],[0.75,36.2],[0.7,36.1667],[0.6333,36.1],[0.7,36.05],[0.8,36.0667],[0.85,36.1],[0.9,36.15],[0.9333,36.2],[1.0,36.25],[1.1,36.2571],[1.2,36.28],[1.3,36.225],[1.35,36.2],[1.35,36.1],[1.3,36.0833],[1.2,36.06],[1.1,36.0],[1.0,36.0],[1.0,36.0],[1.0,36.0],[1.0333,35.9],[1.0,35.8667],[0.9,35.8667],[0.8,35.85],[0.7333,35.8],[0.7,35.7667],[0.6,35.7],[0.525,35.8],[0.5,35.9],[0.5,35.9],[0.4,35.9714],[0.3,35.9286],[0.2714,35.9],[0.3,35.8],[0.2,35.725],[0.1833,35.7],[0.125,35.6],[0.1,35.575],[0.0667,35.6],[0.0,35.6222],[-0.0333,35.6],[-0.1,35.5429],[-0.1667,35.6],[-0.2,35.6182],[-0.3,35.625],[-0.4,35.6273],[-0.4429,35.6],[-0.5,35.5429],[-0.6,35.5667],[-0.7,35.5167],[-0.725,35.5],[-0.7571,35.4],[-0.8,35.3571],[-0.875,35.4],[-0.9,35.4143],[-0.9167,35.4],[-1.0,35.3375],[-1.1,35.3143],[-1.1333,35.3],[-1.2,35.26],[-1.3,35.225],[-1.3375,35.3]]]}},{"type":"Feature","properties":{"layer_id":"1981_2000_T20","layer_label":"1981_2000, T>20\u00b0C","low":25.0,"high":50.0,"label":"25\u201350 %","fill":"#fec44f","fillOpacity":0.44,"stroke":"#fec44f","strokeOpacity":0.56,"strokeWeight":0.35},"geometry":{"type":"Polygon","coordinates":[[[1.2526,36.5],[1.3,36.5474],[1.4,36.5444],[1.5,36.5412],[1.6,36.5375],[1.7,36.5167],[1.7667,36.5],[1.7,36.475],[1.6,36.45],[1.5,36.45],[1.4,36.4467],[1.3,36.4357],[1.2526,36.5]]]}},{"type":"Feature","properties":{"layer_id":"1981_2000_T20","layer_label":"1981_2000, T>20\u00b0C","low":25.0,"high":50.0,"label":"25\u201350 %","fill":"#fec44f","fillOpacity":0.44,"stroke":"#fec44f","strokeOpacity":0.56,"strokeWeight":0.35},"geometry":{"type":"Polygon","coordinates":[[[2.0526,36.6],[2.1,36.6474],[2.2,36.6412],[2.3,36.6333],[2.4,36.6375],[2.5,36.6375],[2.5857,36.6],[2.5,36.525],[2.4,36.54],[2.3,36.5545],[2.2,36.5462],[2.1,36.5357],[2.0526,36.6]]]}},{"type":"Feature","properties":{"layer_id":"1981_2000_T20","layer_label":"1981_2000, T>20\u00b0C","low":25.0,"high":50.0,"label":"25\u201350 %","fill":"#fec44f","fillOpacity":0.44,"stroke":"#fec44f","strokeOpacity":0.56,"strokeWeight":0.35},"geometry":{"type":"Polygon","coordinates":[[[2.62,36.6],[2.6526,36.7],[2.7,36.7474],[2.8,36.7333],[2.8588,36.8],[2.9,36.8412],[3.0,36.8412],[3.0412,36.8],[3.0,36.7],[3.0,36.7],[2.9,36.6333],[2.85,36.6],[2.8,36.5667],[2.7,36.55],[2.62,36.6]]]}},{"type":"Feature","properties":{"layer_id":"1981_2000_T20","layer_label":"1981_2000, T>20\u00b0C","low":25.0,"high":50.0,"label":"25\u201350 %","fill":"#fec44f","fillOpacity":0.44,"stroke":"#fec44f","strokeOpacity":0.56,"strokeWeight":0.35},"geometry":{"type":"Polygon","coordinates":[[[23.6,35.2313],[23.7,35.2417],[23.7875,35.3],[23.78,35.4],[23.8,35.4063],[23.9,35.4176],[24.0,35.425],[24.1,35.4143],[24.1706,35.5],[24.1,35.5706],[24.0,35.5643],[23.9,35.5737],[23.8,35.575],[23.725,35.5],[23.7,35.4444],[23.6,35.45],[23.55,35.4],[23.5313,35.3],[23.6,35.2313]]]}},{"type":"Feature","properties":{"layer_id":"1981_2000_T20","layer_label":"1981_2000, T>20\u00b0C","low":25.0,"high":50.0,"label":"25\u201350 %","fill":"#fec44f","fillOpacity":0.44,"stroke":"#fec44f","strokeOpacity":0.56,"strokeWeight":0.35},"geometry":{"type":"Polygon","coordinates":[[[23.75,35.5],[23.8,35.55],[23.9,35.5474],[24.0,35.5286],[24.1,35.5412],[24.1412,35.5],[24.1,35.45],[24.0,35.4667],[23.9,35.4471],[23.8,35.4375],[23.75,35.5]]]}},{"type":"Feature","properties":{"layer_id":"1981_2000_T20","layer_label":"1981_2000, T>20\u00b0C","low":25.0,"high":50.0,"label":"25\u201350 %","fill":"#fec44f","fillOpacity":0.44,"stroke":"#fec44f","strokeOpacity":0.56,"strokeWeight":0.35},"geometry":{"type":"Polygon","coordinates":[[[2.4,35.3333],[2.5,35.3],[2.56,35.4],[2.6,35.44],[2.7,35.44],[2.8,35.425],[2.9,35.4167],[3.0,35.5],[3.0,35.5],[3.0,35.5],[3.1,35.45],[3.2,35.4333],[3.25,35.5],[3.3,35.5667],[3.35,35.6],[3.3,35.65],[3.2,35.65],[3.15,35.7],[3.1,35.7333],[3.0,35.8],[3.0,35.8],[2.9,35.8333],[2.8333,35.9],[2.8,35.95],[2.7,36.0],[2.65,35.9],[2.6,35.8],[2.6,35.8],[2.5,35.79],[2.4,35.79],[2.3,35.79],[2.25,35.8],[2.2,35.8167],[2.1667,35.8],[2.1,35.7818],[2.0,35.7778],[1.9,35.7667],[1.8,35.7],[1.8,35.6],[1.9,35.55],[1.9333,35.5],[2.0,35.45],[2.1,35.5],[2.1,35.5],[2.2,35.5],[2.2,35.5],[2.3,35.4],[2.3,35.4],[2.4,35.3333]]]}},{"type":"Feature","properties":{"layer_id":"1981_2000_T20","layer_label":"1981_2000, T>20\u00b0C","low":25.0,"high":50.0,"label":"25\u201350 %","fill":"#fec44f","fillOpacity":0.44,"stroke":"#fec44f","strokeOpacity":0.56,"strokeWeight":0.35},"geometry":{"type":"Polygon","coordinates":[[[2.06,35.6],[2.0,35.66],[1.9333,35.7],[2.0,35.7222],[2.1,35.7364],[2.2,35.7556],[2.3,35.74],[2.4,35.74],[2.5,35.74],[2.6,35.7286],[2.7,35.76],[2.8,35.7333],[2.9,35.7333],[3.0,35.7],[2.95,35.6],[2.9,35.5],[2.8,35.55],[2.7,35.5667],[2.6,35.6],[2.6,35.6],[2.5,35.6],[2.4,35.6333],[2.3,35.6333],[2.2,35.6167],[2.1667,35.6],[2.1,35.5714],[2.06,35.6]]]}},{"type":"Feature","properties":{"layer_id":"1981_2000_T20","layer_label":"1981_2000, T>20\u00b0C","low":25.0,"high":50.0,"label":"25\u201350 %","fill":"#fec44f","fillOpacity":0.44,"stroke":"#fec44f","strokeOpacity":0.56,"strokeWeight":0.35},"geometry":{"type":"Polygon","coordinates":[[[34.2,35.425],[34.3,35.425],[34.375,35.5],[34.4,35.525],[34.475,35.6],[34.5,35.625],[34.575,35.7],[34.5,35.775],[34.425,35.7],[34.4,35.675],[34.325,35.6],[34.3,35.575],[34.2,35.575],[34.125,35.5],[34.2,35.425]]]}},{"type":"Feature","properties":{"layer_id":"1981_2000_T20","layer_label":"1981_2000, T>20\u00b0C","low":25.0,"high":50.0,"label":"25\u201350 %","fill":"#fec44f","fillOpacity":0.44,"stroke":"#fec44f","strokeOpacity":0.56,"strokeWeight":0.35},"geometry":{"type":"Polygon","coordinates":[[[14.4,35.825],[14.5,35.825],[14.575,35.9],[14.5,35.975],[14.4,35.975],[14.325,35.9],[14.4,35.825]]]}},{"type":"Feature","properties":{"layer_id":"1981_2000_T20","layer_label":"1981_2000, T>20\u00b0C","low":25.0,"high":50.0,"label":"25\u201350 %","fill":"#fec44f","fillOpacity":0.44,"stroke":"#fec44f","strokeOpacity":0.56,"strokeWeight":0.35},"geometry":{"type":"Polygon","coordinates":[[[27.9,35.925],[27.975,36.0],[28.0,36.025],[28.075,36.1],[28.1,36.125],[28.175,36.2],[28.175,36.3],[28.2,36.325],[28.275,36.4],[28.2,36.475],[28.1,36.475],[28.0,36.475],[27.925,36.4],[27.9,36.375],[27.825,36.3],[27.8,36.275],[27.725,36.2],[27.725,36.1],[27.8,36.025],[27.825,36.0],[27.9,35.925]]]}},{"type":"Feature","properties":{"layer_id":"1981_2000_T20","layer_label":"1981_2000, T>20\u00b0C","low":25.0,"high":50.0,"label":"25\u201350 %","fill":"#fec44f","fillOpacity":0.44,"stroke":"#fec44f","strokeOpacity":0.56,"strokeWeight":0.35},"geometry":{"type":"Polygon","coordinates":[[[27.85,36.0],[27.8,36.05],[27.75,36.1],[27.75,36.2],[27.8,36.25],[27.85,36.3],[27.9,36.35],[27.95,36.4],[28.0,36.45],[28.1,36.45],[28.2,36.45],[28.25,36.4],[28.2,36.35],[28.15,36.3],[28.15,36.2],[28.1,36.15],[28.05,36.1],[28.0,36.05],[27.95,36.0],[27.9,35.95],[27.85,36.0]]]}},{"type":"Feature","properties":{"layer_id":"1981_2000_T20","layer_label":"1981_2000, T>20\u00b0C","low":25.0,"high":50.0,"label":"25\u201350 %","fill":"#fec44f","fillOpacity":0.44,"stroke":"#fec44f","strokeOpacity":0.56,"strokeWeight":0.35},"geometry":{"type":"Polygon","coordinates":[[[-5.7,36.0833],[-5.6,36.0833],[-5.5,36.0556],[-5.4556,36.1],[-5.4,36.1455],[-5.3455,36.2],[-5.3,36.2385],[-5.2385,36.3],[-5.25,36.4],[-5.3,36.4833],[-5.4,36.45],[-5.475,36.4],[-5.4667,36.3],[-5.5,36.25],[-5.55,36.2],[-5.6,36.15],[-5.7,36.15],[-5.7167,36.1],[-5.7,36.0833]]]}},{"type":"Feature","properties":{"layer_id":"1981_2000_T20","layer_label":"1981_2000, T>20\u00b0C","low":25.0,"high":50.0,"label":"25\u201350 %","fill":"#fec44f","fillOpacity":0.44,"stroke":"#fec44f","strokeOpacity":0.56,"strokeWeight":0.35},"geometry":{"type":"Polygon","coordinates":[[[32.7,36.025],[32.8,36.025],[32.9,36.025],[32.975,36.1],[33.0,36.1263],[33.1,36.125],[33.2,36.125],[33.3,36.125],[33.4,36.125],[33.5,36.125],[33.6,36.125],[33.7,36.125],[33.775,36.2],[33.8,36.225],[33.9,36.225],[34.0,36.225],[34.075,36.3],[34.075,36.4],[34.1,36.4263],[34.1737,36.5],[34.2,36.5455],[34.2545,36.6],[34.3,36.6333],[34.4,36.6333],[34.5,36.625],[34.575,36.7],[34.5667,36.8],[34.6,36.8833],[34.7,36.8333],[34.8,36.825],[34.825,36.8],[34.9,36.725],[35.0,36.725],[35.025,36.7],[35.1,36.625],[35.2,36.625],[35.225,36.6],[35.3,36.525],[35.375,36.6],[35.4,36.625],[35.5,36.625],[35.575,36.7],[35.6,36.725],[35.7,36.725],[35.775,36.8],[35.8,36.825],[35.9,36.825],[35.975,36.9],[36.0,36.925],[36.1,36.925],[36.125,36.9],[36.2,36.825],[36.3,36.9],[36.2938,37.0],[36.3,37.0091],[36.3769,37.1],[36.4,37.13],[36.4778,37.2],[36.4667,37.3],[36.4,37.38],[36.3,37.4],[36.3,37.4],[36.2,37.4714],[36.1667,37.5],[36.1,37.55],[36.0,37.56],[35.9,37.575],[35.8,37.5625],[35.7,37.5333],[35.6333,37.5],[35.6,37.4889],[35.5,37.4429],[35.4,37.42],[35.38,37.4],[35.3,37.36],[35.2,37.3556],[35.1375,37.3],[35.1,37.275],[35.0,37.2],[35.0,37.2],[34.9,37.1167],[34.875,37.1],[34.8,37.07],[34.7,37.0],[34.7,37.0],[34.6,36.9167],[34.5833,36.9],[34.5,36.8667],[34.4,36.8],[34.4,36.8],[34.3,36.7667],[34.2231,36.7],[34.2,36.6667],[34.125,36.6],[34.1,36.5875],[34.0,36.5444],[33.9333,36.5],[33.9,36.4882],[33.8,36.48],[33.7143,36.4],[33.7,36.3875],[33.6,36.3667],[33.5,36.3333],[33.4,36.3167],[33.3667,36.3],[33.3,36.2882],[33.2,36.275],[33.1,36.275],[33.0,36.2737],[32.9,36.275],[32.8,36.2706],[32.7,36.2375],[32.6,36.2444],[32.5,36.2706],[32.4688,36.3],[32.4,36.3846],[32.3778,36.4],[32.3,36.4636],[32.2417,36.4],[32.225,36.3],[32.3,36.225],[32.4,36.2313],[32.4294,36.2],[32.5,36.1294],[32.6,36.1556],[32.625,36.1],[32.7,36.025]]]}},{"type":"Feature","properties":{"layer_id":"1981_2000_T20","layer_label":"1981_2000, T>20\u00b0C","low":25.0,"high":50.0,"label":"25\u201350 %","fill":"#fec44f","fillOpacity":0.44,"stroke":"#fec44f","strokeOpacity":0.56,"strokeWeight":0.35},"geometry":{"type":"Polygon","coordinates":[[[32.65,36.1],[32.7,36.1833],[32.7222,36.2],[32.8,36.2412],[32.9,36.25],[33.0,36.2474],[33.1,36.25],[33.2,36.25],[33.3,36.2588],[33.4,36.2714],[33.5,36.2769],[33.575,36.3],[33.6,36.3111],[33.7,36.3563],[33.75,36.4],[33.8,36.4467],[33.9,36.4588],[34.0,36.4909],[34.01,36.5],[34.1,36.5563],[34.1474,36.5],[34.1,36.4526],[34.05,36.4],[34.05,36.3],[34.0,36.25],[33.9,36.25],[33.8,36.25],[33.75,36.2],[33.7,36.15],[33.6,36.15],[33.5,36.15],[33.4,36.15],[33.3,36.15],[33.2,36.15],[33.1,36.15],[33.0,36.1526],[32.95,36.1],[32.9,36.05],[32.8,36.05],[32.7,36.05],[32.65,36.1]]]}},{"type":"Feature","properties":{"layer_id":"1981_2000_T20","layer_label":"1981_2000, T>20\u00b0C","low":25.0,"high":50.0,"label":"25\u201350 %","fill":"#fec44f","fillOpacity":0.44,"stroke":"#fec44f","strokeOpacity":0.56,"strokeWeight":0.35},"geometry":{"type":"Polygon","coordinates":[[[35.25,36.6],[35.2,36.65],[35.1,36.65],[35.05,36.7],[35.0,36.75],[34.9,36.75],[34.85,36.8],[34.8,36.85],[34.7,36.8667],[34.6444,36.9],[34.7,36.95],[34.7714,37.0],[34.8,37.02],[34.9,37.06],[34.94,37.1],[35.0,37.1545],[35.0556,37.2],[35.1,37.2333],[35.2,37.3],[35.2,37.3],[35.3,37.31],[35.4,37.36],[35.5,37.3778],[35.54,37.4],[35.6,37.4333],[35.7,37.4625],[35.8,37.5],[35.8,37.5],[35.9,37.5125],[36.0,37.51],[36.05,37.5],[36.1,37.48],[36.2,37.4],[36.2,37.4],[36.3,37.3583],[36.4,37.33],[36.425,37.3],[36.4222,37.2],[36.4,37.18],[36.3385,37.1],[36.3,37.0545],[36.2625,37.0],[36.2667,36.9],[36.2,36.85],[36.15,36.9],[36.1,36.95],[36.0,36.95],[35.95,36.9],[35.9,36.85],[35.8,36.85],[35.75,36.8],[35.7,36.75],[35.6,36.75],[35.55,36.7],[35.5,36.65],[35.4,36.65],[35.35,36.6],[35.3,36.55],[35.25,36.6]]]}},{"type":"Feature","properties":{"layer_id":"1981_2000_T20","layer_label":"1981_2000, T>20\u00b0C","low":25.0,"high":50.0,"label":"25\u201350 %","fill":"#fec44f","fillOpacity":0.44,"stroke":"#fec44f","strokeOpacity":0.56,"strokeWeight":0.35},"geometry":{"type":"Polygon","coordinates":[[[34.2615,36.7],[34.3,36.7333],[34.4,36.75],[34.45,36.8],[34.5,36.8333],[34.5333,36.8],[34.55,36.7],[34.5,36.65],[34.4,36.6667],[34.3,36.6667],[34.2615,36.7]]]}},{"type":"Feature","properties":{"layer_id":"1981_2000_T20","layer_label":"1981_2000, T>20\u00b0C","low":25.0,"high":50.0,"label":"25\u201350 %","fill":"#fec44f","fillOpacity":0.44,"stroke":"#fec44f","strokeOpacity":0.56,"strokeWeight":0.35},"geometry":{"type":"Polygon","coordinates":[[[-6.0,36.1625],[-5.9625,36.2],[-5.9,36.2714],[-5.8,36.3],[-5.9,36.3667],[-5.95,36.4],[-6.0,36.5],[-6.1,36.4667],[-6.1286,36.4],[-6.1444,36.3],[-6.1,36.2556],[-6.0375,36.2],[-6.0,36.1625]]]}},{"type":"Feature","properties":{"layer_id":"1981_2000_T20","layer_label":"1981_2000, T>20\u00b0C","low":25.0,"high":50.0,"label":"25\u201350 %","fill":"#fec44f","fillOpacity":0.44,"stroke":"#fec44f","strokeOpacity":0.56,"strokeWeight":0.35},"geometry":{"type":"Polygon","coordinates":[[[23.0,36.125],[23.075,36.2],[23.075,36.3],[23.0,36.375],[22.925,36.3],[22.925,36.2],[23.0,36.125]]]}},{"type":"Feature","properties":{"layer_id":"1981_2000_T20","layer_label":"1981_2000, T>20\u00b0C","low":25.0,"high":50.0,"label":"25\u201350 %","fill":"#fec44f","fillOpacity":0.44,"stroke":"#fec44f","strokeOpacity":0.56,"strokeWeight":0.35},"geometry":{"type":"Polygon","coordinates":[[[29.5,36.125],[29.575,36.2],[29.6,36.2714],[29.625,36.2],[29.7,36.125],[29.8,36.125],[29.875,36.2],[29.9,36.2263],[30.0,36.25],[30.1,36.225],[30.175,36.3],[30.2,36.325],[30.225,36.3],[30.3,36.225],[30.4,36.225],[30.5,36.225],[30.575,36.3],[30.5,36.375],[30.475,36.4],[30.5,36.4263],[30.5737,36.5],[30.575,36.6],[30.5667,36.7],[30.5583,36.8],[30.6,36.8278],[30.6722,36.9],[30.7,36.9278],[30.725,36.9],[30.8,36.825],[30.9,36.825],[31.0,36.825],[31.1,36.825],[31.2,36.825],[31.3,36.825],[31.325,36.8],[31.4,36.725],[31.5,36.725],[31.6,36.725],[31.625,36.7],[31.7,36.625],[31.8,36.6417],[31.85,36.6],[31.9,36.55],[31.9625,36.6],[31.9,36.65],[31.8583,36.7],[31.8,36.7875],[31.7889,36.8],[31.7,36.8727],[31.6,36.8938],[31.5917,36.9],[31.5,36.9688],[31.4375,37.0],[31.4,37.0375],[31.3,37.0867],[31.2818,37.1],[31.2,37.1643],[31.1,37.1688],[31.0,37.1929],[30.9889,37.2],[30.9,37.2615],[30.8,37.2833],[30.7091,37.2],[30.7,37.1917],[30.6154,37.1],[30.6,37.0846],[30.5214,37.0],[30.5188,36.9],[30.5,36.87],[30.4417,36.8],[30.4333,36.7],[30.425,36.6],[30.4,36.5688],[30.3,36.5444],[30.2429,36.5],[30.2,36.4833],[30.1118,36.4],[30.1,36.3882],[30.0,36.35],[29.9,36.3737],[29.8,36.4],[29.7,36.3706],[29.6,36.3286],[29.5,36.3444],[29.4,36.4],[29.4,36.4],[29.3167,36.5],[29.3167,36.6],[29.3,36.7],[29.275,36.6],[29.2667,36.5],[29.2,36.4875],[29.1263,36.4],[29.2,36.3263],[29.225,36.3],[29.3,36.225],[29.4,36.225],[29.425,36.2],[29.5,36.125]]]}},{"type":"Feature","properties":{"layer_id":"1981_2000_T20","layer_label":"1981_2000, T>20\u00b0C","low":25.0,"high":50.0,"label":"25\u201350 %","fill":"#fec44f","fillOpacity":0.44,"stroke":"#fec44f","strokeOpacity":0.56,"strokeWeight":0.35},"geometry":{"type":"Polygon","coordinates":[[[29.45,36.2],[29.4,36.25],[29.3,36.25],[29.25,36.3],[29.2,36.3526],[29.1526,36.4],[29.2,36.4563],[29.3,36.46],[29.3545,36.4],[29.4,36.3667],[29.4909,36.3],[29.5,36.2909],[29.55,36.2],[29.5,36.15],[29.45,36.2]]]}},{"type":"Feature","properties":{"layer_id":"1981_2000_T20","layer_label":"1981_2000, T>20\u00b0C","low":25.0,"high":50.0,"label":"25\u201350 %","fill":"#fec44f","fillOpacity":0.44,"stroke":"#fec44f","strokeOpacity":0.56,"strokeWeight":0.35},"geometry":{"type":"Polygon","coordinates":[[[29.65,36.2],[29.63,36.3],[29.7,36.3412],[29.8,36.3667],[29.9,36.3474],[30.0,36.3],[29.9,36.2526],[29.85,36.2],[29.8,36.15],[29.7,36.15],[29.65,36.2]]]}},{"type":"Feature","properties":{"layer_id":"1981_2000_T20","layer_label":"1981_2000, T>20\u00b0C","low":25.0,"high":50.0,"label":"25\u201350 %","fill":"#fec44f","fillOpacity":0.44,"stroke":"#fec44f","strokeOpacity":0.56,"strokeWeight":0.35},"geometry":{"type":"Polygon","coordinates":[[[30.0,36.3],[30.1,36.3588],[30.1412,36.4],[30.2,36.4556],[30.3,36.4909],[30.3143,36.5],[30.4,36.5375],[30.45,36.6],[30.4667,36.7],[30.4833,36.8],[30.5,36.82],[30.5167,36.8],[30.5333,36.7],[30.55,36.6],[30.5474,36.5],[30.5,36.4526],[30.45,36.4],[30.5,36.35],[30.55,36.3],[30.5,36.25],[30.4,36.25],[30.3,36.25],[30.25,36.3],[30.2,36.35],[30.15,36.3],[30.1,36.25],[30.0,36.3]]]}},{"type":"Feature","properties":{"layer_id":"1981_2000_T20","layer_label":"1981_2000, T>20\u00b0C","low":25.0,"high":50.0,"label":"25\u201350 %","fill":"#fec44f","fillOpacity":0.44,"stroke":"#fec44f","strokeOpacity":0.56,"strokeWeight":0.35},"geometry":{"type":"Polygon","coordinates":[[[31.65,36.7],[31.6,36.75],[31.5,36.75],[31.4,36.75],[31.35,36.8],[31.3,36.85],[31.2,36.85],[31.1,36.85],[31.0,36.85],[30.9,36.85],[30.8,36.85],[30.75,36.9],[30.7,36.9556],[30.6444,36.9],[30.6,36.8556],[30.55,36.9],[30.5571,37.0],[30.6,37.0462],[30.6538,37.1],[30.7,37.15],[30.7545,37.2],[30.8,37.2417],[30.9,37.2231],[30.9333,37.2],[31.0,37.1571],[31.1,37.1375],[31.2,37.1286],[31.2364,37.1],[31.3,37.0533],[31.38,37.0],[31.4,36.9833],[31.5,36.9375],[31.55,36.9],[31.6,36.8625],[31.7,36.8273],[31.7333,36.8],[31.8,36.725],[31.8167,36.7],[31.8,36.6833],[31.7,36.65],[31.65,36.7]]]}},{"type":"Feature","properties":{"layer_id":"1981_2000_T20","layer_label":"1981_2000, T>20\u00b0C","low":25.0,"high":50.0,"label":"25\u201350 %","fill":"#fec44f","fillOpacity":0.44,"stroke":"#fec44f","strokeOpacity":0.56,"strokeWeight":0.35},"geometry":{"type":"Polygon","coordinates":[[[25.4,36.325],[25.5,36.325],[25.575,36.4],[25.5,36.475],[25.4,36.475],[25.325,36.4],[25.4,36.325]]]}},{"type":"Feature","properties":{"layer_id":"1981_2000_T20","layer_label":"1981_2000, T>20\u00b0C","low":25.0,"high":50.0,"label":"25\u201350 %","fill":"#fec44f","fillOpacity":0.44,"stroke":"#fec44f","strokeOpacity":0.56,"strokeWeight":0.35},"geometry":{"type":"Polygon","coordinates":[[[23.1,36.425],[23.175,36.5],[23.1,36.575],[23.075,36.6],[23.0643,36.7],[23.1,36.725],[23.175,36.8],[23.1,36.875],[23.0,36.9],[22.9,36.875],[22.8,36.8857],[22.7867,36.9],[22.7,36.9867],[22.6667,37.0],[22.6,37.05],[22.52,37.0],[22.5,36.9],[22.5,36.9],[22.4,36.8286],[22.3,36.8375],[22.2625,36.8],[22.3,36.7625],[22.325,36.7],[22.4,36.625],[22.475,36.7],[22.5,36.7385],[22.6,36.7263],[22.6737,36.8],[22.7,36.8278],[22.7294,36.8],[22.8,36.7294],[22.8278,36.7],[22.9,36.6278],[22.925,36.6],[23.0,36.525],[23.025,36.5],[23.1,36.425]]]}},{"type":"Feature","properties":{"layer_id":"1981_2000_T20","layer_label":"1981_2000, T>20\u00b0C","low":25.0,"high":50.0,"label":"25\u201350 %","fill":"#fec44f","fillOpacity":0.44,"stroke":"#fec44f","strokeOpacity":0.56,"strokeWeight":0.35},"geometry":{"type":"Polygon","coordinates":[[[22.95,36.6],[22.9,36.6556],[22.8556,36.7],[22.8,36.7588],[22.7588,36.8],[22.8,36.85],[22.9,36.8125],[23.0,36.8643],[23.1,36.85],[23.15,36.8],[23.1,36.75],[23.0286,36.7],[23.05,36.6],[23.0,36.55],[22.95,36.6]]]}},{"type":"Feature","properties":{"layer_id":"1981_2000_T20","layer_label":"1981_2000, T>20\u00b0C","low":25.0,"high":50.0,"label":"25\u201350 %","fill":"#fec44f","fillOpacity":0.44,"stroke":"#fec44f","strokeOpacity":0.56,"strokeWeight":0.35},"geometry":{"type":"Polygon","coordinates":[[[22.45,36.8],[22.5,36.8375],[22.5333,36.9],[22.6,36.9909],[22.7,36.9533],[22.7533,36.9],[22.7,36.8556],[22.6474,36.8],[22.6,36.7526],[22.5,36.7769],[22.45,36.8]]]}},{"type":"Feature","properties":{"layer_id":"1981_2000_T20","layer_label":"1981_2000, T>20\u00b0C","low":25.0,"high":50.0,"label":"25\u201350 %","fill":"#fec44f","fillOpacity":0.44,"stroke":"#fec44f","strokeOpacity":0.56,"strokeWeight":0.35},"geometry":{"type":"Polygon","coordinates":[[[33.4,36.4625],[33.5,36.4444],[33.6,36.4375],[33.6714,36.5],[33.6286,36.6],[33.6,36.6286],[33.5,36.6692],[33.4,36.69],[33.38,36.7],[33.3,36.75],[33.2429,36.7],[33.2556,36.6],[33.3,36.5429],[33.35,36.5],[33.4,36.4625]]]}},{"type":"Feature","properties":{"layer_id":"1981_2000_T20","layer_label":"1981_2000, T>20\u00b0C","low":25.0,"high":50.0,"label":"25\u201350 %","fill":"#fec44f","fillOpacity":0.44,"stroke":"#fec44f","strokeOpacity":0.56,"strokeWeight":0.35},"geometry":{"type":"Polygon","coordinates":[[[-6.2,36.5833],[-6.15,36.6],[-6.15,36.7],[-6.1,36.75],[-6.0667,36.8],[-6.0,36.8667],[-5.95,36.9],[-5.9,36.95],[-5.8,37.0],[-5.8,37.0],[-5.7,37.1],[-5.7,37.1],[-5.7,37.1],[-5.6,37.08],[-5.5,37.1],[-5.5,37.1],[-5.5,37.1],[-5.4,37.05],[-5.375,37.1],[-5.3,37.1429],[-5.22,37.2],[-5.2,37.22],[-5.12,37.3],[-5.1,37.3167],[-5.0,37.4],[-5.0,37.4],[-4.9,37.4],[-4.9,37.4],[-4.8,37.38],[-4.7,37.4],[-4.7,37.4],[-4.6,37.5],[-4.6,37.6],[-4.6,37.7],[-4.6,37.7],[-4.5,37.75],[-4.45,37.8],[-4.4,37.85],[-4.3,37.9],[-4.3,37.9],[-4.2,37.9],[-4.1,37.92],[-4.0,37.9667],[-3.9,37.9667],[-3.8,38.0],[-3.8,38.0],[-3.7,38.0143],[-3.6143,38.1],[-3.6,38.1333],[-3.5,38.15],[-3.4667,38.2],[-3.4,38.2667],[-3.3,38.2667],[-3.2714,38.3],[-3.3,38.3286],[-3.4,38.32],[-3.5,38.3333],[-3.55,38.3],[-3.6,38.25],[-3.7,38.2],[-3.7,38.2],[-3.7,38.2],[-3.8,38.3],[-3.8,38.3],[-3.9,38.4],[-4.0,38.35],[-4.0333,38.3],[-4.1,38.2333],[-4.2,38.2],[-4.2,38.2],[-4.3,38.2],[-4.4,38.1875],[-4.5,38.1667],[-4.6,38.15],[-4.7,38.1],[-4.7,38.1],[-4.8,38.0667],[-4.8667,38.0],[-4.9,37.975],[-5.0,37.925],[-5.1,37.95],[-5.2,37.975],[-5.3,37.98],[-5.38,37.9],[-5.4,37.8875],[-5.5,37.8333],[-5.55,37.8],[-5.6,37.7917],[-5.7,37.8],[-5.7,37.8],[-5.8,37.8667],[-5.9,37.85],[-6.0,37.8333],[-6.05,37.8],[-6.0,37.7],[-6.0,37.7],[-6.0,37.7],[-6.1,37.7],[-6.2,37.7],[-6.3,37.64],[-6.35,37.6],[-6.3333,37.5],[-6.4,37.4],[-6.3,37.3333],[-6.28,37.3],[-6.3,37.275],[-6.4,37.2],[-6.4,37.2],[-6.5,37.1],[-6.5,37.1],[-6.55,37.0],[-6.5,36.95],[-6.4667,36.9],[-6.4667,36.8],[-6.4444,36.7],[-6.4,36.6556],[-6.3,36.6625],[-6.2167,36.6],[-6.2,36.5833]]]}},{"type":"Feature","properties":{"layer_id":"1981_2000_T20","layer_label":"1981_2000, T>20\u00b0C","low":25.0,"high":50.0,"label":"25\u201350 %","fill":"#fec44f","fillOpacity":0.44,"stroke":"#fec44f","strokeOpacity":0.56,"strokeWeight":0.35},"geometry":{"type":"Polygon","coordinates":[[[-6.4333,36.8],[-6.4333,36.9],[-6.5,37.0],[-6.4,37.0714],[-6.35,37.1],[-6.3,37.15],[-6.2333,37.2],[-6.2,37.25],[-6.1,37.2],[-6.1,37.2],[-6.0,37.1],[-6.05,37.0],[-6.1,36.95],[-6.15,36.9],[-6.2,36.86],[-6.3,36.8],[-6.3,36.8],[-6.4,36.7167],[-6.4333,36.8]]]}},{"type":"Feature","properties":{"layer_id":"1981_2000_T20","layer_label":"1981_2000, T>20\u00b0C","low":25.0,"high":50.0,"label":"25\u201350 %","fill":"#fec44f","fillOpacity":0.44,"stroke":"#fec44f","strokeOpacity":0.56,"strokeWeight":0.35},"geometry":{"type":"Polygon","coordinates":[[[-6.15,37.4],[-6.1,37.45],[-6.08,37.5],[-6.0,37.58],[-5.9667,37.6],[-5.9,37.6667],[-5.8667,37.7],[-5.8,37.7667],[-5.7,37.7286],[-5.6,37.75],[-5.5,37.76],[-5.4333,37.8],[-5.4,37.825],[-5.3,37.8857],[-5.2,37.8714],[-5.1,37.85],[-5.0333,37.8],[-5.1,37.75],[-5.2,37.7],[-5.2,37.7],[-5.25,37.6],[-5.3,37.55],[-5.35,37.5],[-5.3,37.4],[-5.4,37.3],[-5.5,37.3],[-5.6,37.35],[-5.6333,37.4],[-5.6,37.45],[-5.55,37.5],[-5.5,37.55],[-5.45,37.6],[-5.5,37.6143],[-5.55,37.6],[-5.6,37.55],[-5.7,37.5],[-5.7,37.5],[-5.8,37.4667],[-5.8667,37.4],[-5.9,37.35],[-6.0,37.325],[-6.1,37.35],[-6.15,37.4]]]}},{"type":"Feature","properties":{"layer_id":"1981_2000_T20","layer_label":"1981_2000, T>20\u00b0C","low":25.0,"high":50.0,"label":"25\u201350 %","fill":"#fec44f","fillOpacity":0.44,"stroke":"#fec44f","strokeOpacity":0.56,"strokeWeight":0.35},"geometry":{"type":"Polygon","coordinates":[[[-4.7,38.0],[-4.6,38.075],[-4.55,38.1],[-4.5,38.1111],[-4.4,38.125],[-4.3,38.1286],[-4.2,38.1286],[-4.1,38.12],[-4.0,38.125],[-3.9,38.1],[-4.0,38.075],[-4.1,38.05],[-4.2,38.0333],[-4.25,38.0],[-4.3,37.9833],[-4.4,37.9667],[-4.5,37.95],[-4.6,37.9],[-4.7,38.0]]]}},{"type":"Feature","properties":{"layer_id":"1981_2000_T20","layer_label":"1981_2000, T>20\u00b0C","low":25.0,"high":50.0,"label":"25\u201350 %","fill":"#fec44f","fillOpacity":0.44,"stroke":"#fec44f","strokeOpacity":0.56,"strokeWeight":0.35},"geometry":{"type":"Polygon","coordinates":[[[-4.5,36.6714],[-4.4,36.65],[-4.3,36.6417],[-4.2417,36.7],[-4.3,36.7778],[-4.4,36.7556],[-4.5,36.7286],[-4.5667,36.7],[-4.5,36.6714]]]}},{"type":"Feature","properties":{"layer_id":"1981_2000_T20","layer_label":"1981_2000, T>20\u00b0C","low":25.0,"high":50.0,"label":"25\u201350 %","fill":"#fec44f","fillOpacity":0.44,"stroke":"#fec44f","strokeOpacity":0.56,"strokeWeight":0.35},"geometry":{"type":"Polygon","coordinates":[[[5.0,36.675],[5.1,36.6286],[5.15,36.7],[5.1,36.75],[5.0667,36.8],[5.0,36.8667],[4.9,36.8583],[4.8,36.8444],[4.7667,36.9],[4.7,36.9667],[4.6,36.9643],[4.5,36.9706],[4.4,36.9706],[4.3294,36.9],[4.3,36.8286],[4.2688,36.9],[4.2,36.9688],[4.1,36.9688],[4.0,36.9722],[3.9,36.975],[3.8,36.975],[3.725,36.9],[3.7,36.8667],[3.6333,36.8],[3.7,36.7],[3.8,36.7],[3.9,36.7],[4.0,36.7],[4.1,36.7],[4.2,36.7],[4.3,36.7333],[4.4,36.7667],[4.5,36.8],[4.5,36.8],[4.6,36.8],[4.6,36.8],[4.7,36.78],[4.8,36.7333],[4.9,36.7125],[4.95,36.7],[5.0,36.675]]]}},{"type":"Feature","properties":{"layer_id":"1981_2000_T20","layer_label":"1981_2000, T>20\u00b0C","low":25.0,"high":50.0,"label":"25\u201350 %","fill":"#fec44f","fillOpacity":0.44,"stroke":"#fec44f","strokeOpacity":0.56,"strokeWeight":0.35},"geometry":{"type":"Polygon","coordinates":[[[3.6667,36.8],[3.7,36.8333],[3.75,36.9],[3.8,36.95],[3.9,36.95],[4.0,36.9444],[4.1,36.9375],[4.2,36.9375],[4.2375,36.9],[4.2,36.825],[4.1,36.8333],[4.0,36.8273],[3.9,36.8231],[3.825,36.8],[3.8,36.7833],[3.7,36.75],[3.6667,36.8]]]}},{"type":"Feature","properties":{"layer_id":"1981_2000_T20","layer_label":"1981_2000, T>20\u00b0C","low":25.0,"high":50.0,"label":"25\u201350 %","fill":"#fec44f","fillOpacity":0.44,"stroke":"#fec44f","strokeOpacity":0.56,"strokeWeight":0.35},"geometry":{"type":"Polygon","coordinates":[[[4.3588,36.9],[4.4,36.9412],[4.5,36.9412],[4.6,36.9286],[4.7,36.9333],[4.7333,36.9],[4.7,36.8444],[4.6,36.8556],[4.5,36.8417],[4.4,36.83],[4.3588,36.9]]]}},{"type":"Feature","properties":{"layer_id":"1981_2000_T20","layer_label":"1981_2000, T>20\u00b0C","low":25.0,"high":50.0,"label":"25\u201350 %","fill":"#fec44f","fillOpacity":0.44,"stroke":"#fec44f","strokeOpacity":0.56,"strokeWeight":0.35},"geometry":{"type":"Polygon","coordinates":[[[14.8,36.625],[14.875,36.7],[14.9,36.725],[14.925,36.7],[15.0,36.625],[15.075,36.7],[15.0737,36.8],[15.0722,36.9],[15.1,36.9278],[15.2,36.9263],[15.2737,37.0],[15.2737,37.1],[15.2737,37.2],[15.2722,37.3],[15.2,37.3722],[15.1722,37.4],[15.175,37.5],[15.1667,37.6],[15.2,37.6714],[15.2286,37.7],[15.2688,37.8],[15.2688,37.9],[15.2,37.9846],[15.1313,37.9],[15.1313,37.8],[15.1714,37.7],[15.1,37.6667],[15.0286,37.6],[15.0,37.5778],[14.9,37.5875],[14.8,37.6],[14.7444,37.5],[14.725,37.4],[14.7667,37.3],[14.8,37.275],[14.9,37.2],[14.9,37.2],[14.9333,37.1],[14.9,37.05],[14.85,37.0],[14.8,36.9833],[14.7667,37.0],[14.7,37.0667],[14.6,37.1],[14.6,37.1],[14.5,37.175],[14.4,37.1615],[14.3,37.1615],[14.2,37.1643],[14.1357,37.1],[14.2,37.0357],[14.3,37.0385],[14.3263,37.0],[14.4,36.9263],[14.4263,36.9],[14.425,36.8],[14.5,36.725],[14.6,36.725],[14.7,36.7263],[14.725,36.7],[14.8,36.625]]]}},{"type":"Feature","properties":{"layer_id":"1981_2000_T20","layer_label":"1981_2000, T>20\u00b0C","low":25.0,"high":50.0,"label":"25\u201350 %","fill":"#fec44f","fillOpacity":0.44,"stroke":"#fec44f","strokeOpacity":0.56,"strokeWeight":0.35},"geometry":{"type":"Polygon","coordinates":[[[14.75,36.7],[14.7,36.7526],[14.6,36.75],[14.5,36.75],[14.45,36.8],[14.4526,36.9],[14.4,36.9526],[14.3526,37.0],[14.3,37.0769],[14.2,37.0714],[14.1714,37.1],[14.2,37.1286],[14.3,37.1231],[14.4,37.1231],[14.5,37.1333],[14.5444,37.1],[14.6,37.0],[14.6,37.0],[14.7,36.9],[14.7,36.9],[14.8,36.9],[14.8,36.9],[14.9,36.96],[15.0,37.0],[15.0,37.0],[15.0273,37.1],[15.0,37.16],[14.9714,37.2],[14.9,37.2833],[14.88,37.3],[14.8,37.38],[14.7875,37.4],[14.8,37.5],[14.8,37.5],[14.9,37.5563],[15.0,37.55],[15.0643,37.6],[15.1,37.6333],[15.1333,37.6],[15.15,37.5],[15.1444,37.4],[15.2,37.3444],[15.2444,37.3],[15.2474,37.2],[15.2474,37.1],[15.2474,37.0],[15.2,36.9526],[15.1,36.9556],[15.0444,36.9],[15.0474,36.8],[15.05,36.7],[15.0,36.65],[14.95,36.7],[14.9,36.75],[14.85,36.7],[14.8,36.65],[14.75,36.7]]]}},{"type":"Feature","properties":{"layer_id":"1981_2000_T20","layer_label":"1981_2000, T>20\u00b0C","low":25.0,"high":50.0,"label":"25\u201350 %","fill":"#fec44f","fillOpacity":0.44,"stroke":"#fec44f","strokeOpacity":0.56,"strokeWeight":0.35},"geometry":{"type":"Polygon","coordinates":[[[28.1,36.625],[28.2,36.625],[28.275,36.7],[28.275,36.8],[28.3,36.825],[28.4,36.8263],[28.5,36.8263],[28.525,36.8],[28.6,36.725],[28.625,36.7],[28.7,36.625],[28.8,36.625],[28.875,36.7],[28.9,36.7278],[29.0,36.7455],[29.06,36.8],[29.0,36.8857],[28.99,36.9],[28.9,36.9818],[28.8,37.0],[28.8,37.0],[28.7,37.0636],[28.6,37.1],[28.6,37.1],[28.5,37.16],[28.4,37.18],[28.3,37.2],[28.3,37.2],[28.28,37.3],[28.2833,37.4],[28.2,37.5],[28.2,37.5],[28.1,37.57],[28.05,37.6],[28.0333,37.7],[28.1,37.78],[28.2,37.78],[28.3,37.7833],[28.4,37.8],[28.4,37.8],[28.5,37.85],[28.55,37.9],[28.5,37.9333],[28.4,37.9667],[28.3,37.95],[28.22,37.9],[28.2,37.85],[28.1,37.825],[28.0,37.8667],[27.9,37.8733],[27.8,37.8833],[27.7,37.9],[27.7,37.9],[27.6,37.975],[27.5667,38.0],[27.6,38.025],[27.6429,38.1],[27.6,38.15],[27.5,38.2],[27.5,38.2],[27.4,38.25],[27.3714,38.3],[27.3,38.3714],[27.26,38.4],[27.2,38.5],[27.2,38.5],[27.1833,38.6],[27.175,38.7],[27.18,38.8],[27.1875,38.9],[27.1857,39.0],[27.2,39.05],[27.2333,39.1],[27.2,39.1333],[27.1,39.1429],[27.0,39.1857],[26.9857,39.2],[26.9,39.2857],[26.8933,39.3],[26.9,39.3167],[26.9625,39.4],[27.0,39.475],[27.02,39.5],[27.0,39.525],[26.9,39.5765],[26.8278,39.5],[26.8,39.4706],[26.7294,39.4],[26.7,39.375],[26.625,39.3],[26.7,39.225],[26.7357,39.2],[26.8,39.1357],[26.8333,39.1],[26.825,39.0],[26.9,38.925],[27.0,38.9313],[27.0417,38.9],[27.0,38.8615],[26.9385,38.8],[26.9,38.7722],[26.8,38.7737],[26.7263,38.7],[26.7263,38.6],[26.8,38.5263],[26.9,38.5278],[26.9313,38.5],[27.0,38.4313],[27.1,38.45],[27.1625,38.4],[27.1,38.3444],[27.0,38.35],[26.9,38.3615],[26.8,38.375],[26.7,38.375],[26.675,38.4],[26.6,38.475],[26.575,38.5],[26.575,38.6],[26.5,38.675],[26.4,38.675],[26.325,38.6],[26.4,38.525],[26.425,38.5],[26.5,38.425],[26.525,38.4],[26.5,38.375],[26.4,38.375],[26.3,38.375],[26.225,38.3],[26.3,38.225],[26.4,38.225],[26.425,38.2],[26.5,38.125],[26.6,38.125],[26.675,38.2],[26.7,38.225],[26.725,38.2],[26.8,38.125],[26.825,38.1],[26.9,38.025],[27.0,38.025],[27.1,38.0333],[27.125,38.0],[27.2,37.925],[27.2313,37.9],[27.2263,37.8],[27.2263,37.7],[27.2,37.675],[27.125,37.6],[27.2,37.525],[27.225,37.5],[27.225,37.4],[27.3,37.325],[27.4,37.325],[27.5,37.3263],[27.525,37.3],[27.6,37.225],[27.625,37.2],[27.6,37.175],[27.5,37.175],[27.4,37.175],[27.3,37.175],[27.225,37.1],[27.225,37.0],[27.2,36.975],[27.125,36.9],[27.1,36.875],[27.025,36.8],[27.1,36.725],[27.175,36.8],[27.2,36.825],[27.275,36.9],[27.3,36.925],[27.375,37.0],[27.4,37.025],[27.425,37.0],[27.5,36.925],[27.6,36.925],[27.7,36.925],[27.8,36.925],[27.875,37.0],[27.9,37.0263],[28.0,37.0313],[28.1,37.0333],[28.2,37.0313],[28.3,37.0313],[28.3263,37.0],[28.3,36.975],[28.2,36.975],[28.1,36.975],[28.025,36.9],[28.025,36.8],[28.025,36.7],[28.1,36.625]]]}},{"type":"Feature","properties":{"layer_id":"1981_2000_T20","layer_label":"1981_2000, T>20\u00b0C","low":25.0,"high":50.0,"label":"25\u201350 %","fill":"#fec44f","fillOpacity":0.44,"stroke":"#fec44f","strokeOpacity":0.56,"strokeWeight":0.35},"geometry":{"type":"Polygon","coordinates":[[[28.05,36.7],[28.05,36.8],[28.05,36.9],[28.1,36.95],[28.2,36.95],[28.3,36.95],[28.3526,37.0],[28.3,37.0625],[28.2,37.0625],[28.1,37.0667],[28.0,37.0625],[27.9,37.0526],[27.85,37.0],[27.8,36.95],[27.7,36.95],[27.6,36.95],[27.5,36.95],[27.45,37.0],[27.4,37.05],[27.35,37.0],[27.3,36.95],[27.25,37.0],[27.25,37.1],[27.3,37.15],[27.4,37.15],[27.5,37.15],[27.6,37.15],[27.65,37.2],[27.6,37.25],[27.55,37.3],[27.5,37.3526],[27.4,37.35],[27.3,37.35],[27.25,37.4],[27.25,37.5],[27.2,37.55],[27.15,37.6],[27.2,37.65],[27.2526,37.7],[27.2526,37.8],[27.2625,37.9],[27.2,37.95],[27.15,38.0],[27.1,38.0667],[27.0,38.05],[26.9,38.05],[26.85,38.1],[26.8,38.15],[26.75,38.2],[26.7,38.25],[26.65,38.2],[26.6,38.15],[26.5,38.15],[26.45,38.2],[26.4,38.25],[26.3,38.25],[26.25,38.3],[26.3,38.35],[26.4,38.35],[26.5,38.35],[26.55,38.4],[26.6,38.45],[26.65,38.4],[26.7,38.35],[26.8,38.35],[26.9,38.3231],[27.0,38.3],[27.0,38.3],[27.1,38.2],[27.1,38.2],[27.2,38.1571],[27.3,38.14],[27.34,38.1],[27.375,38.0],[27.4,37.9],[27.4,37.9],[27.5,37.8667],[27.6,37.8667],[27.7,37.85],[27.8,37.8417],[27.9,37.84],[28.0,37.825],[28.0429,37.8],[28.0,37.75],[27.9,37.7],[27.8,37.7444],[27.7,37.75],[27.6,37.72],[27.5833,37.7],[27.5769,37.6],[27.57,37.5],[27.6,37.47],[27.7,37.4364],[27.78,37.4],[27.8,37.3889],[27.8727,37.3],[27.9,37.2],[27.9,37.2],[28.0,37.1462],[28.1,37.15],[28.2,37.16],[28.3,37.1545],[28.4,37.1467],[28.5,37.11],[28.5167,37.1],[28.6,37.0615],[28.7,37.0182],[28.7286,37.0],[28.8,36.9615],[28.9,36.9364],[28.94,36.9],[29.0,36.8143],[29.01,36.8],[29.0,36.7909],[28.9,36.7556],[28.85,36.7],[28.8,36.65],[28.7,36.65],[28.65,36.7],[28.6,36.75],[28.55,36.8],[28.5,36.8526],[28.4,36.8526],[28.3,36.85],[28.25,36.8],[28.25,36.7],[28.2,36.65],[28.1,36.65],[28.05,36.7]]]}},{"type":"Feature","properties":{"layer_id":"1981_2000_T20","layer_label":"1981_2000, T>20\u00b0C","low":25.0,"high":50.0,"label":"25\u201350 %","fill":"#fec44f","fillOpacity":0.44,"stroke":"#fec44f","strokeOpacity":0.56,"strokeWeight":0.35},"geometry":{"type":"Polygon","coordinates":[[[28.1,37.3],[28.1,37.3],[28.0,37.4],[28.0,37.4],[27.9,37.4667],[27.8833,37.5],[27.9,37.55],[28.0,37.55],[28.1,37.52],[28.1286,37.5],[28.2,37.45],[28.2417,37.4],[28.23,37.3],[28.2,37.2571],[28.1,37.3]]]}},{"type":"Feature","properties":{"layer_id":"1981_2000_T20","layer_label":"1981_2000, T>20\u00b0C","low":25.0,"high":50.0,"label":"25\u201350 %","fill":"#fec44f","fillOpacity":0.44,"stroke":"#fec44f","strokeOpacity":0.56,"strokeWeight":0.35},"geometry":{"type":"Polygon","coordinates":[[[27.65,37.5],[27.64,37.6],[27.7,37.7],[27.7,37.7],[27.7,37.7],[27.8,37.6],[27.8,37.6],[27.8,37.5],[27.8,37.5],[27.7,37.4818],[27.65,37.5]]]}},{"type":"Feature","properties":{"layer_id":"1981_2000_T20","layer_label":"1981_2000, T>20\u00b0C","low":25.0,"high":50.0,"label":"25\u201350 %","fill":"#fec44f","fillOpacity":0.44,"stroke":"#fec44f","strokeOpacity":0.56,"strokeWeight":0.35},"geometry":{"type":"Polygon","coordinates":[[[26.45,38.5],[26.4,38.55],[26.35,38.6],[26.4,38.65],[26.5,38.65],[26.55,38.6],[26.55,38.5],[26.5,38.45],[26.45,38.5]]]}},{"type":"Feature","properties":{"layer_id":"1981_2000_T20","layer_label":"1981_2000, T>20\u00b0C","low":25.0,"high":50.0,"label":"25\u201350 %","fill":"#fec44f","fillOpacity":0.44,"stroke":"#fec44f","strokeOpacity":0.56,"strokeWeight":0.35},"geometry":{"type":"Polygon","coordinates":[[[26.9625,38.5],[26.9,38.5556],[26.8,38.5526],[26.7526,38.6],[26.7526,38.7],[26.8,38.7474],[26.9,38.7444],[26.9769,38.8],[27.0,38.8231],[27.075,38.8],[27.05,38.7],[27.1,38.6],[27.1,38.5],[27.0,38.4625],[26.9625,38.5]]]}},{"type":"Feature","properties":{"layer_id":"1981_2000_T20","layer_label":"1981_2000, T>20\u00b0C","low":25.0,"high":50.0,"label":"25\u201350 %","fill":"#fec44f","fillOpacity":0.44,"stroke":"#fec44f","strokeOpacity":0.56,"strokeWeight":0.35},"geometry":{"type":"Polygon","coordinates":[[[27.0833,38.9],[27.0,38.9625],[26.9,38.95],[26.85,39.0],[26.8667,39.1],[26.8,39.1714],[26.7714,39.2],[26.7,39.25],[26.65,39.3],[26.7,39.35],[26.7588,39.4],[26.8,39.4412],[26.8556,39.5],[26.9,39.5471],[26.9667,39.5],[26.9,39.4],[26.9,39.4],[26.86,39.3],[26.9,39.2143],[26.9143,39.2],[27.0,39.1143],[27.0333,39.1],[27.1,39.0333],[27.1143,39.0],[27.125,38.9],[27.1,38.8333],[27.0833,38.9]]]}},{"type":"Feature","properties":{"layer_id":"1981_2000_T20","layer_label":"1981_2000, T>20\u00b0C","low":25.0,"high":50.0,"label":"25\u201350 %","fill":"#fec44f","fillOpacity":0.44,"stroke":"#fec44f","strokeOpacity":0.56,"strokeWeight":0.35},"geometry":{"type":"Polygon","coordinates":[[[-3.2,36.7417],[-3.1,36.7455],[-3.0,36.7556],[-2.9,36.7625],[-2.8,36.7625],[-2.7,36.75],[-2.6,36.725],[-2.525,36.8],[-2.5,36.8455],[-2.4,36.8455],[-2.375,36.8],[-2.3,36.725],[-2.2,36.725],[-2.1,36.725],[-2.025,36.8],[-2.0,36.825],[-1.925,36.9],[-1.9,36.925],[-1.825,37.0],[-1.8385,37.1],[-1.8625,37.2],[-1.8,37.2357],[-1.7357,37.3],[-1.7,37.3455],[-1.6,37.3263],[-1.5263,37.4],[-1.5,37.4294],[-1.4,37.4294],[-1.3294,37.5],[-1.3,37.5263],[-1.2,37.525],[-1.125,37.6],[-1.1,37.6313],[-1.075,37.6],[-1.0,37.525],[-0.925,37.6],[-0.925,37.7],[-0.9,37.725],[-0.8,37.725],[-0.725,37.8],[-0.7,37.825],[-0.625,37.9],[-0.6294,38.0],[-0.6333,38.1],[-0.6,38.1263],[-0.5263,38.2],[-0.5278,38.3],[-0.5,38.3278],[-0.4278,38.4],[-0.4,38.4313],[-0.3,38.4278],[-0.2278,38.5],[-0.2,38.5714],[-0.1,38.5556],[-0.0556,38.6],[0.0,38.6313],[0.1,38.6263],[0.1737,38.7],[0.175,38.8],[0.1,38.875],[0.0,38.8722],[-0.025,38.9],[-0.1,38.975],[-0.1333,39.0],[-0.2,39.0667],[-0.2294,39.1],[-0.2,39.125],[-0.125,39.2],[-0.2,39.275],[-0.3,39.2737],[-0.3357,39.3],[-0.3357,39.4],[-0.3,39.4263],[-0.2263,39.5],[-0.3,39.5737],[-0.3417,39.6],[-0.3,39.6417],[-0.2,39.6263],[-0.1263,39.7],[-0.1,39.7263],[-0.0263,39.8],[-0.0294,39.9],[0.0,39.925],[0.075,40.0],[0.1,40.0385],[0.1615,40.1],[0.1,40.1615],[0.0111,40.1],[0.0,40.0938],[-0.1,40.0444],[-0.15,40.0],[-0.1857,39.9],[-0.2,39.8846],[-0.2846,39.8],[-0.3,39.7778],[-0.37,39.7],[-0.4,39.67],[-0.4636,39.6],[-0.5,39.5],[-0.5,39.4],[-0.49,39.3],[-0.475,39.2],[-0.4778,39.1],[-0.4,39.03],[-0.325,39.0],[-0.3,38.9667],[-0.2846,38.9],[-0.2,38.8],[-0.2,38.8],[-0.1,38.7111],[-0.0917,38.7],[-0.1,38.68],[-0.2,38.64],[-0.24,38.6],[-0.3,38.5813],[-0.4,38.5688],[-0.5,38.5375],[-0.55,38.5],[-0.6,38.4727],[-0.7,38.4286],[-0.7667,38.4],[-0.8,38.3667],[-0.8667,38.3],[-0.8,38.2],[-0.8,38.2],[-0.8,38.2],[-0.9,38.2],[-0.975,38.1],[-1.0,38.0],[-1.0,38.0],[-1.1,37.9],[-1.1,37.9],[-1.1333,37.8],[-1.2,37.775],[-1.3,37.75],[-1.375,37.7],[-1.4,37.6917],[-1.4846,37.6],[-1.5,37.5857],[-1.6,37.5545],[-1.6857,37.5],[-1.7,37.4857],[-1.8,37.4],[-1.8,37.4],[-1.89,37.3],[-1.9,37.275],[-1.9429,37.2],[-1.98,37.1],[-2.0,37.0867],[-2.1,37.0286],[-2.2,37.0167],[-2.3,37.0167],[-2.35,37.0],[-2.4,36.9857],[-2.42,37.0],[-2.5,37.1],[-2.5,37.1],[-2.6,37.1167],[-2.62,37.1],[-2.6,37.05],[-2.58,37.0],[-2.5667,36.9],[-2.6,36.8833],[-2.7,36.85],[-2.8,36.8375],[-2.9,36.8375],[-3.0,36.85],[-3.0571,36.9],[-3.1,36.9375],[-3.1429,36.9],[-3.2,36.8636],[-3.2778,36.8],[-3.2,36.7417]]]}},{"type":"Feature","properties":{"layer_id":"1981_2000_T20","layer_label":"1981_2000, T>20\u00b0C","low":25.0,"high":50.0,"label":"25\u201350 %","fill":"#fec44f","fillOpacity":0.44,"stroke":"#fec44f","strokeOpacity":0.56,"strokeWeight":0.35},"geometry":{"type":"Polygon","coordinates":[[[-2.35,36.8],[-2.4,36.8909],[-2.5,36.8909],[-2.5111,36.9],[-2.5,36.95],[-2.4,36.9143],[-2.3,36.9429],[-2.2,36.96],[-2.1,36.9769],[-2.0727,37.0],[-2.0,37.0533],[-1.93,37.1],[-1.9,37.16],[-1.8769,37.1],[-1.85,37.0],[-1.9,36.95],[-1.95,36.9],[-2.0,36.85],[-2.05,36.8],[-2.1,36.75],[-2.2,36.75],[-2.3,36.75],[-2.35,36.8]]]}},{"type":"Feature","properties":{"layer_id":"1981_2000_T20","layer_label":"1981_2000, T>20\u00b0C","low":25.0,"high":50.0,"label":"25\u201350 %","fill":"#fec44f","fillOpacity":0.44,"stroke":"#fec44f","strokeOpacity":0.56,"strokeWeight":0.35},"geometry":{"type":"Polygon","coordinates":[[[-1.7167,37.4],[-1.7,37.4143],[-1.6143,37.5],[-1.6,37.5091],[-1.5,37.55],[-1.4462,37.6],[-1.4,37.65],[-1.3,37.6818],[-1.2333,37.7],[-1.2,37.7125],[-1.1,37.76],[-1.0,37.8],[-1.0,37.8],[-0.9,37.9],[-0.9,37.9],[-0.8571,38.0],[-0.875,38.1],[-0.8,38.1545],[-0.7444,38.2],[-0.725,38.3],[-0.7,38.325],[-0.65,38.4],[-0.6,38.4273],[-0.5,38.48],[-0.475,38.5],[-0.4,38.5375],[-0.3,38.55],[-0.2556,38.5],[-0.3,38.4556],[-0.4,38.4625],[-0.4556,38.4],[-0.5,38.3556],[-0.5556,38.3],[-0.5526,38.2],[-0.6,38.1526],[-0.6667,38.1],[-0.6588,38.0],[-0.65,37.9],[-0.7,37.85],[-0.75,37.8],[-0.8,37.75],[-0.9,37.75],[-0.95,37.7],[-0.95,37.6],[-1.0,37.55],[-1.05,37.6],[-1.1,37.6625],[-1.15,37.6],[-1.2,37.55],[-1.3,37.5526],[-1.3588,37.5],[-1.4,37.4588],[-1.5,37.4588],[-1.5526,37.4],[-1.6,37.3526],[-1.7,37.3909],[-1.7167,37.4]]]}},{"type":"Feature","properties":{"layer_id":"1981_2000_T20","layer_label":"1981_2000, T>20\u00b0C","low":25.0,"high":50.0,"label":"25\u201350 %","fill":"#fec44f","fillOpacity":0.44,"stroke":"#fec44f","strokeOpacity":0.56,"strokeWeight":0.35},"geometry":{"type":"Polygon","coordinates":[[[-0.05,38.7],[-0.1,38.7667],[-0.1375,38.8],[-0.2,38.8455],[-0.2462,38.9],[-0.2556,39.0],[-0.2,39.0333],[-0.1667,39.0],[-0.1,38.95],[-0.05,38.9],[0.0,38.8444],[0.1,38.85],[0.15,38.8],[0.1474,38.7],[0.1,38.6526],[0.0,38.6625],[-0.05,38.7]]]}},{"type":"Feature","properties":{"layer_id":"1981_2000_T20","layer_label":"1981_2000, T>20\u00b0C","low":25.0,"high":50.0,"label":"25\u201350 %","fill":"#fec44f","fillOpacity":0.44,"stroke":"#fec44f","strokeOpacity":0.56,"strokeWeight":0.35},"geometry":{"type":"Polygon","coordinates":[[[-0.4222,39.1],[-0.4125,39.2],[-0.44,39.3],[-0.4444,39.4],[-0.4643,39.5],[-0.4182,39.6],[-0.4,39.62],[-0.3833,39.6],[-0.3,39.5474],[-0.2526,39.5],[-0.3,39.4526],[-0.3714,39.4],[-0.3714,39.3],[-0.3,39.2474],[-0.2,39.25],[-0.15,39.2],[-0.2,39.15],[-0.2588,39.1],[-0.3,39.0364],[-0.4,39.08],[-0.4222,39.1]]]}},{"type":"Feature","properties":{"layer_id":"1981_2000_T20","layer_label":"1981_2000, T>20\u00b0C","low":25.0,"high":50.0,"label":"25\u201350 %","fill":"#fec44f","fillOpacity":0.44,"stroke":"#fec44f","strokeOpacity":0.56,"strokeWeight":0.35},"geometry":{"type":"Polygon","coordinates":[[[-0.32,39.7],[-0.3,39.7222],[-0.2462,39.8],[-0.2,39.8462],[-0.15,39.9],[-0.1,39.9875],[-0.0909,40.0],[0.0,40.0625],[0.05,40.0],[0.0,39.95],[-0.0588,39.9],[-0.0526,39.8],[-0.1,39.7526],[-0.1526,39.7],[-0.2,39.6526],[-0.3,39.6833],[-0.32,39.7]]]}},{"type":"Feature","properties":{"layer_id":"1981_2000_T20","layer_label":"1981_2000, T>20\u00b0C","low":25.0,"high":50.0,"label":"25\u201350 %","fill":"#fec44f","fillOpacity":0.44,"stroke":"#fec44f","strokeOpacity":0.56,"strokeWeight":0.35},"geometry":{"type":"Polygon","coordinates":[[[5.7,36.7],[5.8,36.7182],[5.9,36.7182],[6.0,36.75],[6.1,36.7571],[6.2,36.78],[6.3,36.75],[6.4,36.7667],[6.4667,36.8],[6.5,36.82],[6.6,36.8125],[6.7,36.81],[6.8,36.8167],[6.85,36.9],[6.8,36.95],[6.7,36.9643],[6.6,36.9583],[6.5722,37.0],[6.5,37.0722],[6.475,37.1],[6.4,37.175],[6.325,37.1],[6.3,37.0688],[6.2313,37.0],[6.2455,36.9],[6.2,36.8167],[6.1688,36.9],[6.1,36.9688],[6.0313,36.9],[6.0,36.8444],[5.9,36.8643],[5.8,36.8643],[5.7,36.8667],[5.6333,36.8],[5.7,36.7]]]}},{"type":"Feature","properties":{"layer_id":"1981_2000_T20","layer_label":"1981_2000, T>20\u00b0C","low":25.0,"high":50.0,"label":"25\u201350 %","fill":"#fec44f","fillOpacity":0.44,"stroke":"#fec44f","strokeOpacity":0.56,"strokeWeight":0.35},"geometry":{"type":"Polygon","coordinates":[[[6.2909,36.9],[6.2625,37.0],[6.3,37.0375],[6.35,37.1],[6.4,37.15],[6.45,37.1],[6.5,37.0444],[6.5444,37.0],[6.5,36.9111],[6.4,36.9333],[6.325,36.9],[6.3,36.8667],[6.2909,36.9]]]}},{"type":"Feature","properties":{"layer_id":"1981_2000_T20","layer_label":"1981_2000, T>20\u00b0C","low":25.0,"high":50.0,"label":"25\u201350 %","fill":"#fec44f","fillOpacity":0.44,"stroke":"#fec44f","strokeOpacity":0.56,"strokeWeight":0.35},"geometry":{"type":"Polygon","coordinates":[[[21.8,36.725],[21.9,36.7278],[21.9722,36.8],[21.9737,36.9],[22.0,36.9263],[22.0737,37.0],[22.0692,37.1],[22.0,37.1692],[21.9,37.1333],[21.85,37.1],[21.8,37.0818],[21.7667,37.1],[21.72,37.2],[21.7,37.3],[21.6833,37.2],[21.6,37.1667],[21.5333,37.1],[21.6,37.0333],[21.6294,37.0],[21.7,36.9294],[21.7278,36.9],[21.725,36.8],[21.8,36.725]]]}},{"type":"Feature","properties":{"layer_id":"1981_2000_T20","layer_label":"1981_2000, T>20\u00b0C","low":25.0,"high":50.0,"label":"25\u201350 %","fill":"#fec44f","fillOpacity":0.44,"stroke":"#fec44f","strokeOpacity":0.56,"strokeWeight":0.35},"geometry":{"type":"Polygon","coordinates":[[[21.75,36.8],[21.7556,36.9],[21.7,36.9588],[21.6588,37.0],[21.6,37.0667],[21.5667,37.1],[21.6,37.1333],[21.6833,37.1],[21.7,37.0875],[21.8,37.0364],[21.9,37.0625],[21.9429,37.1],[22.0,37.1308],[22.0308,37.1],[22.0474,37.0],[22.0,36.9526],[21.9474,36.9],[21.9444,36.8],[21.9,36.7556],[21.8,36.75],[21.75,36.8]]]}},{"type":"Feature","properties":{"layer_id":"1981_2000_T20","layer_label":"1981_2000, T>20\u00b0C","low":25.0,"high":50.0,"label":"25\u201350 %","fill":"#fec44f","fillOpacity":0.44,"stroke":"#fec44f","strokeOpacity":0.56,"strokeWeight":0.35},"geometry":{"type":"Polygon","coordinates":[[[25.2,36.925],[25.275,37.0],[25.275,37.1],[25.2,37.175],[25.125,37.1],[25.125,37.0],[25.2,36.925]]]}},{"type":"Feature","properties":{"layer_id":"1981_2000_T20","layer_label":"1981_2000, T>20\u00b0C","low":25.0,"high":50.0,"label":"25\u201350 %","fill":"#fec44f","fillOpacity":0.44,"stroke":"#fec44f","strokeOpacity":0.56,"strokeWeight":0.35},"geometry":{"type":"Polygon","coordinates":[[[25.4,36.925],[25.5,36.925],[25.575,37.0],[25.6,37.025],[25.675,37.1],[25.6,37.175],[25.5,37.175],[25.4,37.175],[25.325,37.1],[25.325,37.0],[25.4,36.925]]]}},{"type":"Feature","properties":{"layer_id":"1981_2000_T20","layer_label":"1981_2000, T>20\u00b0C","low":25.0,"high":50.0,"label":"25\u201350 %","fill":"#fec44f","fillOpacity":0.44,"stroke":"#fec44f","strokeOpacity":0.56,"strokeWeight":0.35},"geometry":{"type":"Polygon","coordinates":[[[25.35,37.0],[25.35,37.1],[25.4,37.15],[25.5,37.15],[25.6,37.15],[25.65,37.1],[25.6,37.05],[25.55,37.0],[25.5,36.95],[25.4,36.95],[25.35,37.0]]]}},{"type":"Feature","properties":{"layer_id":"1981_2000_T20","layer_label":"1981_2000, T>20\u00b0C","low":25.0,"high":50.0,"label":"25\u201350 %","fill":"#fec44f","fillOpacity":0.44,"stroke":"#fec44f","strokeOpacity":0.56,"strokeWeight":0.35},"geometry":{"type":"Polygon","coordinates":[[[26.9,36.925],[27.0,36.925],[27.075,37.0],[27.0,37.075],[26.9,37.075],[26.825,37.0],[26.9,36.925]]]}},{"type":"Feature","properties":{"layer_id":"1981_2000_T20","layer_label":"1981_2000, T>20\u00b0C","low":25.0,"high":50.0,"label":"25\u201350 %","fill":"#fec44f","fillOpacity":0.44,"stroke":"#fec44f","strokeOpacity":0.56,"strokeWeight":0.35},"geometry":{"type":"Polygon","coordinates":[[[22.9,37.0429],[22.9444,37.1],[22.975,37.2],[22.9,37.275],[22.8545,37.3],[22.8,37.3545],[22.74,37.3],[22.8,37.2333],[22.8167,37.2],[22.85,37.1],[22.9,37.0429]]]}},{"type":"Feature","properties":{"layer_id":"1981_2000_T20","layer_label":"1981_2000, T>20\u00b0C","low":25.0,"high":50.0,"label":"25\u201350 %","fill":"#fec44f","fillOpacity":0.44,"stroke":"#fec44f","strokeOpacity":0.56,"strokeWeight":0.35},"geometry":{"type":"Polygon","coordinates":[[[-7.0,37.1833],[-6.9,37.1417],[-6.8,37.1833],[-6.75,37.2],[-6.7,37.25],[-6.65,37.3],[-6.7,37.35],[-6.8,37.4],[-6.9,37.325],[-6.9333,37.3],[-7.0,37.2333],[-7.025,37.2],[-7.0,37.1833]]]}},{"type":"Feature","properties":{"layer_id":"1981_2000_T20","layer_label":"1981_2000, T>20\u00b0C","low":25.0,"high":50.0,"label":"25\u201350 %","fill":"#fec44f","fillOpacity":0.44,"stroke":"#fec44f","strokeOpacity":0.56,"strokeWeight":0.35},"geometry":{"type":"Polygon","coordinates":[[[13.3,37.3333],[13.4,37.4],[13.36,37.5],[13.3,37.56],[13.2429,37.6],[13.2,37.6429],[13.1,37.69],[13.0667,37.7],[13.0,37.75],[12.9,37.8],[12.8,37.78],[12.7778,37.8],[12.7,37.87],[12.675,37.9],[12.6667,38.0],[12.7,38.06],[12.8,38.05],[12.8286,38.1],[12.8,38.1286],[12.7,38.1286],[12.6,38.1615],[12.5385,38.1],[12.5455,38.0],[12.5357,37.9],[12.5,37.875],[12.425,37.8],[12.4263,37.7],[12.5,37.6263],[12.6,37.6263],[12.7,37.6294],[12.8,37.6385],[12.8278,37.6],[12.9,37.5278],[13.0,37.5313],[13.1,37.5357],[13.1333,37.5],[13.2,37.4333],[13.2333,37.4],[13.3,37.3333]]]}},{"type":"Feature","properties":{"layer_id":"1981_2000_T20","layer_label":"1981_2000, T>20\u00b0C","low":25.0,"high":50.0,"label":"25\u201350 %","fill":"#fec44f","fillOpacity":0.44,"stroke":"#fec44f","strokeOpacity":0.56,"strokeWeight":0.35},"geometry":{"type":"Polygon","coordinates":[[[12.8556,37.6],[12.8,37.6769],[12.7,37.6588],[12.6,37.6526],[12.5,37.6526],[12.4526,37.7],[12.45,37.8],[12.5,37.85],[12.5714,37.9],[12.5909,38.0],[12.5769,38.1],[12.6,38.1231],[12.65,38.1],[12.6111,38.0],[12.6333,37.9],[12.7,37.82],[12.7222,37.8],[12.8,37.73],[12.9,37.7286],[12.94,37.7],[13.0,37.6667],[13.1,37.64],[13.1667,37.6],[13.1,37.5714],[13.0,37.5625],[12.9,37.5556],[12.8556,37.6]]]}},{"type":"Feature","properties":{"layer_id":"1981_2000_T20","layer_label":"1981_2000, T>20\u00b0C","low":25.0,"high":50.0,"label":"25\u201350 %","fill":"#fec44f","fillOpacity":0.44,"stroke":"#fec44f","strokeOpacity":0.56,"strokeWeight":0.35},"geometry":{"type":"Polygon","coordinates":[[[23.2,37.325],[23.275,37.4],[23.3,37.425],[23.4,37.425],[23.425,37.4],[23.5,37.325],[23.575,37.4],[23.575,37.5],[23.5,37.575],[23.4,37.575],[23.3,37.575],[23.275,37.6],[23.2,37.675],[23.1706,37.7],[23.175,37.8],[23.175,37.9],[23.2,37.9278],[23.3,37.9263],[23.325,37.9],[23.4,37.825],[23.5,37.825],[23.575,37.9],[23.6,37.925],[23.7,37.9313],[23.725,37.9],[23.8,37.825],[23.9,37.8278],[23.9313,37.8],[23.9,37.775],[23.825,37.7],[23.9,37.625],[24.0,37.625],[24.075,37.7],[24.0688,37.8],[24.0,37.8688],[23.9722,37.9],[24.0,37.9357],[24.0643,38.0],[24.0,38.09],[23.9,38.08],[23.8,38.07],[23.7,38.0733],[23.6,38.0938],[23.5667,38.1],[23.5,38.14],[23.4,38.1625],[23.3,38.17],[23.2625,38.2],[23.25,38.3],[23.3,38.4],[23.2,38.4333],[23.175,38.4],[23.15,38.3],[23.1,38.2875],[23.0417,38.2],[23.025,38.1],[23.0,38.075],[22.925,38.0],[22.9,37.9643],[22.8688,38.0],[22.8,38.0688],[22.7,38.0643],[22.6308,38.0],[22.6833,37.9],[22.7,37.88],[22.8,37.8182],[22.9,37.825],[23.0,37.8067],[23.0063,37.8],[23.02,37.7],[23.0,37.64],[22.9,37.67],[22.8,37.6727],[22.7,37.6556],[22.65,37.6],[22.6444,37.5],[22.7,37.4286],[22.75,37.5],[22.8,37.5385],[22.9,37.5417],[22.9357,37.5],[23.0,37.4357],[23.1,37.425],[23.125,37.4],[23.2,37.325]]]}},{"type":"Feature","properties":{"layer_id":"1981_2000_T20","layer_label":"1981_2000, T>20\u00b0C","low":25.0,"high":50.0,"label":"25\u201350 %","fill":"#fec44f","fillOpacity":0.44,"stroke":"#fec44f","strokeOpacity":0.56,"strokeWeight":0.35},"geometry":{"type":"Polygon","coordinates":[[[23.15,37.4],[23.1,37.45],[23.0,37.4714],[22.9714,37.5],[23.0,37.5571],[23.03,37.6],[23.0533,37.7],[23.0375,37.8],[23.0,37.84],[22.9,37.8667],[22.8,37.8636],[22.75,37.9],[22.7,37.95],[22.6692,38.0],[22.7,38.0286],[22.8,38.0375],[22.8375,38.0],[22.9,37.9286],[22.95,38.0],[23.0,38.05],[23.05,38.1],[23.0833,38.2],[23.1,38.225],[23.2,38.2],[23.15,38.1],[23.2,38.0444],[23.2833,38.1],[23.3,38.12],[23.4,38.1],[23.4,38.1],[23.5,38.0769],[23.6,38.0625],[23.7,38.04],[23.8,38.02],[23.9,38.03],[24.0,38.04],[24.0286,38.0],[24.0,37.9714],[23.9444,37.9],[23.9,37.8556],[23.8,37.85],[23.75,37.9],[23.7,37.9625],[23.6,37.95],[23.55,37.9],[23.5,37.85],[23.4,37.85],[23.35,37.9],[23.3,37.9526],[23.2,37.9556],[23.15,37.9],[23.15,37.8],[23.1412,37.7],[23.2,37.65],[23.25,37.6],[23.3,37.55],[23.4,37.55],[23.5,37.55],[23.55,37.5],[23.55,37.4],[23.5,37.35],[23.45,37.4],[23.4,37.45],[23.3,37.45],[23.25,37.4],[23.2,37.35],[23.15,37.4]]]}},{"type":"Feature","properties":{"layer_id":"1981_2000_T20","layer_label":"1981_2000, T>20\u00b0C","low":25.0,"high":50.0,"label":"25\u201350 %","fill":"#fec44f","fillOpacity":0.44,"stroke":"#fec44f","strokeOpacity":0.56,"strokeWeight":0.35},"geometry":{"type":"Polygon","coordinates":[[[23.85,37.7],[23.9,37.75],[23.9625,37.8],[24.0,37.8375],[24.0375,37.8],[24.05,37.7],[24.0,37.65],[23.9,37.65],[23.85,37.7]]]}},{"type":"Feature","properties":{"layer_id":"1981_2000_T20","layer_label":"1981_2000, T>20\u00b0C","low":25.0,"high":50.0,"label":"25\u201350 %","fill":"#fec44f","fillOpacity":0.44,"stroke":"#fec44f","strokeOpacity":0.56,"strokeWeight":0.35},"geometry":{"type":"Polygon","coordinates":[[[40.4,37.4],[40.5,37.3857],[40.6,37.4],[40.6,37.4],[40.62,37.5],[40.6,37.525],[40.5,37.52],[40.4,37.55],[40.34,37.5],[40.4,37.4],[40.4,37.4]]]}},{"type":"Feature","properties":{"layer_id":"1981_2000_T20","layer_label":"1981_2000, T>20\u00b0C","low":25.0,"high":50.0,"label":"25\u201350 %","fill":"#fec44f","fillOpacity":0.44,"stroke":"#fec44f","strokeOpacity":0.56,"strokeWeight":0.35},"geometry":{"type":"Polygon","coordinates":[[[41.6,37.45],[41.7,37.46],[41.725,37.5],[41.7,37.54],[41.625,37.6],[41.6,37.62],[41.55,37.6],[41.55,37.5],[41.6,37.45]]]}},{"type":"Feature","properties":{"layer_id":"1981_2000_T20","layer_label":"1981_2000, T>20\u00b0C","low":25.0,"high":50.0,"label":"25\u201350 %","fill":"#fec44f","fillOpacity":0.44,"stroke":"#fec44f","strokeOpacity":0.56,"strokeWeight":0.35},"geometry":{"type":"Polygon","coordinates":[[[26.0,37.525],[26.1,37.525],[26.2,37.525],[26.275,37.6],[26.2,37.675],[26.1,37.675],[26.0,37.675],[25.925,37.6],[26.0,37.525]]]}},{"type":"Feature","properties":{"layer_id":"1981_2000_T20","layer_label":"1981_2000, T>20\u00b0C","low":25.0,"high":50.0,"label":"25\u201350 %","fill":"#fec44f","fillOpacity":0.44,"stroke":"#fec44f","strokeOpacity":0.56,"strokeWeight":0.35},"geometry":{"type":"Polygon","coordinates":[[[25.95,37.6],[26.0,37.65],[26.1,37.65],[26.2,37.65],[26.25,37.6],[26.2,37.55],[26.1,37.55],[26.0,37.55],[25.95,37.6]]]}},{"type":"Feature","properties":{"layer_id":"1981_2000_T20","layer_label":"1981_2000, T>20\u00b0C","low":25.0,"high":50.0,"label":"25\u201350 %","fill":"#fec44f","fillOpacity":0.44,"stroke":"#fec44f","strokeOpacity":0.56,"strokeWeight":0.35},"geometry":{"type":"Polygon","coordinates":[[[39.8,37.5714],[39.9,37.5364],[40.0,37.6],[40.0,37.6],[40.0,37.7],[40.0167,37.8],[40.0,37.82],[39.9,37.8667],[39.825,37.9],[39.8,37.9143],[39.7,37.925],[39.6,37.94],[39.5,37.925],[39.4,37.9333],[39.35,37.9],[39.4,37.8667],[39.5,37.85],[39.52,37.8],[39.6,37.76],[39.7,37.7],[39.7,37.7],[39.7714,37.6],[39.8,37.5714]]]}},{"type":"Feature","properties":{"layer_id":"1981_2000_T20","layer_label":"1981_2000, T>20\u00b0C","low":25.0,"high":50.0,"label":"25\u201350 %","fill":"#fec44f","fillOpacity":0.44,"stroke":"#fec44f","strokeOpacity":0.56,"strokeWeight":0.35},"geometry":{"type":"Polygon","coordinates":[[[39.86,37.6],[39.8,37.65],[39.7625,37.7],[39.7,37.7833],[39.65,37.8],[39.7,37.82],[39.8,37.82],[39.9,37.8111],[39.92,37.8],[39.9167,37.7],[39.9286,37.6],[39.9,37.5818],[39.86,37.6]]]}},{"type":"Feature","properties":{"layer_id":"1981_2000_T20","layer_label":"1981_2000, T>20\u00b0C","low":25.0,"high":50.0,"label":"25\u201350 %","fill":"#fec44f","fillOpacity":0.44,"stroke":"#fec44f","strokeOpacity":0.56,"strokeWeight":0.35},"geometry":{"type":"Polygon","coordinates":[[[20.8,37.625],[20.875,37.7],[20.875,37.8],[20.8,37.875],[20.7,37.875],[20.625,37.8],[20.7,37.725],[20.725,37.7],[20.8,37.625]]]}},{"type":"Feature","properties":{"layer_id":"1981_2000_T20","layer_label":"1981_2000, T>20\u00b0C","low":25.0,"high":50.0,"label":"25\u201350 %","fill":"#fec44f","fillOpacity":0.44,"stroke":"#fec44f","strokeOpacity":0.56,"strokeWeight":0.35},"geometry":{"type":"Polygon","coordinates":[[[20.75,37.7],[20.7,37.75],[20.65,37.8],[20.7,37.85],[20.8,37.85],[20.85,37.8],[20.85,37.7],[20.8,37.65],[20.75,37.7]]]}},{"type":"Feature","properties":{"layer_id":"1981_2000_T20","layer_label":"1981_2000, T>20\u00b0C","low":25.0,"high":50.0,"label":"25\u201350 %","fill":"#fec44f","fillOpacity":0.44,"stroke":"#fec44f","strokeOpacity":0.56,"strokeWeight":0.35},"geometry":{"type":"Polygon","coordinates":[[[21.4,37.6385],[21.5,37.6625],[21.56,37.7],[21.5,37.76],[21.475,37.8],[21.4818,37.9],[21.4889,38.0],[21.5,38.01],[21.6,38.0667],[21.6333,38.1],[21.6,38.1167],[21.5,38.1643],[21.4,38.1583],[21.3417,38.1],[21.3,38.0688],[21.2313,38.0],[21.2,37.9706],[21.1,37.9706],[21.0294,37.9],[21.1,37.8294],[21.2,37.8294],[21.2417,37.8],[21.3,37.7417],[21.3385,37.7],[21.4,37.6385]]]}},{"type":"Feature","properties":{"layer_id":"1981_2000_T20","layer_label":"1981_2000, T>20\u00b0C","low":25.0,"high":50.0,"label":"25\u201350 %","fill":"#fec44f","fillOpacity":0.44,"stroke":"#fec44f","strokeOpacity":0.56,"strokeWeight":0.35},"geometry":{"type":"Polygon","coordinates":[[[21.3769,37.7],[21.3,37.7833],[21.2833,37.8],[21.2,37.8588],[21.1,37.8588],[21.0588,37.9],[21.1,37.9412],[21.2,37.9412],[21.2625,38.0],[21.3,38.0375],[21.3833,38.1],[21.4,38.1167],[21.5,38.1286],[21.55,38.1],[21.5,38.06],[21.4333,38.0],[21.4364,37.9],[21.4125,37.8],[21.46,37.7],[21.4,37.6769],[21.3769,37.7]]]}},{"type":"Feature","properties":{"layer_id":"1981_2000_T20","layer_label":"1981_2000, T>20\u00b0C","low":25.0,"high":50.0,"label":"25\u201350 %","fill":"#fec44f","fillOpacity":0.44,"stroke":"#fec44f","strokeOpacity":0.56,"strokeWeight":0.35},"geometry":{"type":"Polygon","coordinates":[[[26.7,37.6263],[26.8,37.6263],[26.9,37.6263],[27.0,37.6263],[27.0737,37.7],[27.0,37.7737],[26.9737,37.8],[26.9,37.8737],[26.8,37.8737],[26.7,37.875],[26.625,37.8],[26.6263,37.7],[26.7,37.6263]]]}},{"type":"Feature","properties":{"layer_id":"1981_2000_T20","layer_label":"1981_2000, T>20\u00b0C","low":25.0,"high":50.0,"label":"25\u201350 %","fill":"#fec44f","fillOpacity":0.44,"stroke":"#fec44f","strokeOpacity":0.56,"strokeWeight":0.35},"geometry":{"type":"Polygon","coordinates":[[[26.6526,37.7],[26.65,37.8],[26.7,37.85],[26.8,37.8474],[26.9,37.8474],[26.9474,37.8],[27.0,37.7474],[27.0474,37.7],[27.0,37.6526],[26.9,37.6526],[26.8,37.6526],[26.7,37.6526],[26.6526,37.7]]]}},{"type":"Feature","properties":{"layer_id":"1981_2000_T20","layer_label":"1981_2000, T>20\u00b0C","low":25.0,"high":50.0,"label":"25\u201350 %","fill":"#fec44f","fillOpacity":0.44,"stroke":"#fec44f","strokeOpacity":0.56,"strokeWeight":0.35},"geometry":{"type":"Polygon","coordinates":[[[24.9,37.725],[24.975,37.8],[24.9,37.875],[24.875,37.9],[24.8,37.975],[24.725,37.9],[24.8,37.825],[24.825,37.8],[24.9,37.725]]]}},{"type":"Feature","properties":{"layer_id":"1981_2000_T20","layer_label":"1981_2000, T>20\u00b0C","low":25.0,"high":50.0,"label":"25\u201350 %","fill":"#fec44f","fillOpacity":0.44,"stroke":"#fec44f","strokeOpacity":0.56,"strokeWeight":0.35},"geometry":{"type":"Polygon","coordinates":[[[29.1,37.7714],[29.2,37.7625],[29.3,37.7833],[29.325,37.8],[29.3,37.8333],[29.25,37.9],[29.2,37.9286],[29.1,37.9846],[29.0846,38.0],[29.0,38.0786],[28.9,38.0733],[28.8083,38.0],[28.825,37.9],[28.9,37.8455],[29.0,37.8222],[29.0667,37.8],[29.1,37.7714]]]}},{"type":"Feature","properties":{"layer_id":"1981_2000_T20","layer_label":"1981_2000, T>20\u00b0C","low":25.0,"high":50.0,"label":"25\u201350 %","fill":"#fec44f","fillOpacity":0.44,"stroke":"#fec44f","strokeOpacity":0.56,"strokeWeight":0.35},"geometry":{"type":"Polygon","coordinates":[[[28.8875,37.9],[28.85,38.0],[28.9,38.04],[29.0,38.0429],[29.0462,38.0],[29.1,37.9462],[29.1667,37.9],[29.1,37.8333],[29.0,37.85],[28.9,37.8909],[28.8875,37.9]]]}},{"type":"Feature","properties":{"layer_id":"1981_2000_T20","layer_label":"1981_2000, T>20\u00b0C","low":25.0,"high":50.0,"label":"25\u201350 %","fill":"#fec44f","fillOpacity":0.44,"stroke":"#fec44f","strokeOpacity":0.56,"strokeWeight":0.35},"geometry":{"type":"Polygon","coordinates":[[[12.9,37.8],[13.0,37.85],[13.1,37.86],[13.1667,37.9],[13.125,38.0],[13.2,38.0333],[13.3,38.025],[13.35,38.0],[13.4,37.9571],[13.5,37.9143],[13.5286,37.9],[13.6,37.85],[13.7,37.8333],[13.8,37.88],[13.8333,37.9],[13.9,37.9133],[14.0,37.925],[14.1,37.9294],[14.2,37.9235],[14.3,37.9222],[14.4,37.9357],[14.5,38.0],[14.4,38.0643],[14.3,38.0737],[14.2,38.0722],[14.1,38.0706],[14.0,38.0706],[13.9,38.0722],[13.8278,38.0],[13.8,37.9167],[13.7722,38.0],[13.7,38.0722],[13.6,38.0722],[13.5,38.0706],[13.4706,38.1],[13.4,38.1706],[13.3,38.1643],[13.2,38.1545],[13.1,38.1643],[13.0357,38.1],[13.0,38.0444],[12.9,38.0167],[12.8667,38.0],[12.875,37.9],[12.9,37.8]]]}},{"type":"Feature","properties":{"layer_id":"1981_2000_T20","layer_label":"1981_2000, T>20\u00b0C","low":25.0,"high":50.0,"label":"25\u201350 %","fill":"#fec44f","fillOpacity":0.44,"stroke":"#fec44f","strokeOpacity":0.56,"strokeWeight":0.35},"geometry":{"type":"Polygon","coordinates":[[[13.6,37.9],[13.6,37.9],[13.5,37.95],[13.4222,38.0],[13.4,38.0222],[13.3,38.0667],[13.2,38.0889],[13.1,38.05],[13.0714,38.1],[13.1,38.1286],[13.2,38.1091],[13.3,38.1286],[13.4,38.1412],[13.4412,38.1],[13.5,38.0412],[13.6,38.0444],[13.7,38.0444],[13.7444,38.0],[13.7429,37.9],[13.7,37.875],[13.6,37.9]]]}},{"type":"Feature","properties":{"layer_id":"1981_2000_T20","layer_label":"1981_2000, T>20\u00b0C","low":25.0,"high":50.0,"label":"25\u201350 %","fill":"#fec44f","fillOpacity":0.44,"stroke":"#fec44f","strokeOpacity":0.56,"strokeWeight":0.35},"geometry":{"type":"Polygon","coordinates":[[[13.8556,38.0],[13.9,38.0444],[14.0,38.0412],[14.1,38.0412],[14.2,38.0444],[14.3,38.0474],[14.4,38.0286],[14.4444,38.0],[14.4,37.9714],[14.3,37.95],[14.2,37.9529],[14.1,37.9588],[14.0,37.9563],[13.9,37.9467],[13.8556,38.0]]]}},{"type":"Feature","properties":{"layer_id":"1981_2000_T20","layer_label":"1981_2000, T>20\u00b0C","low":25.0,"high":50.0,"label":"25\u201350 %","fill":"#fec44f","fillOpacity":0.44,"stroke":"#fec44f","strokeOpacity":0.56,"strokeWeight":0.35},"geometry":{"type":"Polygon","coordinates":[[[15.7,37.9263],[15.8,37.9313],[15.9,37.9455],[16.0,37.9294],[16.1,37.9263],[16.1737,38.0],[16.1706,38.1],[16.2,38.1294],[16.2706,38.2],[16.3,38.2278],[16.3722,38.3],[16.4,38.3294],[16.5,38.3278],[16.5722,38.4],[16.5706,38.5],[16.5643,38.6],[16.5,38.6643],[16.4357,38.6],[16.425,38.5],[16.4,38.475],[16.32,38.4],[16.3,38.3813],[16.2,38.3583],[16.1167,38.4],[16.1375,38.5],[16.1727,38.6],[16.2,38.6333],[16.275,38.7],[16.3,38.725],[16.3857,38.8],[16.4,38.8143],[16.4333,38.8],[16.5,38.7714],[16.5286,38.8],[16.6,38.85],[16.7,38.8556],[16.8,38.8556],[16.8444,38.9],[16.9,38.9357],[17.0,38.9313],[17.1,38.9278],[17.1722,39.0],[17.1706,39.1],[17.1722,39.2],[17.1722,39.3],[17.1,39.3722],[17.0722,39.4],[17.0,39.4722],[16.9722,39.5],[16.9,39.5722],[16.8,39.5706],[16.775,39.6],[16.7,39.675],[16.6,39.6286],[16.575,39.7],[16.5,39.775],[16.4667,39.8],[16.4,39.8667],[16.3,39.8],[16.3,39.8],[16.2,39.7167],[16.1833,39.7],[16.1385,39.6],[16.2,39.5],[16.3,39.5273],[16.4,39.55],[16.4833,39.6],[16.5,39.6063],[16.5333,39.6],[16.6,39.5714],[16.7,39.5211],[16.725,39.5],[16.8,39.4294],[16.8833,39.4],[16.875,39.3],[16.9,39.2],[16.9,39.2],[16.9,39.2],[16.825,39.1],[16.8,39.04],[16.7714,39.0],[16.7,38.9444],[16.6,38.95],[16.5,38.9444],[16.4,38.9545],[16.3,38.9909],[16.2909,39.0],[16.2,39.0909],[16.1,39.0706],[16.0294,39.0],[16.1,38.9294],[16.1294,38.9],[16.1313,38.8],[16.1,38.7706],[16.0,38.7722],[15.9,38.7722],[15.8278,38.7],[15.8278,38.6],[15.9,38.5278],[15.9294,38.5],[15.9294,38.4],[16.0,38.3],[16.0,38.3],[16.0455,38.2],[16.0294,38.1],[16.0,38.0706],[15.9,38.0545],[15.8,38.0688],[15.7,38.0737],[15.6263,38.0],[15.7,37.9263]]]}},{"type":"Feature","properties":{"layer_id":"1981_2000_T20","layer_label":"1981_2000, T>20\u00b0C","low":25.0,"high":50.0,"label":"25\u201350 %","fill":"#fec44f","fillOpacity":0.44,"stroke":"#fec44f","strokeOpacity":0.56,"strokeWeight":0.35},"geometry":{"type":"Polygon","coordinates":[[[15.6526,38.0],[15.7,38.0474],[15.8,38.0375],[15.9,38.0091],[16.0,38.0412],[16.0588,38.1],[16.0909,38.2],[16.1,38.22],[16.1667,38.3],[16.2,38.3167],[16.3,38.35],[16.3444,38.3],[16.3,38.2556],[16.2412,38.2],[16.2,38.1588],[16.1412,38.1],[16.1474,38.0],[16.1,37.9526],[16.0,37.9588],[15.9,37.9909],[15.8,37.9625],[15.7,37.9526],[15.6526,38.0]]]}},{"type":"Feature","properties":{"layer_id":"1981_2000_T20","layer_label":"1981_2000, T>20\u00b0C","low":25.0,"high":50.0,"label":"25\u201350 %","fill":"#fec44f","fillOpacity":0.44,"stroke":"#fec44f","strokeOpacity":0.56,"strokeWeight":0.35},"geometry":{"type":"Polygon","coordinates":[[[15.9588,38.4],[15.9588,38.5],[15.9,38.5556],[15.8556,38.6],[15.8556,38.7],[15.9,38.7444],[16.0,38.7444],[16.1,38.7412],[16.1625,38.8],[16.1588,38.9],[16.1,38.9588],[16.0588,39.0],[16.1,39.0412],[16.2,39.0455],[16.2455,39.0],[16.3,38.9455],[16.4,38.9091],[16.45,38.9],[16.4,38.8857],[16.3143,38.8],[16.3,38.7875],[16.2125,38.7],[16.2,38.6889],[16.1273,38.6],[16.1,38.54],[16.0778,38.5],[16.0636,38.4],[16.0,38.3417],[15.9588,38.4]]]}},{"type":"Feature","properties":{"layer_id":"1981_2000_T20","layer_label":"1981_2000, T>20\u00b0C","low":25.0,"high":50.0,"label":"25\u201350 %","fill":"#fec44f","fillOpacity":0.44,"stroke":"#fec44f","strokeOpacity":0.56,"strokeWeight":0.35},"geometry":{"type":"Polygon","coordinates":[[[16.3533,38.4],[16.4,38.4438],[16.4563,38.5],[16.4714,38.6],[16.5,38.6286],[16.5286,38.6],[16.5412,38.5],[16.5444,38.4],[16.5,38.3556],[16.4,38.3588],[16.3533,38.4]]]}},{"type":"Feature","properties":{"layer_id":"1981_2000_T20","layer_label":"1981_2000, T>20\u00b0C","low":25.0,"high":50.0,"label":"25\u201350 %","fill":"#fec44f","fillOpacity":0.44,"stroke":"#fec44f","strokeOpacity":0.56,"strokeWeight":0.35},"geometry":{"type":"Polygon","coordinates":[[[16.8429,39.0],[16.8667,39.1],[16.9,39.1444],[16.9556,39.2],[16.94,39.3],[16.9333,39.4],[16.9,39.4333],[16.8,39.4588],[16.7563,39.5],[16.8,39.5412],[16.9,39.5444],[16.9444,39.5],[17.0,39.4444],[17.0444,39.4],[17.1,39.3444],[17.1444,39.3],[17.1444,39.2],[17.1412,39.1],[17.1444,39.0],[17.1,38.9556],[17.0,38.9625],[16.9,38.9714],[16.8429,39.0]]]}},{"type":"Feature","properties":{"layer_id":"1981_2000_T20","layer_label":"1981_2000, T>20\u00b0C","low":25.0,"high":50.0,"label":"25\u201350 %","fill":"#fec44f","fillOpacity":0.44,"stroke":"#fec44f","strokeOpacity":0.56,"strokeWeight":0.35},"geometry":{"type":"Polygon","coordinates":[[[16.1769,39.6],[16.2,39.6429],[16.2333,39.7],[16.3,39.7615],[16.35,39.8],[16.4,39.8333],[16.4333,39.8],[16.5,39.75],[16.55,39.7],[16.5,39.6375],[16.4,39.6],[16.4,39.6],[16.3,39.5727],[16.2,39.5625],[16.1769,39.6]]]}},{"type":"Feature","properties":{"layer_id":"1981_2000_T20","layer_label":"1981_2000, T>20\u00b0C","low":25.0,"high":50.0,"label":"25\u201350 %","fill":"#fec44f","fillOpacity":0.44,"stroke":"#fec44f","strokeOpacity":0.56,"strokeWeight":0.35},"geometry":{"type":"Polygon","coordinates":[[[14.8,38.0417],[14.9,38.0625],[15.0,38.0385],[15.1,38.0231],[15.2,38.0667],[15.2167,38.1],[15.3,38.1294],[15.4,38.1294],[15.5,38.1313],[15.6,38.1313],[15.6917,38.2],[15.6706,38.3],[15.6,38.3706],[15.5,38.3706],[15.4294,38.3],[15.4,38.2706],[15.3,38.2706],[15.2294,38.2],[15.2,38.1167],[15.1,38.1667],[15.0,38.1615],[14.9,38.1375],[14.8,38.1583],[14.7417,38.1],[14.8,38.0417]]]}},{"type":"Feature","properties":{"layer_id":"1981_2000_T20","layer_label":"1981_2000, T>20\u00b0C","low":25.0,"high":50.0,"label":"25\u201350 %","fill":"#fec44f","fillOpacity":0.44,"stroke":"#fec44f","strokeOpacity":0.56,"strokeWeight":0.35},"geometry":{"type":"Polygon","coordinates":[[[15.2588,38.2],[15.3,38.2412],[15.4,38.2412],[15.4588,38.3],[15.5,38.3412],[15.6,38.3412],[15.6412,38.3],[15.65,38.2],[15.6,38.1625],[15.5,38.1625],[15.4,38.1588],[15.3,38.1588],[15.2588,38.2]]]}},{"type":"Feature","properties":{"layer_id":"1981_2000_T20","layer_label":"1981_2000, T>20\u00b0C","low":25.0,"high":50.0,"label":"25\u201350 %","fill":"#fec44f","fillOpacity":0.44,"stroke":"#fec44f","strokeOpacity":0.56,"strokeWeight":0.35},"geometry":{"type":"Polygon","coordinates":[[[24.3,38.0278],[24.4,38.0357],[24.5,38.0313],[24.5688,38.1],[24.5,38.1688],[24.4,38.1643],[24.3,38.1722],[24.2278,38.1],[24.3,38.0278]]]}},{"type":"Feature","properties":{"layer_id":"1981_2000_T20","layer_label":"1981_2000, T>20\u00b0C","low":25.0,"high":50.0,"label":"25\u201350 %","fill":"#fec44f","fillOpacity":0.44,"stroke":"#fec44f","strokeOpacity":0.56,"strokeWeight":0.35},"geometry":{"type":"Polygon","coordinates":[[[20.4,38.125],[20.5,38.125],[20.6,38.1263],[20.7,38.1263],[20.7737,38.2],[20.7,38.2737],[20.675,38.3],[20.6,38.375],[20.5,38.375],[20.4,38.375],[20.325,38.3],[20.325,38.2],[20.4,38.125]]]}},{"type":"Feature","properties":{"layer_id":"1981_2000_T20","layer_label":"1981_2000, T>20\u00b0C","low":25.0,"high":50.0,"label":"25\u201350 %","fill":"#fec44f","fillOpacity":0.44,"stroke":"#fec44f","strokeOpacity":0.56,"strokeWeight":0.35},"geometry":{"type":"Polygon","coordinates":[[[20.35,38.2],[20.35,38.3],[20.4,38.35],[20.5,38.35],[20.6,38.35],[20.65,38.3],[20.7,38.2474],[20.7474,38.2],[20.7,38.1526],[20.6,38.1526],[20.5,38.15],[20.4,38.15],[20.35,38.2]]]}},{"type":"Feature","properties":{"layer_id":"1981_2000_T20","layer_label":"1981_2000, T>20\u00b0C","low":25.0,"high":50.0,"label":"25\u201350 %","fill":"#fec44f","fillOpacity":0.44,"stroke":"#fec44f","strokeOpacity":0.56,"strokeWeight":0.35},"geometry":{"type":"Polygon","coordinates":[[[24.0,38.1333],[24.1,38.1455],[24.1545,38.2],[24.2,38.225],[24.275,38.3],[24.275,38.4],[24.275,38.5],[24.2,38.575],[24.1737,38.6],[24.1,38.6737],[24.0,38.6],[24.0,38.6],[23.9429,38.5],[23.9,38.4571],[23.8,38.475],[23.7889,38.5],[23.7,38.6],[23.7,38.6],[23.7,38.6],[23.8,38.7],[23.7,38.7286],[23.6615,38.8],[23.6,38.8615],[23.5,38.8722],[23.4706,38.9],[23.4,38.9706],[23.3643,39.0],[23.3,39.0643],[23.2,39.0688],[23.175,39.1],[23.1,39.175],[23.025,39.1],[23.1,39.025],[23.1313,39.0],[23.1,38.9737],[23.0,38.975],[22.9643,39.0],[22.9722,39.1],[22.9,39.1722],[22.875,39.2],[22.875,39.3],[22.9,39.3714],[22.95,39.4],[22.9,39.4667],[22.8833,39.5],[22.9,39.5143],[22.9545,39.6],[22.9583,39.7],[22.9,39.7583],[22.8444,39.8],[22.8,39.8444],[22.7583,39.9],[22.7,39.9583],[22.6167,40.0],[22.6,40.0167],[22.5833,40.0],[22.6,39.9667],[22.6222,39.9],[22.7,39.8364],[22.75,39.8],[22.8,39.7333],[22.8222,39.7],[22.8,39.6778],[22.7,39.6727],[22.6,39.6929],[22.5923,39.7],[22.5,39.7923],[22.475,39.8],[22.4,39.8429],[22.325,39.8],[22.3,39.7667],[22.25,39.7],[22.25,39.6],[22.3,39.55],[22.4,39.5077],[22.4333,39.5],[22.5,39.45],[22.5286,39.4],[22.5,39.3],[22.6,39.22],[22.7,39.2],[22.7,39.2],[22.8,39.1063],[22.8071,39.1],[22.81,39.0],[22.8,38.9833],[22.7,38.9583],[22.6,38.9667],[22.5,38.9643],[22.4,38.9167],[22.38,38.9],[22.4,38.875],[22.425,38.8],[22.5,38.7357],[22.6,38.7176],[22.7,38.7125],[22.8,38.725],[22.8545,38.8],[22.85,38.9],[22.9,38.9357],[22.925,38.9],[23.0,38.825],[23.1,38.8263],[23.2,38.8625],[23.2417,38.8],[23.3,38.7417],[23.3556,38.7],[23.4,38.6556],[23.5,38.7],[23.5,38.7],[23.6,38.7],[23.6,38.7],[23.6,38.7],[23.5,38.7],[23.4833,38.6],[23.4,38.5167],[23.35,38.5],[23.4,38.45],[23.45,38.4],[23.5,38.3667],[23.6,38.3143],[23.7,38.3111],[23.8,38.35],[23.875,38.3],[23.9,38.2667],[23.95,38.2],[24.0,38.1333]]]}},{"type":"Feature","properties":{"layer_id":"1981_2000_T20","layer_label":"1981_2000, T>20\u00b0C","low":25.0,"high":50.0,"label":"25\u201350 %","fill":"#fec44f","fillOpacity":0.44,"stroke":"#fec44f","strokeOpacity":0.56,"strokeWeight":0.35},"geometry":{"type":"Polygon","coordinates":[[[23.95,38.3],[23.9125,38.4],[24.0,38.4875],[24.01,38.5],[24.0357,38.6],[24.1,38.6474],[24.1474,38.6],[24.2,38.55],[24.25,38.5],[24.25,38.4],[24.25,38.3],[24.2,38.25],[24.15,38.3],[24.1,38.35],[24.0286,38.3],[24.0,38.2429],[23.95,38.3]]]}},{"type":"Feature","properties":{"layer_id":"1981_2000_T20","layer_label":"1981_2000, T>20\u00b0C","low":25.0,"high":50.0,"label":"25\u201350 %","fill":"#fec44f","fillOpacity":0.44,"stroke":"#fec44f","strokeOpacity":0.56,"strokeWeight":0.35},"geometry":{"type":"Polygon","coordinates":[[[23.58,38.4],[23.5,38.48],[23.48,38.5],[23.5,38.52],[23.6,38.6],[23.7,38.5375],[23.7333,38.5],[23.76,38.4],[23.7,38.3667],[23.6,38.3857],[23.58,38.4]]]}},{"type":"Feature","properties":{"layer_id":"1981_2000_T20","layer_label":"1981_2000, T>20\u00b0C","low":25.0,"high":50.0,"label":"25\u201350 %","fill":"#fec44f","fillOpacity":0.44,"stroke":"#fec44f","strokeOpacity":0.56,"strokeWeight":0.35},"geometry":{"type":"Polygon","coordinates":[[[22.4667,38.8],[22.45,38.9],[22.5,38.9286],[22.6,38.9333],[22.7,38.9167],[22.8,38.9],[22.8,38.9],[22.8091,38.8],[22.8,38.7875],[22.7,38.7438],[22.6,38.7471],[22.5,38.7714],[22.4667,38.8]]]}},{"type":"Feature","properties":{"layer_id":"1981_2000_T20","layer_label":"1981_2000, T>20\u00b0C","low":25.0,"high":50.0,"label":"25\u201350 %","fill":"#fec44f","fillOpacity":0.44,"stroke":"#fec44f","strokeOpacity":0.56,"strokeWeight":0.35},"geometry":{"type":"Polygon","coordinates":[[[23.2833,38.8],[23.3,38.8333],[23.3364,38.9],[23.4,38.9412],[23.4412,38.9],[23.5,38.8444],[23.6,38.8231],[23.6231,38.8],[23.6,38.7625],[23.5,38.7385],[23.4,38.7333],[23.3,38.7833],[23.2833,38.8]]]}},{"type":"Feature","properties":{"layer_id":"1981_2000_T20","layer_label":"1981_2000, T>20\u00b0C","low":25.0,"high":50.0,"label":"25\u201350 %","fill":"#fec44f","fillOpacity":0.44,"stroke":"#fec44f","strokeOpacity":0.56,"strokeWeight":0.35},"geometry":{"type":"Polygon","coordinates":[[[22.95,38.9],[23.0,38.95],[23.1,38.9474],[23.1625,39.0],[23.2,39.0375],[23.3,39.0286],[23.3286,39.0],[23.3,38.95],[23.2,38.925],[23.1818,38.9],[23.1,38.8526],[23.0,38.85],[22.95,38.9]]]}},{"type":"Feature","properties":{"layer_id":"1981_2000_T20","layer_label":"1981_2000, T>20\u00b0C","low":25.0,"high":50.0,"label":"25\u201350 %","fill":"#fec44f","fillOpacity":0.44,"stroke":"#fec44f","strokeOpacity":0.56,"strokeWeight":0.35},"geometry":{"type":"Polygon","coordinates":[[[22.86,39.0],[22.8429,39.1],[22.8,39.1375],[22.7333,39.2],[22.7,39.2333],[22.6,39.27],[22.5625,39.3],[22.6,39.4],[22.6,39.4],[22.6,39.4],[22.5375,39.5],[22.5,39.5273],[22.4,39.5462],[22.33,39.6],[22.33,39.7],[22.4,39.7778],[22.5,39.7538],[22.5538,39.7],[22.6,39.6571],[22.7,39.6273],[22.8,39.6222],[22.8778,39.7],[22.9,39.7167],[22.9167,39.7],[22.9091,39.6],[22.9,39.5857],[22.8,39.5],[22.8,39.5],[22.8,39.5],[22.8667,39.4],[22.85,39.3],[22.85,39.2],[22.9,39.1444],[22.9444,39.1],[22.9286,39.0],[22.9,38.9714],[22.86,39.0]]]}},{"type":"Feature","properties":{"layer_id":"1981_2000_T20","layer_label":"1981_2000, T>20\u00b0C","low":25.0,"high":50.0,"label":"25\u201350 %","fill":"#fec44f","fillOpacity":0.44,"stroke":"#fec44f","strokeOpacity":0.56,"strokeWeight":0.35},"geometry":{"type":"Polygon","coordinates":[[[26.0,38.125],[26.075,38.2],[26.075,38.3],[26.1,38.3263],[26.1737,38.4],[26.1737,38.5],[26.1,38.5737],[26.0,38.5688],[25.975,38.6],[25.9,38.675],[25.825,38.6],[25.9,38.525],[25.9313,38.5],[25.9263,38.4],[25.9,38.375],[25.825,38.3],[25.9,38.225],[25.925,38.2],[26.0,38.125]]]}},{"type":"Feature","properties":{"layer_id":"1981_2000_T20","layer_label":"1981_2000, T>20\u00b0C","low":25.0,"high":50.0,"label":"25\u201350 %","fill":"#fec44f","fillOpacity":0.44,"stroke":"#fec44f","strokeOpacity":0.56,"strokeWeight":0.35},"geometry":{"type":"Polygon","coordinates":[[[25.95,38.2],[25.9,38.25],[25.85,38.3],[25.9,38.35],[25.9526,38.4],[25.9625,38.5],[26.0,38.5375],[26.1,38.5474],[26.1474,38.5],[26.1474,38.4],[26.1,38.3526],[26.05,38.3],[26.05,38.2],[26.0,38.15],[25.95,38.2]]]}},{"type":"Feature","properties":{"layer_id":"1981_2000_T20","layer_label":"1981_2000, T>20\u00b0C","low":25.0,"high":50.0,"label":"25\u201350 %","fill":"#fec44f","fillOpacity":0.44,"stroke":"#fec44f","strokeOpacity":0.56,"strokeWeight":0.35},"geometry":{"type":"Polygon","coordinates":[[[27.9,38.1571],[28.0,38.15],[28.1,38.1571],[28.15,38.2],[28.1,38.2375],[28.0,38.2444],[27.9,38.2375],[27.825,38.2],[27.9,38.1571]]]}},{"type":"Feature","properties":{"layer_id":"1981_2000_T20","layer_label":"1981_2000, T>20\u00b0C","low":25.0,"high":50.0,"label":"25\u201350 %","fill":"#fec44f","fillOpacity":0.44,"stroke":"#fec44f","strokeOpacity":0.56,"strokeWeight":0.35},"geometry":{"type":"Polygon","coordinates":[[[22.0,38.25],[22.05,38.3],[22.0,38.3833],[21.95,38.4],[21.9,38.4167],[21.8,38.4167],[21.7,38.4667],[21.6333,38.5],[21.6,38.5167],[21.5286,38.6],[21.5,38.6286],[21.4,38.6833],[21.375,38.7],[21.3,38.8],[21.3,38.8],[21.25,38.9],[21.2,38.9167],[21.1833,38.9],[21.1,38.8286],[21.0,38.8375],[20.975,38.9],[20.9,38.975],[20.8,38.975],[20.725,38.9],[20.7,38.875],[20.6,38.8722],[20.5278,38.8],[20.525,38.7],[20.525,38.6],[20.6,38.525],[20.7,38.525],[20.775,38.6],[20.775,38.7],[20.8,38.725],[20.875,38.8],[20.9,38.825],[20.9625,38.8],[20.9357,38.7],[20.9263,38.6],[21.0,38.5263],[21.0263,38.5],[21.1,38.4263],[21.1263,38.4],[21.2,38.3263],[21.3,38.3263],[21.4,38.3313],[21.5,38.3278],[21.6,38.3313],[21.7,38.3],[21.8,38.3],[21.9,38.38],[21.9444,38.3],[22.0,38.25]]]}},{"type":"Feature","properties":{"layer_id":"1981_2000_T20","layer_label":"1981_2000, T>20\u00b0C","low":25.0,"high":50.0,"label":"25\u201350 %","fill":"#fec44f","fillOpacity":0.44,"stroke":"#fec44f","strokeOpacity":0.56,"strokeWeight":0.35},"geometry":{"type":"Polygon","coordinates":[[[21.1526,38.4],[21.1,38.4526],[21.0526,38.5],[21.0,38.5526],[20.9526,38.6],[20.9714,38.7],[21.0,38.7667],[21.05,38.7],[21.1,38.6692],[21.18,38.7],[21.2,38.75],[21.2333,38.7],[21.3,38.6818],[21.4,38.6],[21.4,38.6],[21.4833,38.5],[21.5,38.4889],[21.6,38.46],[21.6857,38.4],[21.6,38.3625],[21.5,38.3556],[21.4,38.3625],[21.3,38.3526],[21.2,38.3526],[21.1526,38.4]]]}},{"type":"Feature","properties":{"layer_id":"1981_2000_T20","layer_label":"1981_2000, T>20\u00b0C","low":25.0,"high":50.0,"label":"25\u201350 %","fill":"#fec44f","fillOpacity":0.44,"stroke":"#fec44f","strokeOpacity":0.56,"strokeWeight":0.35},"geometry":{"type":"Polygon","coordinates":[[[20.55,38.6],[20.55,38.7],[20.5556,38.8],[20.6,38.8444],[20.7,38.85],[20.75,38.9],[20.8,38.95],[20.9,38.95],[20.95,38.9],[20.9,38.85],[20.85,38.8],[20.8,38.75],[20.75,38.7],[20.75,38.6],[20.7,38.55],[20.6,38.55],[20.55,38.6]]]}},{"type":"Feature","properties":{"layer_id":"1981_2000_T20","layer_label":"1981_2000, T>20\u00b0C","low":25.0,"high":50.0,"label":"25\u201350 %","fill":"#fec44f","fillOpacity":0.44,"stroke":"#fec44f","strokeOpacity":0.56,"strokeWeight":0.35},"geometry":{"type":"Polygon","coordinates":[[[28.6,38.24],[28.7,38.2429],[28.7571,38.3],[28.7,38.3571],[28.6,38.4],[28.5333,38.3],[28.6,38.24]]]}},{"type":"Feature","properties":{"layer_id":"1981_2000_T20","layer_label":"1981_2000, T>20\u00b0C","low":25.0,"high":50.0,"label":"25\u201350 %","fill":"#fec44f","fillOpacity":0.44,"stroke":"#fec44f","strokeOpacity":0.56,"strokeWeight":0.35},"geometry":{"type":"Polygon","coordinates":[[[38.5,38.3625],[38.6,38.3714],[38.7,38.325],[38.8,38.3333],[38.9,38.4],[38.8,38.4667],[38.7,38.5],[38.7,38.5],[38.6,38.5167],[38.5,38.5875],[38.4,38.6],[38.3286,38.5],[38.4,38.4],[38.4,38.4],[38.5,38.3625]]]}},{"type":"Feature","properties":{"layer_id":"1981_2000_T20","layer_label":"1981_2000, T>20\u00b0C","low":25.0,"high":50.0,"label":"25\u201350 %","fill":"#fec44f","fillOpacity":0.44,"stroke":"#fec44f","strokeOpacity":0.56,"strokeWeight":0.35},"geometry":{"type":"Polygon","coordinates":[[[22.9,38.4625],[23.0,38.4714],[23.05,38.5],[23.0,38.5667],[22.95,38.6],[22.9,38.6333],[22.8667,38.6],[22.85,38.5],[22.9,38.4625]]]}},{"type":"Feature","properties":{"layer_id":"1981_2000_T20","layer_label":"1981_2000, T>20\u00b0C","low":25.0,"high":50.0,"label":"25\u201350 %","fill":"#fec44f","fillOpacity":0.44,"stroke":"#fec44f","strokeOpacity":0.56,"strokeWeight":0.35},"geometry":{"type":"Polygon","coordinates":[[[28.3,38.45],[28.4,38.45],[28.4571,38.5],[28.4,38.5667],[28.3333,38.6],[28.3,38.62],[28.2,38.6333],[28.1,38.6636],[28.0,38.6636],[27.9,38.62],[27.8667,38.6],[27.9,38.5833],[28.0,38.5364],[28.1,38.5125],[28.2,38.5],[28.2,38.5],[28.3,38.45]]]}},{"type":"Feature","properties":{"layer_id":"1981_2000_T20","layer_label":"1981_2000, T>20\u00b0C","low":25.0,"high":50.0,"label":"25\u201350 %","fill":"#fec44f","fillOpacity":0.44,"stroke":"#fec44f","strokeOpacity":0.56,"strokeWeight":0.35},"geometry":{"type":"Polygon","coordinates":[[[33.6,38.4833],[33.62,38.5],[33.7,38.6],[33.6167,38.7],[33.6,38.7167],[33.5167,38.8],[33.5,38.8167],[33.4,38.9],[33.3,38.8333],[33.2,38.8],[33.2,38.8],[33.1833,38.7],[33.2,38.675],[33.275,38.6],[33.3,38.575],[33.4,38.525],[33.5,38.525],[33.55,38.5],[33.6,38.4833]]]}},{"type":"Feature","properties":{"layer_id":"1981_2000_T20","layer_label":"1981_2000, T>20\u00b0C","low":25.0,"high":50.0,"label":"25\u201350 %","fill":"#fec44f","fillOpacity":0.44,"stroke":"#fec44f","strokeOpacity":0.56,"strokeWeight":0.35},"geometry":{"type":"Polygon","coordinates":[[[43.0,38.4333],[43.1,38.4667],[43.1333,38.5],[43.1,38.6],[43.1,38.6],[43.1,38.6],[43.1429,38.7],[43.1,38.8],[43.0,38.7545],[42.9,38.7643],[42.8,38.7615],[42.7,38.7615],[42.6,38.7545],[42.5143,38.7],[42.5,38.6833],[42.45,38.6],[42.5,38.55],[42.6,38.5357],[42.7,38.5417],[42.8,38.53],[42.9,38.5],[42.9,38.5],[43.0,38.4333]]]}},{"type":"Feature","properties":{"layer_id":"1981_2000_T20","layer_label":"1981_2000, T>20\u00b0C","low":25.0,"high":50.0,"label":"25\u201350 %","fill":"#fec44f","fillOpacity":0.44,"stroke":"#fec44f","strokeOpacity":0.56,"strokeWeight":0.35},"geometry":{"type":"Polygon","coordinates":[[[42.5,38.6],[42.5857,38.7],[42.6,38.7091],[42.7,38.7231],[42.8,38.7231],[42.9,38.7286],[43.0,38.7091],[43.0333,38.7],[43.0,38.6],[43.0,38.6],[42.9,38.5833],[42.8,38.58],[42.7,38.5833],[42.6,38.5714],[42.5,38.6]]]}},{"type":"Feature","properties":{"layer_id":"1981_2000_T20","layer_label":"1981_2000, T>20\u00b0C","low":25.0,"high":50.0,"label":"25\u201350 %","fill":"#fec44f","fillOpacity":0.44,"stroke":"#fec44f","strokeOpacity":0.56,"strokeWeight":0.35},"geometry":{"type":"Polygon","coordinates":[[[39.2,38.5333],[39.3,38.5167],[39.4,38.5308],[39.5,38.5444],[39.5714,38.6],[39.6,38.6286],[39.7,38.6375],[39.8,38.65],[39.84,38.7],[39.8,38.74],[39.7,38.7625],[39.6,38.7625],[39.5,38.7667],[39.4,38.76],[39.3,38.7556],[39.2,38.7667],[39.1667,38.8],[39.1857,38.9],[39.1,38.9545],[39.0,38.9583],[38.9,38.9733],[38.8,38.9667],[38.7,38.9333],[38.6667,38.9],[38.7,38.8667],[38.8,38.8385],[38.9,38.8267],[38.98,38.8],[39.0,38.7833],[39.1,38.7333],[39.1333,38.7],[39.1,38.6],[39.2,38.5333]]]}},{"type":"Feature","properties":{"layer_id":"1981_2000_T20","layer_label":"1981_2000, T>20\u00b0C","low":25.0,"high":50.0,"label":"25\u201350 %","fill":"#fec44f","fillOpacity":0.44,"stroke":"#fec44f","strokeOpacity":0.56,"strokeWeight":0.35},"geometry":{"type":"Polygon","coordinates":[[[39.3,38.6],[39.3,38.7],[39.4,38.71],[39.5,38.7111],[39.6,38.7],[39.5,38.6],[39.5,38.6],[39.4,38.5692],[39.3,38.6]]]}},{"type":"Feature","properties":{"layer_id":"1981_2000_T20","layer_label":"1981_2000, T>20\u00b0C","low":25.0,"high":50.0,"label":"25\u201350 %","fill":"#fec44f","fillOpacity":0.44,"stroke":"#fec44f","strokeOpacity":0.56,"strokeWeight":0.35},"geometry":{"type":"Polygon","coordinates":[[[24.6,38.725],[24.675,38.8],[24.6,38.875],[24.575,38.9],[24.5,38.975],[24.425,38.9],[24.5,38.825],[24.525,38.8],[24.6,38.725]]]}},{"type":"Feature","properties":{"layer_id":"1981_2000_T20","layer_label":"1981_2000, T>20\u00b0C","low":25.0,"high":50.0,"label":"25\u201350 %","fill":"#fec44f","fillOpacity":0.44,"stroke":"#fec44f","strokeOpacity":0.56,"strokeWeight":0.35},"geometry":{"type":"Polygon","coordinates":[[[-6.2,38.85],[-6.1,38.86],[-6.0,38.8667],[-5.9,38.8833],[-5.8,38.85],[-5.7,38.84],[-5.6,38.8429],[-5.5,38.86],[-5.45,38.9],[-5.5,39.0],[-5.6,38.9571],[-5.7,38.95],[-5.8,39.0],[-5.8,39.0],[-5.9,39.1],[-6.0,39.075],[-6.1,39.05],[-6.2,39.0],[-6.2,39.0],[-6.2667,38.9],[-6.2,38.85]]]}},{"type":"Feature","properties":{"layer_id":"1981_2000_T20","layer_label":"1981_2000, T>20\u00b0C","low":25.0,"high":50.0,"label":"25\u201350 %","fill":"#fec44f","fillOpacity":0.44,"stroke":"#fec44f","strokeOpacity":0.56,"strokeWeight":0.35},"geometry":{"type":"Polygon","coordinates":[[[1.4,38.825],[1.475,38.9],[1.5,38.925],[1.575,39.0],[1.5,39.075],[1.4,39.075],[1.3,39.075],[1.225,39.0],[1.3,38.925],[1.325,38.9],[1.4,38.825]]]}},{"type":"Feature","properties":{"layer_id":"1981_2000_T20","layer_label":"1981_2000, T>20\u00b0C","low":25.0,"high":50.0,"label":"25\u201350 %","fill":"#fec44f","fillOpacity":0.44,"stroke":"#fec44f","strokeOpacity":0.56,"strokeWeight":0.35},"geometry":{"type":"Polygon","coordinates":[[[1.35,38.9],[1.3,38.95],[1.25,39.0],[1.3,39.05],[1.4,39.05],[1.5,39.05],[1.55,39.0],[1.5,38.95],[1.45,38.9],[1.4,38.85],[1.35,38.9]]]}},{"type":"Feature","properties":{"layer_id":"1981_2000_T20","layer_label":"1981_2000, T>20\u00b0C","low":25.0,"high":50.0,"label":"25\u201350 %","fill":"#fec44f","fillOpacity":0.44,"stroke":"#fec44f","strokeOpacity":0.56,"strokeWeight":0.35},"geometry":{"type":"Polygon","coordinates":[[[8.9,38.8333],[8.9667,38.9],[8.9286,39.0],[8.9,39.04],[8.8,39.0333],[8.7,39.1],[8.7,39.1],[8.6,39.1875],[8.5833,39.2],[8.5,39.2833],[8.4,39.2875],[8.3417,39.2],[8.4,39.1417],[8.4417,39.1],[8.5,39.0417],[8.5294,39.0],[8.6,38.9294],[8.7,38.9385],[8.8,38.9714],[8.8333,38.9],[8.9,38.8333]]]}},{"type":"Feature","properties":{"layer_id":"1981_2000_T20","layer_label":"1981_2000, T>20\u00b0C","low":25.0,"high":50.0,"label":"25\u201350 %","fill":"#fec44f","fillOpacity":0.44,"stroke":"#fec44f","strokeOpacity":0.56,"strokeWeight":0.35},"geometry":{"type":"Polygon","coordinates":[[[8.5588,39.0],[8.5,39.0833],[8.4833,39.1],[8.5,39.2],[8.6,39.125],[8.6286,39.1],[8.7,39.0375],[8.75,39.0],[8.7,38.9769],[8.6,38.9588],[8.5588,39.0]]]}},{"type":"Feature","properties":{"layer_id":"1981_2000_T20","layer_label":"1981_2000, T>20\u00b0C","low":25.0,"high":50.0,"label":"25\u201350 %","fill":"#fec44f","fillOpacity":0.44,"stroke":"#fec44f","strokeOpacity":0.56,"strokeWeight":0.35},"geometry":{"type":"Polygon","coordinates":[[[45.0,38.98],[45.0,39.0],[45.0,39.1],[45.0,39.2],[45.0,39.225],[44.9,39.25],[44.88,39.3],[44.9,39.35],[44.9143,39.4],[44.9,39.45],[44.8889,39.5],[44.875,39.6],[44.9,39.6125],[45.0,39.6],[45.0,39.6],[45.0,39.6],[45.0,39.6556],[44.9,39.675],[44.85,39.7],[44.8,39.7333],[44.7,39.8],[44.65,39.7],[44.7,39.64],[44.75,39.6],[44.8,39.56],[44.8333,39.5],[44.8429,39.4],[44.8,39.325],[44.7667,39.3],[44.8,39.25],[44.82,39.2],[44.9,39.15],[44.9667,39.1],[44.9833,39.0],[45.0,38.98]]]}},{"type":"Feature","properties":{"layer_id":"1981_2000_T20","layer_label":"1981_2000, T>20\u00b0C","low":25.0,"high":50.0,"label":"25\u201350 %","fill":"#fec44f","fillOpacity":0.44,"stroke":"#fec44f","strokeOpacity":0.56,"strokeWeight":0.35},"geometry":{"type":"Polygon","coordinates":[[[23.7,39.025],[23.8,39.025],[23.875,39.1],[23.8,39.175],[23.7,39.175],[23.625,39.1],[23.7,39.025]]]}},{"type":"Feature","properties":{"layer_id":"1981_2000_T20","layer_label":"1981_2000, T>20\u00b0C","low":25.0,"high":50.0,"label":"25\u201350 %","fill":"#fec44f","fillOpacity":0.44,"stroke":"#fec44f","strokeOpacity":0.56,"strokeWeight":0.35},"geometry":{"type":"Polygon","coordinates":[[[26.1,39.0263],[26.2,39.025],[26.3,39.0263],[26.4,39.0263],[26.5,39.025],[26.575,39.1],[26.5722,39.2],[26.5,39.2722],[26.4737,39.3],[26.4,39.3737],[26.3,39.3737],[26.2,39.3737],[26.1263,39.3],[26.1,39.2688],[26.0706,39.3],[26.0,39.3706],[25.9,39.3737],[25.8263,39.3],[25.8263,39.2],[25.9,39.1263],[26.0,39.1294],[26.0263,39.1],[26.1,39.0263]]]}},{"type":"Feature","properties":{"layer_id":"1981_2000_T20","layer_label":"1981_2000, T>20\u00b0C","low":25.0,"high":50.0,"label":"25\u201350 %","fill":"#fec44f","fillOpacity":0.44,"stroke":"#fec44f","strokeOpacity":0.56,"strokeWeight":0.35},"geometry":{"type":"Polygon","coordinates":[[[26.0526,39.1],[26.0,39.1588],[25.9,39.1526],[25.8526,39.2],[25.8526,39.3],[25.9,39.3474],[26.0,39.3412],[26.0412,39.3],[26.1,39.2375],[26.1375,39.2],[26.2,39.15],[26.3,39.1474],[26.3556,39.2],[26.3,39.2526],[26.2,39.2526],[26.1526,39.3],[26.2,39.3474],[26.3,39.3474],[26.4,39.3474],[26.4474,39.3],[26.5,39.2444],[26.5444,39.2],[26.55,39.1],[26.5,39.05],[26.4,39.0526],[26.3,39.0526],[26.2,39.05],[26.1,39.0526],[26.0526,39.1]]]}},{"type":"Feature","properties":{"layer_id":"1981_2000_T20","layer_label":"1981_2000, T>20\u00b0C","low":25.0,"high":50.0,"label":"25\u201350 %","fill":"#fec44f","fillOpacity":0.44,"stroke":"#fec44f","strokeOpacity":0.56,"strokeWeight":0.35},"geometry":{"type":"Polygon","coordinates":[[[-5.8,39.15],[-5.7,39.16],[-5.6,39.15],[-5.5,39.1333],[-5.4,39.125],[-5.3,39.1],[-5.2,39.1],[-5.1,39.15],[-5.05,39.2],[-5.0,39.25],[-4.9,39.3],[-4.9,39.3],[-4.8667,39.4],[-4.9,39.42],[-5.0,39.4333],[-5.1,39.4333],[-5.2,39.42],[-5.225,39.4],[-5.3,39.34],[-5.4,39.32],[-5.4333,39.3],[-5.5,39.25],[-5.6,39.2667],[-5.7,39.24],[-5.8,39.22],[-5.825,39.2],[-5.8,39.15]]]}},{"type":"Feature","properties":{"layer_id":"1981_2000_T20","layer_label":"1981_2000, T>20\u00b0C","low":25.0,"high":50.0,"label":"25\u201350 %","fill":"#fec44f","fillOpacity":0.44,"stroke":"#fec44f","strokeOpacity":0.56,"strokeWeight":0.35},"geometry":{"type":"Polygon","coordinates":[[[9.4,39.1417],[9.5,39.1313],[9.5688,39.2],[9.6,39.2313],[9.6688,39.3],[9.6688,39.4],[9.6667,39.5],[9.6545,39.6],[9.65,39.7],[9.7,39.7294],[9.7706,39.8],[9.7722,39.9],[9.7737,40.0],[9.7,40.0737],[9.6,40.0667],[9.54,40.0],[9.5286,39.9],[9.5364,39.8],[9.5444,39.7],[9.525,39.6],[9.5,39.5333],[9.475,39.5],[9.46,39.4],[9.4333,39.3],[9.4,39.2778],[9.3417,39.2],[9.4,39.1417]]]}},{"type":"Feature","properties":{"layer_id":"1981_2000_T20","layer_label":"1981_2000, T>20\u00b0C","low":25.0,"high":50.0,"label":"25\u201350 %","fill":"#fec44f","fillOpacity":0.44,"stroke":"#fec44f","strokeOpacity":0.56,"strokeWeight":0.35},"geometry":{"type":"Polygon","coordinates":[[[9.3833,39.2],[9.4,39.2222],[9.5,39.2857],[9.5143,39.3],[9.5333,39.4],[9.5444,39.5],[9.5875,39.6],[9.6,39.7],[9.6091,39.6],[9.6333,39.5],[9.6375,39.4],[9.6375,39.3],[9.6,39.2625],[9.5375,39.2],[9.5,39.1625],[9.4,39.1833],[9.3833,39.2]]]}},{"type":"Feature","properties":{"layer_id":"1981_2000_T20","layer_label":"1981_2000, T>20\u00b0C","low":25.0,"high":50.0,"label":"25\u201350 %","fill":"#fec44f","fillOpacity":0.44,"stroke":"#fec44f","strokeOpacity":0.56,"strokeWeight":0.35},"geometry":{"type":"Polygon","coordinates":[[[9.5818,39.8],[9.5643,39.9],[9.59,40.0],[9.6,40.0111],[9.7,40.0474],[9.7474,40.0],[9.7444,39.9],[9.7412,39.8],[9.7,39.7588],[9.6,39.7],[9.5818,39.8]]]}},{"type":"Feature","properties":{"layer_id":"1981_2000_T20","layer_label":"1981_2000, T>20\u00b0C","low":25.0,"high":50.0,"label":"25\u201350 %","fill":"#fec44f","fillOpacity":0.44,"stroke":"#fec44f","strokeOpacity":0.56,"strokeWeight":0.35},"geometry":{"type":"Polygon","coordinates":[[[16.1,39.1714],[16.1333,39.2],[16.1333,39.3],[16.15,39.4],[16.1,39.42],[16.0,39.4667],[15.9714,39.4],[16.0,39.3714],[16.0833,39.3],[16.0714,39.2],[16.1,39.1714]]]}},{"type":"Feature","properties":{"layer_id":"1981_2000_T20","layer_label":"1981_2000, T>20\u00b0C","low":25.0,"high":50.0,"label":"25\u201350 %","fill":"#fec44f","fillOpacity":0.44,"stroke":"#fec44f","strokeOpacity":0.56,"strokeWeight":0.35},"geometry":{"type":"Polygon","coordinates":[[[20.5,39.1714],[20.6,39.2],[20.5,39.25],[20.4833,39.3],[20.4,39.3833],[20.3846,39.4],[20.3,39.4917],[20.2313,39.4],[20.3,39.3313],[20.3333,39.3],[20.4,39.2333],[20.4714,39.2],[20.5,39.1714]]]}},{"type":"Feature","properties":{"layer_id":"1981_2000_T20","layer_label":"1981_2000, T>20\u00b0C","low":25.0,"high":50.0,"label":"25\u201350 %","fill":"#fec44f","fillOpacity":0.44,"stroke":"#fec44f","strokeOpacity":0.56,"strokeWeight":0.35},"geometry":{"type":"Polygon","coordinates":[[[23.3,39.125],[23.375,39.2],[23.3,39.275],[23.275,39.3],[23.2,39.375],[23.15,39.4],[23.1,39.45],[23.0286,39.4],[23.0294,39.3],[23.1,39.2294],[23.2,39.225],[23.225,39.2],[23.3,39.125]]]}},{"type":"Feature","properties":{"layer_id":"1981_2000_T20","layer_label":"1981_2000, T>20\u00b0C","low":25.0,"high":50.0,"label":"25\u201350 %","fill":"#fec44f","fillOpacity":0.44,"stroke":"#fec44f","strokeOpacity":0.56,"strokeWeight":0.35},"geometry":{"type":"Polygon","coordinates":[[[3.1,39.225],[3.175,39.3],[3.2,39.3263],[3.2737,39.4],[3.2722,39.5],[3.3,39.5278],[3.4,39.5263],[3.4737,39.6],[3.4737,39.7],[3.4,39.7737],[3.3,39.7722],[3.2,39.7722],[3.1,39.7737],[3.0722,39.8],[3.0737,39.9],[3.0,39.9737],[2.9263,39.9],[2.9,39.8722],[2.8,39.8706],[2.7294,39.8],[2.7,39.7737],[2.6,39.7737],[2.5,39.7737],[2.4263,39.7],[2.425,39.6],[2.5,39.525],[2.6,39.525],[2.625,39.5],[2.7,39.425],[2.7263,39.4],[2.8,39.3263],[2.9,39.3263],[3.0,39.325],[3.025,39.3],[3.1,39.225]]]}},{"type":"Feature","properties":{"layer_id":"1981_2000_T20","layer_label":"1981_2000, T>20\u00b0C","low":25.0,"high":50.0,"label":"25\u201350 %","fill":"#fec44f","fillOpacity":0.44,"stroke":"#fec44f","strokeOpacity":0.56,"strokeWeight":0.35},"geometry":{"type":"Polygon","coordinates":[[[3.05,39.3],[3.0,39.35],[2.9,39.3526],[2.8,39.3526],[2.7526,39.4],[2.7,39.45],[2.65,39.5],[2.6,39.55],[2.5,39.55],[2.45,39.6],[2.4526,39.7],[2.5,39.7474],[2.6,39.7474],[2.7,39.7474],[2.7588,39.8],[2.8,39.8412],[2.9,39.8444],[2.9526,39.9],[3.0,39.9474],[3.0474,39.9],[3.0444,39.8],[3.1,39.7474],[3.2,39.7444],[3.3,39.7444],[3.4,39.7474],[3.4474,39.7],[3.4474,39.6],[3.4,39.5526],[3.3,39.5556],[3.2444,39.5],[3.2474,39.4],[3.2,39.3526],[3.15,39.3],[3.1,39.25],[3.05,39.3]]]}},{"type":"Feature","properties":{"layer_id":"1981_2000_T20","layer_label":"1981_2000, T>20\u00b0C","low":25.0,"high":50.0,"label":"25\u201350 %","fill":"#fec44f","fillOpacity":0.44,"stroke":"#fec44f","strokeOpacity":0.56,"strokeWeight":0.35},"geometry":{"type":"Polygon","coordinates":[[[8.9,39.2333],[9.0,39.2313],[9.1,39.2333],[9.2,39.25],[9.2714,39.3],[9.2,39.3625],[9.1,39.3714],[9.02,39.4],[9.0,39.425],[8.9,39.4],[8.9,39.4],[8.82,39.3],[8.9,39.2333]]]}},{"type":"Feature","properties":{"layer_id":"1981_2000_T20","layer_label":"1981_2000, T>20\u00b0C","low":25.0,"high":50.0,"label":"25\u201350 %","fill":"#fec44f","fillOpacity":0.44,"stroke":"#fec44f","strokeOpacity":0.56,"strokeWeight":0.35},"geometry":{"type":"Polygon","coordinates":[[[22.3,39.24],[22.4,39.25],[22.5,39.3],[22.4,39.35],[22.3333,39.4],[22.3,39.4333],[22.25,39.4],[22.225,39.3],[22.3,39.24]]]}},{"type":"Feature","properties":{"layer_id":"1981_2000_T20","layer_label":"1981_2000, T>20\u00b0C","low":25.0,"high":50.0,"label":"25\u201350 %","fill":"#fec44f","fillOpacity":0.44,"stroke":"#fec44f","strokeOpacity":0.56,"strokeWeight":0.35},"geometry":{"type":"Polygon","coordinates":[[[19.9,39.425],[19.975,39.5],[19.975,39.6],[19.9,39.675],[19.875,39.7],[19.8,39.775],[19.7,39.775],[19.625,39.7],[19.7,39.625],[19.725,39.6],[19.8,39.525],[19.825,39.5],[19.9,39.425]]]}},{"type":"Feature","properties":{"layer_id":"1981_2000_T20","layer_label":"1981_2000, T>20\u00b0C","low":25.0,"high":50.0,"label":"25\u201350 %","fill":"#fec44f","fillOpacity":0.44,"stroke":"#fec44f","strokeOpacity":0.56,"strokeWeight":0.35},"geometry":{"type":"Polygon","coordinates":[[[19.85,39.5],[19.8,39.55],[19.75,39.6],[19.7,39.65],[19.65,39.7],[19.7,39.75],[19.8,39.75],[19.85,39.7],[19.9,39.65],[19.95,39.6],[19.95,39.5],[19.9,39.45],[19.85,39.5]]]}},{"type":"Feature","properties":{"layer_id":"1981_2000_T20","layer_label":"1981_2000, T>20\u00b0C","low":25.0,"high":50.0,"label":"25\u201350 %","fill":"#fec44f","fillOpacity":0.44,"stroke":"#fec44f","strokeOpacity":0.56,"strokeWeight":0.35},"geometry":{"type":"Polygon","coordinates":[[[26.1,39.4263],[26.2,39.4278],[26.2722,39.5],[26.3,39.5833],[26.4,39.6],[26.3,39.7],[26.3,39.7],[26.3,39.7],[26.4,39.75],[26.45,39.8],[26.4,39.85],[26.375,39.9],[26.3,39.9375],[26.2,39.9583],[26.1417,39.9],[26.1333,39.8],[26.1625,39.7],[26.1417,39.6],[26.1,39.5737],[26.0263,39.5],[26.1,39.4263]]]}},{"type":"Feature","properties":{"layer_id":"1981_2000_T20","layer_label":"1981_2000, T>20\u00b0C","low":25.0,"high":50.0,"label":"25\u201350 %","fill":"#fec44f","fillOpacity":0.44,"stroke":"#fec44f","strokeOpacity":0.56,"strokeWeight":0.35},"geometry":{"type":"Polygon","coordinates":[[[26.0526,39.5],[26.1,39.5474],[26.1833,39.6],[26.2,39.65],[26.2333,39.6],[26.2444,39.5],[26.2,39.4556],[26.1,39.4526],[26.0526,39.5]]]}},{"type":"Feature","properties":{"layer_id":"1981_2000_T20","layer_label":"1981_2000, T>20\u00b0C","low":25.0,"high":50.0,"label":"25\u201350 %","fill":"#fec44f","fillOpacity":0.44,"stroke":"#fec44f","strokeOpacity":0.56,"strokeWeight":0.35},"geometry":{"type":"Polygon","coordinates":[[[20.2,39.5714],[20.24,39.6],[20.2,39.64],[20.1786,39.7],[20.1625,39.8],[20.1,39.8625],[20.05,39.8],[20.0313,39.7],[20.1,39.6313],[20.1714,39.6],[20.2,39.5714]]]}},{"type":"Feature","properties":{"layer_id":"1981_2000_T20","layer_label":"1981_2000, T>20\u00b0C","low":25.0,"high":50.0,"label":"25\u201350 %","fill":"#fec44f","fillOpacity":0.44,"stroke":"#fec44f","strokeOpacity":0.56,"strokeWeight":0.35},"geometry":{"type":"Polygon","coordinates":[[[-6.5,39.6],[-6.4,39.6],[-6.35,39.7],[-6.4,39.7667],[-6.5,39.7333],[-6.55,39.7],[-6.5,39.6]]]}},{"type":"Feature","properties":{"layer_id":"1981_2000_T20","layer_label":"1981_2000, T>20\u00b0C","low":25.0,"high":50.0,"label":"25\u201350 %","fill":"#fec44f","fillOpacity":0.44,"stroke":"#fec44f","strokeOpacity":0.56,"strokeWeight":0.35},"geometry":{"type":"Polygon","coordinates":[[[25.3,39.725],[25.375,39.8],[25.3,39.875],[25.275,39.9],[25.2,39.975],[25.175,40.0],[25.1,40.075],[25.025,40.0],[25.025,39.9],[25.1,39.825],[25.2,39.825],[25.225,39.8],[25.3,39.725]]]}},{"type":"Feature","properties":{"layer_id":"1981_2000_T20","layer_label":"1981_2000, T>20\u00b0C","low":25.0,"high":50.0,"label":"25\u201350 %","fill":"#fec44f","fillOpacity":0.44,"stroke":"#fec44f","strokeOpacity":0.56,"strokeWeight":0.35},"geometry":{"type":"Polygon","coordinates":[[[25.05,39.9],[25.05,40.0],[25.1,40.05],[25.15,40.0],[25.2,39.95],[25.25,39.9],[25.2,39.85],[25.1,39.85],[25.05,39.9]]]}},{"type":"Feature","properties":{"layer_id":"1981_2000_T20","layer_label":"1981_2000, T>20\u00b0C","low":25.0,"high":50.0,"label":"25\u201350 %","fill":"#fec44f","fillOpacity":0.44,"stroke":"#fec44f","strokeOpacity":0.56,"strokeWeight":0.35},"geometry":{"type":"Polygon","coordinates":[[[-5.9,39.8],[-5.8,39.84],[-5.7,39.8571],[-5.6,39.88],[-5.5667,39.9],[-5.6,40.0],[-5.6,40.0],[-5.7,40.0167],[-5.7333,40.0],[-5.8,39.96],[-5.9,39.95],[-6.0,39.9],[-5.9,39.8]]]}},{"type":"Feature","properties":{"layer_id":"1981_2000_T20","layer_label":"1981_2000, T>20\u00b0C","low":25.0,"high":50.0,"label":"25\u201350 %","fill":"#fec44f","fillOpacity":0.44,"stroke":"#fec44f","strokeOpacity":0.56,"strokeWeight":0.35},"geometry":{"type":"Polygon","coordinates":[[[4.1,39.825],[4.2,39.825],[4.3,39.825],[4.375,39.9],[4.3,39.975],[4.275,40.0],[4.2,40.075],[4.1,40.075],[4.0,40.075],[3.9,40.075],[3.825,40.0],[3.9,39.925],[4.0,39.925],[4.025,39.9],[4.1,39.825]]]}},{"type":"Feature","properties":{"layer_id":"1981_2000_T20","layer_label":"1981_2000, T>20\u00b0C","low":25.0,"high":50.0,"label":"25\u201350 %","fill":"#fec44f","fillOpacity":0.44,"stroke":"#fec44f","strokeOpacity":0.56,"strokeWeight":0.35},"geometry":{"type":"Polygon","coordinates":[[[4.05,39.9],[4.0,39.95],[3.9,39.95],[3.85,40.0],[3.9,40.05],[4.0,40.05],[4.1,40.05],[4.2,40.05],[4.25,40.0],[4.3,39.95],[4.35,39.9],[4.3,39.85],[4.2,39.85],[4.1,39.85],[4.05,39.9]]]}},{"type":"Feature","properties":{"layer_id":"1981_2000_T20","layer_label":"1981_2000, T>20\u00b0C","low":25.0,"high":50.0,"label":"25\u201350 %","fill":"#fec44f","fillOpacity":0.44,"stroke":"#fec44f","strokeOpacity":0.56,"strokeWeight":0.35},"geometry":{"type":"Polygon","coordinates":[[[18.2,39.825],[18.3,39.825],[18.375,39.9],[18.4,39.925],[18.475,40.0],[18.475,40.1],[18.475,40.2],[18.4722,40.3],[18.4,40.3722],[18.3722,40.4],[18.3,40.4722],[18.2,40.4722],[18.1706,40.5],[18.1,40.5706],[18.0444,40.6],[18.0,40.6444],[17.9,40.6545],[17.8706,40.7],[17.8,40.7706],[17.7,40.7722],[17.6,40.7643],[17.5615,40.8],[17.5,40.8615],[17.4737,40.9],[17.4,40.9737],[17.3,40.9615],[17.2,40.9286],[17.1615,41.0],[17.1,41.0615],[17.0706,41.1],[17.0,41.1706],[16.9,41.1667],[16.8,41.1643],[16.7688,41.2],[16.7,41.2688],[16.6,41.2583],[16.5,41.2444],[16.42,41.2],[16.5,41.1429],[16.6,41.1],[16.6,41.1],[16.7,41.0333],[16.75,41.0],[16.8,40.9571],[16.9,40.95],[17.0,40.925],[17.1,40.9],[17.1,40.9],[17.2,40.8333],[17.3,40.8],[17.3,40.8],[17.4,40.7],[17.4,40.7],[17.4,40.6],[17.4,40.6],[17.3,40.5933],[17.25,40.6],[17.2,40.625],[17.1,40.65],[17.0,40.6667],[16.9,40.6],[16.9,40.6],[16.8,40.5615],[16.7,40.5],[16.7,40.5],[16.6,40.42],[16.58,40.4],[16.51,40.3],[16.5,40.28],[16.4429,40.2],[16.4571,40.1],[16.5,40.04],[16.5133,40.0],[16.6,39.9278],[16.6722,40.0],[16.6,40.0722],[16.5375,40.1],[16.6,40.1294],[16.7,40.1278],[16.7722,40.2],[16.7706,40.3],[16.7643,40.4],[16.8,40.4385],[16.9,40.4385],[17.0,40.4333],[17.1,40.4263],[17.2,40.4263],[17.225,40.4],[17.3,40.325],[17.4,40.325],[17.5,40.325],[17.525,40.3],[17.6,40.225],[17.7,40.2263],[17.8,40.2263],[17.9,40.225],[17.925,40.2],[17.925,40.1],[18.0,40.025],[18.025,40.0],[18.1,39.925],[18.125,39.9],[18.2,39.825]]]}},{"type":"Feature","properties":{"layer_id":"1981_2000_T20","layer_label":"1981_2000, T>20\u00b0C","low":25.0,"high":50.0,"label":"25\u201350 %","fill":"#fec44f","fillOpacity":0.44,"stroke":"#fec44f","strokeOpacity":0.56,"strokeWeight":0.35},"geometry":{"type":"Polygon","coordinates":[[[18.15,39.9],[18.1,39.95],[18.05,40.0],[18.0,40.05],[17.95,40.1],[17.95,40.2],[17.9,40.25],[17.8,40.2526],[17.7,40.2526],[17.6,40.25],[17.55,40.3],[17.5,40.35],[17.4,40.35],[17.3,40.35],[17.25,40.4],[17.2,40.4526],[17.1,40.4526],[17.0,40.4667],[16.9,40.4769],[16.8,40.4769],[16.7625,40.5],[16.8,40.5231],[16.9,40.5375],[17.0,40.5833],[17.1,40.575],[17.2,40.5692],[17.3,40.56],[17.4,40.5615],[17.5,40.5625],[17.6,40.56],[17.7,40.5583],[17.7556,40.6],[17.7,40.6385],[17.6,40.65],[17.5,40.7],[17.6,40.7286],[17.7,40.7444],[17.8,40.7412],[17.8412,40.7],[17.9,40.6091],[17.95,40.6],[18.0,40.5857],[18.1,40.5412],[18.1412,40.5],[18.2,40.4444],[18.3,40.4444],[18.3444,40.4],[18.4,40.3444],[18.4444,40.3],[18.45,40.2],[18.45,40.1],[18.45,40.0],[18.4,39.95],[18.35,39.9],[18.3,39.85],[18.2,39.85],[18.15,39.9]]]}},{"type":"Feature","properties":{"layer_id":"1981_2000_T20","layer_label":"1981_2000, T>20\u00b0C","low":25.0,"high":50.0,"label":"25\u201350 %","fill":"#fec44f","fillOpacity":0.44,"stroke":"#fec44f","strokeOpacity":0.56,"strokeWeight":0.35},"geometry":{"type":"Polygon","coordinates":[[[16.5125,40.2],[16.56,40.3],[16.6,40.35],[16.65,40.4],[16.7,40.4444],[16.7286,40.4],[16.7412,40.3],[16.7444,40.2],[16.7,40.1556],[16.6,40.1588],[16.5125,40.2]]]}},{"type":"Feature","properties":{"layer_id":"1981_2000_T20","layer_label":"1981_2000, T>20\u00b0C","low":25.0,"high":50.0,"label":"25\u201350 %","fill":"#fec44f","fillOpacity":0.44,"stroke":"#fec44f","strokeOpacity":0.56,"strokeWeight":0.35},"geometry":{"type":"Polygon","coordinates":[[[17.3833,40.8],[17.3,40.8625],[17.25,40.9],[17.3,40.9231],[17.4,40.9474],[17.4474,40.9],[17.5,40.8231],[17.5231,40.8],[17.5,40.7],[17.4,40.7833],[17.3833,40.8]]]}},{"type":"Feature","properties":{"layer_id":"1981_2000_T20","layer_label":"1981_2000, T>20\u00b0C","low":25.0,"high":50.0,"label":"25\u201350 %","fill":"#fec44f","fillOpacity":0.44,"stroke":"#fec44f","strokeOpacity":0.56,"strokeWeight":0.35},"geometry":{"type":"Polygon","coordinates":[[[16.6833,41.1],[16.6,41.1714],[16.5333,41.2],[16.6,41.2167],[16.7,41.2375],[16.7375,41.2],[16.8,41.1286],[16.9,41.1333],[17.0,41.1412],[17.0412,41.1],[17.0,41.0222],[16.9,41.0286],[16.8,41.0333],[16.7,41.0889],[16.6833,41.1]]]}},{"type":"Feature","properties":{"layer_id":"1981_2000_T20","layer_label":"1981_2000, T>20\u00b0C","low":25.0,"high":50.0,"label":"25\u201350 %","fill":"#fec44f","fillOpacity":0.44,"stroke":"#fec44f","strokeOpacity":0.56,"strokeWeight":0.35},"geometry":{"type":"Polygon","coordinates":[[[23.4,39.925],[23.5,39.925],[23.6,39.925],[23.675,40.0],[23.6,40.075],[23.5,40.075],[23.4,40.075],[23.325,40.0],[23.4,39.925]]]}},{"type":"Feature","properties":{"layer_id":"1981_2000_T20","layer_label":"1981_2000, T>20\u00b0C","low":25.0,"high":50.0,"label":"25\u201350 %","fill":"#fec44f","fillOpacity":0.44,"stroke":"#fec44f","strokeOpacity":0.56,"strokeWeight":0.35},"geometry":{"type":"Polygon","coordinates":[[[23.35,40.0],[23.4,40.05],[23.5,40.05],[23.6,40.05],[23.65,40.0],[23.6,39.95],[23.5,39.95],[23.4,39.95],[23.35,40.0]]]}},{"type":"Feature","properties":{"layer_id":"1981_2000_T20","layer_label":"1981_2000, T>20\u00b0C","low":25.0,"high":50.0,"label":"25\u201350 %","fill":"#fec44f","fillOpacity":0.44,"stroke":"#fec44f","strokeOpacity":0.56,"strokeWeight":0.35},"geometry":{"type":"Polygon","coordinates":[[[23.9,39.925],[23.975,40.0],[24.0,40.025],[24.075,40.1],[24.0,40.175],[23.975,40.2],[24.0,40.225],[24.1,40.225],[24.2,40.225],[24.225,40.2],[24.3,40.125],[24.4,40.125],[24.475,40.2],[24.4,40.275],[24.3,40.275],[24.275,40.3],[24.2,40.375],[24.1,40.375],[24.075,40.4],[24.0,40.475],[23.9,40.475],[23.8167,40.5],[23.8,40.5167],[23.775,40.5],[23.7,40.425],[23.68,40.4],[23.6,40.3765],[23.5,40.375],[23.42,40.4],[23.4,40.425],[23.3,40.4714],[23.2333,40.5],[23.3,40.5222],[23.4,40.5333],[23.5,40.5429],[23.6,40.6],[23.5571,40.7],[23.5,40.75],[23.4,40.7667],[23.3,40.7667],[23.2,40.8],[23.2,40.8],[23.1,40.8429],[23.0,40.9],[23.0,40.9],[23.0,41.0],[23.0,41.0],[23.1,41.0667],[23.2,41.0571],[23.3,41.0],[23.3,41.0],[23.4,40.94],[23.5,40.9083],[23.5333,40.9],[23.6,40.8667],[23.7,40.8],[23.7,40.8],[23.7,40.8],[23.675,40.7],[23.7,40.6667],[23.7167,40.7],[23.8,40.7455],[23.9,40.75],[24.0,40.8],[23.9167,40.9],[23.9,41.0],[23.9,41.0],[23.8,41.0444],[23.7,41.0643],[23.6,41.0909],[23.5857,41.1],[23.5,41.1545],[23.4,41.1933],[23.3833,41.2],[23.3,41.2556],[23.2,41.2286],[23.1,41.2167],[23.0,41.22],[22.9,41.22],[22.85,41.2],[22.8,41.1667],[22.7,41.175],[22.6667,41.2],[22.6,41.24],[22.54,41.3],[22.5,41.3667],[22.4333,41.3],[22.46,41.2],[22.5,41.1333],[22.52,41.1],[22.6,41.0],[22.6,41.0],[22.65,40.9],[22.675,40.8],[22.6,40.725],[22.55,40.7],[22.52,40.6],[22.525,40.5],[22.5,40.45],[22.46,40.4],[22.4,40.325],[22.3833,40.3],[22.4,40.275],[22.4214,40.2],[22.5,40.1313],[22.5688,40.2],[22.6,40.2263],[22.6737,40.3],[22.6583,40.4],[22.6545,40.5],[22.7,40.5333],[22.8,40.5357],[22.8643,40.6],[22.9,40.6417],[22.9455,40.6],[22.9294,40.5],[23.0,40.4294],[23.025,40.4],[23.1,40.325],[23.125,40.3],[23.2,40.225],[23.3,40.2278],[23.4,40.2278],[23.5,40.2294],[23.6,40.2278],[23.625,40.2],[23.7,40.125],[23.725,40.1],[23.8,40.025],[23.825,40.0],[23.9,39.925]]]}},{"type":"Feature","properties":{"layer_id":"1981_2000_T20","layer_label":"1981_2000, T>20\u00b0C","low":25.0,"high":50.0,"label":"25\u201350 %","fill":"#fec44f","fillOpacity":0.44,"stroke":"#fec44f","strokeOpacity":0.56,"strokeWeight":0.35},"geometry":{"type":"Polygon","coordinates":[[[23.85,40.0],[23.8,40.05],[23.75,40.1],[23.7,40.15],[23.65,40.2],[23.6,40.2556],[23.5,40.2588],[23.4,40.2556],[23.3,40.2556],[23.2,40.25],[23.15,40.3],[23.1,40.35],[23.05,40.4],[23.0,40.4588],[22.9588,40.5],[22.9909,40.6],[22.9,40.6833],[22.8286,40.6],[22.8,40.5714],[22.7,40.5667],[22.6167,40.6],[22.7,40.6714],[22.7667,40.7],[22.8,40.75],[22.9,40.75],[23.0,40.8],[23.1,40.7333],[23.15,40.7],[23.1,40.6],[23.1,40.6],[23.1,40.6],[23.1429,40.5],[23.2,40.4556],[23.3,40.4],[23.3,40.4],[23.4,40.3667],[23.5,40.3438],[23.6,40.3471],[23.7,40.3667],[23.7364,40.4],[23.8,40.4636],[23.9,40.45],[24.0,40.45],[24.05,40.4],[24.1,40.35],[24.2,40.35],[24.25,40.3],[24.2,40.25],[24.1,40.25],[24.0,40.25],[23.95,40.3],[23.9,40.35],[23.8,40.3588],[23.7444,40.3],[23.8,40.25],[23.9,40.25],[23.95,40.2],[24.0,40.15],[24.05,40.1],[24.0,40.05],[23.95,40.0],[23.9,39.95],[23.85,40.0]]]}},{"type":"Feature","properties":{"layer_id":"1981_2000_T20","layer_label":"1981_2000, T>20\u00b0C","low":25.0,"high":50.0,"label":"25\u201350 %","fill":"#fec44f","fillOpacity":0.44,"stroke":"#fec44f","strokeOpacity":0.56,"strokeWeight":0.35},"geometry":{"type":"Polygon","coordinates":[[[22.4571,40.2],[22.4308,40.3],[22.5,40.375],[22.56,40.4],[22.5875,40.5],[22.6,40.55],[22.6091,40.5],[22.6167,40.4],[22.6474,40.3],[22.6,40.2526],[22.5375,40.2],[22.5,40.1625],[22.4571,40.2]]]}},{"type":"Feature","properties":{"layer_id":"1981_2000_T20","layer_label":"1981_2000, T>20\u00b0C","low":25.0,"high":50.0,"label":"25\u201350 %","fill":"#fec44f","fillOpacity":0.44,"stroke":"#fec44f","strokeOpacity":0.56,"strokeWeight":0.35},"geometry":{"type":"Polygon","coordinates":[[[23.2333,40.6],[23.25,40.7],[23.3,40.7111],[23.4,40.725],[23.475,40.7],[23.45,40.6],[23.4,40.5889],[23.3,40.5778],[23.2333,40.6]]]}},{"type":"Feature","properties":{"layer_id":"1981_2000_T20","layer_label":"1981_2000, T>20\u00b0C","low":25.0,"high":50.0,"label":"25\u201350 %","fill":"#fec44f","fillOpacity":0.44,"stroke":"#fec44f","strokeOpacity":0.56,"strokeWeight":0.35},"geometry":{"type":"Polygon","coordinates":[[[23.7833,40.8],[23.7,40.8833],[23.675,40.9],[23.6,40.9375],[23.5,40.95],[23.4,40.99],[23.3833,41.0],[23.3,41.0556],[23.2333,41.1],[23.3,41.2],[23.4,41.16],[23.5,41.1091],[23.5143,41.1],[23.6,41.0455],[23.7,41.0286],[23.78,41.0],[23.8,40.9667],[23.8333,40.9],[23.9,40.8],[23.8,40.7909],[23.7833,40.8]]]}},{"type":"Feature","properties":{"layer_id":"1981_2000_T20","layer_label":"1981_2000, T>20\u00b0C","low":25.0,"high":50.0,"label":"25\u201350 %","fill":"#fec44f","fillOpacity":0.44,"stroke":"#fec44f","strokeOpacity":0.56,"strokeWeight":0.35},"geometry":{"type":"Polygon","coordinates":[[[26.2,40.0313],[26.3,40.0455],[26.4,40.1],[26.4,40.1],[26.48,40.2],[26.5,40.2333],[26.6,40.3],[26.6,40.4],[26.5,40.4444],[26.4,40.4643],[26.3,40.4667],[26.2333,40.4],[26.2294,40.3],[26.2,40.2688],[26.1313,40.2],[26.1313,40.1],[26.2,40.0313]]]}},{"type":"Feature","properties":{"layer_id":"1981_2000_T20","layer_label":"1981_2000, T>20\u00b0C","low":25.0,"high":50.0,"label":"25\u201350 %","fill":"#fec44f","fillOpacity":0.44,"stroke":"#fec44f","strokeOpacity":0.56,"strokeWeight":0.35},"geometry":{"type":"Polygon","coordinates":[[[26.1625,40.1],[26.1625,40.2],[26.2,40.2375],[26.2588,40.3],[26.2667,40.4],[26.3,40.4333],[26.4,40.4286],[26.48,40.4],[26.45,40.3],[26.4,40.225],[26.38,40.2],[26.3167,40.1],[26.3,40.0909],[26.2,40.0625],[26.1625,40.1]]]}},{"type":"Feature","properties":{"layer_id":"1981_2000_T20","layer_label":"1981_2000, T>20\u00b0C","low":25.0,"high":50.0,"label":"25\u201350 %","fill":"#fec44f","fillOpacity":0.44,"stroke":"#fec44f","strokeOpacity":0.56,"strokeWeight":0.35},"geometry":{"type":"Polygon","coordinates":[[[25.7,40.125],[25.8,40.125],[25.9,40.125],[25.975,40.2],[25.9,40.275],[25.8,40.275],[25.7,40.275],[25.625,40.2],[25.7,40.125]]]}},{"type":"Feature","properties":{"layer_id":"1981_2000_T20","layer_label":"1981_2000, T>20\u00b0C","low":25.0,"high":50.0,"label":"25\u201350 %","fill":"#fec44f","fillOpacity":0.44,"stroke":"#fec44f","strokeOpacity":0.56,"strokeWeight":0.35},"geometry":{"type":"Polygon","coordinates":[[[25.65,40.2],[25.7,40.25],[25.8,40.25],[25.9,40.25],[25.95,40.2],[25.9,40.15],[25.8,40.15],[25.7,40.15],[25.65,40.2]]]}},{"type":"Feature","properties":{"layer_id":"1981_2000_T20","layer_label":"1981_2000, T>20\u00b0C","low":25.0,"high":50.0,"label":"25\u201350 %","fill":"#fec44f","fillOpacity":0.44,"stroke":"#fec44f","strokeOpacity":0.56,"strokeWeight":0.35},"geometry":{"type":"Polygon","coordinates":[[[27.9,40.15],[28.0,40.1417],[28.1,40.1667],[28.15,40.2],[28.175,40.3],[28.2,40.3111],[28.3,40.3429],[28.4,40.3429],[28.5,40.325],[28.5545,40.4],[28.5,40.4545],[28.4,40.4444],[28.3,40.4444],[28.2,40.4615],[28.1,40.4643],[28.0357,40.4],[28.0,40.3375],[27.9583,40.4],[27.9,40.4583],[27.8417,40.4],[27.8,40.3286],[27.7714,40.3],[27.8,40.2333],[27.8167,40.2],[27.9,40.15]]]}},{"type":"Feature","properties":{"layer_id":"1981_2000_T20","layer_label":"1981_2000, T>20\u00b0C","low":25.0,"high":50.0,"label":"25\u201350 %","fill":"#fec44f","fillOpacity":0.44,"stroke":"#fec44f","strokeOpacity":0.56,"strokeWeight":0.35},"geometry":{"type":"Polygon","coordinates":[[[9.5,40.2667],[9.6,40.23],[9.6583,40.3],[9.6615,40.4],[9.7,40.4333],[9.8,40.4278],[9.8722,40.5],[9.8,40.5722],[9.7615,40.6],[9.7706,40.7],[9.7,40.7706],[9.6545,40.8],[9.6667,40.9],[9.6,40.9667],[9.5667,41.0],[9.5706,41.1],[9.5,41.1706],[9.4,41.1706],[9.3,41.1643],[9.2,41.15],[9.1722,41.2],[9.1,41.2722],[9.0278,41.2],[9.0,41.1375],[8.9625,41.1],[9.0,41.0571],[9.1,41.0571],[9.2,41.0444],[9.3,41.0182],[9.3333,41.0],[9.4,40.9333],[9.4333,40.9],[9.5,40.8333],[9.525,40.8],[9.5286,40.7],[9.6,40.6],[9.6,40.6],[9.6,40.6],[9.58,40.5],[9.5,40.4333],[9.4667,40.4],[9.4667,40.3],[9.5,40.2667]]]}},{"type":"Feature","properties":{"layer_id":"1981_2000_T20","layer_label":"1981_2000, T>20\u00b0C","low":25.0,"high":50.0,"label":"25\u201350 %","fill":"#fec44f","fillOpacity":0.44,"stroke":"#fec44f","strokeOpacity":0.56,"strokeWeight":0.35},"geometry":{"type":"Polygon","coordinates":[[[9.6444,40.5],[9.6625,40.6],[9.6,40.7],[9.7,40.7412],[9.7412,40.7],[9.7231,40.6],[9.8,40.5444],[9.8444,40.5],[9.8,40.4556],[9.7,40.4667],[9.6444,40.5]]]}},{"type":"Feature","properties":{"layer_id":"1981_2000_T20","layer_label":"1981_2000, T>20\u00b0C","low":25.0,"high":50.0,"label":"25\u201350 %","fill":"#fec44f","fillOpacity":0.44,"stroke":"#fec44f","strokeOpacity":0.56,"strokeWeight":0.35},"geometry":{"type":"Polygon","coordinates":[[[9.4167,41.0],[9.4,41.0125],[9.3,41.0636],[9.2,41.1],[9.3,41.1286],[9.4,41.1412],[9.5,41.1412],[9.5412,41.1],[9.5333,41.0],[9.5,40.9167],[9.4167,41.0]]]}},{"type":"Feature","properties":{"layer_id":"1981_2000_T20","layer_label":"1981_2000, T>20\u00b0C","low":25.0,"high":50.0,"label":"25\u201350 %","fill":"#fec44f","fillOpacity":0.44,"stroke":"#fec44f","strokeOpacity":0.56,"strokeWeight":0.35},"geometry":{"type":"Polygon","coordinates":[[[27.3,40.2667],[27.4,40.3],[27.3583,40.4],[27.3,40.4583],[27.2,40.4583],[27.1,40.4],[27.2,40.3],[27.2,40.3],[27.3,40.2667]]]}},{"type":"Feature","properties":{"layer_id":"1981_2000_T20","layer_label":"1981_2000, T>20\u00b0C","low":25.0,"high":50.0,"label":"25\u201350 %","fill":"#fec44f","fillOpacity":0.44,"stroke":"#fec44f","strokeOpacity":0.56,"strokeWeight":0.35},"geometry":{"type":"Polygon","coordinates":[[[0.4,40.3556],[0.4444,40.4],[0.5,40.4357],[0.5643,40.5],[0.5583,40.6],[0.6,40.6313],[0.7,40.625],[0.8,40.625],[0.875,40.7],[0.8,40.775],[0.7688,40.8],[0.8,40.8417],[0.8583,40.9],[0.9,40.9455],[0.9545,41.0],[1.0,41.0833],[1.1,41.0556],[1.2,41.05],[1.25,41.1],[1.2,41.15],[1.1,41.1444],[1.0,41.1167],[0.95,41.1],[0.9,41.0857],[0.8,41.06],[0.7,41.05],[0.6333,41.0],[0.6,40.95],[0.5833,40.9],[0.5222,40.8],[0.5,40.7333],[0.4833,40.7],[0.4364,40.6],[0.425,40.5],[0.4,40.4571],[0.35,40.4],[0.4,40.3556]]]}},{"type":"Feature","properties":{"layer_id":"1981_2000_T20","layer_label":"1981_2000, T>20\u00b0C","low":25.0,"high":50.0,"label":"25\u201350 %","fill":"#fec44f","fillOpacity":0.44,"stroke":"#fec44f","strokeOpacity":0.56,"strokeWeight":0.35},"geometry":{"type":"Polygon","coordinates":[[[0.54,40.7],[0.5778,40.8],[0.6,40.8333],[0.68,40.9],[0.7,40.925],[0.8,40.95],[0.8167,40.9],[0.8,40.8833],[0.7375,40.8],[0.8,40.75],[0.85,40.7],[0.8,40.65],[0.7,40.65],[0.6,40.6625],[0.54,40.7]]]}},{"type":"Feature","properties":{"layer_id":"1981_2000_T20","layer_label":"1981_2000, T>20\u00b0C","low":25.0,"high":50.0,"label":"25\u201350 %","fill":"#fec44f","fillOpacity":0.44,"stroke":"#fec44f","strokeOpacity":0.56,"strokeWeight":0.35},"geometry":{"type":"Polygon","coordinates":[[[19.5,40.38],[19.6,40.3833],[19.6333,40.4],[19.7,40.5],[19.6,40.5571],[19.5667,40.6],[19.5667,40.7],[19.6,40.7667],[19.62,40.8],[19.6,40.85],[19.575,40.9],[19.6,40.9333],[19.6333,41.0],[19.6,41.1],[19.6,41.1],[19.5,41.1444],[19.4556,41.1],[19.4385,41.0],[19.4,40.9286],[19.3714,40.9],[19.3385,40.8],[19.3417,40.7],[19.4,40.6417],[19.4455,40.6],[19.4333,40.5],[19.4833,40.4],[19.5,40.38]]]}},{"type":"Feature","properties":{"layer_id":"1981_2000_T20","layer_label":"1981_2000, T>20\u00b0C","low":25.0,"high":50.0,"label":"25\u201350 %","fill":"#fec44f","fillOpacity":0.44,"stroke":"#fec44f","strokeOpacity":0.56,"strokeWeight":0.35},"geometry":{"type":"Polygon","coordinates":[[[8.4,40.4833],[8.4333,40.5],[8.475,40.6],[8.5,40.7],[8.5,40.7],[8.6,40.75],[8.6333,40.8],[8.6,40.8286],[8.5,40.8667],[8.4,40.8706],[8.3,40.8722],[8.2,40.8737],[8.1263,40.8],[8.1278,40.7],[8.2,40.6278],[8.2313,40.6],[8.3,40.5313],[8.3833,40.5],[8.4,40.4833]]]}},{"type":"Feature","properties":{"layer_id":"1981_2000_T20","layer_label":"1981_2000, T>20\u00b0C","low":25.0,"high":50.0,"label":"25\u201350 %","fill":"#fec44f","fillOpacity":0.44,"stroke":"#fec44f","strokeOpacity":0.56,"strokeWeight":0.35},"geometry":{"type":"Polygon","coordinates":[[[8.2625,40.6],[8.2,40.6556],[8.1556,40.7],[8.1526,40.8],[8.2,40.8474],[8.3,40.8444],[8.4,40.8412],[8.5,40.8333],[8.5625,40.8],[8.5,40.75],[8.4545,40.7],[8.4125,40.6],[8.4,40.58],[8.3,40.5625],[8.2625,40.6]]]}},{"type":"Feature","properties":{"layer_id":"1981_2000_T20","layer_label":"1981_2000, T>20\u00b0C","low":25.0,"high":50.0,"label":"25\u201350 %","fill":"#fec44f","fillOpacity":0.44,"stroke":"#fec44f","strokeOpacity":0.56,"strokeWeight":0.35},"geometry":{"type":"Polygon","coordinates":[[[15.0,40.4417],[15.07,40.5],[15.0,40.6],[15.0,40.6],[14.9,40.675],[14.825,40.7],[14.8,40.7167],[14.7,40.7556],[14.6,40.775],[14.5333,40.8],[14.5,40.85],[14.45,40.9],[14.4,40.92],[14.3,40.9667],[14.2,41.0],[14.2,41.0],[14.1,41.06],[14.0333,41.1],[14.0,41.1167],[13.9833,41.1],[13.9278,41.0],[14.0,40.9278],[14.0278,40.9],[14.1,40.8278],[14.2,40.8333],[14.3,40.8455],[14.3417,40.8],[14.4,40.7417],[14.4385,40.7],[14.5,40.6385],[14.6,40.6455],[14.7,40.65],[14.8,40.6833],[14.8357,40.6],[14.9,40.5357],[14.9417,40.5],[15.0,40.4417]]]}},{"type":"Feature","properties":{"layer_id":"1981_2000_T20","layer_label":"1981_2000, T>20\u00b0C","low":25.0,"high":50.0,"label":"25\u201350 %","fill":"#fec44f","fillOpacity":0.44,"stroke":"#fec44f","strokeOpacity":0.56,"strokeWeight":0.35},"geometry":{"type":"Polygon","coordinates":[[[14.0556,40.9],[14.0,40.9556],[13.9556,41.0],[14.0,41.0667],[14.08,41.0],[14.1,40.98],[14.2,40.95],[14.3,40.9111],[14.32,40.9],[14.3,40.8909],[14.2,40.8667],[14.1,40.8556],[14.0556,40.9]]]}},{"type":"Feature","properties":{"layer_id":"1981_2000_T20","layer_label":"1981_2000, T>20\u00b0C","low":25.0,"high":50.0,"label":"25\u201350 %","fill":"#fec44f","fillOpacity":0.44,"stroke":"#fec44f","strokeOpacity":0.56,"strokeWeight":0.35},"geometry":{"type":"Polygon","coordinates":[[[26.8,40.4],[26.8545,40.5],[26.9,40.5333],[27.0,40.5357],[27.0643,40.6],[27.1,40.6833],[27.2,40.6833],[27.2167,40.7],[27.2,40.725],[27.1,40.725],[27.05,40.7],[27.0,40.69],[26.9,40.6909],[26.8,40.6909],[26.7333,40.6],[26.7455,40.5],[26.8,40.4]]]}},{"type":"Feature","properties":{"layer_id":"1981_2000_T20","layer_label":"1981_2000, T>20\u00b0C","low":25.0,"high":50.0,"label":"25\u201350 %","fill":"#fec44f","fillOpacity":0.44,"stroke":"#fec44f","strokeOpacity":0.56,"strokeWeight":0.35},"geometry":{"type":"Polygon","coordinates":[[[26.7909,40.5],[26.7667,40.6],[26.8,40.6455],[26.9,40.6455],[27.0,40.64],[27.0286,40.6],[27.0,40.5714],[26.9,40.5667],[26.8091,40.5],[26.8,40.4833],[26.7909,40.5]]]}},{"type":"Feature","properties":{"layer_id":"1981_2000_T20","layer_label":"1981_2000, T>20\u00b0C","low":25.0,"high":50.0,"label":"25\u201350 %","fill":"#fec44f","fillOpacity":0.44,"stroke":"#fec44f","strokeOpacity":0.56,"strokeWeight":0.35},"geometry":{"type":"Polygon","coordinates":[[[24.6,40.625],[24.7,40.625],[24.775,40.7],[24.7,40.775],[24.6,40.775],[24.525,40.7],[24.6,40.625]]]}},{"type":"Feature","properties":{"layer_id":"1981_2000_T20","layer_label":"1981_2000, T>20\u00b0C","low":25.0,"high":50.0,"label":"25\u201350 %","fill":"#fec44f","fillOpacity":0.44,"stroke":"#fec44f","strokeOpacity":0.56,"strokeWeight":0.35},"geometry":{"type":"Polygon","coordinates":[[[26.1,40.6333],[26.2,40.65],[26.3,40.6833],[26.4,40.6833],[26.5,40.7],[26.4,40.8],[26.3,40.75],[26.2667,40.8],[26.2,40.8667],[26.15,40.9],[26.1,40.92],[26.0,40.9333],[25.9,40.9429],[25.8,40.9625],[25.7,40.9],[25.8,40.85],[25.9,40.8625],[26.0,40.8714],[26.0625,40.8],[26.0333,40.7],[26.1,40.6333]]]}},{"type":"Feature","properties":{"layer_id":"1981_2000_T20","layer_label":"1981_2000, T>20\u00b0C","low":25.0,"high":50.0,"label":"25\u201350 %","fill":"#fec44f","fillOpacity":0.44,"stroke":"#fec44f","strokeOpacity":0.56,"strokeWeight":0.35},"geometry":{"type":"Polygon","coordinates":[[[24.7,40.825],[24.775,40.9],[24.8,40.9714],[24.9,40.95],[25.0,40.9625],[25.1,40.9417],[25.2,40.9333],[25.3,41.0],[25.2,41.0714],[25.1,41.0636],[25.0,41.0429],[24.9,41.0556],[24.8,41.0333],[24.7333,41.0],[24.7,40.9938],[24.625,40.9],[24.7,40.825]]]}},{"type":"Feature","properties":{"layer_id":"1981_2000_T20","layer_label":"1981_2000, T>20\u00b0C","low":25.0,"high":50.0,"label":"25\u201350 %","fill":"#fec44f","fillOpacity":0.44,"stroke":"#fec44f","strokeOpacity":0.56,"strokeWeight":0.35},"geometry":{"type":"Polygon","coordinates":[[[29.3,40.8625],[29.4,40.9],[29.4,41.0],[29.4,41.0],[29.5,41.075],[29.6,41.08],[29.7,41.08],[29.8,41.08],[29.9,41.0667],[29.9667,41.1],[29.9,41.1286],[29.8,41.1167],[29.7,41.1167],[29.65,41.2],[29.6,41.25],[29.55,41.2],[29.5,41.1167],[29.4,41.1286],[29.3667,41.2],[29.3,41.2667],[29.2,41.25],[29.1,41.2444],[29.0,41.2545],[28.9,41.25],[28.8615,41.3],[28.8,41.3615],[28.7,41.3643],[28.6,41.3615],[28.5,41.3583],[28.4615,41.4],[28.4,41.4615],[28.3,41.4375],[28.225,41.4],[28.22,41.3],[28.2,41.2],[28.2,41.2],[28.1,41.1833],[28.0,41.15],[27.925,41.1],[27.9,41.0875],[27.8,41.0857],[27.7,41.06],[27.6,41.0],[27.7,40.9625],[27.8,40.9455],[27.9,40.9417],[28.0,40.9313],[28.0688,41.0],[28.1,41.05],[28.2,41.0556],[28.3,41.05],[28.4,41.05],[28.4278,41.0],[28.5,40.9278],[28.6,40.9278],[28.7,40.9294],[28.8,40.9333],[28.9,40.9357],[29.0,40.9625],[29.1,40.9625],[29.2,40.9625],[29.2625,40.9],[29.3,40.8625]]]}},{"type":"Feature","properties":{"layer_id":"1981_2000_T20","layer_label":"1981_2000, T>20\u00b0C","low":25.0,"high":50.0,"label":"25\u201350 %","fill":"#fec44f","fillOpacity":0.44,"stroke":"#fec44f","strokeOpacity":0.56,"strokeWeight":0.35},"geometry":{"type":"Polygon","coordinates":[[[28.4556,41.0],[28.5,41.1],[28.6,41.1],[28.7,41.1],[28.8,41.1],[28.9,41.08],[28.9667,41.0],[28.9,40.9714],[28.8,40.9667],[28.7,40.9588],[28.6,40.9556],[28.5,40.9556],[28.4556,41.0]]]}},{"type":"Feature","properties":{"layer_id":"1981_2000_T20","layer_label":"1981_2000, T>20\u00b0C","low":25.0,"high":50.0,"label":"25\u201350 %","fill":"#fec44f","fillOpacity":0.44,"stroke":"#fec44f","strokeOpacity":0.56,"strokeWeight":0.35},"geometry":{"type":"Polygon","coordinates":[[[28.4333,41.3],[28.5,41.3167],[28.6,41.3231],[28.7,41.3286],[28.8,41.3231],[28.8231,41.3],[28.8,41.2],[28.7,41.2],[28.6,41.225],[28.5,41.2333],[28.4333,41.3]]]}},{"type":"Feature","properties":{"layer_id":"1981_2000_T20","layer_label":"1981_2000, T>20\u00b0C","low":25.0,"high":50.0,"label":"25\u201350 %","fill":"#fec44f","fillOpacity":0.44,"stroke":"#fec44f","strokeOpacity":0.56,"strokeWeight":0.35},"geometry":{"type":"Polygon","coordinates":[[[19.6,41.1],[19.62,41.2],[19.6833,41.3],[19.64,41.4],[19.6,41.5],[19.5,41.4643],[19.4357,41.4],[19.4278,41.3],[19.5,41.2278],[19.5833,41.2],[19.6,41.1]]]}},{"type":"Feature","properties":{"layer_id":"1981_2000_T20","layer_label":"1981_2000, T>20\u00b0C","low":25.0,"high":50.0,"label":"25\u201350 %","fill":"#fec44f","fillOpacity":0.44,"stroke":"#fec44f","strokeOpacity":0.56,"strokeWeight":0.35},"geometry":{"type":"Polygon","coordinates":[[[1.8,41.2714],[1.9,41.2455],[2.0,41.2385],[2.1,41.2385],[2.1615,41.3],[2.1444,41.4],[2.1,41.4444],[2.02,41.4],[2.0,41.3889],[1.9,41.3545],[1.8,41.3286],[1.7667,41.3],[1.8,41.2714]]]}},{"type":"Feature","properties":{"layer_id":"1981_2000_T20","layer_label":"1981_2000, T>20\u00b0C","low":25.0,"high":50.0,"label":"25\u201350 %","fill":"#fec44f","fillOpacity":0.44,"stroke":"#fec44f","strokeOpacity":0.56,"strokeWeight":0.35},"geometry":{"type":"Polygon","coordinates":[[[13.0,41.2278],[13.1,41.2278],[13.2,41.2294],[13.2706,41.3],[13.2,41.3706],[13.1444,41.4],[13.1,41.4444],[13.0,41.4722],[12.95,41.5],[12.9,41.55],[12.8,41.5867],[12.78,41.6],[12.7,41.6615],[12.6,41.6867],[12.5818,41.7],[12.5333,41.8],[12.5,41.85],[12.4714,41.9],[12.4,41.9556],[12.3,41.975],[12.275,42.0],[12.2,42.0643],[12.1,42.1],[12.1,42.1],[12.0,42.1444],[11.9444,42.2],[11.9,42.2667],[11.8667,42.3],[11.8,42.35],[11.7,42.3917],[11.675,42.4],[11.6,42.45],[11.55,42.5],[11.5,42.5429],[11.4,42.5636],[11.32,42.6],[11.3,42.62],[11.2,42.7],[11.2,42.7],[11.1,42.8],[11.1,42.8],[11.0,42.85],[10.975,42.9],[10.9,42.95],[10.8571,43.0],[10.8,43.0571],[10.7667,43.1],[10.7,43.1545],[10.6444,43.2],[10.65,43.3],[10.6,43.36],[10.5625,43.3],[10.5556,43.2],[10.5294,43.1],[10.5,43.075],[10.425,43.0],[10.5,42.925],[10.6,42.9278],[10.7,42.9278],[10.7294,42.9],[10.8,42.8294],[10.8417,42.8],[10.9,42.7417],[10.9294,42.7],[11.0,42.6294],[11.0294,42.6],[11.1,42.5294],[11.1294,42.5],[11.2,42.4294],[11.3,42.4333],[11.3294,42.4],[11.4,42.3294],[11.5,42.3357],[11.6,42.3625],[11.6313,42.3],[11.6263,42.2],[11.7,42.1263],[11.8,42.1333],[11.8313,42.1],[11.9,42.0313],[11.9278,42.0],[12.0,41.9278],[12.1,41.9278],[12.1278,41.9],[12.1278,41.8],[12.2,41.7278],[12.3,41.7278],[12.3278,41.7],[12.4,41.6278],[12.5,41.6357],[12.5278,41.6],[12.5278,41.5],[12.6,41.4278],[12.7,41.4278],[12.8,41.4278],[12.9,41.45],[12.9278,41.4],[12.9278,41.3],[13.0,41.2278]]]}},{"type":"Feature","properties":{"layer_id":"1981_2000_T20","layer_label":"1981_2000, T>20\u00b0C","low":25.0,"high":50.0,"label":"25\u201350 %","fill":"#fec44f","fillOpacity":0.44,"stroke":"#fec44f","strokeOpacity":0.56,"strokeWeight":0.35},"geometry":{"type":"Polygon","coordinates":[[[12.9556,41.3],[12.9556,41.4],[13.0,41.4444],[13.0889,41.4],[13.1,41.3889],[13.2,41.3412],[13.2412,41.3],[13.2,41.2588],[13.1,41.2556],[13.0,41.2556],[12.9556,41.3]]]}},{"type":"Feature","properties":{"layer_id":"1981_2000_T20","layer_label":"1981_2000, T>20\u00b0C","low":25.0,"high":50.0,"label":"25\u201350 %","fill":"#fec44f","fillOpacity":0.44,"stroke":"#fec44f","strokeOpacity":0.56,"strokeWeight":0.35},"geometry":{"type":"Polygon","coordinates":[[[12.5556,41.5],[12.5556,41.6],[12.6,41.6533],[12.7,41.6231],[12.73,41.6],[12.8,41.5533],[12.9,41.5],[12.8,41.4556],[12.7,41.4556],[12.6,41.4556],[12.5556,41.5]]]}},{"type":"Feature","properties":{"layer_id":"1981_2000_T20","layer_label":"1981_2000, T>20\u00b0C","low":25.0,"high":50.0,"label":"25\u201350 %","fill":"#fec44f","fillOpacity":0.44,"stroke":"#fec44f","strokeOpacity":0.56,"strokeWeight":0.35},"geometry":{"type":"Polygon","coordinates":[[[12.3556,41.7],[12.3,41.7556],[12.2,41.7556],[12.1556,41.8],[12.1556,41.9],[12.1,41.9556],[12.0,41.9556],[11.9556,42.0],[11.9,42.0625],[11.8625,42.1],[11.9,42.1857],[11.9857,42.1],[12.0,42.0889],[12.1,42.0615],[12.2,42.0286],[12.2333,42.0],[12.3,41.9333],[12.4,41.9],[12.4,41.9],[12.4571,41.8],[12.5,41.7571],[12.5364,41.7],[12.5,41.6714],[12.4,41.6556],[12.3556,41.7]]]}},{"type":"Feature","properties":{"layer_id":"1981_2000_T20","layer_label":"1981_2000, T>20\u00b0C","low":25.0,"high":50.0,"label":"25\u201350 %","fill":"#fec44f","fillOpacity":0.44,"stroke":"#fec44f","strokeOpacity":0.56,"strokeWeight":0.35},"geometry":{"type":"Polygon","coordinates":[[[11.6526,42.2],[11.6625,42.3],[11.7,42.35],[11.7857,42.3],[11.8,42.2833],[11.8833,42.2],[11.8,42.1667],[11.7,42.1526],[11.6526,42.2]]]}},{"type":"Feature","properties":{"layer_id":"1981_2000_T20","layer_label":"1981_2000, T>20\u00b0C","low":25.0,"high":50.0,"label":"25\u201350 %","fill":"#fec44f","fillOpacity":0.44,"stroke":"#fec44f","strokeOpacity":0.56,"strokeWeight":0.35},"geometry":{"type":"Polygon","coordinates":[[[11.3588,42.4],[11.3,42.4667],[11.2,42.4588],[11.1588,42.5],[11.1,42.5588],[11.0588,42.6],[11.0,42.6588],[10.9588,42.7],[11.0,42.7636],[11.1,42.75],[11.15,42.7],[11.2,42.6444],[11.25,42.6],[11.3,42.5556],[11.4,42.5182],[11.45,42.5],[11.5,42.4667],[11.5667,42.4],[11.5,42.3714],[11.4,42.3588],[11.3588,42.4]]]}},{"type":"Feature","properties":{"layer_id":"1981_2000_T20","layer_label":"1981_2000, T>20\u00b0C","low":25.0,"high":50.0,"label":"25\u201350 %","fill":"#fec44f","fillOpacity":0.44,"stroke":"#fec44f","strokeOpacity":0.56,"strokeWeight":0.35},"geometry":{"type":"Polygon","coordinates":[[[10.7588,42.9],[10.7,42.9556],[10.6,42.9556],[10.5,42.95],[10.45,43.0],[10.5,43.05],[10.5588,43.1],[10.6,43.1875],[10.7,43.1091],[10.7111,43.1],[10.7889,43.0],[10.8,42.9875],[10.8778,42.9],[10.8,42.8588],[10.7588,42.9]]]}},{"type":"Feature","properties":{"layer_id":"1981_2000_T20","layer_label":"1981_2000, T>20\u00b0C","low":25.0,"high":50.0,"label":"25\u201350 %","fill":"#fec44f","fillOpacity":0.44,"stroke":"#fec44f","strokeOpacity":0.56,"strokeWeight":0.35},"geometry":{"type":"Polygon","coordinates":[[[15.9,41.2625],[16.0,41.2429],[16.1,41.2417],[16.2,41.2385],[16.3,41.2308],[16.3643,41.3],[16.3,41.3643],[16.2,41.3615],[16.1667,41.4],[16.1,41.4667],[16.0,41.4643],[15.9,41.4615],[15.8667,41.5],[15.8615,41.6],[15.8,41.68],[15.7,41.65],[15.6,41.6286],[15.5,41.7],[15.4,41.6],[15.5,41.5],[15.5,41.5],[15.6,41.4667],[15.7,41.4167],[15.7167,41.4],[15.8,41.3375],[15.85,41.3],[15.9,41.2625]]]}},{"type":"Feature","properties":{"layer_id":"1981_2000_T20","layer_label":"1981_2000, T>20\u00b0C","low":25.0,"high":50.0,"label":"25\u201350 %","fill":"#fec44f","fillOpacity":0.44,"stroke":"#fec44f","strokeOpacity":0.56,"strokeWeight":0.35},"geometry":{"type":"Polygon","coordinates":[[[16.0333,41.3],[16.0,41.32],[15.9,41.34],[15.8,41.4],[15.9,41.4231],[16.0,41.4286],[16.1,41.4333],[16.1333,41.4],[16.2,41.3231],[16.3,41.3286],[16.3286,41.3],[16.3,41.2692],[16.2,41.2769],[16.1,41.2833],[16.0333,41.3]]]}},{"type":"Feature","properties":{"layer_id":"1981_2000_T20","layer_label":"1981_2000, T>20\u00b0C","low":25.0,"high":50.0,"label":"25\u201350 %","fill":"#fec44f","fillOpacity":0.44,"stroke":"#fec44f","strokeOpacity":0.56,"strokeWeight":0.35},"geometry":{"type":"Polygon","coordinates":[[[15.7,41.5],[15.7,41.6],[15.8,41.63],[15.8231,41.6],[15.8333,41.5],[15.8,41.4],[15.7,41.5]]]}},{"type":"Feature","properties":{"layer_id":"1981_2000_T20","layer_label":"1981_2000, T>20\u00b0C","low":25.0,"high":50.0,"label":"25\u201350 %","fill":"#fec44f","fillOpacity":0.44,"stroke":"#fec44f","strokeOpacity":0.56,"strokeWeight":0.35},"geometry":{"type":"Polygon","coordinates":[[[22.0,41.3833],[22.1,41.3833],[22.2,41.4],[22.1667,41.5],[22.1,41.5286],[22.0,41.5333],[21.9,41.5],[21.9667,41.4],[22.0,41.3833]]]}},{"type":"Feature","properties":{"layer_id":"1981_2000_T20","layer_label":"1981_2000, T>20\u00b0C","low":25.0,"high":50.0,"label":"25\u201350 %","fill":"#fec44f","fillOpacity":0.44,"stroke":"#fec44f","strokeOpacity":0.56,"strokeWeight":0.35},"geometry":{"type":"Polygon","coordinates":[[[2.2,41.4833],[2.3,41.4357],[2.4,41.4333],[2.4667,41.5],[2.4,41.5909],[2.3,41.5692],[2.2,41.5167],[2.1833,41.5],[2.2,41.4833]]]}},{"type":"Feature","properties":{"layer_id":"1981_2000_T20","layer_label":"1981_2000, T>20\u00b0C","low":25.0,"high":50.0,"label":"25\u201350 %","fill":"#fec44f","fillOpacity":0.44,"stroke":"#fec44f","strokeOpacity":0.56,"strokeWeight":0.35},"geometry":{"type":"Polygon","coordinates":[[[8.9,41.4313],[9.0,41.4313],[9.1,41.4294],[9.2,41.4263],[9.2737,41.5],[9.2444,41.6],[9.2,41.65],[9.1,41.6],[9.1,41.6],[9.1,41.6],[9.0,41.65],[8.9,41.6833],[8.8,41.6722],[8.7278,41.6],[8.8,41.5278],[8.8313,41.5],[8.9,41.4313]]]}},{"type":"Feature","properties":{"layer_id":"1981_2000_T20","layer_label":"1981_2000, T>20\u00b0C","low":25.0,"high":50.0,"label":"25\u201350 %","fill":"#fec44f","fillOpacity":0.44,"stroke":"#fec44f","strokeOpacity":0.56,"strokeWeight":0.35},"geometry":{"type":"Polygon","coordinates":[[[8.8625,41.5],[8.8,41.5556],[8.7556,41.6],[8.8,41.6444],[8.9,41.6417],[8.9833,41.6],[9.0,41.5857],[9.1,41.5583],[9.2,41.59],[9.2474,41.5],[9.2,41.4526],[9.1,41.4588],[9.0,41.4625],[8.9,41.4625],[8.8625,41.5]]]}},{"type":"Feature","properties":{"layer_id":"1981_2000_T20","layer_label":"1981_2000, T>20\u00b0C","low":25.0,"high":50.0,"label":"25\u201350 %","fill":"#fec44f","fillOpacity":0.44,"stroke":"#fec44f","strokeOpacity":0.56,"strokeWeight":0.35},"geometry":{"type":"Polygon","coordinates":[[[36.0,41.5833],[36.0167,41.6],[36.0688,41.7],[36.0,41.7688],[35.9,41.7667],[35.8333,41.7],[35.9,41.6],[35.9,41.6],[36.0,41.5833]]]}},{"type":"Feature","properties":{"layer_id":"1981_2000_T20","layer_label":"1981_2000, T>20\u00b0C","low":25.0,"high":50.0,"label":"25\u201350 %","fill":"#fec44f","fillOpacity":0.44,"stroke":"#fec44f","strokeOpacity":0.56,"strokeWeight":0.35},"geometry":{"type":"Polygon","coordinates":[[[16.0,41.6455],[16.0545,41.7],[16.1,41.7278],[16.2,41.7263],[16.2737,41.8],[16.2,41.8737],[16.1722,41.9],[16.1,41.9722],[16.0,41.9722],[15.9,41.9706],[15.8,41.9444],[15.7556,41.9],[15.8,41.8556],[15.9,41.8294],[15.9625,41.8],[15.9143,41.7],[16.0,41.6455]]]}},{"type":"Feature","properties":{"layer_id":"1981_2000_T20","layer_label":"1981_2000, T>20\u00b0C","low":25.0,"high":50.0,"label":"25\u201350 %","fill":"#fec44f","fillOpacity":0.44,"stroke":"#fec44f","strokeOpacity":0.56,"strokeWeight":0.35},"geometry":{"type":"Polygon","coordinates":[[[16.02,41.8],[16.0,41.82],[15.9,41.8588],[15.8125,41.9],[15.9,41.9412],[16.0,41.9444],[16.1,41.9444],[16.1444,41.9],[16.2,41.8474],[16.2474,41.8],[16.2,41.7526],[16.1,41.7556],[16.02,41.8]]]}},{"type":"Feature","properties":{"layer_id":"1981_2000_T20","layer_label":"1981_2000, T>20\u00b0C","low":25.0,"high":50.0,"label":"25\u201350 %","fill":"#fec44f","fillOpacity":0.44,"stroke":"#fec44f","strokeOpacity":0.56,"strokeWeight":0.35},"geometry":{"type":"Polygon","coordinates":[[[15.4,41.7333],[15.5,41.8],[15.5,41.8],[15.5688,41.9],[15.5,41.9688],[15.4,41.9688],[15.3313,41.9],[15.3,41.8],[15.4,41.7333]]]}},{"type":"Feature","properties":{"layer_id":"1981_2000_T20","layer_label":"1981_2000, T>20\u00b0C","low":25.0,"high":50.0,"label":"25\u201350 %","fill":"#fec44f","fillOpacity":0.44,"stroke":"#fec44f","strokeOpacity":0.56,"strokeWeight":0.35},"geometry":{"type":"Polygon","coordinates":[[[3.1,41.8556],[3.2,41.8333],[3.2667,41.9],[3.2583,42.0],[3.2,42.0583],[3.15,42.1],[3.1,42.1714],[3.0167,42.1],[3.0375,42.0],[3.02,41.9],[3.1,41.8556]]]}},{"type":"Feature","properties":{"layer_id":"1981_2000_T20","layer_label":"1981_2000, T>20\u00b0C","low":25.0,"high":50.0,"label":"25\u201350 %","fill":"#fec44f","fillOpacity":0.44,"stroke":"#fec44f","strokeOpacity":0.56,"strokeWeight":0.35},"geometry":{"type":"Polygon","coordinates":[[[15.1,41.8286],[15.1667,41.9],[15.1,41.9667],[15.0643,42.0],[15.0,42.0643],[14.9,42.0545],[14.8333,42.0],[14.9,41.9333],[15.0,41.91],[15.0091,41.9],[15.1,41.8286]]]}},{"type":"Feature","properties":{"layer_id":"1981_2000_T20","layer_label":"1981_2000, T>20\u00b0C","low":25.0,"high":50.0,"label":"25\u201350 %","fill":"#fec44f","fillOpacity":0.44,"stroke":"#fec44f","strokeOpacity":0.56,"strokeWeight":0.35},"geometry":{"type":"Polygon","coordinates":[[[19.4,41.8333],[19.5,41.85],[19.5833,41.9],[19.58,42.0],[19.5444,42.1],[19.5,42.1444],[19.4583,42.2],[19.4,42.2583],[19.3,42.2846],[19.2313,42.2],[19.2,42.1],[19.2,42.1],[19.2,42.1],[19.1,42.1714],[19.06,42.2],[19.0,42.2375],[18.9,42.25],[18.8714,42.2],[18.9,42.1714],[19.0,42.1625],[19.05,42.1],[19.1,42.05],[19.1625,42.0],[19.2,41.9625],[19.3,41.9625],[19.3333,41.9],[19.4,41.8333]]]}},{"type":"Feature","properties":{"layer_id":"1981_2000_T20","layer_label":"1981_2000, T>20\u00b0C","low":25.0,"high":50.0,"label":"25\u201350 %","fill":"#fec44f","fillOpacity":0.44,"stroke":"#fec44f","strokeOpacity":0.56,"strokeWeight":0.35},"geometry":{"type":"Polygon","coordinates":[[[8.8,41.9],[8.8571,42.0],[8.825,42.1],[8.8,42.12],[8.7556,42.2],[8.7,42.2625],[8.65,42.2],[8.6333,42.1],[8.7,42.0333],[8.7556,42.0],[8.8,41.9]]]}},{"type":"Feature","properties":{"layer_id":"1981_2000_T20","layer_label":"1981_2000, T>20\u00b0C","low":25.0,"high":50.0,"label":"25\u201350 %","fill":"#fec44f","fillOpacity":0.44,"stroke":"#fec44f","strokeOpacity":0.56,"strokeWeight":0.35},"geometry":{"type":"Polygon","coordinates":[[[9.4,41.9417],[9.5,41.9313],[9.5688,42.0],[9.5706,42.1],[9.55,42.2],[9.5,42.2714],[9.4286,42.2],[9.4,42.18],[9.3333,42.1],[9.3417,42.0],[9.4,41.9417]]]}},{"type":"Feature","properties":{"layer_id":"1981_2000_T20","layer_label":"1981_2000, T>20\u00b0C","low":25.0,"high":50.0,"label":"25\u201350 %","fill":"#fec44f","fillOpacity":0.44,"stroke":"#fec44f","strokeOpacity":0.56,"strokeWeight":0.35},"geometry":{"type":"Polygon","coordinates":[[[9.3833,42.0],[9.375,42.1],[9.4,42.13],[9.5,42.2],[9.5412,42.1],[9.5375,42.0],[9.5,41.9625],[9.4,41.9833],[9.3833,42.0]]]}},{"type":"Feature","properties":{"layer_id":"1981_2000_T20","layer_label":"1981_2000, T>20\u00b0C","low":25.0,"high":50.0,"label":"25\u201350 %","fill":"#fec44f","fillOpacity":0.44,"stroke":"#fec44f","strokeOpacity":0.56,"strokeWeight":0.35},"geometry":{"type":"Polygon","coordinates":[[[41.7,42.15],[41.8,42.125],[41.9,42.2],[41.9,42.3],[41.8,42.4],[41.8,42.4],[41.7333,42.5],[41.7,42.54],[41.625,42.6],[41.6,42.62],[41.5833,42.6],[41.5,42.5583],[41.4417,42.5],[41.5,42.4417],[41.55,42.4],[41.5357,42.3],[41.6,42.2357],[41.65,42.2],[41.7,42.15]]]}},{"type":"Feature","properties":{"layer_id":"1981_2000_T20","layer_label":"1981_2000, T>20\u00b0C","low":25.0,"high":50.0,"label":"25\u201350 %","fill":"#fec44f","fillOpacity":0.44,"stroke":"#fec44f","strokeOpacity":0.56,"strokeWeight":0.35},"geometry":{"type":"Polygon","coordinates":[[[41.5714,42.3],[41.6,42.4],[41.7,42.4],[41.7333,42.3],[41.7,42.2],[41.6,42.2714],[41.5714,42.3]]]}},{"type":"Feature","properties":{"layer_id":"1981_2000_T20","layer_label":"1981_2000, T>20\u00b0C","low":25.0,"high":50.0,"label":"25\u201350 %","fill":"#fec44f","fillOpacity":0.44,"stroke":"#fec44f","strokeOpacity":0.56,"strokeWeight":0.35},"geometry":{"type":"Polygon","coordinates":[[[3.1,42.2333],[3.2,42.2417],[3.2583,42.3],[3.2,42.3583],[3.1167,42.4],[3.1,42.42],[3.075,42.4],[3.0429,42.3],[3.1,42.2333]]]}},{"type":"Feature","properties":{"layer_id":"1981_2000_T20","layer_label":"1981_2000, T>20\u00b0C","low":25.0,"high":50.0,"label":"25\u201350 %","fill":"#fec44f","fillOpacity":0.44,"stroke":"#fec44f","strokeOpacity":0.56,"strokeWeight":0.35},"geometry":{"type":"Polygon","coordinates":[[[8.7,42.35],[8.7429,42.4],[8.8,42.48],[8.8167,42.5],[8.8,42.5167],[8.7,42.5688],[8.6313,42.5],[8.6625,42.4],[8.7,42.35]]]}},{"type":"Feature","properties":{"layer_id":"1981_2000_T20","layer_label":"1981_2000, T>20\u00b0C","low":25.0,"high":50.0,"label":"25\u201350 %","fill":"#fec44f","fillOpacity":0.44,"stroke":"#fec44f","strokeOpacity":0.56,"strokeWeight":0.35},"geometry":{"type":"Polygon","coordinates":[[[9.0,42.5625],[9.1,42.5571],[9.175,42.6],[9.2,42.6143],[9.3,42.66],[9.36,42.6],[9.4,42.5714],[9.4286,42.6],[9.5,42.65],[9.55,42.7],[9.5667,42.8],[9.5,42.8667],[9.4,42.8706],[9.3294,42.8],[9.3,42.7286],[9.2,42.7545],[9.1455,42.7],[9.1,42.6375],[9.0,42.6375],[8.9625,42.6],[9.0,42.5625]]]}},{"type":"Feature","properties":{"layer_id":"1981_2000_T20","layer_label":"1981_2000, T>20\u00b0C","low":25.0,"high":50.0,"label":"25\u201350 %","fill":"#fec44f","fillOpacity":0.44,"stroke":"#fec44f","strokeOpacity":0.56,"strokeWeight":0.35},"geometry":{"type":"Polygon","coordinates":[[[9.35,42.7],[9.3588,42.8],[9.4,42.8412],[9.5,42.8333],[9.5333,42.8],[9.5,42.7],[9.5,42.7],[9.4,42.65],[9.35,42.7]]]}},{"type":"Feature","properties":{"layer_id":"1981_2000_T20","layer_label":"1981_2000, T>20\u00b0C","low":25.0,"high":50.0,"label":"25\u201350 %","fill":"#fec44f","fillOpacity":0.44,"stroke":"#fec44f","strokeOpacity":0.56,"strokeWeight":0.35},"geometry":{"type":"Polygon","coordinates":[[[10.1,42.725],[10.2,42.725],[10.3,42.725],[10.4,42.725],[10.475,42.8],[10.4,42.875],[10.3,42.875],[10.2,42.875],[10.1,42.875],[10.025,42.8],[10.1,42.725]]]}},{"type":"Feature","properties":{"layer_id":"1981_2000_T20","layer_label":"1981_2000, T>20\u00b0C","low":25.0,"high":50.0,"label":"25\u201350 %","fill":"#fec44f","fillOpacity":0.44,"stroke":"#fec44f","strokeOpacity":0.56,"strokeWeight":0.35},"geometry":{"type":"Polygon","coordinates":[[[10.05,42.8],[10.1,42.85],[10.2,42.85],[10.3,42.85],[10.4,42.85],[10.45,42.8],[10.4,42.75],[10.3,42.75],[10.2,42.75],[10.1,42.75],[10.05,42.8]]]}},{"type":"Feature","properties":{"layer_id":"1981_2000_T20","layer_label":"1981_2000, T>20\u00b0C","low":25.0,"high":50.0,"label":"25\u201350 %","fill":"#fec44f","fillOpacity":0.44,"stroke":"#fec44f","strokeOpacity":0.56,"strokeWeight":0.35},"geometry":{"type":"Polygon","coordinates":[[[16.8,42.825],[16.9,42.825],[17.0,42.8278],[17.1,42.8294],[17.1706,42.9],[17.2,42.95],[17.3,42.9625],[17.3375,43.0],[17.3,43.0375],[17.2,43.05],[17.1583,43.1],[17.1,43.1583],[17.0,43.1706],[16.9,43.175],[16.825,43.1],[16.9,43.025],[17.0,43.0294],[17.0385,43.0],[17.0,42.9722],[16.9,42.975],[16.8,42.975],[16.725,42.9],[16.8,42.825]]]}},{"type":"Feature","properties":{"layer_id":"1981_2000_T20","layer_label":"1981_2000, T>20\u00b0C","low":25.0,"high":50.0,"label":"25\u201350 %","fill":"#fec44f","fillOpacity":0.44,"stroke":"#fec44f","strokeOpacity":0.56,"strokeWeight":0.35},"geometry":{"type":"Polygon","coordinates":[[[16.75,42.9],[16.8,42.95],[16.9,42.95],[17.0,42.9444],[17.0769,43.0],[17.0,43.0588],[16.9,43.05],[16.85,43.1],[16.9,43.15],[17.0,43.1412],[17.1,43.1167],[17.1167,43.1],[17.2,43.0],[17.1412,42.9],[17.1,42.8588],[17.0,42.8556],[16.9,42.85],[16.8,42.85],[16.75,42.9]]]}},{"type":"Feature","properties":{"layer_id":"1981_2000_T20","layer_label":"1981_2000, T>20\u00b0C","low":25.0,"high":50.0,"label":"25\u201350 %","fill":"#fec44f","fillOpacity":0.44,"stroke":"#fec44f","strokeOpacity":0.56,"strokeWeight":0.35},"geometry":{"type":"Polygon","coordinates":[[[6.1,43.0556],[6.2,43.0417],[6.3,43.0455],[6.3545,43.1],[6.3,43.16],[6.2,43.17],[6.1,43.15],[6.0556,43.1],[6.1,43.0556]]]}},{"type":"Feature","properties":{"layer_id":"1981_2000_T20","layer_label":"1981_2000, T>20\u00b0C","low":25.0,"high":50.0,"label":"25\u201350 %","fill":"#fec44f","fillOpacity":0.44,"stroke":"#fec44f","strokeOpacity":0.56,"strokeWeight":0.35},"geometry":{"type":"Polygon","coordinates":[[[16.5,43.125],[16.575,43.2],[16.6,43.25],[16.7,43.2556],[16.7444,43.3],[16.7,43.3444],[16.6,43.35],[16.55,43.3],[16.5,43.275],[16.425,43.2],[16.5,43.125]]]}},{"type":"Feature","properties":{"layer_id":"1981_2000_T20","layer_label":"1981_2000, T>20\u00b0C","low":25.0,"high":50.0,"label":"25\u201350 %","fill":"#fec44f","fillOpacity":0.44,"stroke":"#fec44f","strokeOpacity":0.56,"strokeWeight":0.35},"geometry":{"type":"Polygon","coordinates":[[[4.7,43.3833],[4.8,43.3625],[4.9,43.3625],[5.0,43.4],[4.9,43.46],[4.8333,43.5],[4.8,43.52],[4.7,43.5333],[4.6,43.575],[4.5625,43.5],[4.6,43.4625],[4.6833,43.4],[4.7,43.3833]]]}},{"type":"Feature","properties":{"layer_id":"1981_2000_T20","layer_label":"1981_2000, T>20\u00b0C","low":25.0,"high":50.0,"label":"25\u201350 %","fill":"#fec44f","fillOpacity":0.44,"stroke":"#fec44f","strokeOpacity":0.56,"strokeWeight":0.35},"geometry":{"type":"Polygon","coordinates":[[[28.3,43.3833],[28.4,43.35],[28.5,43.35],[28.55,43.4],[28.5444,43.5],[28.5,43.58],[28.42,43.5],[28.4,43.4833],[28.3,43.42],[28.28,43.4],[28.3,43.3833]]]}},{"type":"Feature","properties":{"layer_id":"1981_2000_T20","layer_label":"1981_2000, T>20\u00b0C","low":25.0,"high":50.0,"label":"25\u201350 %","fill":"#fec44f","fillOpacity":0.44,"stroke":"#fec44f","strokeOpacity":0.56,"strokeWeight":0.35},"geometry":{"type":"Polygon","coordinates":[[[10.3,43.5278],[10.4,43.5],[10.425,43.6],[10.4,43.6333],[10.36,43.7],[10.3,43.75],[10.2625,43.7],[10.2278,43.6],[10.3,43.5278]]]}},{"type":"Feature","properties":{"layer_id":"1981_2000_T20","layer_label":"1981_2000, T>20\u00b0C","low":25.0,"high":50.0,"label":"25\u201350 %","fill":"#fec44f","fillOpacity":0.44,"stroke":"#fec44f","strokeOpacity":0.56,"strokeWeight":0.35},"geometry":{"type":"Polygon","coordinates":[[[12.8,43.875],[12.8167,43.9],[12.8,43.9167],[12.7583,44.0],[12.7,44.0583],[12.6,44.0167],[12.575,44.0],[12.6,43.975],[12.7,43.9125],[12.75,43.9],[12.8,43.875]]]}},{"type":"Feature","properties":{"layer_id":"1981_2000_T20","layer_label":"1981_2000, T>20\u00b0C","low":25.0,"high":50.0,"label":"25\u201350 %","fill":"#fec44f","fillOpacity":0.44,"stroke":"#fec44f","strokeOpacity":0.56,"strokeWeight":0.35},"geometry":{"type":"Polygon","coordinates":[[[44.9,43.8],[45.0,43.8],[45.0,43.9],[45.0,44.0],[45.0,44.1],[45.0,44.2],[45.0,44.3],[45.0,44.4],[45.0,44.5],[45.0,44.6],[45.0,44.7],[45.0,44.8],[45.0,44.9],[45.0,45.0],[45.0,45.1],[45.0,45.2],[45.0,45.3],[45.0,45.4],[45.0,45.5],[45.0,45.6],[45.0,45.7],[45.0,45.8],[45.0,45.85],[44.9,45.9],[44.8,45.8],[44.8,45.8],[44.7,45.7],[44.7,45.7],[44.6,45.675],[44.5,45.6667],[44.4,45.7],[44.4,45.7],[44.4,45.7],[44.45,45.8],[44.4,45.85],[44.35,45.9],[44.3,45.95],[44.25,46.0],[44.2,46.0333],[44.1,46.05],[44.0,46.0],[44.1,45.9],[44.1,45.9],[44.1,45.9],[44.0,45.9],[43.9,45.8],[43.9,45.7],[44.0,45.65],[44.1,45.6],[44.2,45.6],[44.3,45.65],[44.35,45.6],[44.3,45.5667],[44.2,45.5],[44.2,45.4],[44.3,45.3],[44.4,45.3],[44.5,45.3],[44.5,45.3],[44.6,45.25],[44.7,45.2167],[44.7333,45.2],[44.7,45.1],[44.7,45.1],[44.6,45.1],[44.5,45.05],[44.4,45.0],[44.4,45.0],[44.3,44.9],[44.3,44.8],[44.4,44.7333],[44.45,44.7],[44.45,44.6],[44.4,44.5],[44.4,44.5],[44.35,44.4],[44.3667,44.3],[44.4,44.2],[44.4,44.2],[44.4,44.1],[44.4,44.1],[44.35,44.0],[44.4,43.95],[44.5,43.9],[44.6,43.9],[44.7,43.9],[44.8,43.9],[44.8,43.9],[44.9,43.8]]]}},{"type":"Feature","properties":{"layer_id":"1981_2000_T20","layer_label":"1981_2000, T>20\u00b0C","low":25.0,"high":50.0,"label":"25\u201350 %","fill":"#fec44f","fillOpacity":0.44,"stroke":"#fec44f","strokeOpacity":0.56,"strokeWeight":0.35},"geometry":{"type":"Polygon","coordinates":[[[44.8,44.1],[44.7,44.2],[44.7,44.2],[44.6,44.3],[44.6,44.3],[44.6,44.4],[44.6,44.4],[44.7,44.4],[44.7,44.4],[44.7,44.3],[44.8,44.2],[44.9,44.2],[44.9,44.2],[44.9,44.2],[44.8,44.1],[44.8,44.1],[44.8,44.1]]]}},{"type":"Feature","properties":{"layer_id":"1981_2000_T20","layer_label":"1981_2000, T>20\u00b0C","low":25.0,"high":50.0,"label":"25\u201350 %","fill":"#fec44f","fillOpacity":0.44,"stroke":"#fec44f","strokeOpacity":0.56,"strokeWeight":0.35},"geometry":{"type":"Polygon","coordinates":[[[12.2,44.3667],[12.3,44.3333],[12.3286,44.4],[12.3,44.4286],[12.2545,44.5],[12.2,44.5545],[12.1444,44.6],[12.2,44.6313],[12.2688,44.7],[12.3,44.7294],[12.3706,44.8],[12.4,44.8278],[12.4722,44.9],[12.4,44.9722],[12.3688,45.0],[12.3,45.0688],[12.2545,45.1],[12.2583,45.2],[12.2,45.2583],[12.1375,45.3],[12.1,45.4],[12.0,45.3],[12.0,45.3],[11.9,45.2333],[11.875,45.2],[11.8,45.125],[11.7,45.12],[11.6,45.12],[11.5,45.12],[11.4,45.125],[11.3,45.125],[11.2,45.14],[11.1,45.125],[11.0,45.1],[11.0,45.1],[11.0,45.1],[10.9,45.2],[10.8,45.2],[10.7,45.2],[10.6,45.2],[10.5,45.2],[10.4,45.2],[10.3,45.2],[10.2,45.1],[10.3,45.0],[10.4,45.05],[10.5,45.05],[10.6,45.0],[10.6,45.0],[10.7,44.9],[10.8,44.9],[10.8,44.9],[10.8,44.9],[10.7,44.9],[10.6,44.9],[10.5667,44.8],[10.6,44.7833],[10.7,44.775],[10.8,44.7667],[10.9,44.7667],[11.0,44.7667],[11.1,44.76],[11.2,44.7],[11.2,44.7],[11.3,44.6],[11.4,44.6],[11.4,44.6],[11.5,44.5667],[11.6,44.6],[11.6,44.6],[11.6,44.6],[11.7,44.5],[11.8,44.5333],[11.9,44.5],[11.9,44.5],[12.0,44.4667],[12.1,44.42],[12.15,44.4],[12.2,44.3667]]]}},{"type":"Feature","properties":{"layer_id":"1981_2000_T20","layer_label":"1981_2000, T>20\u00b0C","low":25.0,"high":50.0,"label":"25\u201350 %","fill":"#fec44f","fillOpacity":0.44,"stroke":"#fec44f","strokeOpacity":0.56,"strokeWeight":0.35},"geometry":{"type":"Polygon","coordinates":[[[12.1,44.7],[12.1,44.8],[12.12,44.9],[12.1333,45.0],[12.1,45.05],[12.0667,45.1],[12.1,45.15],[12.1333,45.2],[12.2,45.2167],[12.2167,45.2],[12.2091,45.1],[12.3,45.0375],[12.3375,45.0],[12.4,44.9444],[12.4444,44.9],[12.4,44.8556],[12.3412,44.8],[12.3,44.7588],[12.2375,44.7],[12.2,44.6625],[12.1,44.7]]]}},{"type":"Feature","properties":{"layer_id":"1981_2000_T20","layer_label":"1981_2000, T>20\u00b0C","low":25.0,"high":50.0,"label":"25\u201350 %","fill":"#fec44f","fillOpacity":0.44,"stroke":"#fec44f","strokeOpacity":0.56,"strokeWeight":0.35},"geometry":{"type":"Polygon","coordinates":[[[29.2,44.7714],[29.3,44.7556],[29.4,44.7556],[29.4444,44.8],[29.5,44.8714],[29.6,44.8714],[29.6286,44.9],[29.6167,45.0],[29.6,45.025],[29.5,45.025],[29.4,45.025],[29.3,45.0],[29.3,45.0],[29.2,44.95],[29.1,44.925],[29.0833,44.9],[29.1,44.8833],[29.1714,44.8],[29.2,44.7714]]]}},{"type":"Feature","properties":{"layer_id":"1981_2000_T20","layer_label":"1981_2000, T>20\u00b0C","low":25.0,"high":50.0,"label":"25\u201350 %","fill":"#fec44f","fillOpacity":0.44,"stroke":"#fec44f","strokeOpacity":0.56,"strokeWeight":0.35},"geometry":{"type":"Polygon","coordinates":[[[37.4,44.7714],[37.4667,44.8],[37.4833,44.9],[37.475,45.0],[37.475,45.1],[37.5,45.1125],[37.6,45.1333],[37.7,45.2],[37.7,45.2],[37.8,45.2],[37.8667,45.3],[37.9,45.3333],[38.0,45.4],[38.0,45.4],[38.0,45.4],[38.1,45.35],[38.2,45.4],[38.2,45.4],[38.3,45.5],[38.25,45.6],[38.2,45.7],[38.2,45.7],[38.2,45.7],[38.3,45.7],[38.4,45.8],[38.4,45.8],[38.5,45.8],[38.55,45.9],[38.5,46.0],[38.5,46.0],[38.5,46.0],[38.6,46.1],[38.6,46.2],[38.5667,46.3],[38.5,46.3667],[38.4,46.39],[38.3667,46.4],[38.3,46.4667],[38.2,46.5],[38.2,46.5],[38.2,46.5],[38.3,46.5167],[38.4,46.6],[38.4,46.6],[38.5,46.6125],[38.5875,46.7],[38.6,46.7167],[38.7,46.75],[38.7667,46.8],[38.8,46.8125],[38.9,46.82],[38.98,46.9],[39.0,46.9333],[39.1,46.9333],[39.2,46.95],[39.3,47.0],[39.3,47.0],[39.4,47.05],[39.5,47.1],[39.4,47.15],[39.35,47.2],[39.3,47.2333],[39.2,47.3],[39.2,47.3],[39.1,47.325],[39.0667,47.3],[39.0,47.2714],[38.9,47.2714],[38.8,47.25],[38.7,47.2],[38.7,47.2],[38.6,47.2],[38.6,47.2],[38.5,47.225],[38.4,47.2],[38.4,47.2],[38.3,47.2],[38.2,47.1875],[38.1,47.1875],[38.05,47.2],[38.0,47.22],[37.9667,47.2],[37.9,47.1778],[37.8,47.17],[37.7,47.17],[37.6,47.1625],[37.5167,47.1],[37.5,47.0889],[37.42,47.0],[37.4,46.9857],[37.3,46.9833],[37.2,46.9714],[37.1,46.9556],[37.0,46.9429],[36.925,46.9],[36.9,46.89],[36.8,46.8833],[36.7,46.8857],[36.6,46.8625],[36.5167,46.8],[36.5,46.79],[36.4,46.7714],[36.3167,46.7],[36.3,46.6917],[36.2,46.6875],[36.1,46.6778],[36.0,46.675],[35.9,46.675],[35.8,46.6667],[35.7,46.66],[35.625,46.6],[35.6,46.5875],[35.5,46.58],[35.4,46.5778],[35.3,46.55],[35.2667,46.5],[35.2,46.46],[35.1,46.46],[35.04,46.4],[35.0,46.375],[34.9143,46.3],[34.9,46.2889],[34.8,46.28],[34.7,46.275],[34.6,46.2625],[34.5,46.2571],[34.4,46.225],[34.3,46.225],[34.2,46.2667],[34.1,46.2667],[34.0,46.24],[33.9,46.2667],[33.8,46.2667],[33.7,46.2571],[33.6333,46.2],[33.7,46.1333],[33.7333,46.1],[33.8,46.0333],[33.9,46.025],[34.0,46.0333],[34.1,46.0429],[34.2,46.025],[34.3,46.0],[34.3,46.0],[34.3667,45.9],[34.4,45.875],[34.5,45.825],[34.575,45.8],[34.6,45.78],[34.7,45.7333],[34.725,45.7],[34.8,45.6333],[34.875,45.6],[34.9,45.575],[35.0,45.5],[35.0,45.5],[35.025,45.4],[35.05,45.3],[35.1,45.25],[35.15,45.2],[35.2,45.15],[35.3,45.1],[35.3,45.1],[35.3417,45.0],[35.4,44.9417],[35.4583,45.0],[35.4545,45.1],[35.5,45.1357],[35.6,45.1294],[35.7,45.1294],[35.7313,45.1],[35.8,45.0313],[35.9,45.0294],[36.0,45.0294],[36.1,45.0294],[36.2,45.0278],[36.3,45.0278],[36.4,45.0263],[36.4737,45.1],[36.5,45.125],[36.575,45.2],[36.6,45.225],[36.625,45.2],[36.7,45.125],[36.8,45.1263],[36.9,45.1263],[36.9737,45.2],[37.0,45.2263],[37.025,45.2],[37.1,45.125],[37.1294,45.1],[37.2,45.0294],[37.2357,45.0],[37.2333,44.9],[37.3,44.8333],[37.3714,44.8],[37.4,44.7714]]]}},{"type":"Feature","properties":{"layer_id":"1981_2000_T20","layer_label":"1981_2000, T>20\u00b0C","low":25.0,"high":50.0,"label":"25\u201350 %","fill":"#fec44f","fillOpacity":0.44,"stroke":"#fec44f","strokeOpacity":0.56,"strokeWeight":0.35},"geometry":{"type":"Polygon","coordinates":[[[37.2667,44.9],[37.2714,45.0],[37.2,45.0588],[37.1588,45.1],[37.1,45.15],[37.05,45.2],[37.0,45.2526],[36.9474,45.2],[36.9,45.1526],[36.8,45.1526],[36.7,45.15],[36.65,45.2],[36.6,45.25],[36.55,45.2],[36.5,45.15],[36.4474,45.1],[36.4,45.0526],[36.3,45.0556],[36.2,45.0556],[36.1,45.0588],[36.0,45.0588],[35.9,45.0588],[35.8,45.0625],[35.7625,45.1],[35.7,45.1588],[35.6,45.1588],[35.5,45.1714],[35.4091,45.1],[35.4167,45.0],[35.4,44.9833],[35.3833,45.0],[35.3833,45.1],[35.3,45.1625],[35.24,45.2],[35.2,45.2333],[35.1333,45.3],[35.1,45.3333],[35.0667,45.4],[35.05,45.5],[35.0,45.55],[34.9444,45.6],[34.9,45.6444],[34.8,45.6889],[34.7875,45.7],[34.7125,45.8],[34.7,45.8111],[34.6,45.8364],[34.5,45.8667],[34.45,45.9],[34.4,45.9571],[34.3625,46.0],[34.3,46.0625],[34.2,46.0875],[34.15,46.1],[34.1,46.15],[34.075,46.2],[34.1,46.2111],[34.2,46.2111],[34.22,46.2],[34.3,46.1429],[34.4,46.1333],[34.4667,46.1],[34.5,46.08],[34.525,46.1],[34.6,46.2],[34.6,46.2],[34.7,46.2125],[34.8,46.23],[34.9,46.2333],[34.9857,46.3],[35.0,46.3125],[35.1,46.3667],[35.2,46.3714],[35.25,46.4],[35.3,46.4333],[35.3667,46.5],[35.4,46.5222],[35.4667,46.5],[35.5,46.4857],[35.5333,46.5],[35.6,46.525],[35.7,46.5714],[35.8,46.5833],[35.85,46.6],[35.9,46.6125],[36.0,46.6125],[36.1,46.6222],[36.2,46.625],[36.3,46.65],[36.4,46.7],[36.4,46.7],[36.5,46.74],[36.6,46.8],[36.6,46.8],[36.7,46.8143],[36.8,46.8],[36.8,46.8],[36.8,46.8],[36.9,46.84],[37.0,46.8778],[37.1,46.9],[37.1,46.9],[37.2,46.9357],[37.3,46.9417],[37.4,46.95],[37.47,47.0],[37.5,47.0333],[37.6,47.1],[37.6,47.1],[37.7,47.12],[37.8,47.12],[37.9,47.1222],[38.0,47.1333],[38.1,47.125],[38.2,47.125],[38.3,47.1286],[38.4,47.1375],[38.5,47.1429],[38.6,47.1375],[38.7,47.1375],[38.8,47.15],[38.9,47.2],[39.0,47.2],[39.1,47.1667],[39.2,47.1333],[39.22,47.1],[39.2,47.08],[39.1,47.06],[39.0,47.06],[38.95,47.0],[38.9,46.925],[38.8667,46.9],[38.8,46.875],[38.7,46.85],[38.6,46.8],[38.6,46.8],[38.525,46.7],[38.5,46.675],[38.4,46.6455],[38.3,46.6],[38.3,46.6],[38.2,46.5714],[38.1,46.5],[38.1,46.5],[38.1,46.5],[38.2,46.4375],[38.25,46.4],[38.3,46.3667],[38.4,46.34],[38.4571,46.3],[38.5,46.225],[38.5167,46.2],[38.5286,46.1],[38.5,46.0714],[38.4,46.06],[38.3,46.0],[38.3,46.0],[38.275,45.9],[38.3,45.8],[38.2,45.7714],[38.1,45.8],[38.1,45.8],[38.1,45.8],[38.0,45.7],[38.0,45.7],[37.9333,45.6],[37.9,45.55],[37.8667,45.5],[37.8,45.4333],[37.7667,45.4],[37.7,45.3],[37.7,45.3],[37.6,45.26],[37.54,45.2],[37.5,45.175],[37.4,45.14],[37.375,45.1],[37.3667,45.0],[37.4,44.9],[37.3,44.8667],[37.2667,44.9]]]}},{"type":"Feature","properties":{"layer_id":"1981_2000_T20","layer_label":"1981_2000, T>20\u00b0C","low":25.0,"high":50.0,"label":"25\u201350 %","fill":"#fec44f","fillOpacity":0.44,"stroke":"#fec44f","strokeOpacity":0.56,"strokeWeight":0.35},"geometry":{"type":"Polygon","coordinates":[[[13.9,44.8357],[13.9643,44.9],[14.0,44.9556],[14.1,44.95],[14.15,45.0],[14.2,45.0714],[14.2286,45.1],[14.2,45.1333],[14.1,45.1333],[14.0,45.12],[13.9,45.12],[13.8,45.2],[13.8,45.2],[13.7667,45.3],[13.72,45.4],[13.7,45.4333],[13.6,45.4444],[13.5556,45.4],[13.5556,45.3],[13.6,45.2556],[13.6556,45.2],[13.6556,45.1],[13.7,45.0556],[13.75,45.0],[13.8,44.95],[13.8357,44.9],[13.9,44.8357]]]}},{"type":"Feature","properties":{"layer_id":"1981_2000_T20","layer_label":"1981_2000, T>20\u00b0C","low":25.0,"high":50.0,"label":"25\u201350 %","fill":"#fec44f","fillOpacity":0.44,"stroke":"#fec44f","strokeOpacity":0.56,"strokeWeight":0.35},"geometry":{"type":"Polygon","coordinates":[[[9.9,45.0833],[10.0,45.0833],[10.1,45.08],[10.2,45.1],[10.1,45.2],[10.0,45.2],[9.9,45.2],[9.8667,45.1],[9.9,45.0833]]]}},{"type":"Feature","properties":{"layer_id":"1981_2000_T20","layer_label":"1981_2000, T>20\u00b0C","low":25.0,"high":50.0,"label":"25\u201350 %","fill":"#fec44f","fillOpacity":0.44,"stroke":"#fec44f","strokeOpacity":0.56,"strokeWeight":0.35},"geometry":{"type":"Polygon","coordinates":[[[33.3,45.1455],[33.4,45.1833],[33.4167,45.2],[33.4,45.25],[33.3,45.3],[33.3,45.3],[33.2,45.325],[33.1833,45.3],[33.2,45.2833],[33.2455,45.2],[33.3,45.1455]]]}},{"type":"Feature","properties":{"layer_id":"1981_2000_T20","layer_label":"1981_2000, T>20\u00b0C","low":25.0,"high":50.0,"label":"25\u201350 %","fill":"#fec44f","fillOpacity":0.44,"stroke":"#fec44f","strokeOpacity":0.56,"strokeWeight":0.35},"geometry":{"type":"Polygon","coordinates":[[[10.6,45.4167],[10.7,45.4667],[10.75,45.5],[10.7,45.55],[10.68,45.6],[10.6,45.6444],[10.55,45.6],[10.5286,45.5],[10.6,45.4167]]]}},{"type":"Feature","properties":{"layer_id":"1981_2000_T20","layer_label":"1981_2000, T>20\u00b0C","low":25.0,"high":50.0,"label":"25\u201350 %","fill":"#fec44f","fillOpacity":0.44,"stroke":"#fec44f","strokeOpacity":0.56,"strokeWeight":0.35},"geometry":{"type":"Polygon","coordinates":[[[12.9,45.6556],[13.0,45.65],[13.1,45.65],[13.15,45.7],[13.1,45.7625],[13.0,45.7556],[12.9,45.7444],[12.8333,45.7],[12.9,45.6556]]]}},{"type":"Feature","properties":{"layer_id":"1981_2000_T20","layer_label":"1981_2000, T>20\u00b0C","low":25.0,"high":50.0,"label":"25\u201350 %","fill":"#fec44f","fillOpacity":0.44,"stroke":"#fec44f","strokeOpacity":0.56,"strokeWeight":0.35},"geometry":{"type":"Polygon","coordinates":[[[43.8,45.9],[43.9,45.9],[44.0,46.0],[44.0,46.1],[43.9,46.1333],[43.8,46.15],[43.7,46.15],[43.6,46.2],[43.6,46.2],[43.5,46.25],[43.4,46.2667],[43.35,46.3],[43.3,46.35],[43.2,46.35],[43.15,46.3],[43.2,46.25],[43.2333,46.2],[43.3,46.15],[43.4,46.1],[43.4,46.1],[43.5,46.0667],[43.6,46.0],[43.7,46.0],[43.7,46.0],[43.8,45.9]]]}},{"type":"Feature","properties":{"layer_id":"1981_2000_T20","layer_label":"1981_2000, T>20\u00b0C","low":25.0,"high":50.0,"label":"25\u201350 %","fill":"#fec44f","fillOpacity":0.44,"stroke":"#fec44f","strokeOpacity":0.56,"strokeWeight":0.35},"geometry":{"type":"Polygon","coordinates":[[[43.1,46.0],[43.2,46.0],[43.2333,46.1],[43.2,46.15],[43.1,46.1333],[43.0,46.1],[43.1,46.0]]]}},{"type":"Feature","properties":{"layer_id":"1981_2000_T20","layer_label":"1981_2000, T>20\u00b0C","low":25.0,"high":50.0,"label":"25\u201350 %","fill":"#fec44f","fillOpacity":0.44,"stroke":"#fec44f","strokeOpacity":0.56,"strokeWeight":0.35},"geometry":{"type":"Polygon","coordinates":[[[32.1,46.1833],[32.2,46.1833],[32.3,46.2],[32.2,46.25],[32.1667,46.3],[32.2,46.4],[32.1,46.4167],[32.0833,46.4],[32.0,46.3286],[31.9714,46.3],[32.0,46.2714],[32.0833,46.2],[32.1,46.1833]]]}},{"type":"Feature","properties":{"layer_id":"1981_2000_T20","layer_label":"1981_2000, T>20\u00b0C","low":25.0,"high":50.0,"label":"25\u201350 %","fill":"#fec44f","fillOpacity":0.44,"stroke":"#fec44f","strokeOpacity":0.56,"strokeWeight":0.35},"geometry":{"type":"Polygon","coordinates":[[[42.8,46.1],[42.9,46.2],[42.9,46.2],[42.9833,46.3],[42.9,46.3833],[42.88,46.4],[42.8,46.5],[42.7,46.5],[42.6,46.5],[42.6,46.5],[42.5,46.5833],[42.4,46.575],[42.325,46.5],[42.4,46.4],[42.4,46.4],[42.5,46.3],[42.5,46.3],[42.6,46.2],[42.7,46.2],[42.7,46.2],[42.8,46.1]]]}},{"type":"Feature","properties":{"layer_id":"1981_2000_T20","layer_label":"1981_2000, T>20\u00b0C","low":25.0,"high":50.0,"label":"25\u201350 %","fill":"#fec44f","fillOpacity":0.44,"stroke":"#fec44f","strokeOpacity":0.56,"strokeWeight":0.35},"geometry":{"type":"Polygon","coordinates":[[[34.9,47.4],[35.0,47.4],[35.1,47.48],[35.2,47.5],[35.1,47.6],[35.0,47.6],[34.9,47.6],[34.8,47.5],[34.9,47.4]]]}},{"type":"Feature","properties":{"layer_id":"1981_2000_T20","layer_label":"1981_2000, T>20\u00b0C","low":25.0,"high":50.0,"label":"25\u201350 %","fill":"#fec44f","fillOpacity":0.44,"stroke":"#fec44f","strokeOpacity":0.56,"strokeWeight":0.35},"geometry":{"type":"Polygon","coordinates":[[[42.3,47.45],[42.4,47.4],[42.5,47.4],[42.6,47.4],[42.7,47.5],[42.7,47.5],[42.8,47.5],[42.9,47.5],[43.0,47.6],[43.0,47.6],[43.0667,47.7],[43.1,47.8],[43.1,47.8],[43.2,47.8667],[43.3,47.8667],[43.4,47.9],[43.35,48.0],[43.3,48.0333],[43.25,48.1],[43.2,48.15],[43.1,48.16],[43.06,48.2],[43.1,48.25],[43.15,48.3],[43.2,48.34],[43.25,48.4],[43.2,48.4429],[43.125,48.4],[43.1,48.3667],[43.05,48.3],[43.0,48.26],[42.9,48.2667],[42.8333,48.2],[42.8,48.1667],[42.7,48.15],[42.6,48.1],[42.6,48.1],[42.5,48.05],[42.4,48.0],[42.4,48.0],[42.3,48.0],[42.2,47.9],[42.2,47.9],[42.15,47.8],[42.1,47.75],[42.05,47.7],[42.0,47.6],[42.1,47.525],[42.2,47.5],[42.2,47.5],[42.3,47.45]]]}},{"type":"Feature","properties":{"layer_id":"1981_2000_T20","layer_label":"1981_2000, T>20\u00b0C","low":25.0,"high":50.0,"label":"25\u201350 %","fill":"#fec44f","fillOpacity":0.44,"stroke":"#fec44f","strokeOpacity":0.56,"strokeWeight":0.35},"geometry":{"type":"Polygon","coordinates":[[[42.2333,47.7],[42.3,47.74],[42.4,47.775],[42.5,47.8],[42.6,47.8],[42.6,47.8],[42.7,47.9],[42.7,47.9],[42.8,47.9667],[42.9,48.0],[43.0,47.9],[42.9,47.8],[42.8,47.8],[42.8,47.8],[42.7,47.7],[42.7,47.7],[42.6,47.65],[42.5,47.64],[42.4,47.64],[42.3,47.6333],[42.2333,47.7]]]}},{"type":"Feature","properties":{"layer_id":"1981_2000_T20","layer_label":"1981_2000, T>20\u00b0C","low":50.0,"high":75.0,"label":"50\u201375 %","fill":"#fe9929","fillOpacity":0.56,"stroke":"#fe9929","strokeOpacity":0.68,"strokeWeight":0.35},"geometry":{"type":"Polygon","coordinates":[[[2.9,34.0],[2.9667,34.0],[2.95,34.1],[2.9667,34.2],[3.0,34.2143],[3.1,34.2444],[3.2,34.275],[3.2333,34.3],[3.3,34.3154],[3.4,34.3429],[3.5,34.375],[3.6,34.325],[3.7,34.3143],[3.8,34.3125],[3.9,34.38],[3.95,34.4],[4.0,34.45],[4.05,34.5],[4.1,34.6],[4.2,34.6],[4.2,34.6],[4.3,34.65],[4.35,34.7],[4.325,34.8],[4.375,34.9],[4.4,34.9167],[4.4556,35.0],[4.4667,35.1],[4.4,35.1667],[4.3,35.175],[4.26,35.2],[4.2,35.3],[4.2,35.3],[4.1714,35.4],[4.16,35.5],[4.1667,35.6],[4.2,35.64],[4.3,35.6667],[4.4,35.6833],[4.425,35.7],[4.5,35.7429],[4.6,35.75],[4.7,35.7444],[4.78,35.7],[4.8,35.6833],[4.9,35.6625],[5.0,35.6625],[5.1,35.65],[5.18,35.6],[5.2,35.575],[5.3,35.525],[5.4,35.5],[5.4,35.5],[5.5,35.4],[5.5,35.4],[5.6,35.34],[5.7,35.3167],[5.7333,35.3],[5.7667,35.2],[5.8,35.1714],[5.9,35.1333],[6.0,35.1143],[6.04,35.1],[6.1,35.0571],[6.2,35.02],[6.25,35.0],[6.3,34.9833],[6.4,34.9556],[6.5,35.0],[6.6,35.0],[6.7,34.9625],[6.8,34.94],[6.9,34.9077],[6.9333,34.9],[7.0,34.8714],[7.0667,34.9],[7.1,34.9071],[7.2,34.9071],[7.2167,34.9],[7.3,34.8444],[7.4,34.8231],[7.475,34.8],[7.5,34.7833],[7.6,34.7444],[7.7,34.7273],[7.76,34.7],[7.8,34.6667],[7.9,34.63],[8.0,34.61],[8.1,34.61],[8.15,34.6],[8.2,34.575],[8.3,34.55],[8.4,34.55],[8.5,34.55],[8.6,34.525],[8.7,34.6],[8.8,34.6],[8.9,34.6],[8.9,34.6],[9.0,34.65],[9.1,34.625],[9.2,34.625],[9.3,34.6],[9.2,34.5667],[9.1,34.5667],[9.0,34.5],[9.0,34.5],[9.0,34.5],[9.05,34.4],[9.1,34.35],[9.2,34.35],[9.3,34.3667],[9.3333,34.4],[9.3,34.5],[9.3,34.6],[9.3333,34.7],[9.4,34.75],[9.5,34.8],[9.6,34.8],[9.6,34.8],[9.6,34.8],[9.5,34.9],[9.6,34.9125],[9.7,34.95],[9.7333,35.0],[9.7,35.05],[9.6875,35.1],[9.7,35.15],[9.8,35.2],[9.8,35.2],[9.9,35.3],[10.0,35.3],[10.0,35.3],[10.0,35.4],[10.05,35.5],[10.0,35.55],[9.98,35.6],[10.0,35.7],[10.0,35.7],[10.05,35.8],[10.1,35.825],[10.175,35.9],[10.2,35.92],[10.25,35.9],[10.3,35.85],[10.4,35.85],[10.4333,35.9],[10.4,35.9333],[10.35,36.0],[10.4,36.1],[10.5,36.0167],[10.5167,36.0],[10.6,35.9118],[10.6118,35.9],[10.6,35.8],[10.5,35.8333],[10.45,35.8],[10.5,35.7],[10.5,35.7],[10.54,35.6],[10.6,35.5],[10.6,35.5],[10.65,35.4],[10.7,35.35],[10.75,35.4],[10.8,35.5],[10.8,35.5],[10.8,35.6],[10.8,35.6],[10.7167,35.7],[10.8,35.725],[10.9,35.725],[10.925,35.7],[11.0,35.625],[11.025,35.6],[11.0211,35.5],[11.0211,35.4],[11.1,35.325],[11.125,35.3],[11.1,35.275],[11.025,35.2],[11.025,35.1],[11.0,35.075],[10.925,35.0],[10.925,34.9],[10.9,34.875],[10.8,34.875],[10.725,34.8],[10.725,34.7],[10.7,34.675],[10.625,34.6],[10.6,34.575],[10.5,34.575],[10.4,34.575],[10.325,34.5],[10.325,34.4],[10.3,34.375],[10.2,34.375],[10.1211,34.3],[10.1,34.2789],[10.025,34.2],[10.025,34.1],[10.025,34.0],[10.05,34.0],[10.05,34.1],[10.05,34.2],[10.1,34.2526],[10.1474,34.3],[10.2,34.35],[10.3,34.35],[10.35,34.4],[10.35,34.5],[10.4,34.55],[10.5,34.55],[10.6,34.55],[10.65,34.6],[10.7,34.65],[10.75,34.7],[10.75,34.8],[10.8,34.85],[10.9,34.85],[10.95,34.9],[10.95,35.0],[11.0,35.05],[11.05,35.1],[11.05,35.2],[11.1,35.25],[11.15,35.3],[11.1,35.35],[11.0474,35.4],[11.0474,35.5],[11.05,35.6],[11.0,35.65],[10.95,35.7],[10.9,35.75],[10.8,35.75],[10.7,35.7286],[10.6333,35.8],[10.6412,35.9],[10.6,35.9412],[10.5444,36.0],[10.5,36.0444],[10.4333,36.1],[10.4333,36.2],[10.4167,36.3],[10.4091,36.4],[10.4,36.4333],[10.3833,36.4],[10.3333,36.3],[10.3167,36.2],[10.3,36.15],[10.275,36.1],[10.2,36.025],[10.15,36.0],[10.1,35.9667],[10.0,35.95],[9.95,35.9],[9.9,35.8],[9.9,35.8],[9.8667,35.7],[9.88,35.6],[9.8,35.5],[9.8,35.4],[9.8,35.4],[9.8,35.4],[9.7,35.4333],[9.625,35.4],[9.6,35.35],[9.5833,35.3],[9.6,35.275],[9.6429,35.2],[9.625,35.1],[9.6333,35.0],[9.6,34.975],[9.5,34.9714],[9.4,34.9],[9.4,34.9],[9.3,34.8],[9.3,34.8],[9.2,34.74],[9.1,34.725],[9.0,34.7444],[8.9,34.7143],[8.8,34.7],[8.8,34.7],[8.7,34.7],[8.6,34.6667],[8.5,34.6667],[8.4,34.65],[8.3,34.65],[8.2,34.6571],[8.1,34.66],[8.0,34.66],[7.9,34.68],[7.86,34.7],[7.8,34.73],[7.7,34.7727],[7.6,34.8],[7.6,34.8],[7.5,34.8364],[7.4,34.8615],[7.3,34.9],[7.3,34.9],[7.2,34.9429],[7.1,34.9429],[7.0,34.9273],[6.9,34.9462],[6.8,34.99],[6.7667,35.0],[6.8,35.05],[6.9,35.0875],[6.95,35.1],[6.9,35.125],[6.8,35.11],[6.75,35.1],[6.7,35.0667],[6.6,35.0833],[6.5,35.0556],[6.4,35.02],[6.3,35.0667],[6.2333,35.1],[6.2,35.11],[6.1,35.12],[6.0,35.15],[5.9,35.175],[5.85,35.2],[5.82,35.3],[5.8,35.3143],[5.7,35.3583],[5.6,35.39],[5.5833,35.4],[5.55,35.5],[5.5,35.5286],[5.4,35.55],[5.3,35.5875],[5.28,35.6],[5.2,35.68],[5.15,35.7],[5.1,35.7091],[5.0,35.7182],[4.9,35.7182],[4.8,35.7364],[4.7,35.8],[4.6,35.8],[4.6,35.8],[4.5,35.82],[4.4,35.8],[4.4,35.8],[4.4,35.8],[4.3,35.8143],[4.275,35.8],[4.2,35.74],[4.1,35.75],[4.0333,35.7],[4.0,35.6],[4.0333,35.5],[4.1,35.4],[4.1,35.4],[4.1,35.3],[4.1,35.2],[4.2,35.16],[4.3,35.1125],[4.35,35.1],[4.4,35.0],[4.4,35.0],[4.4,35.0],[4.3,34.925],[4.2,34.9],[4.2,34.9],[4.1,34.8],[4.1444,34.7],[4.1,34.6556],[4.0375,34.6],[4.0,34.5571],[3.9,34.5],[3.9,34.5],[3.8333,34.4],[3.8,34.375],[3.7,34.3857],[3.6667,34.4],[3.6,34.44],[3.5,34.4667],[3.4,34.42],[3.3857,34.4],[3.3,34.3538],[3.2,34.34],[3.1,34.3],[3.1,34.3],[3.0,34.2857],[2.9,34.26],[2.85,34.2],[2.8429,34.1],[2.8,34.0],[2.9,34.0]]]}},{"type":"Feature","properties":{"layer_id":"1981_2000_T20","layer_label":"1981_2000, T>20\u00b0C","low":50.0,"high":75.0,"label":"50\u201375 %","fill":"#fe9929","fillOpacity":0.56,"stroke":"#fe9929","strokeOpacity":0.68,"strokeWeight":0.35},"geometry":{"type":"Polygon","coordinates":[[[38.1,34.0],[38.2,34.0],[38.3,34.0],[38.4,34.0],[38.5,34.0],[38.6,34.0],[38.7,34.0],[38.8,34.0],[38.9,34.0],[39.0,34.0],[39.1,34.0],[39.1,34.0],[39.1,34.0],[39.0,34.1],[39.0,34.1],[38.9,34.1],[38.8,34.1667],[38.7,34.1667],[38.6,34.1],[38.6,34.1],[38.5,34.0333],[38.4,34.05],[38.35,34.1],[38.3,34.2],[38.4,34.25],[38.5,34.3],[38.5,34.3],[38.6,34.4],[38.6,34.4],[38.6,34.4],[38.5,34.4],[38.4,34.5],[38.4,34.5],[38.3,34.6],[38.4,34.7],[38.4,34.7],[38.5,34.75],[38.56,34.8],[38.6,34.8667],[38.62,34.9],[38.6,34.95],[38.5667,35.0],[38.5,35.04],[38.4,35.0714],[38.3,35.0857],[38.25,35.1],[38.2,35.15],[38.1,35.2],[38.1,35.2],[38.0,35.3],[38.0,35.3],[37.9,35.4],[37.9,35.4],[37.8,35.48],[37.7,35.475],[37.6,35.4333],[37.5,35.4286],[37.4,35.4333],[37.3,35.44],[37.2,35.45],[37.15,35.5],[37.1,35.6],[37.1,35.6],[37.05,35.7],[37.0,35.7167],[36.9,35.7167],[36.8167,35.8],[36.8,35.82],[36.7556,35.9],[36.7,35.9556],[36.6429,36.0],[36.68,36.1],[36.7,36.1143],[36.8,36.2],[36.8,36.2],[36.9,36.2143],[37.0,36.25],[37.075,36.3],[37.1,36.325],[37.175,36.4],[37.2,36.4333],[37.25,36.4],[37.3,36.35],[37.35,36.3],[37.4,36.2833],[37.4333,36.3],[37.5,36.4],[37.5,36.4],[37.5,36.5],[37.5,36.5],[37.4,36.5],[37.4,36.5],[37.3,36.4333],[37.25,36.5],[37.25,36.6],[37.3,36.675],[37.32,36.7],[37.4,36.78],[37.42,36.8],[37.45,36.9],[37.5,36.9667],[37.6,37.0],[37.6,37.0],[37.7,37.1],[37.7,37.1],[37.7,37.2],[37.7,37.3],[37.7,37.4],[37.8,37.4333],[37.9,37.4333],[37.9667,37.5],[38.0,37.6],[38.1,37.6],[38.1,37.6],[38.1833,37.7],[38.2,37.7143],[38.3,37.8],[38.4,37.8],[38.4,37.8],[38.5,37.8111],[38.6,37.8273],[38.7,37.8167],[38.8,37.8111],[38.9,37.825],[38.9857,37.9],[39.0,37.91],[39.1,37.9143],[39.125,37.9],[39.2,37.8],[39.2,37.8],[39.3,37.75],[39.4,37.725],[39.5,37.7333],[39.6,37.71],[39.6167,37.7],[39.7,37.6],[39.7,37.6],[39.8,37.5],[39.8,37.5],[39.9,37.4667],[40.0,37.5],[40.0,37.5],[40.0714,37.6],[40.0714,37.7],[40.1,37.8],[40.1,37.8],[40.1,37.8],[40.05,37.9],[40.0,37.9333],[39.9,37.95],[39.8,37.9857],[39.7667,38.0],[39.8,38.05],[39.9,38.0667],[40.0,38.0667],[40.1,38.04],[40.2,38.1],[40.2,38.1],[40.3,38.2],[40.4,38.1667],[40.5,38.15],[40.5143,38.1],[40.6,38.025],[40.7,38.0455],[40.8,38.03],[40.9,38.0286],[41.0,38.0188],[41.1,38.0143],[41.2,38.0083],[41.225,38.0],[41.3,37.94],[41.4,37.9375],[41.5,37.9222],[41.6,37.9],[41.6,37.9],[41.7,37.86],[41.8,37.8375],[41.875,37.8],[41.9,37.7833],[41.9455,37.7],[41.9364,37.6],[41.9,37.52],[41.85,37.5],[41.9,37.475],[41.96,37.4],[42.0,37.35],[42.1,37.3667],[42.2,37.375],[42.275,37.3],[42.3,37.28],[42.4,37.22],[42.45,37.2],[42.5,37.15],[42.55,37.1],[42.6,37.075],[42.7,37.0667],[42.8,37.06],[42.9,37.02],[43.0,37.0],[42.9,36.9],[42.9,36.9],[42.9,36.9],[43.0,36.88],[43.1,36.85],[43.2,36.8143],[43.25,36.8],[43.3,36.7833],[43.4,36.7833],[43.5,36.7833],[43.6,36.7833],[43.7,36.78],[43.8,36.7],[43.8,36.7],[43.8,36.7],[43.9,36.78],[44.0,36.75],[44.1,36.74],[44.2,36.71],[44.225,36.7],[44.3,36.6571],[44.4,36.6444],[44.4571,36.6],[44.4444,36.5],[44.4,36.4],[44.4,36.4],[44.4,36.4],[44.5,36.35],[44.6,36.33],[44.7,36.3],[44.7,36.3],[44.8,36.3],[44.9,36.2833],[45.0,36.2833],[45.0,36.3],[45.0,36.3286],[44.9,36.3286],[44.8,36.3333],[44.7,36.3333],[44.6,36.38],[44.5333,36.4],[44.5,36.5],[44.5,36.5],[44.5,36.5],[44.55,36.6],[44.5,36.64],[44.4,36.7],[44.4,36.7],[44.3,36.7182],[44.2,36.76],[44.1,36.79],[44.05,36.8],[44.0,36.81],[43.9,36.8571],[43.8,36.8571],[43.7,36.85],[43.6,36.84],[43.5,36.8333],[43.4,36.8333],[43.3,36.8571],[43.2,36.8857],[43.175,36.9],[43.1,36.9429],[43.0556,37.0],[43.1,37.0571],[43.13,37.1],[43.1,37.125],[43.0,37.1308],[42.9,37.11],[42.8,37.2],[42.8,37.2],[42.7,37.2444],[42.6,37.24],[42.5,37.2364],[42.4125,37.3],[42.4,37.31],[42.31,37.4],[42.3,37.4167],[42.2,37.4444],[42.1,37.44],[42.0,37.46],[41.9667,37.5],[41.9818,37.6],[41.9909,37.7],[41.95,37.8],[41.9,37.8571],[41.8,37.9],[41.8,37.9],[41.7,37.9273],[41.6,37.9385],[41.5,37.9778],[41.4,38.0],[41.4,38.0],[41.3,38.0286],[41.2,38.05],[41.1,38.05],[41.0,38.05],[40.9,38.0643],[40.8,38.08],[40.7,38.0909],[40.6,38.0875],[40.5857,38.1],[40.6,38.12],[40.6444,38.2],[40.6,38.3],[40.6,38.3],[40.5,38.3444],[40.4,38.38],[40.3,38.3667],[40.2,38.36],[40.1,38.35],[40.05,38.3],[40.1,38.2667],[40.2,38.2],[40.2,38.2],[40.2,38.2],[40.1,38.15],[40.0,38.1444],[39.9,38.15],[39.8,38.1571],[39.7,38.2],[39.7,38.2],[39.6,38.2375],[39.525,38.2],[39.5,38.1875],[39.4,38.1833],[39.3,38.1667],[39.22,38.1],[39.2,38.0667],[39.1333,38.0],[39.1,37.9857],[39.0,37.96],[38.9143,37.9],[38.9,37.8875],[38.8,37.8667],[38.7,37.8583],[38.6,37.8727],[38.5,37.8667],[38.4,37.8714],[38.3,37.8417],[38.2167,37.8],[38.2,37.7857],[38.1,37.7],[38.1,37.7],[38.0,37.6556],[37.9167,37.6],[37.9,37.575],[37.8,37.5375],[37.7,37.5273],[37.6,37.5111],[37.5857,37.5],[37.5556,37.4],[37.5375,37.3],[37.6,37.2],[37.6,37.2],[37.6,37.2],[37.5667,37.1],[37.5,37.05],[37.4429,37.0],[37.4,36.95],[37.3571,36.9],[37.3333,36.8],[37.3,36.7667],[37.25,36.7],[37.2,36.6333],[37.1667,36.6],[37.1,36.52],[37.0833,36.5],[37.06,36.4],[37.0,36.34],[36.9333,36.3],[36.9,36.2857],[36.8,36.2833],[36.7167,36.2],[36.7,36.1857],[36.6,36.2],[36.6,36.2],[36.6,36.2],[36.7,36.3],[36.7,36.3],[36.7667,36.4],[36.7,36.4286],[36.6167,36.5],[36.6,36.5143],[36.5143,36.6],[36.5,36.6143],[36.45,36.6],[36.4,36.5875],[36.3,36.5571],[36.275,36.6],[36.2643,36.7],[36.2,36.7474],[36.1526,36.7],[36.1526,36.6],[36.1,36.55],[36.05,36.5],[36.0,36.4474],[35.9,36.45],[35.85,36.4],[35.8526,36.3],[35.9,36.2526],[35.95,36.2],[35.9,36.15],[35.85,36.1],[35.9,36.05],[35.9556,36.0],[35.9,35.95],[35.85,35.9],[35.85,35.8],[35.8,35.75],[35.75,35.7],[35.8,35.65],[35.85,35.6],[35.8,35.55],[35.75,35.5],[35.8,35.45],[35.85,35.4],[35.9,35.35],[35.95,35.3],[35.9588,35.2],[35.9588,35.1],[35.9,35.05],[35.85,35.0],[35.9,34.95],[35.9526,34.9],[35.95,34.8],[35.9,34.75],[35.85,34.7],[35.9,34.65],[35.95,34.6],[35.9,34.55],[35.85,34.5],[35.8526,34.4],[35.9,34.3471],[35.9692,34.4],[36.0,34.45],[36.08,34.5],[36.1,34.5091],[36.2,34.5909],[36.2111,34.6],[36.2833,34.7],[36.2667,34.8],[36.2091,34.9],[36.2,34.92],[36.1333,35.0],[36.1143,35.1],[36.1,35.125],[36.07,35.2],[36.0714,35.3],[36.0769,35.4],[36.0588,35.5],[36.0588,35.6],[36.0583,35.7],[36.0636,35.8],[36.0692,35.9],[36.1,36.0],[36.1,36.0],[36.2,36.03],[36.3,36.0111],[36.32,36.0],[36.4,35.9],[36.5,35.975],[36.6,35.9667],[36.7,35.9],[36.7,35.9],[36.76,35.8],[36.7889,35.7],[36.8,35.6],[36.8,35.6],[36.8,35.6],[36.7778,35.5],[36.75,35.4],[36.8,35.3667],[36.9,35.4],[36.9,35.4],[37.0,35.4],[37.0,35.4],[37.1,35.325],[37.15,35.3],[37.2,35.2667],[37.3,35.25],[37.4,35.3],[37.4,35.3],[37.5,35.3],[37.6,35.3],[37.7,35.3],[37.8,35.3],[37.8,35.3],[37.8,35.2],[37.9,35.15],[38.0,35.15],[38.1,35.1],[38.1,35.1],[38.2,35.02],[38.3,35.0143],[38.4,35.0],[38.4,35.0],[38.5,34.94],[38.5333,34.9],[38.5,34.85],[38.45,34.8],[38.4,34.7714],[38.3,34.75],[38.2,34.7333],[38.1667,34.7],[38.1,34.6],[38.1667,34.5],[38.1667,34.4],[38.1,34.3],[38.1,34.3],[38.0,34.2],[38.0,34.1],[38.0,34.0],[38.1,34.0]]]}},{"type":"Feature","properties":{"layer_id":"1981_2000_T20","layer_label":"1981_2000, T>20\u00b0C","low":50.0,"high":75.0,"label":"50\u201375 %","fill":"#fe9929","fillOpacity":0.56,"stroke":"#fe9929","strokeOpacity":0.68,"strokeWeight":0.35},"geometry":{"type":"Polygon","coordinates":[[[35.975,34.6],[35.9,34.675],[35.875,34.7],[35.9,34.725],[35.975,34.8],[35.9789,34.9],[35.9,34.975],[35.875,35.0],[35.9,35.025],[35.9882,35.1],[35.9882,35.2],[35.975,35.3],[35.9,35.375],[35.875,35.4],[35.8,35.475],[35.775,35.5],[35.8,35.525],[35.875,35.6],[35.8,35.675],[35.775,35.7],[35.8,35.725],[35.875,35.8],[35.875,35.9],[35.9,35.925],[35.9833,36.0],[35.9,36.075],[35.875,36.1],[35.9,36.125],[35.975,36.2],[36.0,36.3],[36.0,36.3],[36.0,36.3],[36.0,36.3],[35.9,36.2789],[35.8789,36.3],[35.875,36.4],[35.9,36.425],[36.0,36.4211],[36.075,36.5],[36.1,36.525],[36.1789,36.6],[36.1789,36.7],[36.2,36.7211],[36.2286,36.7],[36.2333,36.6],[36.2667,36.5],[36.3,36.475],[36.3333,36.5],[36.4,36.525],[36.5,36.52],[36.52,36.5],[36.6,36.4],[36.6,36.4],[36.6167,36.3],[36.6,36.2833],[36.5286,36.2],[36.5,36.1667],[36.4333,36.1],[36.4,36.0333],[36.3,36.0667],[36.2,36.08],[36.1,36.0625],[36.0375,36.0],[36.0308,35.9],[36.0182,35.8],[36.0167,35.7],[36.0294,35.6],[36.0294,35.5],[36.0385,35.4],[36.0357,35.3],[36.02,35.2],[36.0333,35.1],[36.0571,35.0],[36.1,34.95],[36.1429,34.9],[36.2,34.8429],[36.225,34.8],[36.2417,34.7],[36.2,34.6444],[36.1556,34.6],[36.1,34.5545],[36.0,34.5167],[35.975,34.6]]]}},{"type":"Feature","properties":{"layer_id":"1981_2000_T20","layer_label":"1981_2000, T>20\u00b0C","low":50.0,"high":75.0,"label":"50\u201375 %","fill":"#fe9929","fillOpacity":0.56,"stroke":"#fe9929","strokeOpacity":0.68,"strokeWeight":0.35},"geometry":{"type":"Polygon","coordinates":[[[39.7714,37.6],[39.7,37.7],[39.7,37.7],[39.6,37.76],[39.52,37.8],[39.5,37.85],[39.4,37.8667],[39.35,37.9],[39.4,37.9333],[39.5,37.925],[39.6,37.94],[39.7,37.925],[39.8,37.9143],[39.825,37.9],[39.9,37.8667],[40.0,37.82],[40.0167,37.8],[40.0,37.7],[40.0,37.6],[40.0,37.6],[39.9,37.5364],[39.8,37.5714],[39.7714,37.6]]]}},{"type":"Feature","properties":{"layer_id":"1981_2000_T20","layer_label":"1981_2000, T>20\u00b0C","low":50.0,"high":75.0,"label":"50\u201375 %","fill":"#fe9929","fillOpacity":0.56,"stroke":"#fe9929","strokeOpacity":0.68,"strokeWeight":0.35},"geometry":{"type":"Polygon","coordinates":[[[-3.2,34.15],[-3.1,34.2],[-3.1,34.2],[-3.075,34.3],[-3.1,34.4],[-3.1,34.4],[-3.1,34.4],[-3.0,34.475],[-2.9667,34.5],[-3.0,34.6],[-3.1,34.55],[-3.2,34.525],[-3.3,34.5167],[-3.32,34.5],[-3.4,34.42],[-3.42,34.4],[-3.46,34.3],[-3.4,34.225],[-3.3,34.2],[-3.3,34.2],[-3.2,34.15]]]}},{"type":"Feature","properties":{"layer_id":"1981_2000_T20","layer_label":"1981_2000, T>20\u00b0C","low":50.0,"high":75.0,"label":"50\u201375 %","fill":"#fe9929","fillOpacity":0.56,"stroke":"#fe9929","strokeOpacity":0.68,"strokeWeight":0.35},"geometry":{"type":"Polygon","coordinates":[[[32.6,34.65],[32.7,34.65],[32.8,34.65],[32.9,34.65],[33.0,34.65],[33.05,34.7],[33.1,34.75],[33.2,34.75],[33.3,34.75],[33.4,34.75],[33.45,34.8],[33.5,34.85],[33.6,34.85],[33.65,34.9],[33.65,35.0],[33.7,35.05],[33.75,35.0],[33.8,34.95],[33.9,34.95],[33.95,35.0],[33.95,35.1],[33.95,35.2],[34.0,35.25],[34.05,35.3],[34.05,35.4],[34.0,35.45],[33.9,35.45],[33.8,35.45],[33.75,35.4],[33.7,35.35],[33.6,35.35],[33.5,35.35],[33.4,35.35],[33.3,35.35],[33.2,35.35],[33.1,35.35],[33.0,35.35],[32.95,35.3],[32.9,35.25],[32.85,35.2],[32.8,35.15],[32.75,35.2],[32.7,35.25],[32.6,35.25],[32.55,35.2],[32.55,35.1],[32.5,35.05],[32.4,35.05],[32.35,35.0],[32.35,34.9],[32.35,34.8],[32.4,34.75],[32.5,34.75],[32.55,34.7],[32.6,34.65]]]}},{"type":"Feature","properties":{"layer_id":"1981_2000_T20","layer_label":"1981_2000, T>20\u00b0C","low":50.0,"high":75.0,"label":"50\u201375 %","fill":"#fe9929","fillOpacity":0.56,"stroke":"#fe9929","strokeOpacity":0.68,"strokeWeight":0.35},"geometry":{"type":"Polygon","coordinates":[[[32.575,34.7],[32.5,34.775],[32.4,34.775],[32.375,34.8],[32.375,34.9],[32.375,35.0],[32.4,35.025],[32.5,35.025],[32.6,35.0],[32.6,35.0],[32.63,34.9],[32.7,34.8417],[32.8,34.8385],[32.9,34.8154],[33.0,34.825],[33.1,34.8385],[33.1889,34.9],[33.16,35.0],[33.1,35.0545],[33.0,35.0643],[32.9,35.0667],[32.8,35.0688],[32.7,35.0643],[32.6,35.0],[32.575,35.1],[32.575,35.2],[32.6,35.225],[32.7,35.225],[32.725,35.2],[32.8,35.125],[32.875,35.2],[32.9,35.225],[32.975,35.3],[33.0,35.325],[33.1,35.325],[33.2,35.325],[33.3,35.325],[33.4,35.325],[33.5,35.325],[33.6,35.325],[33.7,35.325],[33.775,35.4],[33.8,35.425],[33.9,35.425],[34.0,35.425],[34.025,35.4],[34.025,35.3],[34.0,35.275],[33.925,35.2],[33.925,35.1],[33.925,35.0],[33.9,34.975],[33.8,34.975],[33.775,35.0],[33.7,35.075],[33.625,35.0],[33.625,34.9],[33.6,34.875],[33.5,34.875],[33.425,34.8],[33.4,34.775],[33.3,34.775],[33.2,34.775],[33.1,34.775],[33.025,34.7],[33.0,34.675],[32.9,34.675],[32.8,34.675],[32.7,34.675],[32.6,34.675],[32.575,34.7]]]}},{"type":"Feature","properties":{"layer_id":"1981_2000_T20","layer_label":"1981_2000, T>20\u00b0C","low":50.0,"high":75.0,"label":"50\u201375 %","fill":"#fe9929","fillOpacity":0.56,"stroke":"#fe9929","strokeOpacity":0.68,"strokeWeight":0.35},"geometry":{"type":"Polygon","coordinates":[[[32.68,34.9],[32.6556,35.0],[32.7,35.0286],[32.8,35.0375],[32.9,35.0333],[33.0,35.0286],[33.1,35.0091],[33.11,35.0],[33.1333,34.9],[33.1,34.8769],[33.0,34.8563],[32.9,34.8538],[32.8,34.8769],[32.7,34.8833],[32.68,34.9]]]}},{"type":"Feature","properties":{"layer_id":"1981_2000_T20","layer_label":"1981_2000, T>20\u00b0C","low":50.0,"high":75.0,"label":"50\u201375 %","fill":"#fe9929","fillOpacity":0.56,"stroke":"#fe9929","strokeOpacity":0.68,"strokeWeight":0.35},"geometry":{"type":"Polygon","coordinates":[[[24.8,34.95],[24.9,34.9526],[25.0,34.9769],[25.1,34.9909],[25.2,34.9909],[25.2091,35.0],[25.2,35.1],[25.1,35.1],[25.0,35.05],[24.9,35.075],[24.8727,35.1],[24.8,35.1444],[24.7,35.15],[24.6,35.1667],[24.5556,35.1],[24.6,35.0556],[24.7,35.0556],[24.75,35.0],[24.8,34.95]]]}},{"type":"Feature","properties":{"layer_id":"1981_2000_T20","layer_label":"1981_2000, T>20\u00b0C","low":50.0,"high":75.0,"label":"50\u201375 %","fill":"#fe9929","fillOpacity":0.56,"stroke":"#fe9929","strokeOpacity":0.68,"strokeWeight":0.35},"geometry":{"type":"Polygon","coordinates":[[[24.775,35.0],[24.7,35.0833],[24.6,35.0833],[24.5833,35.1],[24.6,35.125],[24.7,35.1188],[24.8,35.1167],[24.8273,35.1],[24.9,35.0333],[24.9667,35.0],[24.9,34.9789],[24.8,34.975],[24.775,35.0]]]}},{"type":"Feature","properties":{"layer_id":"1981_2000_T20","layer_label":"1981_2000, T>20\u00b0C","low":50.0,"high":75.0,"label":"50\u201375 %","fill":"#fe9929","fillOpacity":0.56,"stroke":"#fe9929","strokeOpacity":0.68,"strokeWeight":0.35},"geometry":{"type":"Polygon","coordinates":[[[25.9,34.95],[25.95,35.0],[26.0,35.05],[26.1,35.05],[26.2,35.05],[26.3,35.05],[26.35,35.1],[26.35,35.2],[26.3,35.25],[26.2,35.25],[26.1,35.25],[26.0,35.25],[25.9,35.25],[25.85,35.2],[25.8,35.15],[25.75,35.2],[25.75,35.3],[25.7,35.35],[25.6,35.35],[25.5,35.3],[25.6,35.2375],[25.6375,35.2],[25.6375,35.1],[25.7,35.05],[25.8,35.05],[25.85,35.0],[25.9,34.95]]]}},{"type":"Feature","properties":{"layer_id":"1981_2000_T20","layer_label":"1981_2000, T>20\u00b0C","low":50.0,"high":75.0,"label":"50\u201375 %","fill":"#fe9929","fillOpacity":0.56,"stroke":"#fe9929","strokeOpacity":0.68,"strokeWeight":0.35},"geometry":{"type":"Polygon","coordinates":[[[25.875,35.0],[25.8,35.075],[25.7,35.075],[25.6688,35.1],[25.6688,35.2],[25.6,35.2688],[25.55,35.3],[25.6,35.325],[25.7,35.325],[25.725,35.3],[25.725,35.2],[25.8,35.125],[25.875,35.2],[25.9,35.225],[26.0,35.225],[26.1,35.225],[26.2,35.225],[26.3,35.225],[26.325,35.2],[26.325,35.1],[26.3,35.075],[26.2,35.075],[26.1,35.075],[26.0,35.075],[25.925,35.0],[25.9,34.975],[25.875,35.0]]]}},{"type":"Feature","properties":{"layer_id":"1981_2000_T20","layer_label":"1981_2000, T>20\u00b0C","low":50.0,"high":75.0,"label":"50\u201375 %","fill":"#fe9929","fillOpacity":0.56,"stroke":"#fe9929","strokeOpacity":0.68,"strokeWeight":0.35},"geometry":{"type":"Polygon","coordinates":[[[36.7,34.95],[36.75,35.0],[36.7333,35.1],[36.7,35.15],[36.65,35.2],[36.6,35.24],[36.5,35.3],[36.4714,35.2],[36.5,35.1333],[36.5333,35.1],[36.6,35.0],[36.6,35.0],[36.7,34.95]]]}},{"type":"Feature","properties":{"layer_id":"1981_2000_T20","layer_label":"1981_2000, T>20\u00b0C","low":50.0,"high":75.0,"label":"50\u201375 %","fill":"#fe9929","fillOpacity":0.56,"stroke":"#fe9929","strokeOpacity":0.68,"strokeWeight":0.35},"geometry":{"type":"Polygon","coordinates":[[[-1.3,35.225],[-1.2,35.26],[-1.1333,35.3],[-1.1,35.3143],[-1.0,35.3375],[-0.9167,35.4],[-0.9,35.4143],[-0.875,35.4],[-0.8,35.3571],[-0.7571,35.4],[-0.725,35.5],[-0.7,35.5167],[-0.6,35.5667],[-0.5,35.5429],[-0.4429,35.6],[-0.4,35.6273],[-0.3,35.625],[-0.2,35.6182],[-0.1667,35.6],[-0.1,35.5429],[-0.0333,35.6],[0.0,35.6222],[0.0667,35.6],[0.1,35.575],[0.125,35.6],[0.1833,35.7],[0.2,35.725],[0.3,35.8],[0.2714,35.9],[0.3,35.9286],[0.4,35.9714],[0.5,35.9],[0.5,35.9],[0.525,35.8],[0.6,35.7],[0.7,35.7667],[0.7333,35.8],[0.8,35.85],[0.9,35.8667],[1.0,35.8667],[1.0333,35.9],[1.0,36.0],[1.0,36.0],[1.0,36.0],[1.1,36.0],[1.2,36.06],[1.3,36.0833],[1.35,36.1],[1.35,36.2],[1.3,36.225],[1.2,36.28],[1.1,36.2571],[1.0,36.25],[0.9333,36.2],[0.9,36.15],[0.85,36.1],[0.8,36.0667],[0.7,36.05],[0.6333,36.1],[0.7,36.1667],[0.75,36.2],[0.8,36.2125],[0.9,36.25],[0.9333,36.3],[0.96,36.4],[0.9,36.4375],[0.8625,36.4],[0.8,36.3412],[0.7,36.35],[0.65,36.3],[0.6,36.2375],[0.5,36.2444],[0.4556,36.2],[0.4,36.1286],[0.3286,36.2],[0.3,36.2286],[0.2714,36.2],[0.2,36.15],[0.15,36.1],[0.1588,36.0],[0.1,35.9474],[0.0526,35.9],[0.0,35.8474],[-0.0474,35.8],[-0.1,35.7444],[-0.2,35.7474],[-0.3,35.7474],[-0.35,35.8],[-0.4,35.85],[-0.5,35.85],[-0.55,35.8],[-0.6,35.75],[-0.7,35.7444],[-0.8,35.7474],[-0.9,35.7412],[-0.9412,35.7],[-1.0,35.6231],[-1.1,35.6412],[-1.1412,35.6],[-1.2,35.5412],[-1.2412,35.5],[-1.2375,35.4],[-1.3,35.3375],[-1.3375,35.3],[-1.3,35.225]]]}},{"type":"Feature","properties":{"layer_id":"1981_2000_T20","layer_label":"1981_2000, T>20\u00b0C","low":50.0,"high":75.0,"label":"50\u201375 %","fill":"#fe9929","fillOpacity":0.56,"stroke":"#fe9929","strokeOpacity":0.68,"strokeWeight":0.35},"geometry":{"type":"Polygon","coordinates":[[[-0.9118,35.7],[-0.9,35.7118],[-0.8,35.7211],[-0.7,35.7167],[-0.6,35.725],[-0.525,35.8],[-0.5,35.825],[-0.4,35.825],[-0.375,35.8],[-0.3,35.7211],[-0.2,35.7211],[-0.1,35.7167],[-0.0211,35.8],[0.0,35.8211],[0.0789,35.9],[0.1,35.9211],[0.2,35.9],[0.15,35.8],[0.1,35.7],[0.1,35.7],[0.0,35.6778],[-0.1,35.625],[-0.2,35.6636],[-0.3,35.6667],[-0.4,35.6727],[-0.5,35.625],[-0.6,35.6375],[-0.7,35.6],[-0.8,35.6556],[-0.9,35.65],[-0.9118,35.7]]]}},{"type":"Feature","properties":{"layer_id":"1981_2000_T20","layer_label":"1981_2000, T>20\u00b0C","low":50.0,"high":75.0,"label":"50\u201375 %","fill":"#fe9929","fillOpacity":0.56,"stroke":"#fe9929","strokeOpacity":0.68,"strokeWeight":0.35},"geometry":{"type":"Polygon","coordinates":[[[0.1882,36.0],[0.175,36.1],[0.2,36.125],[0.3,36.175],[0.375,36.1],[0.3,36.0],[0.3,36.0],[0.2,35.9],[0.1882,36.0]]]}},{"type":"Feature","properties":{"layer_id":"1981_2000_T20","layer_label":"1981_2000, T>20\u00b0C","low":50.0,"high":75.0,"label":"50\u201375 %","fill":"#fe9929","fillOpacity":0.56,"stroke":"#fe9929","strokeOpacity":0.68,"strokeWeight":0.35},"geometry":{"type":"Polygon","coordinates":[[[25.1,35.25],[25.2,35.2125],[25.3,35.2636],[25.3286,35.3],[25.3,35.3286],[25.2,35.3412],[25.1,35.3333],[25.0545,35.3],[25.1,35.25]]]}},{"type":"Feature","properties":{"layer_id":"1981_2000_T20","layer_label":"1981_2000, T>20\u00b0C","low":50.0,"high":75.0,"label":"50\u201375 %","fill":"#fe9929","fillOpacity":0.56,"stroke":"#fe9929","strokeOpacity":0.68,"strokeWeight":0.35},"geometry":{"type":"Polygon","coordinates":[[[24.7,35.3529],[24.8,35.3556],[24.9,35.35],[25.0,35.3375],[25.05,35.4],[25.0,35.45],[24.9,35.45],[24.8,35.4444],[24.7,35.4444],[24.6556,35.4],[24.7,35.3529]]]}},{"type":"Feature","properties":{"layer_id":"1981_2000_T20","layer_label":"1981_2000, T>20\u00b0C","low":50.0,"high":75.0,"label":"50\u201375 %","fill":"#fe9929","fillOpacity":0.56,"stroke":"#fe9929","strokeOpacity":0.68,"strokeWeight":0.35},"geometry":{"type":"Polygon","coordinates":[[[23.8,35.4375],[23.9,35.4471],[24.0,35.4667],[24.1,35.45],[24.1412,35.5],[24.1,35.5412],[24.0,35.5286],[23.9,35.5474],[23.8,35.55],[23.75,35.5],[23.8,35.4375]]]}},{"type":"Feature","properties":{"layer_id":"1981_2000_T20","layer_label":"1981_2000, T>20\u00b0C","low":50.0,"high":75.0,"label":"50\u201375 %","fill":"#fe9929","fillOpacity":0.56,"stroke":"#fe9929","strokeOpacity":0.68,"strokeWeight":0.35},"geometry":{"type":"Polygon","coordinates":[[[2.1,35.5714],[2.1667,35.6],[2.2,35.6167],[2.3,35.6333],[2.4,35.6333],[2.5,35.6],[2.6,35.6],[2.6,35.6],[2.7,35.5667],[2.8,35.55],[2.9,35.5],[2.95,35.6],[3.0,35.7],[2.9,35.7333],[2.8,35.7333],[2.7,35.76],[2.6,35.7286],[2.5,35.74],[2.4,35.74],[2.3,35.74],[2.2,35.7556],[2.1,35.7364],[2.0,35.7222],[1.9333,35.7],[2.0,35.66],[2.06,35.6],[2.1,35.5714]]]}},{"type":"Feature","properties":{"layer_id":"1981_2000_T20","layer_label":"1981_2000, T>20\u00b0C","low":50.0,"high":75.0,"label":"50\u201375 %","fill":"#fe9929","fillOpacity":0.56,"stroke":"#fe9929","strokeOpacity":0.68,"strokeWeight":0.35},"geometry":{"type":"Polygon","coordinates":[[[27.9,35.95],[27.95,36.0],[28.0,36.05],[28.05,36.1],[28.1,36.15],[28.15,36.2],[28.15,36.3],[28.2,36.35],[28.25,36.4],[28.2,36.45],[28.1,36.45],[28.0,36.45],[27.95,36.4],[27.9,36.35],[27.85,36.3],[27.8,36.25],[27.75,36.2],[27.75,36.1],[27.8,36.05],[27.85,36.0],[27.9,35.95]]]}},{"type":"Feature","properties":{"layer_id":"1981_2000_T20","layer_label":"1981_2000, T>20\u00b0C","low":50.0,"high":75.0,"label":"50\u201375 %","fill":"#fe9929","fillOpacity":0.56,"stroke":"#fe9929","strokeOpacity":0.68,"strokeWeight":0.35},"geometry":{"type":"Polygon","coordinates":[[[27.875,36.0],[27.8,36.075],[27.775,36.1],[27.775,36.2],[27.8,36.225],[27.875,36.3],[27.9,36.325],[27.975,36.4],[28.0,36.425],[28.1,36.425],[28.2,36.425],[28.225,36.4],[28.2,36.375],[28.125,36.3],[28.125,36.2],[28.1,36.175],[28.025,36.1],[28.0,36.075],[27.925,36.0],[27.9,35.975],[27.875,36.0]]]}},{"type":"Feature","properties":{"layer_id":"1981_2000_T20","layer_label":"1981_2000, T>20\u00b0C","low":50.0,"high":75.0,"label":"50\u201375 %","fill":"#fe9929","fillOpacity":0.56,"stroke":"#fe9929","strokeOpacity":0.68,"strokeWeight":0.35},"geometry":{"type":"Polygon","coordinates":[[[32.7,36.05],[32.8,36.05],[32.9,36.05],[32.95,36.1],[33.0,36.1526],[33.1,36.15],[33.2,36.15],[33.3,36.15],[33.4,36.15],[33.5,36.15],[33.6,36.15],[33.7,36.15],[33.75,36.2],[33.8,36.25],[33.9,36.25],[34.0,36.25],[34.05,36.3],[34.05,36.4],[34.1,36.4526],[34.1474,36.5],[34.1,36.5563],[34.01,36.5],[34.0,36.4909],[33.9,36.4588],[33.8,36.4467],[33.75,36.4],[33.7,36.3563],[33.6,36.3111],[33.575,36.3],[33.5,36.2769],[33.4,36.2714],[33.3,36.2588],[33.2,36.25],[33.1,36.25],[33.0,36.2474],[32.9,36.25],[32.8,36.2412],[32.7222,36.2],[32.7,36.1833],[32.65,36.1],[32.7,36.05]]]}},{"type":"Feature","properties":{"layer_id":"1981_2000_T20","layer_label":"1981_2000, T>20\u00b0C","low":50.0,"high":75.0,"label":"50\u201375 %","fill":"#fe9929","fillOpacity":0.56,"stroke":"#fe9929","strokeOpacity":0.68,"strokeWeight":0.35},"geometry":{"type":"Polygon","coordinates":[[[32.675,36.1],[32.7,36.1417],[32.7778,36.2],[32.8,36.2118],[32.9,36.225],[33.0,36.2211],[33.1,36.225],[33.2,36.225],[33.3,36.2294],[33.4,36.2357],[33.5,36.2385],[33.6,36.2556],[33.65,36.3],[33.7,36.325],[33.7857,36.4],[33.8,36.4133],[33.9,36.4294],[34.0,36.4455],[34.025,36.4],[34.025,36.3],[34.0,36.275],[33.9,36.275],[33.8,36.275],[33.725,36.2],[33.7,36.175],[33.6,36.175],[33.5,36.175],[33.4,36.175],[33.3,36.175],[33.2,36.175],[33.1,36.175],[33.0,36.1789],[32.925,36.1],[32.9,36.075],[32.8,36.075],[32.7,36.075],[32.675,36.1]]]}},{"type":"Feature","properties":{"layer_id":"1981_2000_T20","layer_label":"1981_2000, T>20\u00b0C","low":50.0,"high":75.0,"label":"50\u201375 %","fill":"#fe9929","fillOpacity":0.56,"stroke":"#fe9929","strokeOpacity":0.68,"strokeWeight":0.35},"geometry":{"type":"Polygon","coordinates":[[[29.5,36.15],[29.55,36.2],[29.5,36.2909],[29.4909,36.3],[29.4,36.3667],[29.3545,36.4],[29.3,36.46],[29.2,36.4563],[29.1526,36.4],[29.2,36.3526],[29.25,36.3],[29.3,36.25],[29.4,36.25],[29.45,36.2],[29.5,36.15]]]}},{"type":"Feature","properties":{"layer_id":"1981_2000_T20","layer_label":"1981_2000, T>20\u00b0C","low":50.0,"high":75.0,"label":"50\u201375 %","fill":"#fe9929","fillOpacity":0.56,"stroke":"#fe9929","strokeOpacity":0.68,"strokeWeight":0.35},"geometry":{"type":"Polygon","coordinates":[[[29.275,36.3],[29.2,36.3789],[29.1789,36.4],[29.2,36.425],[29.3,36.41],[29.3091,36.4],[29.4,36.3333],[29.4455,36.3],[29.4,36.275],[29.3,36.275],[29.275,36.3]]]}},{"type":"Feature","properties":{"layer_id":"1981_2000_T20","layer_label":"1981_2000, T>20\u00b0C","low":50.0,"high":75.0,"label":"50\u201375 %","fill":"#fe9929","fillOpacity":0.56,"stroke":"#fe9929","strokeOpacity":0.68,"strokeWeight":0.35},"geometry":{"type":"Polygon","coordinates":[[[29.7,36.15],[29.8,36.15],[29.85,36.2],[29.9,36.2526],[30.0,36.3],[29.9,36.3474],[29.8,36.3667],[29.7,36.3412],[29.63,36.3],[29.65,36.2],[29.7,36.15]]]}},{"type":"Feature","properties":{"layer_id":"1981_2000_T20","layer_label":"1981_2000, T>20\u00b0C","low":50.0,"high":75.0,"label":"50\u201375 %","fill":"#fe9929","fillOpacity":0.56,"stroke":"#fe9929","strokeOpacity":0.68,"strokeWeight":0.35},"geometry":{"type":"Polygon","coordinates":[[[29.675,36.2],[29.68,36.3],[29.7,36.3118],[29.8,36.3333],[29.9,36.3211],[29.9444,36.3],[29.9,36.2789],[29.825,36.2],[29.8,36.175],[29.7,36.175],[29.675,36.2]]]}},{"type":"Feature","properties":{"layer_id":"1981_2000_T20","layer_label":"1981_2000, T>20\u00b0C","low":50.0,"high":75.0,"label":"50\u201375 %","fill":"#fe9929","fillOpacity":0.56,"stroke":"#fe9929","strokeOpacity":0.68,"strokeWeight":0.35},"geometry":{"type":"Polygon","coordinates":[[[30.1,36.25],[30.15,36.3],[30.2,36.35],[30.25,36.3],[30.3,36.25],[30.4,36.25],[30.5,36.25],[30.55,36.3],[30.5,36.35],[30.45,36.4],[30.5,36.4526],[30.5474,36.5],[30.55,36.6],[30.5333,36.7],[30.5167,36.8],[30.5,36.82],[30.4833,36.8],[30.4667,36.7],[30.45,36.6],[30.4,36.5375],[30.3143,36.5],[30.3,36.4909],[30.2,36.4556],[30.1412,36.4],[30.1,36.3588],[30.0,36.3],[30.1,36.25]]]}},{"type":"Feature","properties":{"layer_id":"1981_2000_T20","layer_label":"1981_2000, T>20\u00b0C","low":50.0,"high":75.0,"label":"50\u201375 %","fill":"#fe9929","fillOpacity":0.56,"stroke":"#fe9929","strokeOpacity":0.68,"strokeWeight":0.35},"geometry":{"type":"Polygon","coordinates":[[[30.275,36.3],[30.2,36.375],[30.1706,36.4],[30.2,36.4278],[30.3,36.4455],[30.3857,36.5],[30.4,36.5063],[30.475,36.6],[30.5,36.7],[30.525,36.6],[30.5211,36.5],[30.5,36.4789],[30.425,36.4],[30.5,36.325],[30.525,36.3],[30.5,36.275],[30.4,36.275],[30.3,36.275],[30.275,36.3]]]}},{"type":"Feature","properties":{"layer_id":"1981_2000_T20","layer_label":"1981_2000, T>20\u00b0C","low":50.0,"high":75.0,"label":"50\u201375 %","fill":"#fe9929","fillOpacity":0.56,"stroke":"#fe9929","strokeOpacity":0.68,"strokeWeight":0.35},"geometry":{"type":"Polygon","coordinates":[[[1.3,36.4357],[1.4,36.4467],[1.5,36.45],[1.6,36.45],[1.7,36.475],[1.7667,36.5],[1.7,36.5167],[1.6,36.5375],[1.5,36.5412],[1.4,36.5444],[1.3,36.5474],[1.2526,36.5],[1.3,36.4357]]]}},{"type":"Feature","properties":{"layer_id":"1981_2000_T20","layer_label":"1981_2000, T>20\u00b0C","low":50.0,"high":75.0,"label":"50\u201375 %","fill":"#fe9929","fillOpacity":0.56,"stroke":"#fe9929","strokeOpacity":0.68,"strokeWeight":0.35},"geometry":{"type":"Polygon","coordinates":[[[10.5,36.4625],[10.6,36.4526],[10.7,36.45],[10.8,36.45],[10.85,36.5],[10.8412,36.6],[10.9,36.6526],[10.9474,36.7],[11.0,36.75],[11.05,36.8],[11.05,36.9],[11.1,36.95],[11.15,37.0],[11.1,37.05],[11.0,37.05],[10.9,37.05],[10.85,37.0],[10.8,36.95],[10.75,36.9],[10.7,36.85],[10.65,36.9],[10.6,36.95],[10.55,36.9],[10.55,36.8],[10.5,36.7474],[10.4,36.7412],[10.3,36.7375],[10.2333,36.8],[10.3,36.8526],[10.3474,36.9],[10.3,36.9474],[10.2,36.9444],[10.1444,37.0],[10.1474,37.1],[10.2,37.15],[10.25,37.2],[10.2,37.25],[10.1,37.25],[10.0,37.2474],[9.9526,37.2],[9.9,37.1444],[9.8412,37.2],[9.8474,37.3],[9.8,37.3474],[9.7,37.3474],[9.6,37.3444],[9.5,37.3412],[9.4588,37.3],[9.4,37.2167],[9.3,37.2333],[9.2667,37.2],[9.3,37.1375],[9.4,37.16],[9.5,37.1],[9.5,37.1],[9.6,37.0667],[9.7,37.0333],[9.8,37.0143],[9.825,37.0],[9.9,36.9],[9.9,36.9],[10.0,36.8],[10.0,36.8],[10.1,36.7333],[10.15,36.7],[10.2,36.65],[10.3,36.625],[10.4,36.6],[10.4,36.6],[10.425,36.5],[10.5,36.4625]]]}},{"type":"Feature","properties":{"layer_id":"1981_2000_T20","layer_label":"1981_2000, T>20\u00b0C","low":50.0,"high":75.0,"label":"50\u201375 %","fill":"#fe9929","fillOpacity":0.56,"stroke":"#fe9929","strokeOpacity":0.68,"strokeWeight":0.35},"geometry":{"type":"Polygon","coordinates":[[[10.4875,36.5],[10.4833,36.6],[10.4,36.6714],[10.3,36.6875],[10.275,36.7],[10.3,36.7063],[10.4,36.7118],[10.5,36.7211],[10.575,36.8],[10.575,36.9],[10.6,36.925],[10.625,36.9],[10.7,36.825],[10.775,36.9],[10.8,36.925],[10.875,37.0],[10.9,37.025],[11.0,37.025],[11.1,37.025],[11.125,37.0],[11.1,36.975],[11.025,36.9],[11.025,36.8],[11.0,36.775],[10.9211,36.7],[10.9,36.6789],[10.8118,36.6],[10.825,36.5],[10.8,36.475],[10.7,36.475],[10.6,36.4789],[10.5,36.4938],[10.4875,36.5]]]}},{"type":"Feature","properties":{"layer_id":"1981_2000_T20","layer_label":"1981_2000, T>20\u00b0C","low":50.0,"high":75.0,"label":"50\u201375 %","fill":"#fe9929","fillOpacity":0.56,"stroke":"#fe9929","strokeOpacity":0.68,"strokeWeight":0.35},"geometry":{"type":"Polygon","coordinates":[[[10.0667,36.9],[10.0,37.0],[10.0,37.0],[9.9,37.04],[9.8,37.0857],[9.7,37.075],[9.65,37.1],[9.6,37.15],[9.5,37.2],[9.5,37.2],[9.4882,37.3],[9.5,37.3118],[9.6,37.3167],[9.7,37.3211],[9.8,37.3211],[9.8211,37.3],[9.8118,37.2],[9.9,37.1167],[9.9789,37.2],[10.0,37.2211],[10.1,37.225],[10.2,37.225],[10.225,37.2],[10.2,37.175],[10.1211,37.1],[10.1167,37.0],[10.2,36.9167],[10.3,36.9211],[10.3211,36.9],[10.3,36.8789],[10.2,36.8],[10.1,36.85],[10.0667,36.9]]]}},{"type":"Feature","properties":{"layer_id":"1981_2000_T20","layer_label":"1981_2000, T>20\u00b0C","low":50.0,"high":75.0,"label":"50\u201375 %","fill":"#fe9929","fillOpacity":0.56,"stroke":"#fe9929","strokeOpacity":0.68,"strokeWeight":0.35},"geometry":{"type":"Polygon","coordinates":[[[2.1,36.5357],[2.2,36.5462],[2.3,36.5545],[2.4,36.54],[2.5,36.525],[2.5857,36.6],[2.5,36.6375],[2.4,36.6375],[2.3,36.6333],[2.2,36.6412],[2.1,36.6474],[2.0526,36.6],[2.1,36.5357]]]}},{"type":"Feature","properties":{"layer_id":"1981_2000_T20","layer_label":"1981_2000, T>20\u00b0C","low":50.0,"high":75.0,"label":"50\u201375 %","fill":"#fe9929","fillOpacity":0.56,"stroke":"#fe9929","strokeOpacity":0.68,"strokeWeight":0.35},"geometry":{"type":"Polygon","coordinates":[[[2.7,36.55],[2.8,36.5667],[2.85,36.6],[2.9,36.6333],[3.0,36.7],[3.0,36.7],[3.0412,36.8],[3.0,36.8412],[2.9,36.8412],[2.8588,36.8],[2.8,36.7333],[2.7,36.7474],[2.6526,36.7],[2.62,36.6],[2.7,36.55]]]}},{"type":"Feature","properties":{"layer_id":"1981_2000_T20","layer_label":"1981_2000, T>20\u00b0C","low":50.0,"high":75.0,"label":"50\u201375 %","fill":"#fe9929","fillOpacity":0.56,"stroke":"#fe9929","strokeOpacity":0.68,"strokeWeight":0.35},"geometry":{"type":"Polygon","coordinates":[[[23.0,36.55],[23.05,36.6],[23.0286,36.7],[23.1,36.75],[23.15,36.8],[23.1,36.85],[23.0,36.8643],[22.9,36.8125],[22.8,36.85],[22.7588,36.8],[22.8,36.7588],[22.8556,36.7],[22.9,36.6556],[22.95,36.6],[23.0,36.55]]]}},{"type":"Feature","properties":{"layer_id":"1981_2000_T20","layer_label":"1981_2000, T>20\u00b0C","low":50.0,"high":75.0,"label":"50\u201375 %","fill":"#fe9929","fillOpacity":0.56,"stroke":"#fe9929","strokeOpacity":0.68,"strokeWeight":0.35},"geometry":{"type":"Polygon","coordinates":[[[35.3,36.55],[35.35,36.6],[35.4,36.65],[35.5,36.65],[35.55,36.7],[35.6,36.75],[35.7,36.75],[35.75,36.8],[35.8,36.85],[35.9,36.85],[35.95,36.9],[36.0,36.95],[36.1,36.95],[36.15,36.9],[36.2,36.85],[36.2667,36.9],[36.2625,37.0],[36.3,37.0545],[36.3385,37.1],[36.4,37.18],[36.4222,37.2],[36.425,37.3],[36.4,37.33],[36.3,37.3583],[36.2,37.4],[36.2,37.4],[36.1,37.48],[36.05,37.5],[36.0,37.51],[35.9,37.5125],[35.8,37.5],[35.8,37.5],[35.7,37.4625],[35.6,37.4333],[35.54,37.4],[35.5,37.3778],[35.4,37.36],[35.3,37.31],[35.2,37.3],[35.2,37.3],[35.1,37.2333],[35.0556,37.2],[35.0,37.1545],[34.94,37.1],[34.9,37.06],[34.8,37.02],[34.7714,37.0],[34.7,36.95],[34.6444,36.9],[34.7,36.8667],[34.8,36.85],[34.85,36.8],[34.9,36.75],[35.0,36.75],[35.05,36.7],[35.1,36.65],[35.2,36.65],[35.25,36.6],[35.3,36.55]]]}},{"type":"Feature","properties":{"layer_id":"1981_2000_T20","layer_label":"1981_2000, T>20\u00b0C","low":50.0,"high":75.0,"label":"50\u201375 %","fill":"#fe9929","fillOpacity":0.56,"stroke":"#fe9929","strokeOpacity":0.68,"strokeWeight":0.35},"geometry":{"type":"Polygon","coordinates":[[[35.275,36.6],[35.2,36.675],[35.1,36.675],[35.075,36.7],[35.0,36.775],[34.9,36.775],[34.875,36.8],[34.8,36.875],[34.7,36.9],[34.8,36.9625],[34.875,37.0],[34.9,37.01],[34.99,37.1],[35.0,37.1091],[35.1,37.1833],[35.1167,37.2],[35.2,37.25],[35.3,37.2556],[35.38,37.3],[35.4,37.31],[35.5,37.3222],[35.6,37.3667],[35.7,37.4],[35.7,37.4],[35.8,37.4167],[35.9,37.4],[35.9,37.4],[35.9,37.4],[36.0,37.4333],[36.0667,37.4],[36.1,37.375],[36.2,37.3444],[36.3,37.3167],[36.35,37.3],[36.35,37.2],[36.3,37.1],[36.3,37.1],[36.2313,37.0],[36.2333,36.9],[36.2,36.875],[36.175,36.9],[36.1,36.975],[36.0,36.975],[35.925,36.9],[35.9,36.875],[35.8,36.875],[35.725,36.8],[35.7,36.775],[35.6,36.775],[35.525,36.7],[35.5,36.675],[35.4,36.675],[35.325,36.6],[35.3,36.575],[35.275,36.6]]]}},{"type":"Feature","properties":{"layer_id":"1981_2000_T20","layer_label":"1981_2000, T>20\u00b0C","low":50.0,"high":75.0,"label":"50\u201375 %","fill":"#fe9929","fillOpacity":0.56,"stroke":"#fe9929","strokeOpacity":0.68,"strokeWeight":0.35},"geometry":{"type":"Polygon","coordinates":[[[14.8,36.65],[14.85,36.7],[14.9,36.75],[14.95,36.7],[15.0,36.65],[15.05,36.7],[15.0474,36.8],[15.0444,36.9],[15.1,36.9556],[15.2,36.9526],[15.2474,37.0],[15.2474,37.1],[15.2474,37.2],[15.2444,37.3],[15.2,37.3444],[15.1444,37.4],[15.15,37.5],[15.1333,37.6],[15.1,37.6333],[15.0643,37.6],[15.0,37.55],[14.9,37.5563],[14.8,37.5],[14.8,37.5],[14.7875,37.4],[14.8,37.38],[14.88,37.3],[14.9,37.2833],[14.9714,37.2],[15.0,37.16],[15.0273,37.1],[15.0,37.0],[15.0,37.0],[14.9,36.96],[14.8,36.9],[14.8,36.9],[14.7,36.9],[14.7,36.9],[14.6,37.0],[14.6,37.0],[14.5444,37.1],[14.5,37.1333],[14.4,37.1231],[14.3,37.1231],[14.2,37.1286],[14.1714,37.1],[14.2,37.0714],[14.3,37.0769],[14.3526,37.0],[14.4,36.9526],[14.4526,36.9],[14.45,36.8],[14.5,36.75],[14.6,36.75],[14.7,36.7526],[14.75,36.7],[14.8,36.65]]]}},{"type":"Feature","properties":{"layer_id":"1981_2000_T20","layer_label":"1981_2000, T>20\u00b0C","low":50.0,"high":75.0,"label":"50\u201375 %","fill":"#fe9929","fillOpacity":0.56,"stroke":"#fe9929","strokeOpacity":0.68,"strokeWeight":0.35},"geometry":{"type":"Polygon","coordinates":[[[14.775,36.7],[14.7,36.7789],[14.6,36.775],[14.5,36.775],[14.475,36.8],[14.4789,36.9],[14.4,36.9789],[14.3789,37.0],[14.4,37.0667],[14.5,37.075],[14.5375,37.0],[14.6,36.9167],[14.6167,36.9],[14.7,36.8444],[14.8,36.8444],[14.8833,36.9],[14.9,36.91],[15.0,36.9375],[15.0167,36.9],[15.0211,36.8],[15.025,36.7],[15.0,36.675],[14.975,36.7],[14.9,36.775],[14.825,36.7],[14.8,36.675],[14.775,36.7]]]}},{"type":"Feature","properties":{"layer_id":"1981_2000_T20","layer_label":"1981_2000, T>20\u00b0C","low":50.0,"high":75.0,"label":"50\u201375 %","fill":"#fe9929","fillOpacity":0.56,"stroke":"#fe9929","strokeOpacity":0.68,"strokeWeight":0.35},"geometry":{"type":"Polygon","coordinates":[[[15.0625,37.0],[15.0727,37.1],[15.05,37.2],[15.0,37.3],[15.0,37.3],[14.9,37.38],[14.88,37.4],[14.8556,37.5],[14.9,37.525],[15.0,37.5222],[15.1,37.6],[15.125,37.5],[15.1167,37.4],[15.2,37.3167],[15.2167,37.3],[15.2211,37.2],[15.2211,37.1],[15.2211,37.0],[15.2,36.9789],[15.1,36.9833],[15.0625,37.0]]]}},{"type":"Feature","properties":{"layer_id":"1981_2000_T20","layer_label":"1981_2000, T>20\u00b0C","low":50.0,"high":75.0,"label":"50\u201375 %","fill":"#fe9929","fillOpacity":0.56,"stroke":"#fe9929","strokeOpacity":0.68,"strokeWeight":0.35},"geometry":{"type":"Polygon","coordinates":[[[28.1,36.65],[28.2,36.65],[28.25,36.7],[28.25,36.8],[28.3,36.85],[28.4,36.8526],[28.5,36.8526],[28.55,36.8],[28.6,36.75],[28.65,36.7],[28.7,36.65],[28.8,36.65],[28.85,36.7],[28.9,36.7556],[29.0,36.7909],[29.01,36.8],[29.0,36.8143],[28.94,36.9],[28.9,36.9364],[28.8,36.9615],[28.7286,37.0],[28.7,37.0182],[28.6,37.0615],[28.5167,37.1],[28.5,37.11],[28.4,37.1467],[28.3,37.1545],[28.2,37.16],[28.1,37.15],[28.0,37.1462],[27.9,37.2],[27.9,37.2],[27.8727,37.3],[27.8,37.3889],[27.78,37.4],[27.7,37.4364],[27.6,37.47],[27.57,37.5],[27.5769,37.6],[27.5833,37.7],[27.6,37.72],[27.7,37.75],[27.8,37.7444],[27.9,37.7],[28.0,37.75],[28.0429,37.8],[28.0,37.825],[27.9,37.84],[27.8,37.8417],[27.7,37.85],[27.6,37.8667],[27.5,37.8667],[27.4,37.9],[27.4,37.9],[27.375,38.0],[27.34,38.1],[27.3,38.14],[27.2,38.1571],[27.1,38.2],[27.1,38.2],[27.0,38.3],[27.0,38.3],[26.9,38.3231],[26.8,38.35],[26.7,38.35],[26.65,38.4],[26.6,38.45],[26.55,38.4],[26.5,38.35],[26.4,38.35],[26.3,38.35],[26.25,38.3],[26.3,38.25],[26.4,38.25],[26.45,38.2],[26.5,38.15],[26.6,38.15],[26.65,38.2],[26.7,38.25],[26.75,38.2],[26.8,38.15],[26.85,38.1],[26.9,38.05],[27.0,38.05],[27.1,38.0667],[27.15,38.0],[27.2,37.95],[27.2625,37.9],[27.2526,37.8],[27.2526,37.7],[27.2,37.65],[27.15,37.6],[27.2,37.55],[27.25,37.5],[27.25,37.4],[27.3,37.35],[27.4,37.35],[27.5,37.3526],[27.55,37.3],[27.6,37.25],[27.65,37.2],[27.6,37.15],[27.5,37.15],[27.4,37.15],[27.3,37.15],[27.25,37.1],[27.25,37.0],[27.3,36.95],[27.35,37.0],[27.4,37.05],[27.45,37.0],[27.5,36.95],[27.6,36.95],[27.7,36.95],[27.8,36.95],[27.85,37.0],[27.9,37.0526],[28.0,37.0625],[28.1,37.0667],[28.2,37.0625],[28.3,37.0625],[28.3526,37.0],[28.3,36.95],[28.2,36.95],[28.1,36.95],[28.05,36.9],[28.05,36.8],[28.05,36.7],[28.1,36.65]]]}},{"type":"Feature","properties":{"layer_id":"1981_2000_T20","layer_label":"1981_2000, T>20\u00b0C","low":50.0,"high":75.0,"label":"50\u201375 %","fill":"#fe9929","fillOpacity":0.56,"stroke":"#fe9929","strokeOpacity":0.68,"strokeWeight":0.35},"geometry":{"type":"Polygon","coordinates":[[[28.075,36.7],[28.075,36.8],[28.075,36.9],[28.1,36.925],[28.2,36.925],[28.3,36.925],[28.3789,37.0],[28.3,37.0938],[28.2,37.0938],[28.1,37.1],[28.2,37.11],[28.3,37.1091],[28.4,37.1133],[28.4333,37.1],[28.5,37.0556],[28.6,37.0231],[28.65,37.0],[28.7,36.9625],[28.8,36.9231],[28.875,36.9],[28.9,36.875],[28.9429,36.8],[28.9,36.7833],[28.825,36.7],[28.8,36.675],[28.7,36.675],[28.675,36.7],[28.6,36.775],[28.575,36.8],[28.5,36.8789],[28.4,36.8789],[28.3,36.875],[28.225,36.8],[28.225,36.7],[28.2,36.675],[28.1,36.675],[28.075,36.7]]]}},{"type":"Feature","properties":{"layer_id":"1981_2000_T20","layer_label":"1981_2000, T>20\u00b0C","low":50.0,"high":75.0,"label":"50\u201375 %","fill":"#fe9929","fillOpacity":0.56,"stroke":"#fe9929","strokeOpacity":0.68,"strokeWeight":0.35},"geometry":{"type":"Polygon","coordinates":[[[27.275,37.0],[27.275,37.1],[27.3,37.125],[27.4,37.125],[27.5,37.125],[27.6,37.125],[27.675,37.2],[27.6,37.275],[27.575,37.3],[27.5,37.3789],[27.4,37.375],[27.3,37.375],[27.275,37.4],[27.275,37.5],[27.2,37.575],[27.175,37.6],[27.2,37.625],[27.2789,37.7],[27.2789,37.8],[27.2938,37.9],[27.3,37.9333],[27.3167,37.9],[27.4,37.8],[27.4,37.8],[27.5,37.7],[27.5,37.7],[27.5385,37.6],[27.52,37.5],[27.6,37.42],[27.6667,37.4],[27.7,37.3833],[27.8,37.3333],[27.8273,37.3],[27.8375,37.2],[27.9,37.1444],[28.0,37.1077],[28.1,37.1],[28.0,37.0938],[27.9,37.0789],[27.825,37.0],[27.8,36.975],[27.7,36.975],[27.6,36.975],[27.5,36.975],[27.475,37.0],[27.4,37.075],[27.325,37.0],[27.3,36.975],[27.275,37.0]]]}},{"type":"Feature","properties":{"layer_id":"1981_2000_T20","layer_label":"1981_2000, T>20\u00b0C","low":50.0,"high":75.0,"label":"50\u201375 %","fill":"#fe9929","fillOpacity":0.56,"stroke":"#fe9929","strokeOpacity":0.68,"strokeWeight":0.35},"geometry":{"type":"Polygon","coordinates":[[[26.875,38.1],[26.8,38.175],[26.775,38.2],[26.7,38.275],[26.625,38.2],[26.6,38.175],[26.5,38.175],[26.475,38.2],[26.4,38.275],[26.3,38.275],[26.275,38.3],[26.3,38.325],[26.4,38.325],[26.5,38.325],[26.575,38.4],[26.6,38.425],[26.625,38.4],[26.7,38.325],[26.8,38.325],[26.8714,38.3],[26.9,38.2667],[26.9571,38.2],[27.0,38.1625],[27.1,38.1],[27.0,38.075],[26.9,38.075],[26.875,38.1]]]}},{"type":"Feature","properties":{"layer_id":"1981_2000_T20","layer_label":"1981_2000, T>20\u00b0C","low":50.0,"high":75.0,"label":"50\u201375 %","fill":"#fe9929","fillOpacity":0.56,"stroke":"#fe9929","strokeOpacity":0.68,"strokeWeight":0.35},"geometry":{"type":"Polygon","coordinates":[[[31.7,36.65],[31.8,36.6833],[31.8167,36.7],[31.8,36.725],[31.7333,36.8],[31.7,36.8273],[31.6,36.8625],[31.55,36.9],[31.5,36.9375],[31.4,36.9833],[31.38,37.0],[31.3,37.0533],[31.2364,37.1],[31.2,37.1286],[31.1,37.1375],[31.0,37.1571],[30.9333,37.2],[30.9,37.2231],[30.8,37.2417],[30.7545,37.2],[30.7,37.15],[30.6538,37.1],[30.6,37.0462],[30.5571,37.0],[30.55,36.9],[30.6,36.8556],[30.6444,36.9],[30.7,36.9556],[30.75,36.9],[30.8,36.85],[30.9,36.85],[31.0,36.85],[31.1,36.85],[31.2,36.85],[31.3,36.85],[31.35,36.8],[31.4,36.75],[31.5,36.75],[31.6,36.75],[31.65,36.7],[31.7,36.65]]]}},{"type":"Feature","properties":{"layer_id":"1981_2000_T20","layer_label":"1981_2000, T>20\u00b0C","low":50.0,"high":75.0,"label":"50\u201375 %","fill":"#fe9929","fillOpacity":0.56,"stroke":"#fe9929","strokeOpacity":0.68,"strokeWeight":0.35},"geometry":{"type":"Polygon","coordinates":[[[31.375,36.8],[31.3,36.875],[31.2,36.875],[31.1,36.875],[31.0,36.875],[30.9,36.875],[30.8,36.875],[30.775,36.9],[30.7,36.9833],[30.6167,36.9],[30.6,36.8833],[30.5813,36.9],[30.5929,37.0],[30.6,37.0077],[30.6923,37.1],[30.7,37.1083],[30.8,37.2],[30.9,37.15],[31.0,37.1214],[31.1,37.1063],[31.15,37.1],[31.2,37.0833],[31.3,37.02],[31.33,37.0],[31.4,36.9417],[31.5,36.9063],[31.5083,36.9],[31.6,36.8313],[31.6714,36.8],[31.6,36.775],[31.5,36.775],[31.4,36.775],[31.375,36.8]]]}},{"type":"Feature","properties":{"layer_id":"1981_2000_T20","layer_label":"1981_2000, T>20\u00b0C","low":50.0,"high":75.0,"label":"50\u201375 %","fill":"#fe9929","fillOpacity":0.56,"stroke":"#fe9929","strokeOpacity":0.68,"strokeWeight":0.35},"geometry":{"type":"Polygon","coordinates":[[[34.3,36.6667],[34.4,36.6667],[34.5,36.65],[34.55,36.7],[34.5333,36.8],[34.5,36.8333],[34.45,36.8],[34.4,36.75],[34.3,36.7333],[34.2615,36.7],[34.3,36.6667]]]}},{"type":"Feature","properties":{"layer_id":"1981_2000_T20","layer_label":"1981_2000, T>20\u00b0C","low":50.0,"high":75.0,"label":"50\u201375 %","fill":"#fe9929","fillOpacity":0.56,"stroke":"#fe9929","strokeOpacity":0.68,"strokeWeight":0.35},"geometry":{"type":"Polygon","coordinates":[[[-6.4,36.7167],[-6.3,36.8],[-6.3,36.8],[-6.2,36.86],[-6.15,36.9],[-6.1,36.95],[-6.05,37.0],[-6.0,37.1],[-6.1,37.2],[-6.1,37.2],[-6.2,37.25],[-6.2333,37.2],[-6.3,37.15],[-6.35,37.1],[-6.4,37.0714],[-6.5,37.0],[-6.4333,36.9],[-6.4333,36.8],[-6.4,36.7167]]]}},{"type":"Feature","properties":{"layer_id":"1981_2000_T20","layer_label":"1981_2000, T>20\u00b0C","low":50.0,"high":75.0,"label":"50\u201375 %","fill":"#fe9929","fillOpacity":0.56,"stroke":"#fe9929","strokeOpacity":0.68,"strokeWeight":0.35},"geometry":{"type":"Polygon","coordinates":[[[-2.3,36.75],[-2.2,36.75],[-2.1,36.75],[-2.05,36.8],[-2.0,36.85],[-1.95,36.9],[-1.9,36.95],[-1.85,37.0],[-1.8769,37.1],[-1.9,37.16],[-1.93,37.1],[-2.0,37.0533],[-2.0727,37.0],[-2.1,36.9769],[-2.2,36.96],[-2.3,36.9429],[-2.4,36.9143],[-2.5,36.95],[-2.5111,36.9],[-2.5,36.8909],[-2.4,36.8909],[-2.35,36.8],[-2.3,36.75]]]}},{"type":"Feature","properties":{"layer_id":"1981_2000_T20","layer_label":"1981_2000, T>20\u00b0C","low":50.0,"high":75.0,"label":"50\u201375 %","fill":"#fe9929","fillOpacity":0.56,"stroke":"#fe9929","strokeOpacity":0.68,"strokeWeight":0.35},"geometry":{"type":"Polygon","coordinates":[[[-2.325,36.8],[-2.3,36.8714],[-2.2333,36.9],[-2.2,36.91],[-2.1,36.9385],[-2.0273,37.0],[-2.0,37.02],[-1.9,37.0714],[-1.875,37.0],[-1.9,36.975],[-1.975,36.9],[-2.0,36.875],[-2.075,36.8],[-2.1,36.775],[-2.2,36.775],[-2.3,36.775],[-2.325,36.8]]]}},{"type":"Feature","properties":{"layer_id":"1981_2000_T20","layer_label":"1981_2000, T>20\u00b0C","low":50.0,"high":75.0,"label":"50\u201375 %","fill":"#fe9929","fillOpacity":0.56,"stroke":"#fe9929","strokeOpacity":0.68,"strokeWeight":0.35},"geometry":{"type":"Polygon","coordinates":[[[3.7,36.75],[3.8,36.7833],[3.825,36.8],[3.9,36.8231],[4.0,36.8273],[4.1,36.8333],[4.2,36.825],[4.2375,36.9],[4.2,36.9375],[4.1,36.9375],[4.0,36.9444],[3.9,36.95],[3.8,36.95],[3.75,36.9],[3.7,36.8333],[3.6667,36.8],[3.7,36.75]]]}},{"type":"Feature","properties":{"layer_id":"1981_2000_T20","layer_label":"1981_2000, T>20\u00b0C","low":50.0,"high":75.0,"label":"50\u201375 %","fill":"#fe9929","fillOpacity":0.56,"stroke":"#fe9929","strokeOpacity":0.68,"strokeWeight":0.35},"geometry":{"type":"Polygon","coordinates":[[[8.3,36.7889],[8.4,36.7889],[8.45,36.8],[8.5,36.82],[8.6,36.8714],[8.7,36.87],[8.775,36.9],[8.7,36.9231],[8.6,36.9167],[8.5,36.9286],[8.4,36.9412],[8.3,36.9474],[8.2526,36.9],[8.25,36.8],[8.3,36.7889]]]}},{"type":"Feature","properties":{"layer_id":"1981_2000_T20","layer_label":"1981_2000, T>20\u00b0C","low":50.0,"high":75.0,"label":"50\u201375 %","fill":"#fe9929","fillOpacity":0.56,"stroke":"#fe9929","strokeOpacity":0.68,"strokeWeight":0.35},"geometry":{"type":"Polygon","coordinates":[[[21.8,36.75],[21.9,36.7556],[21.9444,36.8],[21.9474,36.9],[22.0,36.9526],[22.0474,37.0],[22.0308,37.1],[22.0,37.1308],[21.9429,37.1],[21.9,37.0625],[21.8,37.0364],[21.7,37.0875],[21.6833,37.1],[21.6,37.1333],[21.5667,37.1],[21.6,37.0667],[21.6588,37.0],[21.7,36.9588],[21.7556,36.9],[21.75,36.8],[21.8,36.75]]]}},{"type":"Feature","properties":{"layer_id":"1981_2000_T20","layer_label":"1981_2000, T>20\u00b0C","low":50.0,"high":75.0,"label":"50\u201375 %","fill":"#fe9929","fillOpacity":0.56,"stroke":"#fe9929","strokeOpacity":0.68,"strokeWeight":0.35},"geometry":{"type":"Polygon","coordinates":[[[21.775,36.8],[21.7833,36.9],[21.8,36.975],[21.9,37.0],[21.9211,36.9],[21.9167,36.8],[21.9,36.7833],[21.8,36.775],[21.775,36.8]]]}},{"type":"Feature","properties":{"layer_id":"1981_2000_T20","layer_label":"1981_2000, T>20\u00b0C","low":50.0,"high":75.0,"label":"50\u201375 %","fill":"#fe9929","fillOpacity":0.56,"stroke":"#fe9929","strokeOpacity":0.68,"strokeWeight":0.35},"geometry":{"type":"Polygon","coordinates":[[[22.5,36.7769],[22.6,36.7526],[22.6474,36.8],[22.7,36.8556],[22.7533,36.9],[22.7,36.9533],[22.6,36.9909],[22.5333,36.9],[22.5,36.8375],[22.45,36.8],[22.5,36.7769]]]}},{"type":"Feature","properties":{"layer_id":"1981_2000_T20","layer_label":"1981_2000, T>20\u00b0C","low":50.0,"high":75.0,"label":"50\u201375 %","fill":"#fe9929","fillOpacity":0.56,"stroke":"#fe9929","strokeOpacity":0.68,"strokeWeight":0.35},"geometry":{"type":"Polygon","coordinates":[[[4.4,36.83],[4.5,36.8417],[4.6,36.8556],[4.7,36.8444],[4.7333,36.9],[4.7,36.9333],[4.6,36.9286],[4.5,36.9412],[4.4,36.9412],[4.3588,36.9],[4.4,36.83]]]}},{"type":"Feature","properties":{"layer_id":"1981_2000_T20","layer_label":"1981_2000, T>20\u00b0C","low":50.0,"high":75.0,"label":"50\u201375 %","fill":"#fe9929","fillOpacity":0.56,"stroke":"#fe9929","strokeOpacity":0.68,"strokeWeight":0.35},"geometry":{"type":"Polygon","coordinates":[[[6.3,36.8667],[6.325,36.9],[6.4,36.9333],[6.5,36.9111],[6.5444,37.0],[6.5,37.0444],[6.45,37.1],[6.4,37.15],[6.35,37.1],[6.3,37.0375],[6.2625,37.0],[6.2909,36.9],[6.3,36.8667]]]}},{"type":"Feature","properties":{"layer_id":"1981_2000_T20","layer_label":"1981_2000, T>20\u00b0C","low":50.0,"high":75.0,"label":"50\u201375 %","fill":"#fe9929","fillOpacity":0.56,"stroke":"#fe9929","strokeOpacity":0.68,"strokeWeight":0.35},"geometry":{"type":"Polygon","coordinates":[[[7.3,36.88],[7.4,36.84],[7.5,36.86],[7.6,36.8333],[7.7,36.8429],[7.7286,36.9],[7.7,36.9286],[7.6,36.9167],[7.5444,37.0],[7.5,37.0444],[7.4,37.0375],[7.3625,37.0],[7.3,36.9091],[7.2,36.9],[7.3,36.88]]]}},{"type":"Feature","properties":{"layer_id":"1981_2000_T20","layer_label":"1981_2000, T>20\u00b0C","low":50.0,"high":75.0,"label":"50\u201375 %","fill":"#fe9929","fillOpacity":0.56,"stroke":"#fe9929","strokeOpacity":0.68,"strokeWeight":0.35},"geometry":{"type":"Polygon","coordinates":[[[8.9,36.95],[9.0,36.9857],[9.0333,37.0],[9.1,37.0667],[9.15,37.1],[9.1,37.1091],[9.0,37.1444],[8.9556,37.1],[8.9,37.0375],[8.8625,37.0],[8.9,36.95]]]}},{"type":"Feature","properties":{"layer_id":"1981_2000_T20","layer_label":"1981_2000, T>20\u00b0C","low":50.0,"high":75.0,"label":"50\u201375 %","fill":"#fe9929","fillOpacity":0.56,"stroke":"#fe9929","strokeOpacity":0.68,"strokeWeight":0.35},"geometry":{"type":"Polygon","coordinates":[[[25.4,36.95],[25.5,36.95],[25.55,37.0],[25.6,37.05],[25.65,37.1],[25.6,37.15],[25.5,37.15],[25.4,37.15],[25.35,37.1],[25.35,37.0],[25.4,36.95]]]}},{"type":"Feature","properties":{"layer_id":"1981_2000_T20","layer_label":"1981_2000, T>20\u00b0C","low":50.0,"high":75.0,"label":"50\u201375 %","fill":"#fe9929","fillOpacity":0.56,"stroke":"#fe9929","strokeOpacity":0.68,"strokeWeight":0.35},"geometry":{"type":"Polygon","coordinates":[[[25.375,37.0],[25.375,37.1],[25.4,37.125],[25.5,37.125],[25.6,37.125],[25.625,37.1],[25.6,37.075],[25.525,37.0],[25.5,36.975],[25.4,36.975],[25.375,37.0]]]}},{"type":"Feature","properties":{"layer_id":"1981_2000_T20","layer_label":"1981_2000, T>20\u00b0C","low":50.0,"high":75.0,"label":"50\u201375 %","fill":"#fe9929","fillOpacity":0.56,"stroke":"#fe9929","strokeOpacity":0.68,"strokeWeight":0.35},"geometry":{"type":"Polygon","coordinates":[[[28.2,37.2571],[28.23,37.3],[28.2417,37.4],[28.2,37.45],[28.1286,37.5],[28.1,37.52],[28.0,37.55],[27.9,37.55],[27.8833,37.5],[27.9,37.4667],[28.0,37.4],[28.0,37.4],[28.1,37.3],[28.1,37.3],[28.2,37.2571]]]}},{"type":"Feature","properties":{"layer_id":"1981_2000_T20","layer_label":"1981_2000, T>20\u00b0C","low":50.0,"high":75.0,"label":"50\u201375 %","fill":"#fe9929","fillOpacity":0.56,"stroke":"#fe9929","strokeOpacity":0.68,"strokeWeight":0.35},"geometry":{"type":"Polygon","coordinates":[[[40.6,37.3],[40.6,37.3],[40.7,37.35],[40.8,37.4],[40.9,37.3],[40.9,37.3],[40.9,37.3],[40.9,37.4],[41.0,37.5],[41.1,37.4429],[41.2,37.5],[41.2,37.5],[41.3,37.5333],[41.4,37.5333],[41.425,37.5],[41.4,37.4],[41.4,37.4],[41.3,37.3],[41.3,37.3],[41.3,37.3],[41.4,37.275],[41.425,37.3],[41.5,37.35],[41.6,37.34],[41.7,37.3],[41.7,37.3],[41.8,37.3],[41.9,37.3],[41.9,37.3],[41.9,37.3],[41.8,37.4],[41.8,37.4],[41.7875,37.5],[41.7333,37.6],[41.7,37.6333],[41.62,37.7],[41.6,37.75],[41.5,37.8],[41.5,37.8],[41.4,37.8],[41.3,37.86],[41.225,37.8],[41.2,37.75],[41.1,37.7],[41.1,37.7],[41.0,37.675],[40.95,37.6],[40.9,37.5],[40.85,37.6],[40.8,37.6429],[40.7,37.66],[40.6,37.64],[40.5,37.625],[40.4,37.6667],[40.35,37.7],[40.3,37.75],[40.25,37.7],[40.24,37.6],[40.2,37.56],[40.125,37.5],[40.2,37.4],[40.2,37.4],[40.3,37.36],[40.4,37.3167],[40.5,37.3143],[40.6,37.3],[40.6,37.3]]]}},{"type":"Feature","properties":{"layer_id":"1981_2000_T20","layer_label":"1981_2000, T>20\u00b0C","low":50.0,"high":75.0,"label":"50\u201375 %","fill":"#fe9929","fillOpacity":0.56,"stroke":"#fe9929","strokeOpacity":0.68,"strokeWeight":0.35},"geometry":{"type":"Polygon","coordinates":[[[40.4,37.4],[40.34,37.5],[40.4,37.55],[40.5,37.52],[40.6,37.525],[40.62,37.5],[40.6,37.4],[40.6,37.4],[40.5,37.3857],[40.4,37.4],[40.4,37.4]]]}},{"type":"Feature","properties":{"layer_id":"1981_2000_T20","layer_label":"1981_2000, T>20\u00b0C","low":50.0,"high":75.0,"label":"50\u201375 %","fill":"#fe9929","fillOpacity":0.56,"stroke":"#fe9929","strokeOpacity":0.68,"strokeWeight":0.35},"geometry":{"type":"Polygon","coordinates":[[[41.55,37.5],[41.55,37.6],[41.6,37.62],[41.625,37.6],[41.7,37.54],[41.725,37.5],[41.7,37.46],[41.6,37.45],[41.55,37.5]]]}},{"type":"Feature","properties":{"layer_id":"1981_2000_T20","layer_label":"1981_2000, T>20\u00b0C","low":50.0,"high":75.0,"label":"50\u201375 %","fill":"#fe9929","fillOpacity":0.56,"stroke":"#fe9929","strokeOpacity":0.68,"strokeWeight":0.35},"geometry":{"type":"Polygon","coordinates":[[[-6.1,37.35],[-6.0,37.325],[-5.9,37.35],[-5.8667,37.4],[-5.8,37.4667],[-5.7,37.5],[-5.7,37.5],[-5.6,37.55],[-5.55,37.6],[-5.5,37.6143],[-5.45,37.6],[-5.5,37.55],[-5.55,37.5],[-5.6,37.45],[-5.6333,37.4],[-5.6,37.35],[-5.5,37.3],[-5.4,37.3],[-5.3,37.4],[-5.35,37.5],[-5.3,37.55],[-5.25,37.6],[-5.2,37.7],[-5.2,37.7],[-5.1,37.75],[-5.0333,37.8],[-5.1,37.85],[-5.2,37.8714],[-5.3,37.8857],[-5.4,37.825],[-5.4333,37.8],[-5.5,37.76],[-5.6,37.75],[-5.7,37.7286],[-5.8,37.7667],[-5.8667,37.7],[-5.9,37.6667],[-5.9667,37.6],[-6.0,37.58],[-6.08,37.5],[-6.1,37.45],[-6.15,37.4],[-6.1,37.35]]]}},{"type":"Feature","properties":{"layer_id":"1981_2000_T20","layer_label":"1981_2000, T>20\u00b0C","low":50.0,"high":75.0,"label":"50\u201375 %","fill":"#fe9929","fillOpacity":0.56,"stroke":"#fe9929","strokeOpacity":0.68,"strokeWeight":0.35},"geometry":{"type":"Polygon","coordinates":[[[-5.625,37.7],[-5.6,37.7083],[-5.5,37.71],[-5.4,37.74],[-5.325,37.8],[-5.3,37.8143],[-5.2,37.8],[-5.2625,37.7],[-5.3,37.6571],[-5.4,37.6667],[-5.5,37.6857],[-5.6,37.68],[-5.625,37.7]]]}},{"type":"Feature","properties":{"layer_id":"1981_2000_T20","layer_label":"1981_2000, T>20\u00b0C","low":50.0,"high":75.0,"label":"50\u201375 %","fill":"#fe9929","fillOpacity":0.56,"stroke":"#fe9929","strokeOpacity":0.68,"strokeWeight":0.35},"geometry":{"type":"Polygon","coordinates":[[[-1.7,37.3909],[-1.6,37.3526],[-1.5526,37.4],[-1.5,37.4588],[-1.4,37.4588],[-1.3588,37.5],[-1.3,37.5526],[-1.2,37.55],[-1.15,37.6],[-1.1,37.6625],[-1.05,37.6],[-1.0,37.55],[-0.95,37.6],[-0.95,37.7],[-0.9,37.75],[-0.8,37.75],[-0.75,37.8],[-0.7,37.85],[-0.65,37.9],[-0.6588,38.0],[-0.6667,38.1],[-0.6,38.1526],[-0.5526,38.2],[-0.5556,38.3],[-0.5,38.3556],[-0.4556,38.4],[-0.4,38.4625],[-0.3,38.4556],[-0.2556,38.5],[-0.3,38.55],[-0.4,38.5375],[-0.475,38.5],[-0.5,38.48],[-0.6,38.4273],[-0.65,38.4],[-0.7,38.325],[-0.725,38.3],[-0.7444,38.2],[-0.8,38.1545],[-0.875,38.1],[-0.8571,38.0],[-0.9,37.9],[-0.9,37.9],[-1.0,37.8],[-1.0,37.8],[-1.1,37.76],[-1.2,37.7125],[-1.2333,37.7],[-1.3,37.6818],[-1.4,37.65],[-1.4462,37.6],[-1.5,37.55],[-1.6,37.5091],[-1.6143,37.5],[-1.7,37.4143],[-1.7167,37.4],[-1.7,37.3909]]]}},{"type":"Feature","properties":{"layer_id":"1981_2000_T20","layer_label":"1981_2000, T>20\u00b0C","low":50.0,"high":75.0,"label":"50\u201375 %","fill":"#fe9929","fillOpacity":0.56,"stroke":"#fe9929","strokeOpacity":0.68,"strokeWeight":0.35},"geometry":{"type":"Polygon","coordinates":[[[-1.5333,37.5],[-1.5,37.5143],[-1.4077,37.6],[-1.4,37.6083],[-1.3,37.6364],[-1.2,37.6556],[-1.175,37.6],[-1.2,37.575],[-1.3,37.5789],[-1.3882,37.5],[-1.4,37.4882],[-1.5,37.4882],[-1.5333,37.5]]]}},{"type":"Feature","properties":{"layer_id":"1981_2000_T20","layer_label":"1981_2000, T>20\u00b0C","low":50.0,"high":75.0,"label":"50\u201375 %","fill":"#fe9929","fillOpacity":0.56,"stroke":"#fe9929","strokeOpacity":0.68,"strokeWeight":0.35},"geometry":{"type":"Polygon","coordinates":[[[-0.95,37.8],[-0.9,37.85],[-0.8444,37.9],[-0.8,37.98],[-0.7667,38.0],[-0.8,38.05],[-0.8125,38.1],[-0.8,38.1091],[-0.7,38.1],[-0.7,38.1],[-0.6882,38.0],[-0.675,37.9],[-0.7,37.875],[-0.775,37.8],[-0.8,37.775],[-0.9,37.775],[-0.95,37.8]]]}},{"type":"Feature","properties":{"layer_id":"1981_2000_T20","layer_label":"1981_2000, T>20\u00b0C","low":50.0,"high":75.0,"label":"50\u201375 %","fill":"#fe9929","fillOpacity":0.56,"stroke":"#fe9929","strokeOpacity":0.68,"strokeWeight":0.35},"geometry":{"type":"Polygon","coordinates":[[[23.2,37.35],[23.25,37.4],[23.3,37.45],[23.4,37.45],[23.45,37.4],[23.5,37.35],[23.55,37.4],[23.55,37.5],[23.5,37.55],[23.4,37.55],[23.3,37.55],[23.25,37.6],[23.2,37.65],[23.1412,37.7],[23.15,37.8],[23.15,37.9],[23.2,37.9556],[23.3,37.9526],[23.35,37.9],[23.4,37.85],[23.5,37.85],[23.55,37.9],[23.6,37.95],[23.7,37.9625],[23.75,37.9],[23.8,37.85],[23.9,37.8556],[23.9444,37.9],[24.0,37.9714],[24.0286,38.0],[24.0,38.04],[23.9,38.03],[23.8,38.02],[23.7,38.04],[23.6,38.0625],[23.5,38.0769],[23.4,38.1],[23.4,38.1],[23.3,38.12],[23.2833,38.1],[23.2,38.0444],[23.15,38.1],[23.2,38.2],[23.1,38.225],[23.0833,38.2],[23.05,38.1],[23.0,38.05],[22.95,38.0],[22.9,37.9286],[22.8375,38.0],[22.8,38.0375],[22.7,38.0286],[22.6692,38.0],[22.7,37.95],[22.75,37.9],[22.8,37.8636],[22.9,37.8667],[23.0,37.84],[23.0375,37.8],[23.0533,37.7],[23.03,37.6],[23.0,37.5571],[22.9714,37.5],[23.0,37.4714],[23.1,37.45],[23.15,37.4],[23.2,37.35]]]}},{"type":"Feature","properties":{"layer_id":"1981_2000_T20","layer_label":"1981_2000, T>20\u00b0C","low":50.0,"high":75.0,"label":"50\u201375 %","fill":"#fe9929","fillOpacity":0.56,"stroke":"#fe9929","strokeOpacity":0.68,"strokeWeight":0.35},"geometry":{"type":"Polygon","coordinates":[[[23.175,37.4],[23.1,37.475],[23.0167,37.5],[23.08,37.6],[23.0867,37.7],[23.0688,37.8],[23.0,37.8733],[22.92,37.9],[22.975,38.0],[23.0,38.025],[23.075,38.1],[23.1,38.1625],[23.125,38.1],[23.2,38.0167],[23.3,38.0571],[23.4,38.05],[23.5,38.0385],[23.6,38.0313],[23.7,38.0067],[23.725,38.0],[23.7,37.9938],[23.6,37.975],[23.525,37.9],[23.5,37.875],[23.4,37.875],[23.375,37.9],[23.3,37.9789],[23.2,37.9833],[23.125,37.9],[23.125,37.8],[23.1118,37.7],[23.2,37.625],[23.225,37.6],[23.3,37.525],[23.4,37.525],[23.5,37.525],[23.525,37.5],[23.525,37.4],[23.5,37.375],[23.475,37.4],[23.4,37.475],[23.3,37.475],[23.225,37.4],[23.2,37.375],[23.175,37.4]]]}},{"type":"Feature","properties":{"layer_id":"1981_2000_T20","layer_label":"1981_2000, T>20\u00b0C","low":50.0,"high":75.0,"label":"50\u201375 %","fill":"#fe9929","fillOpacity":0.56,"stroke":"#fe9929","strokeOpacity":0.68,"strokeWeight":0.35},"geometry":{"type":"Polygon","coordinates":[[[12.9,37.5556],[13.0,37.5625],[13.1,37.5714],[13.1667,37.6],[13.1,37.64],[13.0,37.6667],[12.94,37.7],[12.9,37.7286],[12.8,37.73],[12.7222,37.8],[12.7,37.82],[12.6333,37.9],[12.6111,38.0],[12.65,38.1],[12.6,38.1231],[12.5769,38.1],[12.5909,38.0],[12.5714,37.9],[12.5,37.85],[12.45,37.8],[12.4526,37.7],[12.5,37.6526],[12.6,37.6526],[12.7,37.6588],[12.8,37.6769],[12.8556,37.6],[12.9,37.5556]]]}},{"type":"Feature","properties":{"layer_id":"1981_2000_T20","layer_label":"1981_2000, T>20\u00b0C","low":50.0,"high":75.0,"label":"50\u201375 %","fill":"#fe9929","fillOpacity":0.56,"stroke":"#fe9929","strokeOpacity":0.68,"strokeWeight":0.35},"geometry":{"type":"Polygon","coordinates":[[[12.4789,37.7],[12.475,37.8],[12.5,37.825],[12.6,37.8],[12.6,37.8],[12.7,37.74],[12.75,37.7],[12.7,37.6882],[12.6,37.6789],[12.5,37.6789],[12.4789,37.7]]]}},{"type":"Feature","properties":{"layer_id":"1981_2000_T20","layer_label":"1981_2000, T>20\u00b0C","low":50.0,"high":75.0,"label":"50\u201375 %","fill":"#fe9929","fillOpacity":0.56,"stroke":"#fe9929","strokeOpacity":0.68,"strokeWeight":0.35},"geometry":{"type":"Polygon","coordinates":[[[26.0,37.55],[26.1,37.55],[26.2,37.55],[26.25,37.6],[26.2,37.65],[26.1,37.65],[26.0,37.65],[25.95,37.6],[26.0,37.55]]]}},{"type":"Feature","properties":{"layer_id":"1981_2000_T20","layer_label":"1981_2000, T>20\u00b0C","low":50.0,"high":75.0,"label":"50\u201375 %","fill":"#fe9929","fillOpacity":0.56,"stroke":"#fe9929","strokeOpacity":0.68,"strokeWeight":0.35},"geometry":{"type":"Polygon","coordinates":[[[20.8,37.65],[20.85,37.7],[20.85,37.8],[20.8,37.85],[20.7,37.85],[20.65,37.8],[20.7,37.75],[20.75,37.7],[20.8,37.65]]]}},{"type":"Feature","properties":{"layer_id":"1981_2000_T20","layer_label":"1981_2000, T>20\u00b0C","low":50.0,"high":75.0,"label":"50\u201375 %","fill":"#fe9929","fillOpacity":0.56,"stroke":"#fe9929","strokeOpacity":0.68,"strokeWeight":0.35},"geometry":{"type":"Polygon","coordinates":[[[21.4,37.6769],[21.46,37.7],[21.4125,37.8],[21.4364,37.9],[21.4333,38.0],[21.5,38.06],[21.55,38.1],[21.5,38.1286],[21.4,38.1167],[21.3833,38.1],[21.3,38.0375],[21.2625,38.0],[21.2,37.9412],[21.1,37.9412],[21.0588,37.9],[21.1,37.8588],[21.2,37.8588],[21.2833,37.8],[21.3,37.7833],[21.3769,37.7],[21.4,37.6769]]]}},{"type":"Feature","properties":{"layer_id":"1981_2000_T20","layer_label":"1981_2000, T>20\u00b0C","low":50.0,"high":75.0,"label":"50\u201375 %","fill":"#fe9929","fillOpacity":0.56,"stroke":"#fe9929","strokeOpacity":0.68,"strokeWeight":0.35},"geometry":{"type":"Polygon","coordinates":[[[23.9,37.65],[24.0,37.65],[24.05,37.7],[24.0375,37.8],[24.0,37.8375],[23.9625,37.8],[23.9,37.75],[23.85,37.7],[23.9,37.65]]]}},{"type":"Feature","properties":{"layer_id":"1981_2000_T20","layer_label":"1981_2000, T>20\u00b0C","low":50.0,"high":75.0,"label":"50\u201375 %","fill":"#fe9929","fillOpacity":0.56,"stroke":"#fe9929","strokeOpacity":0.68,"strokeWeight":0.35},"geometry":{"type":"Polygon","coordinates":[[[26.7,37.6526],[26.8,37.6526],[26.9,37.6526],[27.0,37.6526],[27.0474,37.7],[27.0,37.7474],[26.9474,37.8],[26.9,37.8474],[26.8,37.8474],[26.7,37.85],[26.65,37.8],[26.6526,37.7],[26.7,37.6526]]]}},{"type":"Feature","properties":{"layer_id":"1981_2000_T20","layer_label":"1981_2000, T>20\u00b0C","low":50.0,"high":75.0,"label":"50\u201375 %","fill":"#fe9929","fillOpacity":0.56,"stroke":"#fe9929","strokeOpacity":0.68,"strokeWeight":0.35},"geometry":{"type":"Polygon","coordinates":[[[26.6789,37.7],[26.675,37.8],[26.7,37.825],[26.8,37.8211],[26.9,37.8211],[26.9211,37.8],[27.0,37.7211],[27.0211,37.7],[27.0,37.6789],[26.9,37.6789],[26.8,37.6789],[26.7,37.6789],[26.6789,37.7]]]}},{"type":"Feature","properties":{"layer_id":"1981_2000_T20","layer_label":"1981_2000, T>20\u00b0C","low":50.0,"high":75.0,"label":"50\u201375 %","fill":"#fe9929","fillOpacity":0.56,"stroke":"#fe9929","strokeOpacity":0.68,"strokeWeight":0.35},"geometry":{"type":"Polygon","coordinates":[[[13.7,37.875],[13.7429,37.9],[13.7444,38.0],[13.7,38.0444],[13.6,38.0444],[13.5,38.0412],[13.4412,38.1],[13.4,38.1412],[13.3,38.1286],[13.2,38.1091],[13.1,38.1286],[13.0714,38.1],[13.1,38.05],[13.2,38.0889],[13.3,38.0667],[13.4,38.0222],[13.4222,38.0],[13.5,37.95],[13.6,37.9],[13.6,37.9],[13.7,37.875]]]}},{"type":"Feature","properties":{"layer_id":"1981_2000_T20","layer_label":"1981_2000, T>20\u00b0C","low":50.0,"high":75.0,"label":"50\u201375 %","fill":"#fe9929","fillOpacity":0.56,"stroke":"#fe9929","strokeOpacity":0.68,"strokeWeight":0.35},"geometry":{"type":"Polygon","coordinates":[[[28.9,37.8909],[29.0,37.85],[29.1,37.8333],[29.1667,37.9],[29.1,37.9462],[29.0462,38.0],[29.0,38.0429],[28.9,38.04],[28.85,38.0],[28.8875,37.9],[28.9,37.8909]]]}},{"type":"Feature","properties":{"layer_id":"1981_2000_T20","layer_label":"1981_2000, T>20\u00b0C","low":50.0,"high":75.0,"label":"50\u201375 %","fill":"#fe9929","fillOpacity":0.56,"stroke":"#fe9929","strokeOpacity":0.68,"strokeWeight":0.35},"geometry":{"type":"Polygon","coordinates":[[[-4.6,37.9],[-4.5,37.95],[-4.4,37.9667],[-4.3,37.9833],[-4.25,38.0],[-4.2,38.0333],[-4.1,38.05],[-4.0,38.075],[-3.9,38.1],[-4.0,38.125],[-4.1,38.12],[-4.2,38.1286],[-4.3,38.1286],[-4.4,38.125],[-4.5,38.1111],[-4.55,38.1],[-4.6,38.075],[-4.7,38.0],[-4.6,37.9]]]}},{"type":"Feature","properties":{"layer_id":"1981_2000_T20","layer_label":"1981_2000, T>20\u00b0C","low":50.0,"high":75.0,"label":"50\u201375 %","fill":"#fe9929","fillOpacity":0.56,"stroke":"#fe9929","strokeOpacity":0.68,"strokeWeight":0.35},"geometry":{"type":"Polygon","coordinates":[[[13.9,37.9467],[14.0,37.9563],[14.1,37.9588],[14.2,37.9529],[14.3,37.95],[14.4,37.9714],[14.4444,38.0],[14.4,38.0286],[14.3,38.0474],[14.2,38.0444],[14.1,38.0412],[14.0,38.0412],[13.9,38.0444],[13.8556,38.0],[13.9,37.9467]]]}},{"type":"Feature","properties":{"layer_id":"1981_2000_T20","layer_label":"1981_2000, T>20\u00b0C","low":50.0,"high":75.0,"label":"50\u201375 %","fill":"#fe9929","fillOpacity":0.56,"stroke":"#fe9929","strokeOpacity":0.68,"strokeWeight":0.35},"geometry":{"type":"Polygon","coordinates":[[[15.7,37.9526],[15.8,37.9625],[15.9,37.9909],[16.0,37.9588],[16.1,37.9526],[16.1474,38.0],[16.1412,38.1],[16.2,38.1588],[16.2412,38.2],[16.3,38.2556],[16.3444,38.3],[16.3,38.35],[16.2,38.3167],[16.1667,38.3],[16.1,38.22],[16.0909,38.2],[16.0588,38.1],[16.0,38.0412],[15.9,38.0091],[15.8,38.0375],[15.7,38.0474],[15.6526,38.0],[15.7,37.9526]]]}},{"type":"Feature","properties":{"layer_id":"1981_2000_T20","layer_label":"1981_2000, T>20\u00b0C","low":50.0,"high":75.0,"label":"50\u201375 %","fill":"#fe9929","fillOpacity":0.56,"stroke":"#fe9929","strokeOpacity":0.68,"strokeWeight":0.35},"geometry":{"type":"Polygon","coordinates":[[[15.3,38.1588],[15.4,38.1588],[15.5,38.1625],[15.6,38.1625],[15.65,38.2],[15.6412,38.3],[15.6,38.3412],[15.5,38.3412],[15.4588,38.3],[15.4,38.2412],[15.3,38.2412],[15.2588,38.2],[15.3,38.1588]]]}},{"type":"Feature","properties":{"layer_id":"1981_2000_T20","layer_label":"1981_2000, T>20\u00b0C","low":50.0,"high":75.0,"label":"50\u201375 %","fill":"#fe9929","fillOpacity":0.56,"stroke":"#fe9929","strokeOpacity":0.68,"strokeWeight":0.35},"geometry":{"type":"Polygon","coordinates":[[[15.2882,38.2],[15.3,38.2118],[15.4,38.2118],[15.4882,38.3],[15.5,38.3118],[15.6,38.3118],[15.6118,38.3],[15.6083,38.2],[15.6,38.1938],[15.5,38.1938],[15.4,38.1882],[15.3,38.1882],[15.2882,38.2]]]}},{"type":"Feature","properties":{"layer_id":"1981_2000_T20","layer_label":"1981_2000, T>20\u00b0C","low":50.0,"high":75.0,"label":"50\u201375 %","fill":"#fe9929","fillOpacity":0.56,"stroke":"#fe9929","strokeOpacity":0.68,"strokeWeight":0.35},"geometry":{"type":"Polygon","coordinates":[[[20.4,38.15],[20.5,38.15],[20.6,38.1526],[20.7,38.1526],[20.7474,38.2],[20.7,38.2474],[20.65,38.3],[20.6,38.35],[20.5,38.35],[20.4,38.35],[20.35,38.3],[20.35,38.2],[20.4,38.15]]]}},{"type":"Feature","properties":{"layer_id":"1981_2000_T20","layer_label":"1981_2000, T>20\u00b0C","low":50.0,"high":75.0,"label":"50\u201375 %","fill":"#fe9929","fillOpacity":0.56,"stroke":"#fe9929","strokeOpacity":0.68,"strokeWeight":0.35},"geometry":{"type":"Polygon","coordinates":[[[20.375,38.2],[20.375,38.3],[20.4,38.325],[20.5,38.325],[20.6,38.325],[20.625,38.3],[20.7,38.2211],[20.7211,38.2],[20.7,38.1789],[20.6,38.1789],[20.5,38.175],[20.4,38.175],[20.375,38.2]]]}},{"type":"Feature","properties":{"layer_id":"1981_2000_T20","layer_label":"1981_2000, T>20\u00b0C","low":50.0,"high":75.0,"label":"50\u201375 %","fill":"#fe9929","fillOpacity":0.56,"stroke":"#fe9929","strokeOpacity":0.68,"strokeWeight":0.35},"geometry":{"type":"Polygon","coordinates":[[[26.0,38.15],[26.05,38.2],[26.05,38.3],[26.1,38.3526],[26.1474,38.4],[26.1474,38.5],[26.1,38.5474],[26.0,38.5375],[25.9625,38.5],[25.9526,38.4],[25.9,38.35],[25.85,38.3],[25.9,38.25],[25.95,38.2],[26.0,38.15]]]}},{"type":"Feature","properties":{"layer_id":"1981_2000_T20","layer_label":"1981_2000, T>20\u00b0C","low":50.0,"high":75.0,"label":"50\u201375 %","fill":"#fe9929","fillOpacity":0.56,"stroke":"#fe9929","strokeOpacity":0.68,"strokeWeight":0.35},"geometry":{"type":"Polygon","coordinates":[[[25.975,38.2],[25.9,38.275],[25.875,38.3],[25.9,38.325],[25.9789,38.4],[25.9938,38.5],[26.0,38.5063],[26.1,38.5211],[26.1211,38.5],[26.1211,38.4],[26.1,38.3789],[26.025,38.3],[26.025,38.2],[26.0,38.175],[25.975,38.2]]]}},{"type":"Feature","properties":{"layer_id":"1981_2000_T20","layer_label":"1981_2000, T>20\u00b0C","low":50.0,"high":75.0,"label":"50\u201375 %","fill":"#fe9929","fillOpacity":0.56,"stroke":"#fe9929","strokeOpacity":0.68,"strokeWeight":0.35},"geometry":{"type":"Polygon","coordinates":[[[24.0,38.2429],[24.0286,38.3],[24.1,38.35],[24.15,38.3],[24.2,38.25],[24.25,38.3],[24.25,38.4],[24.25,38.5],[24.2,38.55],[24.1474,38.6],[24.1,38.6474],[24.0357,38.6],[24.01,38.5],[24.0,38.4875],[23.9125,38.4],[23.95,38.3],[24.0,38.2429]]]}},{"type":"Feature","properties":{"layer_id":"1981_2000_T20","layer_label":"1981_2000, T>20\u00b0C","low":50.0,"high":75.0,"label":"50\u201375 %","fill":"#fe9929","fillOpacity":0.56,"stroke":"#fe9929","strokeOpacity":0.68,"strokeWeight":0.35},"geometry":{"type":"Polygon","coordinates":[[[24.175,38.3],[24.1,38.375],[24.0,38.3333],[23.975,38.4],[24.0,38.425],[24.06,38.5],[24.0714,38.6],[24.1,38.6211],[24.1211,38.6],[24.2,38.525],[24.225,38.5],[24.225,38.4],[24.225,38.3],[24.2,38.275],[24.175,38.3]]]}},{"type":"Feature","properties":{"layer_id":"1981_2000_T20","layer_label":"1981_2000, T>20\u00b0C","low":50.0,"high":75.0,"label":"50\u201375 %","fill":"#fe9929","fillOpacity":0.56,"stroke":"#fe9929","strokeOpacity":0.68,"strokeWeight":0.35},"geometry":{"type":"Polygon","coordinates":[[[16.0,38.3417],[16.0636,38.4],[16.0778,38.5],[16.1,38.54],[16.1273,38.6],[16.2,38.6889],[16.2125,38.7],[16.3,38.7875],[16.3143,38.8],[16.4,38.8857],[16.45,38.9],[16.4,38.9091],[16.3,38.9455],[16.2455,39.0],[16.2,39.0455],[16.1,39.0412],[16.0588,39.0],[16.1,38.9588],[16.1588,38.9],[16.1625,38.8],[16.1,38.7412],[16.0,38.7444],[15.9,38.7444],[15.8556,38.7],[15.8556,38.6],[15.9,38.5556],[15.9588,38.5],[15.9588,38.4],[16.0,38.3417]]]}},{"type":"Feature","properties":{"layer_id":"1981_2000_T20","layer_label":"1981_2000, T>20\u00b0C","low":50.0,"high":75.0,"label":"50\u201375 %","fill":"#fe9929","fillOpacity":0.56,"stroke":"#fe9929","strokeOpacity":0.68,"strokeWeight":0.35},"geometry":{"type":"Polygon","coordinates":[[[15.9882,38.4],[15.9882,38.5],[15.9,38.5833],[15.8833,38.6],[15.8833,38.7],[15.9,38.7167],[16.0,38.7167],[16.1,38.7118],[16.1333,38.7],[16.1,38.65],[16.05,38.6],[16.0222,38.5],[16.0182,38.4],[16.0,38.3833],[15.9882,38.4]]]}},{"type":"Feature","properties":{"layer_id":"1981_2000_T20","layer_label":"1981_2000, T>20\u00b0C","low":50.0,"high":75.0,"label":"50\u201375 %","fill":"#fe9929","fillOpacity":0.56,"stroke":"#fe9929","strokeOpacity":0.68,"strokeWeight":0.35},"geometry":{"type":"Polygon","coordinates":[[[16.4,38.3588],[16.5,38.3556],[16.5444,38.4],[16.5412,38.5],[16.5286,38.6],[16.5,38.6286],[16.4714,38.6],[16.4563,38.5],[16.4,38.4438],[16.3533,38.4],[16.4,38.3588]]]}},{"type":"Feature","properties":{"layer_id":"1981_2000_T20","layer_label":"1981_2000, T>20\u00b0C","low":50.0,"high":75.0,"label":"50\u201375 %","fill":"#fe9929","fillOpacity":0.56,"stroke":"#fe9929","strokeOpacity":0.68,"strokeWeight":0.35},"geometry":{"type":"Polygon","coordinates":[[[21.2,38.3526],[21.3,38.3526],[21.4,38.3625],[21.5,38.3556],[21.6,38.3625],[21.6857,38.4],[21.6,38.46],[21.5,38.4889],[21.4833,38.5],[21.4,38.6],[21.4,38.6],[21.3,38.6818],[21.2333,38.7],[21.2,38.75],[21.18,38.7],[21.1,38.6692],[21.05,38.7],[21.0,38.7667],[20.9714,38.7],[20.9526,38.6],[21.0,38.5526],[21.0526,38.5],[21.1,38.4526],[21.1526,38.4],[21.2,38.3526]]]}},{"type":"Feature","properties":{"layer_id":"1981_2000_T20","layer_label":"1981_2000, T>20\u00b0C","low":50.0,"high":75.0,"label":"50\u201375 %","fill":"#fe9929","fillOpacity":0.56,"stroke":"#fe9929","strokeOpacity":0.68,"strokeWeight":0.35},"geometry":{"type":"Polygon","coordinates":[[[21.1789,38.4],[21.1,38.4789],[21.0789,38.5],[21.0,38.5789],[20.9789,38.6],[21.0,38.68],[21.1,38.6308],[21.2,38.6556],[21.3,38.6364],[21.3444,38.6],[21.4,38.5],[21.4,38.5],[21.5,38.4333],[21.6,38.41],[21.6143,38.4],[21.6,38.3938],[21.5,38.3833],[21.4,38.3938],[21.3,38.3789],[21.2,38.3789],[21.1789,38.4]]]}},{"type":"Feature","properties":{"layer_id":"1981_2000_T20","layer_label":"1981_2000, T>20\u00b0C","low":50.0,"high":75.0,"label":"50\u201375 %","fill":"#fe9929","fillOpacity":0.56,"stroke":"#fe9929","strokeOpacity":0.68,"strokeWeight":0.35},"geometry":{"type":"Polygon","coordinates":[[[23.6,38.3857],[23.7,38.3667],[23.76,38.4],[23.7333,38.5],[23.7,38.5375],[23.6,38.6],[23.5,38.52],[23.48,38.5],[23.5,38.48],[23.58,38.4],[23.6,38.3857]]]}},{"type":"Feature","properties":{"layer_id":"1981_2000_T20","layer_label":"1981_2000, T>20\u00b0C","low":50.0,"high":75.0,"label":"50\u201375 %","fill":"#fe9929","fillOpacity":0.56,"stroke":"#fe9929","strokeOpacity":0.68,"strokeWeight":0.35},"geometry":{"type":"Polygon","coordinates":[[[26.5,38.45],[26.55,38.5],[26.55,38.6],[26.5,38.65],[26.4,38.65],[26.35,38.6],[26.4,38.55],[26.45,38.5],[26.5,38.45]]]}},{"type":"Feature","properties":{"layer_id":"1981_2000_T20","layer_label":"1981_2000, T>20\u00b0C","low":50.0,"high":75.0,"label":"50\u201375 %","fill":"#fe9929","fillOpacity":0.56,"stroke":"#fe9929","strokeOpacity":0.68,"strokeWeight":0.35},"geometry":{"type":"Polygon","coordinates":[[[27.0,38.4625],[27.1,38.5],[27.1,38.6],[27.05,38.7],[27.075,38.8],[27.0,38.8231],[26.9769,38.8],[26.9,38.7444],[26.8,38.7474],[26.7526,38.7],[26.7526,38.6],[26.8,38.5526],[26.9,38.5556],[26.9625,38.5],[27.0,38.4625]]]}},{"type":"Feature","properties":{"layer_id":"1981_2000_T20","layer_label":"1981_2000, T>20\u00b0C","low":50.0,"high":75.0,"label":"50\u201375 %","fill":"#fe9929","fillOpacity":0.56,"stroke":"#fe9929","strokeOpacity":0.68,"strokeWeight":0.35},"geometry":{"type":"Polygon","coordinates":[[[26.7789,38.6],[26.7789,38.7],[26.8,38.7211],[26.9,38.7167],[26.95,38.7],[26.975,38.6],[26.9,38.5833],[26.8,38.5789],[26.7789,38.6]]]}},{"type":"Feature","properties":{"layer_id":"1981_2000_T20","layer_label":"1981_2000, T>20\u00b0C","low":50.0,"high":75.0,"label":"50\u201375 %","fill":"#fe9929","fillOpacity":0.56,"stroke":"#fe9929","strokeOpacity":0.68,"strokeWeight":0.35},"geometry":{"type":"Polygon","coordinates":[[[20.6,38.55],[20.7,38.55],[20.75,38.6],[20.75,38.7],[20.8,38.75],[20.85,38.8],[20.9,38.85],[20.95,38.9],[20.9,38.95],[20.8,38.95],[20.75,38.9],[20.7,38.85],[20.6,38.8444],[20.5556,38.8],[20.55,38.7],[20.55,38.6],[20.6,38.55]]]}},{"type":"Feature","properties":{"layer_id":"1981_2000_T20","layer_label":"1981_2000, T>20\u00b0C","low":50.0,"high":75.0,"label":"50\u201375 %","fill":"#fe9929","fillOpacity":0.56,"stroke":"#fe9929","strokeOpacity":0.68,"strokeWeight":0.35},"geometry":{"type":"Polygon","coordinates":[[[20.575,38.6],[20.575,38.7],[20.5833,38.8],[20.6,38.8167],[20.7,38.825],[20.775,38.9],[20.8,38.925],[20.9,38.925],[20.925,38.9],[20.9,38.875],[20.825,38.8],[20.8,38.775],[20.725,38.7],[20.725,38.6],[20.7,38.575],[20.6,38.575],[20.575,38.6]]]}},{"type":"Feature","properties":{"layer_id":"1981_2000_T20","layer_label":"1981_2000, T>20\u00b0C","low":50.0,"high":75.0,"label":"50\u201375 %","fill":"#fe9929","fillOpacity":0.56,"stroke":"#fe9929","strokeOpacity":0.68,"strokeWeight":0.35},"geometry":{"type":"Polygon","coordinates":[[[39.4,38.5692],[39.5,38.6],[39.5,38.6],[39.6,38.7],[39.5,38.7111],[39.4,38.71],[39.3,38.7],[39.3,38.6],[39.4,38.5692]]]}},{"type":"Feature","properties":{"layer_id":"1981_2000_T20","layer_label":"1981_2000, T>20\u00b0C","low":50.0,"high":75.0,"label":"50\u201375 %","fill":"#fe9929","fillOpacity":0.56,"stroke":"#fe9929","strokeOpacity":0.68,"strokeWeight":0.35},"geometry":{"type":"Polygon","coordinates":[[[42.6,38.5714],[42.7,38.5833],[42.8,38.58],[42.9,38.5833],[43.0,38.6],[43.0,38.6],[43.0333,38.7],[43.0,38.7091],[42.9,38.7286],[42.8,38.7231],[42.7,38.7231],[42.6,38.7091],[42.5857,38.7],[42.5,38.6],[42.6,38.5714]]]}},{"type":"Feature","properties":{"layer_id":"1981_2000_T20","layer_label":"1981_2000, T>20\u00b0C","low":50.0,"high":75.0,"label":"50\u201375 %","fill":"#fe9929","fillOpacity":0.56,"stroke":"#fe9929","strokeOpacity":0.68,"strokeWeight":0.35},"geometry":{"type":"Polygon","coordinates":[[[0.0,38.6625],[0.1,38.6526],[0.1474,38.7],[0.15,38.8],[0.1,38.85],[0.0,38.8444],[-0.05,38.9],[-0.1,38.95],[-0.1667,39.0],[-0.2,39.0333],[-0.2556,39.0],[-0.2462,38.9],[-0.2,38.8455],[-0.1375,38.8],[-0.1,38.7667],[-0.05,38.7],[0.0,38.6625]]]}},{"type":"Feature","properties":{"layer_id":"1981_2000_T20","layer_label":"1981_2000, T>20\u00b0C","low":50.0,"high":75.0,"label":"50\u201375 %","fill":"#fe9929","fillOpacity":0.56,"stroke":"#fe9929","strokeOpacity":0.68,"strokeWeight":0.35},"geometry":{"type":"Polygon","coordinates":[[[-0.0083,38.7],[-0.06,38.8],[0.0,38.8167],[0.1,38.825],[0.125,38.8],[0.1211,38.7],[0.1,38.6789],[0.0,38.6938],[-0.0083,38.7]]]}},{"type":"Feature","properties":{"layer_id":"1981_2000_T20","layer_label":"1981_2000, T>20\u00b0C","low":50.0,"high":75.0,"label":"50\u201375 %","fill":"#fe9929","fillOpacity":0.56,"stroke":"#fe9929","strokeOpacity":0.68,"strokeWeight":0.35},"geometry":{"type":"Polygon","coordinates":[[[22.5,38.7714],[22.6,38.7471],[22.7,38.7438],[22.8,38.7875],[22.8091,38.8],[22.8,38.9],[22.8,38.9],[22.7,38.9167],[22.6,38.9333],[22.5,38.9286],[22.45,38.9],[22.4667,38.8],[22.5,38.7714]]]}},{"type":"Feature","properties":{"layer_id":"1981_2000_T20","layer_label":"1981_2000, T>20\u00b0C","low":50.0,"high":75.0,"label":"50\u201375 %","fill":"#fe9929","fillOpacity":0.56,"stroke":"#fe9929","strokeOpacity":0.68,"strokeWeight":0.35},"geometry":{"type":"Polygon","coordinates":[[[23.3,38.7833],[23.4,38.7333],[23.5,38.7385],[23.6,38.7625],[23.6231,38.8],[23.6,38.8231],[23.5,38.8444],[23.4412,38.9],[23.4,38.9412],[23.3364,38.9],[23.3,38.8333],[23.2833,38.8],[23.3,38.7833]]]}},{"type":"Feature","properties":{"layer_id":"1981_2000_T20","layer_label":"1981_2000, T>20\u00b0C","low":50.0,"high":75.0,"label":"50\u201375 %","fill":"#fe9929","fillOpacity":0.56,"stroke":"#fe9929","strokeOpacity":0.68,"strokeWeight":0.35},"geometry":{"type":"Polygon","coordinates":[[[1.4,38.85],[1.45,38.9],[1.5,38.95],[1.55,39.0],[1.5,39.05],[1.4,39.05],[1.3,39.05],[1.25,39.0],[1.3,38.95],[1.35,38.9],[1.4,38.85]]]}},{"type":"Feature","properties":{"layer_id":"1981_2000_T20","layer_label":"1981_2000, T>20\u00b0C","low":50.0,"high":75.0,"label":"50\u201375 %","fill":"#fe9929","fillOpacity":0.56,"stroke":"#fe9929","strokeOpacity":0.68,"strokeWeight":0.35},"geometry":{"type":"Polygon","coordinates":[[[1.375,38.9],[1.3,38.975],[1.275,39.0],[1.3,39.025],[1.4,39.025],[1.5,39.025],[1.525,39.0],[1.5,38.975],[1.425,38.9],[1.4,38.875],[1.375,38.9]]]}},{"type":"Feature","properties":{"layer_id":"1981_2000_T20","layer_label":"1981_2000, T>20\u00b0C","low":50.0,"high":75.0,"label":"50\u201375 %","fill":"#fe9929","fillOpacity":0.56,"stroke":"#fe9929","strokeOpacity":0.68,"strokeWeight":0.35},"geometry":{"type":"Polygon","coordinates":[[[23.0,38.85],[23.1,38.8526],[23.1818,38.9],[23.2,38.925],[23.3,38.95],[23.3286,39.0],[23.3,39.0286],[23.2,39.0375],[23.1625,39.0],[23.1,38.9474],[23.0,38.95],[22.95,38.9],[23.0,38.85]]]}},{"type":"Feature","properties":{"layer_id":"1981_2000_T20","layer_label":"1981_2000, T>20\u00b0C","low":50.0,"high":75.0,"label":"50\u201375 %","fill":"#fe9929","fillOpacity":0.56,"stroke":"#fe9929","strokeOpacity":0.68,"strokeWeight":0.35},"geometry":{"type":"Polygon","coordinates":[[[27.1,38.8333],[27.125,38.9],[27.1143,39.0],[27.1,39.0333],[27.0333,39.1],[27.0,39.1143],[26.9143,39.2],[26.9,39.2143],[26.86,39.3],[26.9,39.4],[26.9,39.4],[26.9667,39.5],[26.9,39.5471],[26.8556,39.5],[26.8,39.4412],[26.7588,39.4],[26.7,39.35],[26.65,39.3],[26.7,39.25],[26.7714,39.2],[26.8,39.1714],[26.8667,39.1],[26.85,39.0],[26.9,38.95],[27.0,38.9625],[27.0833,38.9],[27.1,38.8333]]]}},{"type":"Feature","properties":{"layer_id":"1981_2000_T20","layer_label":"1981_2000, T>20\u00b0C","low":50.0,"high":75.0,"label":"50\u201375 %","fill":"#fe9929","fillOpacity":0.56,"stroke":"#fe9929","strokeOpacity":0.68,"strokeWeight":0.35},"geometry":{"type":"Polygon","coordinates":[[[8.6,38.9588],[8.7,38.9769],[8.75,39.0],[8.7,39.0375],[8.6286,39.1],[8.6,39.125],[8.5,39.2],[8.4833,39.1],[8.5,39.0833],[8.5588,39.0],[8.6,38.9588]]]}},{"type":"Feature","properties":{"layer_id":"1981_2000_T20","layer_label":"1981_2000, T>20\u00b0C","low":50.0,"high":75.0,"label":"50\u201375 %","fill":"#fe9929","fillOpacity":0.56,"stroke":"#fe9929","strokeOpacity":0.68,"strokeWeight":0.35},"geometry":{"type":"Polygon","coordinates":[[[16.9,38.9714],[17.0,38.9625],[17.1,38.9556],[17.1444,39.0],[17.1412,39.1],[17.1444,39.2],[17.1444,39.3],[17.1,39.3444],[17.0444,39.4],[17.0,39.4444],[16.9444,39.5],[16.9,39.5444],[16.8,39.5412],[16.7563,39.5],[16.8,39.4588],[16.9,39.4333],[16.9333,39.4],[16.94,39.3],[16.9556,39.2],[16.9,39.1444],[16.8667,39.1],[16.8429,39.0],[16.9,38.9714]]]}},{"type":"Feature","properties":{"layer_id":"1981_2000_T20","layer_label":"1981_2000, T>20\u00b0C","low":50.0,"high":75.0,"label":"50\u201375 %","fill":"#fe9929","fillOpacity":0.56,"stroke":"#fe9929","strokeOpacity":0.68,"strokeWeight":0.35},"geometry":{"type":"Polygon","coordinates":[[[16.95,39.0],[16.925,39.1],[17.0,39.175],[17.025,39.2],[17.0,39.25],[16.99,39.3],[16.975,39.4],[17.0,39.4167],[17.0167,39.4],[17.1,39.3167],[17.1167,39.3],[17.1167,39.2],[17.1118,39.1],[17.1167,39.0],[17.1,38.9833],[17.0,38.9938],[16.95,39.0]]]}},{"type":"Feature","properties":{"layer_id":"1981_2000_T20","layer_label":"1981_2000, T>20\u00b0C","low":50.0,"high":75.0,"label":"50\u201375 %","fill":"#fe9929","fillOpacity":0.56,"stroke":"#fe9929","strokeOpacity":0.68,"strokeWeight":0.35},"geometry":{"type":"Polygon","coordinates":[[[22.9,38.9714],[22.9286,39.0],[22.9444,39.1],[22.9,39.1444],[22.85,39.2],[22.85,39.3],[22.8667,39.4],[22.8,39.5],[22.8,39.5],[22.8,39.5],[22.9,39.5857],[22.9091,39.6],[22.9167,39.7],[22.9,39.7167],[22.8778,39.7],[22.8,39.6222],[22.7,39.6273],[22.6,39.6571],[22.5538,39.7],[22.5,39.7538],[22.4,39.7778],[22.33,39.7],[22.33,39.6],[22.4,39.5462],[22.5,39.5273],[22.5375,39.5],[22.6,39.4],[22.6,39.4],[22.6,39.4],[22.5625,39.3],[22.6,39.27],[22.7,39.2333],[22.7333,39.2],[22.8,39.1375],[22.8429,39.1],[22.86,39.0],[22.9,38.9714]]]}},{"type":"Feature","properties":{"layer_id":"1981_2000_T20","layer_label":"1981_2000, T>20\u00b0C","low":50.0,"high":75.0,"label":"50\u201375 %","fill":"#fe9929","fillOpacity":0.56,"stroke":"#fe9929","strokeOpacity":0.68,"strokeWeight":0.35},"geometry":{"type":"Polygon","coordinates":[[[22.7667,39.2],[22.7,39.2667],[22.6286,39.3],[22.6833,39.4],[22.6,39.5],[22.6,39.5],[22.5,39.5727],[22.4,39.5846],[22.38,39.6],[22.38,39.7],[22.4,39.7222],[22.5,39.7154],[22.5154,39.7],[22.6,39.6214],[22.66,39.6],[22.7,39.5333],[22.7167,39.5],[22.8,39.4167],[22.8111,39.4],[22.825,39.3],[22.825,39.2],[22.8,39.1688],[22.7667,39.2]]]}},{"type":"Feature","properties":{"layer_id":"1981_2000_T20","layer_label":"1981_2000, T>20\u00b0C","low":50.0,"high":75.0,"label":"50\u201375 %","fill":"#fe9929","fillOpacity":0.56,"stroke":"#fe9929","strokeOpacity":0.68,"strokeWeight":0.35},"geometry":{"type":"Polygon","coordinates":[[[-0.4,39.08],[-0.3,39.0364],[-0.2588,39.1],[-0.2,39.15],[-0.15,39.2],[-0.2,39.25],[-0.3,39.2474],[-0.3714,39.3],[-0.3714,39.4],[-0.3,39.4526],[-0.2526,39.5],[-0.3,39.5474],[-0.3833,39.6],[-0.4,39.62],[-0.4182,39.6],[-0.4643,39.5],[-0.4444,39.4],[-0.44,39.3],[-0.4125,39.2],[-0.4222,39.1],[-0.4,39.08]]]}},{"type":"Feature","properties":{"layer_id":"1981_2000_T20","layer_label":"1981_2000, T>20\u00b0C","low":50.0,"high":75.0,"label":"50\u201375 %","fill":"#fe9929","fillOpacity":0.56,"stroke":"#fe9929","strokeOpacity":0.68,"strokeWeight":0.35},"geometry":{"type":"Polygon","coordinates":[[[26.1,39.0526],[26.2,39.05],[26.3,39.0526],[26.4,39.0526],[26.5,39.05],[26.55,39.1],[26.5444,39.2],[26.5,39.2444],[26.4474,39.3],[26.4,39.3474],[26.3,39.3474],[26.2,39.3474],[26.1526,39.3],[26.2,39.2526],[26.3,39.2526],[26.3556,39.2],[26.3,39.1474],[26.2,39.15],[26.1375,39.2],[26.1,39.2375],[26.0412,39.3],[26.0,39.3412],[25.9,39.3474],[25.8526,39.3],[25.8526,39.2],[25.9,39.1526],[26.0,39.1588],[26.0526,39.1],[26.1,39.0526]]]}},{"type":"Feature","properties":{"layer_id":"1981_2000_T20","layer_label":"1981_2000, T>20\u00b0C","low":50.0,"high":75.0,"label":"50\u201375 %","fill":"#fe9929","fillOpacity":0.56,"stroke":"#fe9929","strokeOpacity":0.68,"strokeWeight":0.35},"geometry":{"type":"Polygon","coordinates":[[[26.0789,39.1],[26.0,39.1882],[25.9,39.1789],[25.8789,39.2],[25.8789,39.3],[25.9,39.3211],[26.0,39.3118],[26.0118,39.3],[26.1,39.2063],[26.1063,39.2],[26.2,39.125],[26.3,39.1211],[26.3833,39.2],[26.3,39.2789],[26.2,39.2789],[26.1789,39.3],[26.2,39.3211],[26.3,39.3211],[26.4,39.3211],[26.4211,39.3],[26.5,39.2167],[26.5167,39.2],[26.525,39.1],[26.5,39.075],[26.4,39.0789],[26.3,39.0789],[26.2,39.075],[26.1,39.0789],[26.0789,39.1]]]}},{"type":"Feature","properties":{"layer_id":"1981_2000_T20","layer_label":"1981_2000, T>20\u00b0C","low":50.0,"high":75.0,"label":"50\u201375 %","fill":"#fe9929","fillOpacity":0.56,"stroke":"#fe9929","strokeOpacity":0.68,"strokeWeight":0.35},"geometry":{"type":"Polygon","coordinates":[[[9.4,39.1833],[9.5,39.1625],[9.5375,39.2],[9.6,39.2625],[9.6375,39.3],[9.6375,39.4],[9.6333,39.5],[9.6091,39.6],[9.6,39.7],[9.5875,39.6],[9.5444,39.5],[9.5333,39.4],[9.5143,39.3],[9.5,39.2857],[9.4,39.2222],[9.3833,39.2],[9.4,39.1833]]]}},{"type":"Feature","properties":{"layer_id":"1981_2000_T20","layer_label":"1981_2000, T>20\u00b0C","low":50.0,"high":75.0,"label":"50\u201375 %","fill":"#fe9929","fillOpacity":0.56,"stroke":"#fe9929","strokeOpacity":0.68,"strokeWeight":0.35},"geometry":{"type":"Polygon","coordinates":[[[3.1,39.25],[3.15,39.3],[3.2,39.3526],[3.2474,39.4],[3.2444,39.5],[3.3,39.5556],[3.4,39.5526],[3.4474,39.6],[3.4474,39.7],[3.4,39.7474],[3.3,39.7444],[3.2,39.7444],[3.1,39.7474],[3.0444,39.8],[3.0474,39.9],[3.0,39.9474],[2.9526,39.9],[2.9,39.8444],[2.8,39.8412],[2.7588,39.8],[2.7,39.7474],[2.6,39.7474],[2.5,39.7474],[2.4526,39.7],[2.45,39.6],[2.5,39.55],[2.6,39.55],[2.65,39.5],[2.7,39.45],[2.7526,39.4],[2.8,39.3526],[2.9,39.3526],[3.0,39.35],[3.05,39.3],[3.1,39.25]]]}},{"type":"Feature","properties":{"layer_id":"1981_2000_T20","layer_label":"1981_2000, T>20\u00b0C","low":50.0,"high":75.0,"label":"50\u201375 %","fill":"#fe9929","fillOpacity":0.56,"stroke":"#fe9929","strokeOpacity":0.68,"strokeWeight":0.35},"geometry":{"type":"Polygon","coordinates":[[[3.075,39.3],[3.0,39.375],[2.9,39.3789],[2.8,39.3789],[2.7789,39.4],[2.7,39.475],[2.675,39.5],[2.6,39.575],[2.5,39.575],[2.475,39.6],[2.4789,39.7],[2.5,39.7211],[2.6,39.7211],[2.7,39.7211],[2.7882,39.8],[2.8,39.8118],[2.9,39.8167],[2.9789,39.9],[3.0,39.9211],[3.0211,39.9],[3.0167,39.8],[3.1,39.7211],[3.2,39.7167],[3.3,39.7167],[3.4,39.7211],[3.4211,39.7],[3.4211,39.6],[3.4,39.5789],[3.3,39.5833],[3.2167,39.5],[3.2211,39.4],[3.2,39.3789],[3.125,39.3],[3.1,39.275],[3.075,39.3]]]}},{"type":"Feature","properties":{"layer_id":"1981_2000_T20","layer_label":"1981_2000, T>20\u00b0C","low":50.0,"high":75.0,"label":"50\u201375 %","fill":"#fe9929","fillOpacity":0.56,"stroke":"#fe9929","strokeOpacity":0.68,"strokeWeight":0.35},"geometry":{"type":"Polygon","coordinates":[[[44.9,39.25],[45.0,39.225],[45.0,39.3],[45.0,39.3667],[44.9857,39.4],[45.0,39.45],[45.0,39.5],[45.0,39.6],[45.0,39.6],[44.9,39.6125],[44.875,39.6],[44.8889,39.5],[44.9,39.45],[44.9143,39.4],[44.9,39.35],[44.88,39.3],[44.9,39.25]]]}},{"type":"Feature","properties":{"layer_id":"1981_2000_T20","layer_label":"1981_2000, T>20\u00b0C","low":50.0,"high":75.0,"label":"50\u201375 %","fill":"#fe9929","fillOpacity":0.56,"stroke":"#fe9929","strokeOpacity":0.68,"strokeWeight":0.35},"geometry":{"type":"Polygon","coordinates":[[[19.9,39.45],[19.95,39.5],[19.95,39.6],[19.9,39.65],[19.85,39.7],[19.8,39.75],[19.7,39.75],[19.65,39.7],[19.7,39.65],[19.75,39.6],[19.8,39.55],[19.85,39.5],[19.9,39.45]]]}},{"type":"Feature","properties":{"layer_id":"1981_2000_T20","layer_label":"1981_2000, T>20\u00b0C","low":50.0,"high":75.0,"label":"50\u201375 %","fill":"#fe9929","fillOpacity":0.56,"stroke":"#fe9929","strokeOpacity":0.68,"strokeWeight":0.35},"geometry":{"type":"Polygon","coordinates":[[[19.875,39.5],[19.8,39.575],[19.775,39.6],[19.7,39.675],[19.675,39.7],[19.7,39.725],[19.8,39.725],[19.825,39.7],[19.9,39.625],[19.925,39.6],[19.925,39.5],[19.9,39.475],[19.875,39.5]]]}},{"type":"Feature","properties":{"layer_id":"1981_2000_T20","layer_label":"1981_2000, T>20\u00b0C","low":50.0,"high":75.0,"label":"50\u201375 %","fill":"#fe9929","fillOpacity":0.56,"stroke":"#fe9929","strokeOpacity":0.68,"strokeWeight":0.35},"geometry":{"type":"Polygon","coordinates":[[[26.1,39.4526],[26.2,39.4556],[26.2444,39.5],[26.2333,39.6],[26.2,39.65],[26.1833,39.6],[26.1,39.5474],[26.0526,39.5],[26.1,39.4526]]]}},{"type":"Feature","properties":{"layer_id":"1981_2000_T20","layer_label":"1981_2000, T>20\u00b0C","low":50.0,"high":75.0,"label":"50\u201375 %","fill":"#fe9929","fillOpacity":0.56,"stroke":"#fe9929","strokeOpacity":0.68,"strokeWeight":0.35},"geometry":{"type":"Polygon","coordinates":[[[16.2,39.5625],[16.3,39.5727],[16.4,39.6],[16.4,39.6],[16.5,39.6375],[16.55,39.7],[16.5,39.75],[16.4333,39.8],[16.4,39.8333],[16.35,39.8],[16.3,39.7615],[16.2333,39.7],[16.2,39.6429],[16.1769,39.6],[16.2,39.5625]]]}},{"type":"Feature","properties":{"layer_id":"1981_2000_T20","layer_label":"1981_2000, T>20\u00b0C","low":50.0,"high":75.0,"label":"50\u201375 %","fill":"#fe9929","fillOpacity":0.56,"stroke":"#fe9929","strokeOpacity":0.68,"strokeWeight":0.35},"geometry":{"type":"Polygon","coordinates":[[[16.275,39.7],[16.3,39.7231],[16.4,39.8],[16.5,39.725],[16.525,39.7],[16.5,39.6688],[16.4,39.6556],[16.3,39.64],[16.275,39.7]]]}},{"type":"Feature","properties":{"layer_id":"1981_2000_T20","layer_label":"1981_2000, T>20\u00b0C","low":50.0,"high":75.0,"label":"50\u201375 %","fill":"#fe9929","fillOpacity":0.56,"stroke":"#fe9929","strokeOpacity":0.68,"strokeWeight":0.35},"geometry":{"type":"Polygon","coordinates":[[[-0.3,39.6833],[-0.2,39.6526],[-0.1526,39.7],[-0.1,39.7526],[-0.0526,39.8],[-0.0588,39.9],[0.0,39.95],[0.05,40.0],[0.0,40.0625],[-0.0909,40.0],[-0.1,39.9875],[-0.15,39.9],[-0.2,39.8462],[-0.2462,39.8],[-0.3,39.7222],[-0.32,39.7],[-0.3,39.6833]]]}},{"type":"Feature","properties":{"layer_id":"1981_2000_T20","layer_label":"1981_2000, T>20\u00b0C","low":50.0,"high":75.0,"label":"50\u201375 %","fill":"#fe9929","fillOpacity":0.56,"stroke":"#fe9929","strokeOpacity":0.68,"strokeWeight":0.35},"geometry":{"type":"Polygon","coordinates":[[[9.6,39.7],[9.7,39.7588],[9.7412,39.8],[9.7444,39.9],[9.7474,40.0],[9.7,40.0474],[9.6,40.0111],[9.59,40.0],[9.5643,39.9],[9.5818,39.8],[9.6,39.7]]]}},{"type":"Feature","properties":{"layer_id":"1981_2000_T20","layer_label":"1981_2000, T>20\u00b0C","low":50.0,"high":75.0,"label":"50\u201375 %","fill":"#fe9929","fillOpacity":0.56,"stroke":"#fe9929","strokeOpacity":0.68,"strokeWeight":0.35},"geometry":{"type":"Polygon","coordinates":[[[4.1,39.85],[4.2,39.85],[4.3,39.85],[4.35,39.9],[4.3,39.95],[4.25,40.0],[4.2,40.05],[4.1,40.05],[4.0,40.05],[3.9,40.05],[3.85,40.0],[3.9,39.95],[4.0,39.95],[4.05,39.9],[4.1,39.85]]]}},{"type":"Feature","properties":{"layer_id":"1981_2000_T20","layer_label":"1981_2000, T>20\u00b0C","low":50.0,"high":75.0,"label":"50\u201375 %","fill":"#fe9929","fillOpacity":0.56,"stroke":"#fe9929","strokeOpacity":0.68,"strokeWeight":0.35},"geometry":{"type":"Polygon","coordinates":[[[4.075,39.9],[4.0,39.975],[3.9,39.975],[3.875,40.0],[3.9,40.025],[4.0,40.025],[4.1,40.025],[4.2,40.025],[4.225,40.0],[4.3,39.925],[4.325,39.9],[4.3,39.875],[4.2,39.875],[4.1,39.875],[4.075,39.9]]]}},{"type":"Feature","properties":{"layer_id":"1981_2000_T20","layer_label":"1981_2000, T>20\u00b0C","low":50.0,"high":75.0,"label":"50\u201375 %","fill":"#fe9929","fillOpacity":0.56,"stroke":"#fe9929","strokeOpacity":0.68,"strokeWeight":0.35},"geometry":{"type":"Polygon","coordinates":[[[18.2,39.85],[18.3,39.85],[18.35,39.9],[18.4,39.95],[18.45,40.0],[18.45,40.1],[18.45,40.2],[18.4444,40.3],[18.4,40.3444],[18.3444,40.4],[18.3,40.4444],[18.2,40.4444],[18.1412,40.5],[18.1,40.5412],[18.0,40.5857],[17.95,40.6],[17.9,40.6091],[17.8412,40.7],[17.8,40.7412],[17.7,40.7444],[17.6,40.7286],[17.5,40.7],[17.6,40.65],[17.7,40.6385],[17.7556,40.6],[17.7,40.5583],[17.6,40.56],[17.5,40.5625],[17.4,40.5615],[17.3,40.56],[17.2,40.5692],[17.1,40.575],[17.0,40.5833],[16.9,40.5375],[16.8,40.5231],[16.7625,40.5],[16.8,40.4769],[16.9,40.4769],[17.0,40.4667],[17.1,40.4526],[17.2,40.4526],[17.25,40.4],[17.3,40.35],[17.4,40.35],[17.5,40.35],[17.55,40.3],[17.6,40.25],[17.7,40.2526],[17.8,40.2526],[17.9,40.25],[17.95,40.2],[17.95,40.1],[18.0,40.05],[18.05,40.0],[18.1,39.95],[18.15,39.9],[18.2,39.85]]]}},{"type":"Feature","properties":{"layer_id":"1981_2000_T20","layer_label":"1981_2000, T>20\u00b0C","low":50.0,"high":75.0,"label":"50\u201375 %","fill":"#fe9929","fillOpacity":0.56,"stroke":"#fe9929","strokeOpacity":0.68,"strokeWeight":0.35},"geometry":{"type":"Polygon","coordinates":[[[18.175,39.9],[18.1,39.975],[18.075,40.0],[18.0,40.075],[17.975,40.1],[17.975,40.2],[17.9,40.275],[17.8,40.2789],[17.7,40.2789],[17.6,40.275],[17.575,40.3],[17.5,40.375],[17.4,40.375],[17.3,40.375],[17.275,40.4],[17.2,40.4789],[17.1,40.4789],[17.0,40.5],[17.1,40.5333],[17.2,40.5308],[17.3,40.5267],[17.4,40.5231],[17.5,40.5],[17.5,40.5],[17.5,40.5],[17.6,40.51],[17.7,40.5167],[17.8,40.575],[17.9,40.5333],[18.0,40.5143],[18.1,40.5118],[18.1118,40.5],[18.2,40.4167],[18.3,40.4167],[18.3167,40.4],[18.4,40.3167],[18.4167,40.3],[18.425,40.2],[18.425,40.1],[18.425,40.0],[18.4,39.975],[18.325,39.9],[18.3,39.875],[18.2,39.875],[18.175,39.9]]]}},{"type":"Feature","properties":{"layer_id":"1981_2000_T20","layer_label":"1981_2000, T>20\u00b0C","low":50.0,"high":75.0,"label":"50\u201375 %","fill":"#fe9929","fillOpacity":0.56,"stroke":"#fe9929","strokeOpacity":0.68,"strokeWeight":0.35},"geometry":{"type":"Polygon","coordinates":[[[25.1,39.85],[25.2,39.85],[25.25,39.9],[25.2,39.95],[25.15,40.0],[25.1,40.05],[25.05,40.0],[25.05,39.9],[25.1,39.85]]]}},{"type":"Feature","properties":{"layer_id":"1981_2000_T20","layer_label":"1981_2000, T>20\u00b0C","low":50.0,"high":75.0,"label":"50\u201375 %","fill":"#fe9929","fillOpacity":0.56,"stroke":"#fe9929","strokeOpacity":0.68,"strokeWeight":0.35},"geometry":{"type":"Polygon","coordinates":[[[23.4,39.95],[23.5,39.95],[23.6,39.95],[23.65,40.0],[23.6,40.05],[23.5,40.05],[23.4,40.05],[23.35,40.0],[23.4,39.95]]]}},{"type":"Feature","properties":{"layer_id":"1981_2000_T20","layer_label":"1981_2000, T>20\u00b0C","low":50.0,"high":75.0,"label":"50\u201375 %","fill":"#fe9929","fillOpacity":0.56,"stroke":"#fe9929","strokeOpacity":0.68,"strokeWeight":0.35},"geometry":{"type":"Polygon","coordinates":[[[23.9,39.95],[23.95,40.0],[24.0,40.05],[24.05,40.1],[24.0,40.15],[23.95,40.2],[23.9,40.25],[23.8,40.25],[23.7444,40.3],[23.8,40.3588],[23.9,40.35],[23.95,40.3],[24.0,40.25],[24.1,40.25],[24.2,40.25],[24.25,40.3],[24.2,40.35],[24.1,40.35],[24.05,40.4],[24.0,40.45],[23.9,40.45],[23.8,40.4636],[23.7364,40.4],[23.7,40.3667],[23.6,40.3471],[23.5,40.3438],[23.4,40.3667],[23.3,40.4],[23.3,40.4],[23.2,40.4556],[23.1429,40.5],[23.1,40.6],[23.1,40.6],[23.1,40.6],[23.15,40.7],[23.1,40.7333],[23.0,40.8],[22.9,40.75],[22.8,40.75],[22.7667,40.7],[22.7,40.6714],[22.6167,40.6],[22.7,40.5667],[22.8,40.5714],[22.8286,40.6],[22.9,40.6833],[22.9909,40.6],[22.9588,40.5],[23.0,40.4588],[23.05,40.4],[23.1,40.35],[23.15,40.3],[23.2,40.25],[23.3,40.2556],[23.4,40.2556],[23.5,40.2588],[23.6,40.2556],[23.65,40.2],[23.7,40.15],[23.75,40.1],[23.8,40.05],[23.85,40.0],[23.9,39.95]]]}},{"type":"Feature","properties":{"layer_id":"1981_2000_T20","layer_label":"1981_2000, T>20\u00b0C","low":50.0,"high":75.0,"label":"50\u201375 %","fill":"#fe9929","fillOpacity":0.56,"stroke":"#fe9929","strokeOpacity":0.68,"strokeWeight":0.35},"geometry":{"type":"Polygon","coordinates":[[[23.875,40.0],[23.8,40.075],[23.775,40.1],[23.7,40.175],[23.675,40.2],[23.6,40.2833],[23.5,40.2882],[23.4,40.2833],[23.3,40.2833],[23.2,40.275],[23.175,40.3],[23.2,40.4],[23.3,40.3375],[23.4,40.325],[23.5,40.3125],[23.6,40.3176],[23.7,40.325],[23.7167,40.3],[23.8,40.225],[23.9,40.225],[23.925,40.2],[24.0,40.125],[24.025,40.1],[24.0,40.075],[23.925,40.0],[23.9,39.975],[23.875,40.0]]]}},{"type":"Feature","properties":{"layer_id":"1981_2000_T20","layer_label":"1981_2000, T>20\u00b0C","low":50.0,"high":75.0,"label":"50\u201375 %","fill":"#fe9929","fillOpacity":0.56,"stroke":"#fe9929","strokeOpacity":0.68,"strokeWeight":0.35},"geometry":{"type":"Polygon","coordinates":[[[23.975,40.3],[23.9,40.375],[23.8,40.3882],[23.7818,40.4],[23.8,40.4182],[23.9,40.425],[24.0,40.425],[24.025,40.4],[24.1,40.325],[24.2,40.325],[24.225,40.3],[24.2,40.275],[24.1,40.275],[24.0,40.275],[23.975,40.3]]]}},{"type":"Feature","properties":{"layer_id":"1981_2000_T20","layer_label":"1981_2000, T>20\u00b0C","low":50.0,"high":75.0,"label":"50\u201375 %","fill":"#fe9929","fillOpacity":0.56,"stroke":"#fe9929","strokeOpacity":0.68,"strokeWeight":0.35},"geometry":{"type":"Polygon","coordinates":[[[26.2,40.0625],[26.3,40.0909],[26.3167,40.1],[26.38,40.2],[26.4,40.225],[26.45,40.3],[26.48,40.4],[26.4,40.4286],[26.3,40.4333],[26.2667,40.4],[26.2588,40.3],[26.2,40.2375],[26.1625,40.2],[26.1625,40.1],[26.2,40.0625]]]}},{"type":"Feature","properties":{"layer_id":"1981_2000_T20","layer_label":"1981_2000, T>20\u00b0C","low":50.0,"high":75.0,"label":"50\u201375 %","fill":"#fe9929","fillOpacity":0.56,"stroke":"#fe9929","strokeOpacity":0.68,"strokeWeight":0.35},"geometry":{"type":"Polygon","coordinates":[[[16.6,40.1588],[16.7,40.1556],[16.7444,40.2],[16.7412,40.3],[16.7286,40.4],[16.7,40.4444],[16.65,40.4],[16.6,40.35],[16.56,40.3],[16.5125,40.2],[16.6,40.1588]]]}},{"type":"Feature","properties":{"layer_id":"1981_2000_T20","layer_label":"1981_2000, T>20\u00b0C","low":50.0,"high":75.0,"label":"50\u201375 %","fill":"#fe9929","fillOpacity":0.56,"stroke":"#fe9929","strokeOpacity":0.68,"strokeWeight":0.35},"geometry":{"type":"Polygon","coordinates":[[[22.5,40.1625],[22.5375,40.2],[22.6,40.2526],[22.6474,40.3],[22.6167,40.4],[22.6091,40.5],[22.6,40.55],[22.5875,40.5],[22.56,40.4],[22.5,40.375],[22.4308,40.3],[22.4571,40.2],[22.5,40.1625]]]}},{"type":"Feature","properties":{"layer_id":"1981_2000_T20","layer_label":"1981_2000, T>20\u00b0C","low":50.0,"high":75.0,"label":"50\u201375 %","fill":"#fe9929","fillOpacity":0.56,"stroke":"#fe9929","strokeOpacity":0.68,"strokeWeight":0.35},"geometry":{"type":"Polygon","coordinates":[[[25.7,40.15],[25.8,40.15],[25.9,40.15],[25.95,40.2],[25.9,40.25],[25.8,40.25],[25.7,40.25],[25.65,40.2],[25.7,40.15]]]}},{"type":"Feature","properties":{"layer_id":"1981_2000_T20","layer_label":"1981_2000, T>20\u00b0C","low":50.0,"high":75.0,"label":"50\u201375 %","fill":"#fe9929","fillOpacity":0.56,"stroke":"#fe9929","strokeOpacity":0.68,"strokeWeight":0.35},"geometry":{"type":"Polygon","coordinates":[[[9.7,40.4667],[9.8,40.4556],[9.8444,40.5],[9.8,40.5444],[9.7231,40.6],[9.7412,40.7],[9.7,40.7412],[9.6,40.7],[9.6625,40.6],[9.6444,40.5],[9.7,40.4667]]]}},{"type":"Feature","properties":{"layer_id":"1981_2000_T20","layer_label":"1981_2000, T>20\u00b0C","low":50.0,"high":75.0,"label":"50\u201375 %","fill":"#fe9929","fillOpacity":0.56,"stroke":"#fe9929","strokeOpacity":0.68,"strokeWeight":0.35},"geometry":{"type":"Polygon","coordinates":[[[26.8,40.4833],[26.8091,40.5],[26.9,40.5667],[27.0,40.5714],[27.0286,40.6],[27.0,40.64],[26.9,40.6455],[26.8,40.6455],[26.7667,40.6],[26.7909,40.5],[26.8,40.4833]]]}},{"type":"Feature","properties":{"layer_id":"1981_2000_T20","layer_label":"1981_2000, T>20\u00b0C","low":50.0,"high":75.0,"label":"50\u201375 %","fill":"#fe9929","fillOpacity":0.56,"stroke":"#fe9929","strokeOpacity":0.68,"strokeWeight":0.35},"geometry":{"type":"Polygon","coordinates":[[[8.3,40.5625],[8.4,40.58],[8.4125,40.6],[8.4545,40.7],[8.5,40.75],[8.5625,40.8],[8.5,40.8333],[8.4,40.8412],[8.3,40.8444],[8.2,40.8474],[8.1526,40.8],[8.1556,40.7],[8.2,40.6556],[8.2625,40.6],[8.3,40.5625]]]}},{"type":"Feature","properties":{"layer_id":"1981_2000_T20","layer_label":"1981_2000, T>20\u00b0C","low":50.0,"high":75.0,"label":"50\u201375 %","fill":"#fe9929","fillOpacity":0.56,"stroke":"#fe9929","strokeOpacity":0.68,"strokeWeight":0.35},"geometry":{"type":"Polygon","coordinates":[[[8.2938,40.6],[8.2,40.6833],[8.1833,40.7],[8.1789,40.8],[8.2,40.8211],[8.3,40.8167],[8.4,40.8118],[8.5,40.8],[8.4091,40.7],[8.4,40.68],[8.32,40.6],[8.3,40.5938],[8.2938,40.6]]]}},{"type":"Feature","properties":{"layer_id":"1981_2000_T20","layer_label":"1981_2000, T>20\u00b0C","low":50.0,"high":75.0,"label":"50\u201375 %","fill":"#fe9929","fillOpacity":0.56,"stroke":"#fe9929","strokeOpacity":0.68,"strokeWeight":0.35},"geometry":{"type":"Polygon","coordinates":[[[23.3,40.5778],[23.4,40.5889],[23.45,40.6],[23.475,40.7],[23.4,40.725],[23.3,40.7111],[23.25,40.7],[23.2333,40.6],[23.3,40.5778]]]}},{"type":"Feature","properties":{"layer_id":"1981_2000_T20","layer_label":"1981_2000, T>20\u00b0C","low":50.0,"high":75.0,"label":"50\u201375 %","fill":"#fe9929","fillOpacity":0.56,"stroke":"#fe9929","strokeOpacity":0.68,"strokeWeight":0.35},"geometry":{"type":"Polygon","coordinates":[[[0.6,40.6625],[0.7,40.65],[0.8,40.65],[0.85,40.7],[0.8,40.75],[0.7375,40.8],[0.8,40.8833],[0.8167,40.9],[0.8,40.95],[0.7,40.925],[0.68,40.9],[0.6,40.8333],[0.5778,40.8],[0.54,40.7],[0.6,40.6625]]]}},{"type":"Feature","properties":{"layer_id":"1981_2000_T20","layer_label":"1981_2000, T>20\u00b0C","low":50.0,"high":75.0,"label":"50\u201375 %","fill":"#fe9929","fillOpacity":0.56,"stroke":"#fe9929","strokeOpacity":0.68,"strokeWeight":0.35},"geometry":{"type":"Polygon","coordinates":[[[17.4,40.7833],[17.5,40.7],[17.5231,40.8],[17.5,40.8231],[17.4474,40.9],[17.4,40.9474],[17.3,40.9231],[17.25,40.9],[17.3,40.8625],[17.3833,40.8],[17.4,40.7833]]]}},{"type":"Feature","properties":{"layer_id":"1981_2000_T20","layer_label":"1981_2000, T>20\u00b0C","low":50.0,"high":75.0,"label":"50\u201375 %","fill":"#fe9929","fillOpacity":0.56,"stroke":"#fe9929","strokeOpacity":0.68,"strokeWeight":0.35},"geometry":{"type":"Polygon","coordinates":[[[23.8,40.7909],[23.9,40.8],[23.8333,40.9],[23.8,40.9667],[23.78,41.0],[23.7,41.0286],[23.6,41.0455],[23.5143,41.1],[23.5,41.1091],[23.4,41.16],[23.3,41.2],[23.2333,41.1],[23.3,41.0556],[23.3833,41.0],[23.4,40.99],[23.5,40.95],[23.6,40.9375],[23.675,40.9],[23.7,40.8833],[23.7833,40.8],[23.8,40.7909]]]}},{"type":"Feature","properties":{"layer_id":"1981_2000_T20","layer_label":"1981_2000, T>20\u00b0C","low":50.0,"high":75.0,"label":"50\u201375 %","fill":"#fe9929","fillOpacity":0.56,"stroke":"#fe9929","strokeOpacity":0.68,"strokeWeight":0.35},"geometry":{"type":"Polygon","coordinates":[[[14.1,40.8556],[14.2,40.8667],[14.3,40.8909],[14.32,40.9],[14.3,40.9111],[14.2,40.95],[14.1,40.98],[14.08,41.0],[14.0,41.0667],[13.9556,41.0],[14.0,40.9556],[14.0556,40.9],[14.1,40.8556]]]}},{"type":"Feature","properties":{"layer_id":"1981_2000_T20","layer_label":"1981_2000, T>20\u00b0C","low":50.0,"high":75.0,"label":"50\u201375 %","fill":"#fe9929","fillOpacity":0.56,"stroke":"#fe9929","strokeOpacity":0.68,"strokeWeight":0.35},"geometry":{"type":"Polygon","coordinates":[[[9.5,40.9167],[9.5333,41.0],[9.5412,41.1],[9.5,41.1412],[9.4,41.1412],[9.3,41.1286],[9.2,41.1],[9.3,41.0636],[9.4,41.0125],[9.4167,41.0],[9.5,40.9167]]]}},{"type":"Feature","properties":{"layer_id":"1981_2000_T20","layer_label":"1981_2000, T>20\u00b0C","low":50.0,"high":75.0,"label":"50\u201375 %","fill":"#fe9929","fillOpacity":0.56,"stroke":"#fe9929","strokeOpacity":0.68,"strokeWeight":0.35},"geometry":{"type":"Polygon","coordinates":[[[28.5,40.9556],[28.6,40.9556],[28.7,40.9588],[28.8,40.9667],[28.9,40.9714],[28.9667,41.0],[28.9,41.08],[28.8,41.1],[28.7,41.1],[28.6,41.1],[28.5,41.1],[28.4556,41.0],[28.5,40.9556]]]}},{"type":"Feature","properties":{"layer_id":"1981_2000_T20","layer_label":"1981_2000, T>20\u00b0C","low":50.0,"high":75.0,"label":"50\u201375 %","fill":"#fe9929","fillOpacity":0.56,"stroke":"#fe9929","strokeOpacity":0.68,"strokeWeight":0.35},"geometry":{"type":"Polygon","coordinates":[[[16.7,41.0889],[16.8,41.0333],[16.9,41.0286],[17.0,41.0222],[17.0412,41.1],[17.0,41.1412],[16.9,41.1333],[16.8,41.1286],[16.7375,41.2],[16.7,41.2375],[16.6,41.2167],[16.5333,41.2],[16.6,41.1714],[16.6833,41.1],[16.7,41.0889]]]}},{"type":"Feature","properties":{"layer_id":"1981_2000_T20","layer_label":"1981_2000, T>20\u00b0C","low":50.0,"high":75.0,"label":"50\u201375 %","fill":"#fe9929","fillOpacity":0.56,"stroke":"#fe9929","strokeOpacity":0.68,"strokeWeight":0.35},"geometry":{"type":"Polygon","coordinates":[[[13.0,41.2556],[13.1,41.2556],[13.2,41.2588],[13.2412,41.3],[13.2,41.3412],[13.1,41.3889],[13.0889,41.4],[13.0,41.4444],[12.9556,41.4],[12.9556,41.3],[13.0,41.2556]]]}},{"type":"Feature","properties":{"layer_id":"1981_2000_T20","layer_label":"1981_2000, T>20\u00b0C","low":50.0,"high":75.0,"label":"50\u201375 %","fill":"#fe9929","fillOpacity":0.56,"stroke":"#fe9929","strokeOpacity":0.68,"strokeWeight":0.35},"geometry":{"type":"Polygon","coordinates":[[[16.1,41.2833],[16.2,41.2769],[16.3,41.2692],[16.3286,41.3],[16.3,41.3286],[16.2,41.3231],[16.1333,41.4],[16.1,41.4333],[16.0,41.4286],[15.9,41.4231],[15.8,41.4],[15.9,41.34],[16.0,41.32],[16.0333,41.3],[16.1,41.2833]]]}},{"type":"Feature","properties":{"layer_id":"1981_2000_T20","layer_label":"1981_2000, T>20\u00b0C","low":50.0,"high":75.0,"label":"50\u201375 %","fill":"#fe9929","fillOpacity":0.56,"stroke":"#fe9929","strokeOpacity":0.68,"strokeWeight":0.35},"geometry":{"type":"Polygon","coordinates":[[[28.5,41.2333],[28.6,41.225],[28.7,41.2],[28.8,41.2],[28.8231,41.3],[28.8,41.3231],[28.7,41.3286],[28.6,41.3231],[28.5,41.3167],[28.4333,41.3],[28.5,41.2333]]]}},{"type":"Feature","properties":{"layer_id":"1981_2000_T20","layer_label":"1981_2000, T>20\u00b0C","low":50.0,"high":75.0,"label":"50\u201375 %","fill":"#fe9929","fillOpacity":0.56,"stroke":"#fe9929","strokeOpacity":0.68,"strokeWeight":0.35},"geometry":{"type":"Polygon","coordinates":[[[8.9,41.4625],[9.0,41.4625],[9.1,41.4588],[9.2,41.4526],[9.2474,41.5],[9.2,41.59],[9.1,41.5583],[9.0,41.5857],[8.9833,41.6],[8.9,41.6417],[8.8,41.6444],[8.7556,41.6],[8.8,41.5556],[8.8625,41.5],[8.9,41.4625]]]}},{"type":"Feature","properties":{"layer_id":"1981_2000_T20","layer_label":"1981_2000, T>20\u00b0C","low":50.0,"high":75.0,"label":"50\u201375 %","fill":"#fe9929","fillOpacity":0.56,"stroke":"#fe9929","strokeOpacity":0.68,"strokeWeight":0.35},"geometry":{"type":"Polygon","coordinates":[[[12.6,41.4556],[12.7,41.4556],[12.8,41.4556],[12.9,41.5],[12.8,41.5533],[12.73,41.6],[12.7,41.6231],[12.6,41.6533],[12.5556,41.6],[12.5556,41.5],[12.6,41.4556]]]}},{"type":"Feature","properties":{"layer_id":"1981_2000_T20","layer_label":"1981_2000, T>20\u00b0C","low":50.0,"high":75.0,"label":"50\u201375 %","fill":"#fe9929","fillOpacity":0.56,"stroke":"#fe9929","strokeOpacity":0.68,"strokeWeight":0.35},"geometry":{"type":"Polygon","coordinates":[[[15.8,41.4],[15.8333,41.5],[15.8231,41.6],[15.8,41.63],[15.7,41.6],[15.7,41.5],[15.8,41.4]]]}},{"type":"Feature","properties":{"layer_id":"1981_2000_T20","layer_label":"1981_2000, T>20\u00b0C","low":50.0,"high":75.0,"label":"50\u201375 %","fill":"#fe9929","fillOpacity":0.56,"stroke":"#fe9929","strokeOpacity":0.68,"strokeWeight":0.35},"geometry":{"type":"Polygon","coordinates":[[[12.4,41.6556],[12.5,41.6714],[12.5364,41.7],[12.5,41.7571],[12.4571,41.8],[12.4,41.9],[12.4,41.9],[12.3,41.9333],[12.2333,42.0],[12.2,42.0286],[12.1,42.0615],[12.0,42.0889],[11.9857,42.1],[11.9,42.1857],[11.8625,42.1],[11.9,42.0625],[11.9556,42.0],[12.0,41.9556],[12.1,41.9556],[12.1556,41.9],[12.1556,41.8],[12.2,41.7556],[12.3,41.7556],[12.3556,41.7],[12.4,41.6556]]]}},{"type":"Feature","properties":{"layer_id":"1981_2000_T20","layer_label":"1981_2000, T>20\u00b0C","low":50.0,"high":75.0,"label":"50\u201375 %","fill":"#fe9929","fillOpacity":0.56,"stroke":"#fe9929","strokeOpacity":0.68,"strokeWeight":0.35},"geometry":{"type":"Polygon","coordinates":[[[12.1833,41.8],[12.1833,41.9],[12.2,41.975],[12.275,41.9],[12.3,41.875],[12.375,41.8],[12.3,41.7833],[12.2,41.7833],[12.1833,41.8]]]}},{"type":"Feature","properties":{"layer_id":"1981_2000_T20","layer_label":"1981_2000, T>20\u00b0C","low":50.0,"high":75.0,"label":"50\u201375 %","fill":"#fe9929","fillOpacity":0.56,"stroke":"#fe9929","strokeOpacity":0.68,"strokeWeight":0.35},"geometry":{"type":"Polygon","coordinates":[[[16.1,41.7556],[16.2,41.7526],[16.2474,41.8],[16.2,41.8474],[16.1444,41.9],[16.1,41.9444],[16.0,41.9444],[15.9,41.9412],[15.8125,41.9],[15.9,41.8588],[16.0,41.82],[16.02,41.8],[16.1,41.7556]]]}},{"type":"Feature","properties":{"layer_id":"1981_2000_T20","layer_label":"1981_2000, T>20\u00b0C","low":50.0,"high":75.0,"label":"50\u201375 %","fill":"#fe9929","fillOpacity":0.56,"stroke":"#fe9929","strokeOpacity":0.68,"strokeWeight":0.35},"geometry":{"type":"Polygon","coordinates":[[[16.07,41.8],[16.0,41.87],[15.9,41.8882],[15.875,41.9],[15.9,41.9118],[16.0,41.9167],[16.1,41.9167],[16.1167,41.9],[16.2,41.8211],[16.2211,41.8],[16.2,41.7789],[16.1,41.7833],[16.07,41.8]]]}},{"type":"Feature","properties":{"layer_id":"1981_2000_T20","layer_label":"1981_2000, T>20\u00b0C","low":50.0,"high":75.0,"label":"50\u201375 %","fill":"#fe9929","fillOpacity":0.56,"stroke":"#fe9929","strokeOpacity":0.68,"strokeWeight":0.35},"geometry":{"type":"Polygon","coordinates":[[[9.4,41.9833],[9.5,41.9625],[9.5375,42.0],[9.5412,42.1],[9.5,42.2],[9.4,42.13],[9.375,42.1],[9.3833,42.0],[9.4,41.9833]]]}},{"type":"Feature","properties":{"layer_id":"1981_2000_T20","layer_label":"1981_2000, T>20\u00b0C","low":50.0,"high":75.0,"label":"50\u201375 %","fill":"#fe9929","fillOpacity":0.56,"stroke":"#fe9929","strokeOpacity":0.68,"strokeWeight":0.35},"geometry":{"type":"Polygon","coordinates":[[[11.7,42.1526],[11.8,42.1667],[11.8833,42.2],[11.8,42.2833],[11.7857,42.3],[11.7,42.35],[11.6625,42.3],[11.6526,42.2],[11.7,42.1526]]]}},{"type":"Feature","properties":{"layer_id":"1981_2000_T20","layer_label":"1981_2000, T>20\u00b0C","low":50.0,"high":75.0,"label":"50\u201375 %","fill":"#fe9929","fillOpacity":0.56,"stroke":"#fe9929","strokeOpacity":0.68,"strokeWeight":0.35},"geometry":{"type":"Polygon","coordinates":[[[41.6,42.2714],[41.7,42.2],[41.7333,42.3],[41.7,42.4],[41.6,42.4],[41.5714,42.3],[41.6,42.2714]]]}},{"type":"Feature","properties":{"layer_id":"1981_2000_T20","layer_label":"1981_2000, T>20\u00b0C","low":50.0,"high":75.0,"label":"50\u201375 %","fill":"#fe9929","fillOpacity":0.56,"stroke":"#fe9929","strokeOpacity":0.68,"strokeWeight":0.35},"geometry":{"type":"Polygon","coordinates":[[[11.4,42.3588],[11.5,42.3714],[11.5667,42.4],[11.5,42.4667],[11.45,42.5],[11.4,42.5182],[11.3,42.5556],[11.25,42.6],[11.2,42.6444],[11.15,42.7],[11.1,42.75],[11.0,42.7636],[10.9588,42.7],[11.0,42.6588],[11.0588,42.6],[11.1,42.5588],[11.1588,42.5],[11.2,42.4588],[11.3,42.4667],[11.3588,42.4],[11.4,42.3588]]]}},{"type":"Feature","properties":{"layer_id":"1981_2000_T20","layer_label":"1981_2000, T>20\u00b0C","low":50.0,"high":75.0,"label":"50\u201375 %","fill":"#fe9929","fillOpacity":0.56,"stroke":"#fe9929","strokeOpacity":0.68,"strokeWeight":0.35},"geometry":{"type":"Polygon","coordinates":[[[9.4,42.65],[9.5,42.7],[9.5,42.7],[9.5333,42.8],[9.5,42.8333],[9.4,42.8412],[9.3588,42.8],[9.35,42.7],[9.4,42.65]]]}},{"type":"Feature","properties":{"layer_id":"1981_2000_T20","layer_label":"1981_2000, T>20\u00b0C","low":50.0,"high":75.0,"label":"50\u201375 %","fill":"#fe9929","fillOpacity":0.56,"stroke":"#fe9929","strokeOpacity":0.68,"strokeWeight":0.35},"geometry":{"type":"Polygon","coordinates":[[[10.1,42.75],[10.2,42.75],[10.3,42.75],[10.4,42.75],[10.45,42.8],[10.4,42.85],[10.3,42.85],[10.2,42.85],[10.1,42.85],[10.05,42.8],[10.1,42.75]]]}},{"type":"Feature","properties":{"layer_id":"1981_2000_T20","layer_label":"1981_2000, T>20\u00b0C","low":50.0,"high":75.0,"label":"50\u201375 %","fill":"#fe9929","fillOpacity":0.56,"stroke":"#fe9929","strokeOpacity":0.68,"strokeWeight":0.35},"geometry":{"type":"Polygon","coordinates":[[[10.8,42.8588],[10.8778,42.9],[10.8,42.9875],[10.7889,43.0],[10.7111,43.1],[10.7,43.1091],[10.6,43.1875],[10.5588,43.1],[10.5,43.05],[10.45,43.0],[10.5,42.95],[10.6,42.9556],[10.7,42.9556],[10.7588,42.9],[10.8,42.8588]]]}},{"type":"Feature","properties":{"layer_id":"1981_2000_T20","layer_label":"1981_2000, T>20\u00b0C","low":50.0,"high":75.0,"label":"50\u201375 %","fill":"#fe9929","fillOpacity":0.56,"stroke":"#fe9929","strokeOpacity":0.68,"strokeWeight":0.35},"geometry":{"type":"Polygon","coordinates":[[[10.475,43.0],[10.5,43.025],[10.5882,43.1],[10.6,43.125],[10.6333,43.1],[10.7,43.0429],[10.7333,43.0],[10.7,42.9833],[10.6,42.9833],[10.5,42.975],[10.475,43.0]]]}},{"type":"Feature","properties":{"layer_id":"1981_2000_T20","layer_label":"1981_2000, T>20\u00b0C","low":50.0,"high":75.0,"label":"50\u201375 %","fill":"#fe9929","fillOpacity":0.56,"stroke":"#fe9929","strokeOpacity":0.68,"strokeWeight":0.35},"geometry":{"type":"Polygon","coordinates":[[[16.8,42.85],[16.9,42.85],[17.0,42.8556],[17.1,42.8588],[17.1412,42.9],[17.2,43.0],[17.1167,43.1],[17.1,43.1167],[17.0,43.1412],[16.9,43.15],[16.85,43.1],[16.9,43.05],[17.0,43.0588],[17.0769,43.0],[17.0,42.9444],[16.9,42.95],[16.8,42.95],[16.75,42.9],[16.8,42.85]]]}},{"type":"Feature","properties":{"layer_id":"1981_2000_T20","layer_label":"1981_2000, T>20\u00b0C","low":50.0,"high":75.0,"label":"50\u201375 %","fill":"#fe9929","fillOpacity":0.56,"stroke":"#fe9929","strokeOpacity":0.68,"strokeWeight":0.35},"geometry":{"type":"Polygon","coordinates":[[[12.2,44.6625],[12.2375,44.7],[12.3,44.7588],[12.3412,44.8],[12.4,44.8556],[12.4444,44.9],[12.4,44.9444],[12.3375,45.0],[12.3,45.0375],[12.2091,45.1],[12.2167,45.2],[12.2,45.2167],[12.1333,45.2],[12.1,45.15],[12.0667,45.1],[12.1,45.05],[12.1333,45.0],[12.12,44.9],[12.1,44.8],[12.1,44.7],[12.2,44.6625]]]}},{"type":"Feature","properties":{"layer_id":"1981_2000_T20","layer_label":"1981_2000, T>20\u00b0C","low":50.0,"high":75.0,"label":"50\u201375 %","fill":"#fe9929","fillOpacity":0.56,"stroke":"#fe9929","strokeOpacity":0.68,"strokeWeight":0.35},"geometry":{"type":"Polygon","coordinates":[[[12.1833,44.7],[12.1833,44.8],[12.2,44.85],[12.25,44.9],[12.275,45.0],[12.3,45.0063],[12.3063,45.0],[12.4,44.9167],[12.4167,44.9],[12.4,44.8833],[12.3118,44.8],[12.3,44.7882],[12.2063,44.7],[12.2,44.6938],[12.1833,44.7]]]}},{"type":"Feature","properties":{"layer_id":"1981_2000_T20","layer_label":"1981_2000, T>20\u00b0C","low":50.0,"high":75.0,"label":"50\u201375 %","fill":"#fe9929","fillOpacity":0.56,"stroke":"#fe9929","strokeOpacity":0.68,"strokeWeight":0.35},"geometry":{"type":"Polygon","coordinates":[[[37.3,44.8667],[37.4,44.9],[37.3667,45.0],[37.375,45.1],[37.4,45.14],[37.5,45.175],[37.54,45.2],[37.6,45.26],[37.7,45.3],[37.7,45.3],[37.7667,45.4],[37.8,45.4333],[37.8667,45.5],[37.9,45.55],[37.9333,45.6],[38.0,45.7],[38.0,45.7],[38.1,45.8],[38.1,45.8],[38.1,45.8],[38.2,45.7714],[38.3,45.8],[38.275,45.9],[38.3,46.0],[38.3,46.0],[38.4,46.06],[38.5,46.0714],[38.5286,46.1],[38.5167,46.2],[38.5,46.225],[38.4571,46.3],[38.4,46.34],[38.3,46.3667],[38.25,46.4],[38.2,46.4375],[38.1,46.5],[38.1,46.5],[38.1,46.5],[38.2,46.5714],[38.3,46.6],[38.3,46.6],[38.4,46.6455],[38.5,46.675],[38.525,46.7],[38.6,46.8],[38.6,46.8],[38.7,46.85],[38.8,46.875],[38.8667,46.9],[38.9,46.925],[38.95,47.0],[39.0,47.06],[39.1,47.06],[39.2,47.08],[39.22,47.1],[39.2,47.1333],[39.1,47.1667],[39.0,47.2],[38.9,47.2],[38.8,47.15],[38.7,47.1375],[38.6,47.1375],[38.5,47.1429],[38.4,47.1375],[38.3,47.1286],[38.2,47.125],[38.1,47.125],[38.0,47.1333],[37.9,47.1222],[37.8,47.12],[37.7,47.12],[37.6,47.1],[37.6,47.1],[37.5,47.0333],[37.47,47.0],[37.4,46.95],[37.3,46.9417],[37.2,46.9357],[37.1,46.9],[37.1,46.9],[37.0,46.8778],[36.9,46.84],[36.8,46.8],[36.8,46.8],[36.8,46.8],[36.7,46.8143],[36.6,46.8],[36.6,46.8],[36.5,46.74],[36.4,46.7],[36.4,46.7],[36.3,46.65],[36.2,46.625],[36.1,46.6222],[36.0,46.6125],[35.9,46.6125],[35.85,46.6],[35.8,46.5833],[35.7,46.5714],[35.6,46.525],[35.5333,46.5],[35.5,46.4857],[35.4667,46.5],[35.4,46.5222],[35.3667,46.5],[35.3,46.4333],[35.25,46.4],[35.2,46.3714],[35.1,46.3667],[35.0,46.3125],[34.9857,46.3],[34.9,46.2333],[34.8,46.23],[34.7,46.2125],[34.6,46.2],[34.6,46.2],[34.525,46.1],[34.5,46.08],[34.4667,46.1],[34.4,46.1333],[34.3,46.1429],[34.22,46.2],[34.2,46.2111],[34.1,46.2111],[34.075,46.2],[34.1,46.15],[34.15,46.1],[34.2,46.0875],[34.3,46.0625],[34.3625,46.0],[34.4,45.9571],[34.45,45.9],[34.5,45.8667],[34.6,45.8364],[34.7,45.8111],[34.7125,45.8],[34.7875,45.7],[34.8,45.6889],[34.9,45.6444],[34.9444,45.6],[35.0,45.55],[35.05,45.5],[35.0667,45.4],[35.1,45.3333],[35.1333,45.3],[35.2,45.2333],[35.24,45.2],[35.3,45.1625],[35.3833,45.1],[35.3833,45.0],[35.4,44.9833],[35.4167,45.0],[35.4091,45.1],[35.5,45.1714],[35.6,45.1588],[35.7,45.1588],[35.7625,45.1],[35.8,45.0625],[35.9,45.0588],[36.0,45.0588],[36.1,45.0588],[36.2,45.0556],[36.3,45.0556],[36.4,45.0526],[36.4474,45.1],[36.5,45.15],[36.55,45.2],[36.6,45.25],[36.65,45.2],[36.7,45.15],[36.8,45.1526],[36.9,45.1526],[36.9474,45.2],[37.0,45.2526],[37.05,45.2],[37.1,45.15],[37.1588,45.1],[37.2,45.0588],[37.2714,45.0],[37.2667,44.9],[37.3,44.8667]]]}},{"type":"Feature","properties":{"layer_id":"1981_2000_T20","layer_label":"1981_2000, T>20\u00b0C","low":50.0,"high":75.0,"label":"50\u201375 %","fill":"#fe9929","fillOpacity":0.56,"stroke":"#fe9929","strokeOpacity":0.68,"strokeWeight":0.35},"geometry":{"type":"Polygon","coordinates":[[[35.7938,45.1],[35.7,45.1882],[35.6,45.1882],[35.5333,45.2],[35.5,45.2167],[35.4,45.225],[35.3,45.24],[35.225,45.3],[35.2,45.3333],[35.1333,45.4],[35.1,45.5],[35.1,45.5],[35.0,45.6],[35.0,45.6],[34.9,45.7],[34.9,45.7],[34.8,45.7667],[34.775,45.8],[34.7,45.8667],[34.6,45.8818],[34.5333,45.9],[34.5333,46.0],[34.6,46.05],[34.7,46.0667],[34.7333,46.1],[34.8,46.15],[34.9,46.15],[35.0,46.2],[35.0,46.2],[35.1,46.275],[35.2,46.3],[35.2,46.3],[35.3,46.325],[35.4,46.35],[35.4667,46.4],[35.5,46.4143],[35.6,46.425],[35.7,46.5],[35.8,46.5],[35.9,46.5],[36.0,46.5],[36.0,46.5],[36.1,46.525],[36.2,46.54],[36.275,46.6],[36.3,46.6083],[36.4,46.6286],[36.5,46.68],[36.6,46.7],[36.6,46.7],[36.7,46.7333],[36.8,46.7375],[36.9,46.78],[36.9333,46.8],[37.0,46.8222],[37.1,46.8286],[37.2,46.9],[37.3,46.9],[37.3,46.9],[37.4,46.9143],[37.5,46.95],[37.6,46.975],[37.65,47.0],[37.7,47.025],[37.8,47.025],[37.9,47.025],[38.0,47.025],[38.1,47.025],[38.2,47.04],[38.3,47.025],[38.4,47.0333],[38.5,47.0333],[38.55,47.0],[38.5333,46.9],[38.5,46.8667],[38.46,46.8],[38.425,46.7],[38.4,46.6909],[38.3,46.6625],[38.2,46.6429],[38.1,46.6375],[38.0,46.6286],[37.9,46.6],[37.9,46.6],[37.84,46.5],[37.9,46.4571],[38.0,46.44],[38.1,46.4167],[38.1333,46.4],[38.2,46.3714],[38.3,46.3111],[38.35,46.3],[38.4,46.2667],[38.4333,46.2],[38.4,46.16],[38.3,46.1167],[38.2667,46.1],[38.2375,46.0],[38.2125,45.9],[38.2,45.875],[38.1,45.8625],[38.0,45.8286],[37.9714,45.8],[37.9,45.7375],[37.8625,45.7],[37.8,45.6286],[37.7667,45.6],[37.7,45.5],[37.7,45.5],[37.65,45.4],[37.6,45.35],[37.5,45.3],[37.5,45.3],[37.4,45.25],[37.36,45.2],[37.3125,45.1],[37.3,45.05],[37.2,45.0882],[37.1882,45.1],[37.1,45.175],[37.075,45.2],[37.0,45.2789],[36.9211,45.2],[36.9,45.1789],[36.8,45.1789],[36.7,45.175],[36.675,45.2],[36.6,45.275],[36.525,45.2],[36.5,45.175],[36.4211,45.1],[36.4,45.0789],[36.3,45.0833],[36.2,45.0833],[36.1,45.0882],[36.0,45.0882],[35.9,45.0882],[35.8,45.0938],[35.7938,45.1]]]}},{"type":"Feature","properties":{"layer_id":"1981_2000_T20","layer_label":"1981_2000, T>20\u00b0C","low":50.0,"high":75.0,"label":"50\u201375 %","fill":"#fe9929","fillOpacity":0.56,"stroke":"#fe9929","strokeOpacity":0.68,"strokeWeight":0.35},"geometry":{"type":"Polygon","coordinates":[[[35.9,45.1667],[36.0,45.1667],[36.1,45.2],[36.1,45.2],[36.2,45.3],[36.2,45.3],[36.25,45.4],[36.2,45.4167],[36.1,45.4286],[36.06,45.4],[36.0,45.34],[35.9,45.3],[35.9,45.3],[35.85,45.2],[35.9,45.1667]]]}},{"type":"Feature","properties":{"layer_id":"1981_2000_T20","layer_label":"1981_2000, T>20\u00b0C","low":50.0,"high":75.0,"label":"50\u201375 %","fill":"#fe9929","fillOpacity":0.56,"stroke":"#fe9929","strokeOpacity":0.68,"strokeWeight":0.35},"geometry":{"type":"Polygon","coordinates":[[[42.3,47.6333],[42.4,47.64],[42.5,47.64],[42.6,47.65],[42.7,47.7],[42.7,47.7],[42.8,47.8],[42.8,47.8],[42.9,47.8],[43.0,47.9],[42.9,48.0],[42.8,47.9667],[42.7,47.9],[42.7,47.9],[42.6,47.8],[42.6,47.8],[42.5,47.8],[42.4,47.775],[42.3,47.74],[42.2333,47.7],[42.3,47.6333]]]}},{"type":"Feature","properties":{"layer_id":"1981_2000_T20","layer_label":"1981_2000, T>20\u00b0C","low":75.0,"high":90.0,"label":"75\u201390 %","fill":"#d95f0e","fillOpacity":0.68,"stroke":"#d95f0e","strokeOpacity":0.8,"strokeWeight":0.35},"geometry":{"type":"Polygon","coordinates":[[[3.0,34.0],[3.1,34.0],[3.1,34.0],[3.2,34.1],[3.3,34.1],[3.4,34.1],[3.4,34.1],[3.4,34.2],[3.5,34.3],[3.6,34.25],[3.7,34.2333],[3.8,34.2333],[3.8667,34.3],[3.9,34.32],[4.0,34.3333],[4.0667,34.4],[4.1,34.4333],[4.1667,34.5],[4.2,34.525],[4.3,34.5333],[4.4,34.6],[4.4,34.6],[4.5,34.7],[4.5,34.7],[4.6,34.8],[4.6,34.8],[4.6,34.8],[4.5,34.8],[4.4667,34.9],[4.4889,35.0],[4.5,35.05],[4.55,35.1],[4.55,35.2],[4.5,35.25],[4.4,35.25],[4.3,35.25],[4.275,35.3],[4.25,35.4],[4.2333,35.5],[4.25,35.6],[4.3,35.6167],[4.4,35.6333],[4.5,35.7],[4.5,35.7],[4.6,35.72],[4.7,35.7111],[4.72,35.7],[4.8,35.6333],[4.9,35.625],[5.0,35.625],[5.1,35.6125],[5.12,35.6],[5.2,35.5],[5.2,35.5],[5.3,35.4667],[5.3667,35.4],[5.35,35.3],[5.4,35.2],[5.4,35.2],[5.4,35.2],[5.5,35.3],[5.5,35.3],[5.6,35.31],[5.65,35.3],[5.7,35.25],[5.7167,35.2],[5.8,35.1286],[5.9,35.1083],[5.95,35.1],[6.0,35.0667],[6.1,35.0143],[6.1333,35.0],[6.2,34.95],[6.3,34.9333],[6.4,34.9222],[6.5,34.94],[6.6,34.94],[6.7,34.925],[6.8,34.91],[6.8333,34.9],[6.9,34.85],[7.0,34.8286],[7.1,34.85],[7.2,34.85],[7.3,34.8111],[7.4,34.8],[7.4,34.8],[7.5,34.7333],[7.6,34.7111],[7.7,34.7],[7.7,34.7],[7.8,34.6167],[7.9,34.6],[7.9,34.6],[8.0,34.55],[8.1,34.5333],[8.2,34.5],[8.2,34.5],[8.3,34.5],[8.4,34.5],[8.5,34.5],[8.6,34.4],[8.6,34.4],[8.6,34.4],[8.7,34.4667],[8.8,34.4],[8.8,34.4],[8.9,34.3333],[9.0,34.3333],[9.0333,34.3],[9.1,34.25],[9.2,34.25],[9.3,34.25],[9.35,34.2],[9.4,34.15],[9.5,34.15],[9.6,34.2],[9.7,34.2],[9.7,34.2],[9.7,34.2],[9.6,34.2],[9.5,34.25],[9.4,34.3],[9.5,34.35],[9.6,34.4],[9.6,34.4],[9.7,34.45],[9.8,34.4],[9.8,34.3],[9.8,34.3],[9.9,34.3],[10.0,34.3],[10.01,34.2],[10.01,34.1],[10.01,34.0],[10.025,34.0],[10.025,34.1],[10.025,34.2],[10.1,34.2789],[10.1211,34.3],[10.2,34.375],[10.3,34.375],[10.325,34.4],[10.325,34.5],[10.4,34.575],[10.5,34.575],[10.6,34.575],[10.625,34.6],[10.7,34.675],[10.725,34.7],[10.725,34.8],[10.8,34.875],[10.9,34.875],[10.925,34.9],[10.925,35.0],[11.0,35.075],[11.025,35.1],[11.025,35.2],[11.1,35.275],[11.125,35.3],[11.1,35.325],[11.0211,35.4],[11.0211,35.5],[11.025,35.6],[11.0,35.625],[10.925,35.7],[10.9,35.725],[10.8,35.725],[10.7167,35.7],[10.8,35.6],[10.8,35.6],[10.8,35.5],[10.8,35.5],[10.75,35.4],[10.7,35.35],[10.65,35.4],[10.6,35.5],[10.6,35.5],[10.54,35.6],[10.5,35.7],[10.5,35.7],[10.45,35.8],[10.5,35.8333],[10.6,35.8],[10.6118,35.9],[10.6,35.9118],[10.5167,36.0],[10.5,36.0167],[10.4,36.1],[10.35,36.0],[10.4,35.9333],[10.4333,35.9],[10.4,35.85],[10.3,35.85],[10.25,35.9],[10.2,35.92],[10.175,35.9],[10.1,35.825],[10.05,35.8],[10.0,35.7],[10.0,35.7],[9.98,35.6],[10.0,35.55],[10.05,35.5],[10.0,35.4],[10.0,35.3],[10.0,35.3],[9.9,35.3],[9.8,35.2],[9.8,35.2],[9.7,35.15],[9.6875,35.1],[9.7,35.05],[9.7333,35.0],[9.7,34.95],[9.6,34.9125],[9.5,34.9],[9.6,34.8],[9.6,34.8],[9.6,34.8],[9.5,34.8],[9.4,34.75],[9.3333,34.7],[9.3,34.6],[9.3,34.5],[9.3333,34.4],[9.3,34.3667],[9.2,34.35],[9.1,34.35],[9.05,34.4],[9.0,34.5],[9.0,34.5],[9.0,34.5],[9.1,34.5667],[9.2,34.5667],[9.3,34.6],[9.2,34.625],[9.1,34.625],[9.0,34.65],[8.9,34.6],[8.9,34.6],[8.8,34.6],[8.7,34.6],[8.6,34.525],[8.5,34.55],[8.4,34.55],[8.3,34.55],[8.2,34.575],[8.15,34.6],[8.1,34.61],[8.0,34.61],[7.9,34.63],[7.8,34.6667],[7.76,34.7],[7.7,34.7273],[7.6,34.7444],[7.5,34.7833],[7.475,34.8],[7.4,34.8231],[7.3,34.8444],[7.2167,34.9],[7.2,34.9071],[7.1,34.9071],[7.0667,34.9],[7.0,34.8714],[6.9333,34.9],[6.9,34.9077],[6.8,34.94],[6.7,34.9625],[6.6,35.0],[6.5,35.0],[6.4,34.9556],[6.3,34.9833],[6.25,35.0],[6.2,35.02],[6.1,35.0571],[6.04,35.1],[6.0,35.1143],[5.9,35.1333],[5.8,35.1714],[5.7667,35.2],[5.7333,35.3],[5.7,35.3167],[5.6,35.34],[5.5,35.4],[5.5,35.4],[5.4,35.5],[5.4,35.5],[5.3,35.525],[5.2,35.575],[5.18,35.6],[5.1,35.65],[5.0,35.6625],[4.9,35.6625],[4.8,35.6833],[4.78,35.7],[4.7,35.7444],[4.6,35.75],[4.5,35.7429],[4.425,35.7],[4.4,35.6833],[4.3,35.6667],[4.2,35.64],[4.1667,35.6],[4.16,35.5],[4.1714,35.4],[4.2,35.3],[4.2,35.3],[4.26,35.2],[4.3,35.175],[4.4,35.1667],[4.4667,35.1],[4.4556,35.0],[4.4,34.9167],[4.375,34.9],[4.325,34.8],[4.35,34.7],[4.3,34.65],[4.2,34.6],[4.2,34.6],[4.1,34.6],[4.05,34.5],[4.0,34.45],[3.95,34.4],[3.9,34.38],[3.8,34.3125],[3.7,34.3143],[3.6,34.325],[3.5,34.375],[3.4,34.3429],[3.3,34.3154],[3.2333,34.3],[3.2,34.275],[3.1,34.2444],[3.0,34.2143],[2.9667,34.2],[2.95,34.1],[2.9667,34.0],[3.0,34.0]]]}},{"type":"Feature","properties":{"layer_id":"1981_2000_T20","layer_label":"1981_2000, T>20\u00b0C","low":75.0,"high":90.0,"label":"75\u201390 %","fill":"#d95f0e","fillOpacity":0.68,"stroke":"#d95f0e","strokeOpacity":0.8,"strokeWeight":0.35},"geometry":{"type":"Polygon","coordinates":[[[10.1,34.4],[10.1,34.4],[10.075,34.5],[10.1,34.55],[10.2,34.5],[10.2,34.5],[10.2,34.5],[10.3,34.6],[10.31,34.5],[10.31,34.4],[10.3,34.39],[10.2,34.39],[10.1,34.4]]]}},{"type":"Feature","properties":{"layer_id":"1981_2000_T20","layer_label":"1981_2000, T>20\u00b0C","low":75.0,"high":90.0,"label":"75\u201390 %","fill":"#d95f0e","fillOpacity":0.68,"stroke":"#d95f0e","strokeOpacity":0.8,"strokeWeight":0.35},"geometry":{"type":"Polygon","coordinates":[[[10.3,34.6],[10.35,34.7],[10.4,34.8],[10.4,34.8],[10.5,34.9],[10.6,34.9],[10.6,34.9],[10.7,34.9667],[10.7333,35.0],[10.7333,35.1],[10.8,35.1667],[10.8333,35.2],[10.8667,35.3],[10.8667,35.4],[10.9,35.5],[10.9,35.5],[10.9,35.6],[11.0,35.61],[11.01,35.6],[11.0053,35.5],[11.0053,35.4],[11.1,35.31],[11.11,35.3],[11.1,35.29],[11.01,35.2],[11.01,35.1],[11.0,35.09],[10.91,35.0],[10.91,34.9],[10.9,34.89],[10.8,34.89],[10.71,34.8],[10.71,34.7],[10.7,34.69],[10.61,34.6],[10.6,34.59],[10.5,34.59],[10.4,34.59],[10.3,34.6]]]}},{"type":"Feature","properties":{"layer_id":"1981_2000_T20","layer_label":"1981_2000, T>20\u00b0C","low":75.0,"high":90.0,"label":"75\u201390 %","fill":"#d95f0e","fillOpacity":0.68,"stroke":"#d95f0e","strokeOpacity":0.8,"strokeWeight":0.35},"geometry":{"type":"Polygon","coordinates":[[[10.25,35.5],[10.3,35.6],[10.4,35.6],[10.45,35.5],[10.4,35.4],[10.3,35.45],[10.25,35.5]]]}},{"type":"Feature","properties":{"layer_id":"1981_2000_T20","layer_label":"1981_2000, T>20\u00b0C","low":75.0,"high":90.0,"label":"75\u201390 %","fill":"#d95f0e","fillOpacity":0.68,"stroke":"#d95f0e","strokeOpacity":0.8,"strokeWeight":0.35},"geometry":{"type":"Polygon","coordinates":[[[38.4,34.05],[38.5,34.0333],[38.6,34.1],[38.6,34.1],[38.7,34.1667],[38.8,34.1667],[38.9,34.1],[39.0,34.1],[39.0,34.1],[39.1,34.0],[39.1,34.0],[39.2,34.0],[39.2,34.0],[39.2333,34.1],[39.2,34.15],[39.15,34.2],[39.1,34.25],[39.0,34.25],[38.9,34.2667],[38.8,34.3],[38.8,34.3],[38.75,34.4],[38.75,34.5],[38.7,34.6],[38.7,34.6],[38.6,34.65],[38.5,34.7],[38.6,34.75],[38.6333,34.8],[38.68,34.9],[38.7,35.0],[38.7,35.0],[38.7,35.0],[38.6,35.1],[38.6,35.1],[38.5,35.1],[38.4,35.1333],[38.3333,35.2],[38.3,35.2333],[38.2,35.25],[38.1,35.3],[38.1,35.3],[38.05,35.4],[38.0,35.5],[38.0,35.5],[37.9,35.5333],[37.8,35.55],[37.7,35.55],[37.6333,35.5],[37.6,35.4833],[37.5,35.4714],[37.4,35.4833],[37.3,35.5],[37.3,35.5],[37.2333,35.6],[37.2333,35.7],[37.2,35.7333],[37.1,35.75],[37.0,35.7667],[36.9,35.7667],[36.8667,35.8],[36.8,35.88],[36.7889,35.9],[36.7,35.9889],[36.6857,36.0],[36.7,36.0333],[36.7667,36.1],[36.8,36.125],[36.9,36.15],[37.0,36.2],[37.0,36.2],[37.1,36.2333],[37.2,36.2333],[37.3,36.2333],[37.4,36.2333],[37.5,36.2667],[37.5333,36.3],[37.6,36.4],[37.6,36.4],[37.7,36.5],[37.7,36.5],[37.7,36.5],[37.6,36.5667],[37.5,36.575],[37.4,36.575],[37.3,36.6],[37.38,36.7],[37.4,36.72],[37.48,36.8],[37.5,36.85],[37.55,36.9],[37.6,36.925],[37.7,36.95],[37.75,37.0],[37.8,37.0667],[37.8333,37.1],[37.9,37.1667],[38.0,37.15],[38.1,37.1],[38.1,37.0],[38.1,37.0],[38.2,37.0],[38.2,37.0],[38.2,37.1],[38.2,37.1],[38.15,37.2],[38.1,37.25],[38.05,37.3],[38.05,37.4],[38.1,37.4333],[38.1667,37.5],[38.2,37.6],[38.2,37.6],[38.3,37.65],[38.3667,37.6],[38.4,37.5667],[38.4333,37.6],[38.5,37.6667],[38.6,37.6667],[38.7,37.7],[38.8,37.7],[38.9,37.7],[39.0,37.6],[38.9,37.5],[38.9,37.5],[38.9,37.4],[38.9,37.4],[39.0,37.35],[39.1,37.4],[39.2,37.3],[39.2,37.3],[39.3,37.3],[39.3,37.3],[39.4,37.4],[39.5,37.4],[39.6,37.4],[39.7,37.4],[39.8,37.3667],[39.9,37.3667],[40.0,37.4],[40.1,37.3667],[40.2,37.34],[40.3,37.3],[40.3,37.3],[40.4,37.25],[40.5,37.25],[40.6,37.24],[40.7,37.25],[40.8,37.2667],[40.9,37.24],[41.0,37.2667],[41.1,37.25],[41.2,37.2667],[41.3,37.2],[41.3,37.2],[41.4,37.2],[41.5,37.2],[41.6,37.2],[41.7,37.2],[41.8,37.2],[41.8,37.2],[41.9,37.225],[42.0,37.2667],[42.1,37.2667],[42.2,37.3],[42.3,37.22],[42.3333,37.2],[42.4,37.15],[42.45,37.1],[42.5,37.05],[42.6,37.0],[42.6,37.0],[42.7,36.9667],[42.8,37.0],[42.84,36.9],[42.9,36.84],[43.0,36.82],[43.05,36.8],[43.1,36.7667],[43.2,36.75],[43.3,36.7333],[43.4,36.7333],[43.5,36.7333],[43.6,36.7333],[43.7,36.72],[43.725,36.7],[43.8,36.64],[43.875,36.7],[43.9,36.72],[44.0,36.7125],[44.1,36.71],[44.1333,36.7],[44.2,36.6333],[44.3,36.6143],[44.4,36.6111],[44.4143,36.6],[44.4111,36.5],[44.4,36.475],[44.3,36.45],[44.2,36.4667],[44.1333,36.4],[44.2,36.3333],[44.2333,36.3],[44.3,36.2333],[44.4,36.2],[44.4,36.2],[44.4,36.2],[44.4,36.3],[44.5,36.3125],[44.6,36.3],[44.6,36.3],[44.7,36.2],[44.6,36.1],[44.5,36.1],[44.5,36.1],[44.5,36.1],[44.6,36.1],[44.7,36.05],[44.75,36.1],[44.8,36.2],[44.8,36.2],[44.9,36.2333],[45.0,36.2333],[45.0,36.2833],[44.9,36.2833],[44.8,36.3],[44.7,36.3],[44.7,36.3],[44.6,36.33],[44.5,36.35],[44.4,36.4],[44.4,36.4],[44.4,36.4],[44.4444,36.5],[44.4571,36.6],[44.4,36.6444],[44.3,36.6571],[44.225,36.7],[44.2,36.71],[44.1,36.74],[44.0,36.75],[43.9,36.78],[43.8,36.7],[43.8,36.7],[43.8,36.7],[43.7,36.78],[43.6,36.7833],[43.5,36.7833],[43.4,36.7833],[43.3,36.7833],[43.25,36.8],[43.2,36.8143],[43.1,36.85],[43.0,36.88],[42.9,36.9],[42.9,36.9],[42.9,36.9],[43.0,37.0],[42.9,37.02],[42.8,37.06],[42.7,37.0667],[42.6,37.075],[42.55,37.1],[42.5,37.15],[42.45,37.2],[42.4,37.22],[42.3,37.28],[42.275,37.3],[42.2,37.375],[42.1,37.3667],[42.0,37.35],[41.96,37.4],[41.9,37.475],[41.85,37.5],[41.9,37.52],[41.9364,37.6],[41.9455,37.7],[41.9,37.7833],[41.875,37.8],[41.8,37.8375],[41.7,37.86],[41.6,37.9],[41.6,37.9],[41.5,37.9222],[41.4,37.9375],[41.3,37.94],[41.225,38.0],[41.2,38.0083],[41.1,38.0143],[41.0,38.0188],[40.9,38.0286],[40.8,38.03],[40.7,38.0455],[40.6,38.025],[40.5143,38.1],[40.5,38.15],[40.4,38.1667],[40.3,38.2],[40.2,38.1],[40.2,38.1],[40.1,38.04],[40.0,38.0667],[39.9,38.0667],[39.8,38.05],[39.7667,38.0],[39.8,37.9857],[39.9,37.95],[40.0,37.9333],[40.05,37.9],[40.1,37.8],[40.1,37.8],[40.1,37.8],[40.0714,37.7],[40.0714,37.6],[40.0,37.5],[40.0,37.5],[39.9,37.4667],[39.8,37.5],[39.8,37.5],[39.7,37.6],[39.7,37.6],[39.6167,37.7],[39.6,37.71],[39.5,37.7333],[39.4,37.725],[39.3,37.75],[39.2,37.8],[39.2,37.8],[39.125,37.9],[39.1,37.9143],[39.0,37.91],[38.9857,37.9],[38.9,37.825],[38.8,37.8111],[38.7,37.8167],[38.6,37.8273],[38.5,37.8111],[38.4,37.8],[38.4,37.8],[38.3,37.8],[38.2,37.7143],[38.1833,37.7],[38.1,37.6],[38.1,37.6],[38.0,37.6],[37.9667,37.5],[37.9,37.4333],[37.8,37.4333],[37.7,37.4],[37.7,37.3],[37.7,37.2],[37.7,37.1],[37.7,37.1],[37.6,37.0],[37.6,37.0],[37.5,36.9667],[37.45,36.9],[37.42,36.8],[37.4,36.78],[37.32,36.7],[37.3,36.675],[37.25,36.6],[37.25,36.5],[37.3,36.4333],[37.4,36.5],[37.4,36.5],[37.5,36.5],[37.5,36.5],[37.5,36.4],[37.5,36.4],[37.4333,36.3],[37.4,36.2833],[37.35,36.3],[37.3,36.35],[37.25,36.4],[37.2,36.4333],[37.175,36.4],[37.1,36.325],[37.075,36.3],[37.0,36.25],[36.9,36.2143],[36.8,36.2],[36.8,36.2],[36.7,36.1143],[36.68,36.1],[36.6429,36.0],[36.7,35.9556],[36.7556,35.9],[36.8,35.82],[36.8167,35.8],[36.9,35.7167],[37.0,35.7167],[37.05,35.7],[37.1,35.6],[37.1,35.6],[37.15,35.5],[37.2,35.45],[37.3,35.44],[37.4,35.4333],[37.5,35.4286],[37.6,35.4333],[37.7,35.475],[37.8,35.48],[37.9,35.4],[37.9,35.4],[38.0,35.3],[38.0,35.3],[38.1,35.2],[38.1,35.2],[38.2,35.15],[38.25,35.1],[38.3,35.0857],[38.4,35.0714],[38.5,35.04],[38.5667,35.0],[38.6,34.95],[38.62,34.9],[38.6,34.8667],[38.56,34.8],[38.5,34.75],[38.4,34.7],[38.4,34.7],[38.3,34.6],[38.4,34.5],[38.4,34.5],[38.5,34.4],[38.6,34.4],[38.6,34.4],[38.6,34.4],[38.5,34.3],[38.5,34.3],[38.4,34.25],[38.3,34.2],[38.35,34.1],[38.4,34.05]]]}},{"type":"Feature","properties":{"layer_id":"1981_2000_T20","layer_label":"1981_2000, T>20\u00b0C","low":75.0,"high":90.0,"label":"75\u201390 %","fill":"#d95f0e","fillOpacity":0.68,"stroke":"#d95f0e","strokeOpacity":0.8,"strokeWeight":0.35},"geometry":{"type":"Polygon","coordinates":[[[40.6,37.3],[40.5,37.3143],[40.4,37.3167],[40.3,37.36],[40.2,37.4],[40.2,37.4],[40.125,37.5],[40.2,37.56],[40.24,37.6],[40.25,37.7],[40.3,37.75],[40.35,37.7],[40.4,37.6667],[40.5,37.625],[40.6,37.64],[40.7,37.66],[40.8,37.6429],[40.85,37.6],[40.9,37.5],[40.95,37.6],[41.0,37.675],[41.1,37.7],[41.1,37.7],[41.2,37.75],[41.225,37.8],[41.3,37.86],[41.4,37.8],[41.5,37.8],[41.5,37.8],[41.6,37.75],[41.62,37.7],[41.7,37.6333],[41.7333,37.6],[41.7875,37.5],[41.8,37.4],[41.8,37.4],[41.9,37.3],[41.9,37.3],[41.9,37.3],[41.8,37.3],[41.7,37.3],[41.7,37.3],[41.6,37.34],[41.5,37.35],[41.425,37.3],[41.4,37.275],[41.3,37.3],[41.3,37.3],[41.3,37.3],[41.4,37.4],[41.4,37.4],[41.425,37.5],[41.4,37.5333],[41.3,37.5333],[41.2,37.5],[41.2,37.5],[41.1,37.4429],[41.0,37.5],[40.9,37.4],[40.9,37.3],[40.9,37.3],[40.9,37.3],[40.8,37.4],[40.7,37.35],[40.6,37.3],[40.6,37.3],[40.6,37.3]]]}},{"type":"Feature","properties":{"layer_id":"1981_2000_T20","layer_label":"1981_2000, T>20\u00b0C","low":75.0,"high":90.0,"label":"75\u201390 %","fill":"#d95f0e","fillOpacity":0.68,"stroke":"#d95f0e","strokeOpacity":0.8,"strokeWeight":0.35},"geometry":{"type":"Polygon","coordinates":[[[39.15,37.5],[39.1,37.6],[39.2,37.6667],[39.3,37.65],[39.4,37.65],[39.5,37.6667],[39.6,37.6],[39.5,37.5333],[39.4,37.5],[39.3,37.5],[39.3,37.5],[39.2,37.4],[39.15,37.5]]]}},{"type":"Feature","properties":{"layer_id":"1981_2000_T20","layer_label":"1981_2000, T>20\u00b0C","low":75.0,"high":90.0,"label":"75\u201390 %","fill":"#d95f0e","fillOpacity":0.68,"stroke":"#d95f0e","strokeOpacity":0.8,"strokeWeight":0.35},"geometry":{"type":"Polygon","coordinates":[[[41.7833,37.6],[41.7,37.6833],[41.68,37.7],[41.7,37.8],[41.8,37.8],[41.9,37.7333],[41.9182,37.7],[41.9091,37.6],[41.9,37.58],[41.8,37.5667],[41.7833,37.6]]]}},{"type":"Feature","properties":{"layer_id":"1981_2000_T20","layer_label":"1981_2000, T>20\u00b0C","low":75.0,"high":90.0,"label":"75\u201390 %","fill":"#d95f0e","fillOpacity":0.68,"stroke":"#d95f0e","strokeOpacity":0.8,"strokeWeight":0.35},"geometry":{"type":"Polygon","coordinates":[[[40.75,37.7],[40.7,37.8],[40.7,37.8],[40.7,37.8],[40.6,37.7],[40.5333,37.8],[40.6,37.9],[40.6,37.9],[40.6333,38.0],[40.7,38.0182],[40.8,38.0],[40.8,38.0],[40.8,38.0],[40.9,38.0071],[41.0,38.0],[41.0,38.0],[41.1,37.9667],[41.2,37.9],[41.1,37.8],[41.1,37.8],[41.0,37.7667],[40.9,37.7],[40.9,37.7],[40.8,37.6857],[40.75,37.7]]]}},{"type":"Feature","properties":{"layer_id":"1981_2000_T20","layer_label":"1981_2000, T>20\u00b0C","low":75.0,"high":90.0,"label":"75\u201390 %","fill":"#d95f0e","fillOpacity":0.68,"stroke":"#d95f0e","strokeOpacity":0.8,"strokeWeight":0.35},"geometry":{"type":"Polygon","coordinates":[[[36.0,34.5167],[36.1,34.5545],[36.1556,34.6],[36.2,34.6444],[36.2417,34.7],[36.225,34.8],[36.2,34.8429],[36.1429,34.9],[36.1,34.95],[36.0571,35.0],[36.0333,35.1],[36.02,35.2],[36.0357,35.3],[36.0385,35.4],[36.0294,35.5],[36.0294,35.6],[36.0167,35.7],[36.0182,35.8],[36.0308,35.9],[36.0375,36.0],[36.1,36.0625],[36.2,36.08],[36.3,36.0667],[36.4,36.0333],[36.4333,36.1],[36.5,36.1667],[36.5286,36.2],[36.6,36.2833],[36.6167,36.3],[36.6,36.4],[36.6,36.4],[36.52,36.5],[36.5,36.52],[36.4,36.525],[36.3333,36.5],[36.3,36.475],[36.2667,36.5],[36.2333,36.6],[36.2286,36.7],[36.2,36.7211],[36.1789,36.7],[36.1789,36.6],[36.1,36.525],[36.075,36.5],[36.0,36.4211],[35.9,36.425],[35.875,36.4],[35.8789,36.3],[35.9,36.2789],[36.0,36.3],[36.0,36.3],[36.0,36.3],[36.0,36.3],[35.975,36.2],[35.9,36.125],[35.875,36.1],[35.9,36.075],[35.9833,36.0],[35.9,35.925],[35.875,35.9],[35.875,35.8],[35.8,35.725],[35.775,35.7],[35.8,35.675],[35.875,35.6],[35.8,35.525],[35.775,35.5],[35.8,35.475],[35.875,35.4],[35.9,35.375],[35.975,35.3],[35.9882,35.2],[35.9882,35.1],[35.9,35.025],[35.875,35.0],[35.9,34.975],[35.9789,34.9],[35.975,34.8],[35.9,34.725],[35.875,34.7],[35.9,34.675],[35.975,34.6],[36.0,34.5167]]]}},{"type":"Feature","properties":{"layer_id":"1981_2000_T20","layer_label":"1981_2000, T>20\u00b0C","low":75.0,"high":90.0,"label":"75\u201390 %","fill":"#d95f0e","fillOpacity":0.68,"stroke":"#d95f0e","strokeOpacity":0.8,"strokeWeight":0.35},"geometry":{"type":"Polygon","coordinates":[[[35.99,34.6],[35.9,34.69],[35.89,34.7],[35.9,34.71],[35.99,34.8],[35.9947,34.9],[35.9,34.99],[35.89,35.0],[35.9,35.01],[36.0,35.05],[36.0143,35.0],[36.1,34.9],[36.1,34.9],[36.2,34.8],[36.2,34.8],[36.2167,34.7],[36.2,34.6778],[36.1222,34.6],[36.1,34.5818],[36.0,34.5667],[35.99,34.6]]]}},{"type":"Feature","properties":{"layer_id":"1981_2000_T20","layer_label":"1981_2000, T>20\u00b0C","low":75.0,"high":90.0,"label":"75\u201390 %","fill":"#d95f0e","fillOpacity":0.68,"stroke":"#d95f0e","strokeOpacity":0.8,"strokeWeight":0.35},"geometry":{"type":"Polygon","coordinates":[[[35.99,35.3],[35.9,35.39],[35.89,35.4],[35.8,35.49],[35.79,35.5],[35.8,35.51],[35.89,35.6],[35.8,35.69],[35.79,35.7],[35.8,35.71],[35.89,35.8],[35.89,35.9],[35.9,35.91],[36.0,36.0],[36.0077,35.9],[36.0,35.85],[35.9667,35.8],[35.9667,35.7],[36.0,35.6667],[36.0118,35.6],[36.0118,35.5],[36.0154,35.4],[36.0143,35.3],[36.0,35.2333],[35.99,35.3]]]}},{"type":"Feature","properties":{"layer_id":"1981_2000_T20","layer_label":"1981_2000, T>20\u00b0C","low":75.0,"high":90.0,"label":"75\u201390 %","fill":"#d95f0e","fillOpacity":0.68,"stroke":"#d95f0e","strokeOpacity":0.8,"strokeWeight":0.35},"geometry":{"type":"Polygon","coordinates":[[[35.89,36.1],[35.9,36.11],[35.99,36.2],[36.0,36.24],[36.1,36.2],[36.1,36.1],[36.0,36.0],[35.9,36.09],[35.89,36.1]]]}},{"type":"Feature","properties":{"layer_id":"1981_2000_T20","layer_label":"1981_2000, T>20\u00b0C","low":75.0,"high":90.0,"label":"75\u201390 %","fill":"#d95f0e","fillOpacity":0.68,"stroke":"#d95f0e","strokeOpacity":0.8,"strokeWeight":0.35},"geometry":{"type":"Polygon","coordinates":[[[36.1,36.2],[36.2,36.3],[36.3,36.3],[36.3,36.3],[36.3,36.4],[36.4,36.4667],[36.5,36.4333],[36.525,36.4],[36.5,36.3],[36.5,36.3],[36.45,36.2],[36.4,36.15],[36.3,36.1],[36.2,36.1333],[36.1,36.2]]]}},{"type":"Feature","properties":{"layer_id":"1981_2000_T20","layer_label":"1981_2000, T>20\u00b0C","low":75.0,"high":90.0,"label":"75\u201390 %","fill":"#d95f0e","fillOpacity":0.68,"stroke":"#d95f0e","strokeOpacity":0.8,"strokeWeight":0.35},"geometry":{"type":"Polygon","coordinates":[[[32.6,34.675],[32.7,34.675],[32.8,34.675],[32.9,34.675],[33.0,34.675],[33.025,34.7],[33.1,34.775],[33.2,34.775],[33.3,34.775],[33.4,34.775],[33.425,34.8],[33.5,34.875],[33.6,34.875],[33.625,34.9],[33.625,35.0],[33.7,35.075],[33.775,35.0],[33.8,34.975],[33.9,34.975],[33.925,35.0],[33.925,35.1],[33.925,35.2],[34.0,35.275],[34.025,35.3],[34.025,35.4],[34.0,35.425],[33.9,35.425],[33.8,35.425],[33.775,35.4],[33.7,35.325],[33.6,35.325],[33.5,35.325],[33.4,35.325],[33.3,35.325],[33.2,35.325],[33.1,35.325],[33.0,35.325],[32.975,35.3],[32.9,35.225],[32.875,35.2],[32.8,35.125],[32.725,35.2],[32.7,35.225],[32.6,35.225],[32.575,35.2],[32.575,35.1],[32.6,35.0],[32.7,35.0643],[32.8,35.0688],[32.9,35.0667],[33.0,35.0643],[33.1,35.0545],[33.16,35.0],[33.1889,34.9],[33.1,34.8385],[33.0,34.825],[32.9,34.8154],[32.8,34.8385],[32.7,34.8417],[32.63,34.9],[32.6,35.0],[32.6,35.0],[32.5,35.025],[32.4,35.025],[32.375,35.0],[32.375,34.9],[32.375,34.8],[32.4,34.775],[32.5,34.775],[32.575,34.7],[32.6,34.675]]]}},{"type":"Feature","properties":{"layer_id":"1981_2000_T20","layer_label":"1981_2000, T>20\u00b0C","low":75.0,"high":90.0,"label":"75\u201390 %","fill":"#d95f0e","fillOpacity":0.68,"stroke":"#d95f0e","strokeOpacity":0.8,"strokeWeight":0.35},"geometry":{"type":"Polygon","coordinates":[[[32.59,34.7],[32.5,34.79],[32.4,34.79],[32.39,34.8],[32.39,34.9],[32.39,35.0],[32.4,35.01],[32.5,35.01],[32.54,35.0],[32.6,34.9],[32.6,34.9],[32.7,34.8167],[32.8,34.8154],[32.8667,34.8],[32.9,34.7667],[32.95,34.8],[33.0,34.8063],[33.1,34.8154],[33.2,34.85],[33.25,34.9],[33.2,34.9667],[33.19,35.0],[33.1,35.0818],[33.0,35.0857],[32.9,35.0867],[32.8,35.0875],[32.7,35.0857],[32.6,35.06],[32.59,35.1],[32.59,35.2],[32.6,35.21],[32.7,35.21],[32.71,35.2],[32.8,35.11],[32.89,35.2],[32.9,35.21],[32.99,35.3],[33.0,35.31],[33.1,35.31],[33.2,35.31],[33.3,35.31],[33.4,35.31],[33.5,35.31],[33.6,35.31],[33.7,35.31],[33.79,35.4],[33.8,35.41],[33.9,35.41],[34.0,35.41],[34.01,35.4],[34.01,35.3],[34.0,35.29],[33.91,35.2],[33.91,35.1],[33.91,35.0],[33.9,34.99],[33.8,34.99],[33.79,35.0],[33.7,35.09],[33.61,35.0],[33.61,34.9],[33.6,34.89],[33.5,34.89],[33.41,34.8],[33.4,34.79],[33.3,34.79],[33.2,34.79],[33.1,34.79],[33.01,34.7],[33.0,34.69],[32.9,34.69],[32.8,34.69],[32.7,34.69],[32.6,34.69],[32.59,34.7]]]}},{"type":"Feature","properties":{"layer_id":"1981_2000_T20","layer_label":"1981_2000, T>20\u00b0C","low":75.0,"high":90.0,"label":"75\u201390 %","fill":"#d95f0e","fillOpacity":0.68,"stroke":"#d95f0e","strokeOpacity":0.8,"strokeWeight":0.35},"geometry":{"type":"Polygon","coordinates":[[[24.8,34.975],[24.9,34.9789],[24.9667,35.0],[24.9,35.0333],[24.8273,35.1],[24.8,35.1167],[24.7,35.1188],[24.6,35.125],[24.5833,35.1],[24.6,35.0833],[24.7,35.0833],[24.775,35.0],[24.8,34.975]]]}},{"type":"Feature","properties":{"layer_id":"1981_2000_T20","layer_label":"1981_2000, T>20\u00b0C","low":75.0,"high":90.0,"label":"75\u201390 %","fill":"#d95f0e","fillOpacity":0.68,"stroke":"#d95f0e","strokeOpacity":0.8,"strokeWeight":0.35},"geometry":{"type":"Polygon","coordinates":[[[25.9,34.975],[25.925,35.0],[26.0,35.075],[26.1,35.075],[26.2,35.075],[26.3,35.075],[26.325,35.1],[26.325,35.2],[26.3,35.225],[26.2,35.225],[26.1,35.225],[26.0,35.225],[25.9,35.225],[25.875,35.2],[25.8,35.125],[25.725,35.2],[25.725,35.3],[25.7,35.325],[25.6,35.325],[25.55,35.3],[25.6,35.2688],[25.6688,35.2],[25.6688,35.1],[25.7,35.075],[25.8,35.075],[25.875,35.0],[25.9,34.975]]]}},{"type":"Feature","properties":{"layer_id":"1981_2000_T20","layer_label":"1981_2000, T>20\u00b0C","low":75.0,"high":90.0,"label":"75\u201390 %","fill":"#d95f0e","fillOpacity":0.68,"stroke":"#d95f0e","strokeOpacity":0.8,"strokeWeight":0.35},"geometry":{"type":"Polygon","coordinates":[[[25.89,35.0],[25.8,35.09],[25.7,35.09],[25.6875,35.1],[25.6875,35.2],[25.6,35.2875],[25.58,35.3],[25.6,35.31],[25.7,35.31],[25.71,35.3],[25.71,35.2],[25.8,35.11],[25.89,35.2],[25.9,35.21],[26.0,35.21],[26.1,35.21],[26.2,35.21],[26.3,35.21],[26.31,35.2],[26.31,35.1],[26.3,35.09],[26.2,35.09],[26.1,35.09],[26.0,35.09],[25.91,35.0],[25.9,34.99],[25.89,35.0]]]}},{"type":"Feature","properties":{"layer_id":"1981_2000_T20","layer_label":"1981_2000, T>20\u00b0C","low":75.0,"high":90.0,"label":"75\u201390 %","fill":"#d95f0e","fillOpacity":0.68,"stroke":"#d95f0e","strokeOpacity":0.8,"strokeWeight":0.35},"geometry":{"type":"Polygon","coordinates":[[[-0.9,35.65],[-0.8,35.6556],[-0.7,35.6],[-0.6,35.6375],[-0.5,35.625],[-0.4,35.6727],[-0.3,35.6667],[-0.2,35.6636],[-0.1,35.625],[0.0,35.6778],[0.1,35.7],[0.1,35.7],[0.15,35.8],[0.2,35.9],[0.1,35.9211],[0.0789,35.9],[0.0,35.8211],[-0.0211,35.8],[-0.1,35.7167],[-0.2,35.7211],[-0.3,35.7211],[-0.375,35.8],[-0.4,35.825],[-0.5,35.825],[-0.525,35.8],[-0.6,35.725],[-0.7,35.7167],[-0.8,35.7211],[-0.9,35.7118],[-0.9118,35.7],[-0.9,35.65]]]}},{"type":"Feature","properties":{"layer_id":"1981_2000_T20","layer_label":"1981_2000, T>20\u00b0C","low":75.0,"high":90.0,"label":"75\u201390 %","fill":"#d95f0e","fillOpacity":0.68,"stroke":"#d95f0e","strokeOpacity":0.8,"strokeWeight":0.35},"geometry":{"type":"Polygon","coordinates":[[[45.0,35.8167],[45.0,35.8667],[44.9667,35.9],[44.95,36.0],[45.0,36.0167],[45.0,36.0667],[44.9,36.05],[44.8,36.0333],[44.7667,36.0],[44.8,35.95],[44.9,35.9333],[44.9167,35.9],[45.0,35.8167]]]}},{"type":"Feature","properties":{"layer_id":"1981_2000_T20","layer_label":"1981_2000, T>20\u00b0C","low":75.0,"high":90.0,"label":"75\u201390 %","fill":"#d95f0e","fillOpacity":0.68,"stroke":"#d95f0e","strokeOpacity":0.8,"strokeWeight":0.35},"geometry":{"type":"Polygon","coordinates":[[[0.2,35.9],[0.3,36.0],[0.3,36.0],[0.375,36.1],[0.3,36.175],[0.2,36.125],[0.175,36.1],[0.1882,36.0],[0.2,35.9]]]}},{"type":"Feature","properties":{"layer_id":"1981_2000_T20","layer_label":"1981_2000, T>20\u00b0C","low":75.0,"high":90.0,"label":"75\u201390 %","fill":"#d95f0e","fillOpacity":0.68,"stroke":"#d95f0e","strokeOpacity":0.8,"strokeWeight":0.35},"geometry":{"type":"Polygon","coordinates":[[[27.9,35.975],[27.925,36.0],[28.0,36.075],[28.025,36.1],[28.1,36.175],[28.125,36.2],[28.125,36.3],[28.2,36.375],[28.225,36.4],[28.2,36.425],[28.1,36.425],[28.0,36.425],[27.975,36.4],[27.9,36.325],[27.875,36.3],[27.8,36.225],[27.775,36.2],[27.775,36.1],[27.8,36.075],[27.875,36.0],[27.9,35.975]]]}},{"type":"Feature","properties":{"layer_id":"1981_2000_T20","layer_label":"1981_2000, T>20\u00b0C","low":75.0,"high":90.0,"label":"75\u201390 %","fill":"#d95f0e","fillOpacity":0.68,"stroke":"#d95f0e","strokeOpacity":0.8,"strokeWeight":0.35},"geometry":{"type":"Polygon","coordinates":[[[27.89,36.0],[27.8,36.09],[27.79,36.1],[27.79,36.2],[27.8,36.21],[27.89,36.3],[27.9,36.31],[27.99,36.4],[28.0,36.41],[28.1,36.41],[28.2,36.41],[28.21,36.4],[28.2,36.39],[28.11,36.3],[28.11,36.2],[28.1,36.19],[28.01,36.1],[28.0,36.09],[27.91,36.0],[27.9,35.99],[27.89,36.0]]]}},{"type":"Feature","properties":{"layer_id":"1981_2000_T20","layer_label":"1981_2000, T>20\u00b0C","low":75.0,"high":90.0,"label":"75\u201390 %","fill":"#d95f0e","fillOpacity":0.68,"stroke":"#d95f0e","strokeOpacity":0.8,"strokeWeight":0.35},"geometry":{"type":"Polygon","coordinates":[[[32.7,36.075],[32.8,36.075],[32.9,36.075],[32.925,36.1],[33.0,36.1789],[33.1,36.175],[33.2,36.175],[33.3,36.175],[33.4,36.175],[33.5,36.175],[33.6,36.175],[33.7,36.175],[33.725,36.2],[33.8,36.275],[33.9,36.275],[34.0,36.275],[34.025,36.3],[34.025,36.4],[34.0,36.4455],[33.9,36.4294],[33.8,36.4133],[33.7857,36.4],[33.7,36.325],[33.65,36.3],[33.6,36.2556],[33.5,36.2385],[33.4,36.2357],[33.3,36.2294],[33.2,36.225],[33.1,36.225],[33.0,36.2211],[32.9,36.225],[32.8,36.2118],[32.7778,36.2],[32.7,36.1417],[32.675,36.1],[32.7,36.075]]]}},{"type":"Feature","properties":{"layer_id":"1981_2000_T20","layer_label":"1981_2000, T>20\u00b0C","low":75.0,"high":90.0,"label":"75\u201390 %","fill":"#d95f0e","fillOpacity":0.68,"stroke":"#d95f0e","strokeOpacity":0.8,"strokeWeight":0.35},"geometry":{"type":"Polygon","coordinates":[[[32.69,36.1],[32.7,36.1167],[32.8,36.1667],[32.8333,36.2],[32.9,36.21],[33.0,36.2053],[33.1,36.21],[33.2,36.21],[33.3,36.2118],[33.4,36.2143],[33.5,36.2154],[33.6,36.2222],[33.6875,36.3],[33.7,36.3063],[33.8,36.3667],[33.8333,36.4],[33.9,36.4118],[34.0,36.4182],[34.01,36.4],[34.01,36.3],[34.0,36.29],[33.9,36.29],[33.8,36.29],[33.71,36.2],[33.7,36.19],[33.6,36.19],[33.5,36.19],[33.4,36.19],[33.3,36.19],[33.2,36.19],[33.1,36.19],[33.0,36.1947],[32.91,36.1],[32.9,36.09],[32.8,36.09],[32.7,36.09],[32.69,36.1]]]}},{"type":"Feature","properties":{"layer_id":"1981_2000_T20","layer_label":"1981_2000, T>20\u00b0C","low":75.0,"high":90.0,"label":"75\u201390 %","fill":"#d95f0e","fillOpacity":0.68,"stroke":"#d95f0e","strokeOpacity":0.8,"strokeWeight":0.35},"geometry":{"type":"Polygon","coordinates":[[[29.7,36.175],[29.8,36.175],[29.825,36.2],[29.9,36.2789],[29.9444,36.3],[29.9,36.3211],[29.8,36.3333],[29.7,36.3118],[29.68,36.3],[29.675,36.2],[29.7,36.175]]]}},{"type":"Feature","properties":{"layer_id":"1981_2000_T20","layer_label":"1981_2000, T>20\u00b0C","low":75.0,"high":90.0,"label":"75\u201390 %","fill":"#d95f0e","fillOpacity":0.68,"stroke":"#d95f0e","strokeOpacity":0.8,"strokeWeight":0.35},"geometry":{"type":"Polygon","coordinates":[[[29.3,36.275],[29.4,36.275],[29.4455,36.3],[29.4,36.3333],[29.3091,36.4],[29.3,36.41],[29.2,36.425],[29.1789,36.4],[29.2,36.3789],[29.275,36.3],[29.3,36.275]]]}},{"type":"Feature","properties":{"layer_id":"1981_2000_T20","layer_label":"1981_2000, T>20\u00b0C","low":75.0,"high":90.0,"label":"75\u201390 %","fill":"#d95f0e","fillOpacity":0.68,"stroke":"#d95f0e","strokeOpacity":0.8,"strokeWeight":0.35},"geometry":{"type":"Polygon","coordinates":[[[30.3,36.275],[30.4,36.275],[30.5,36.275],[30.525,36.3],[30.5,36.325],[30.425,36.4],[30.5,36.4789],[30.5211,36.5],[30.525,36.6],[30.5,36.7],[30.475,36.6],[30.4,36.5063],[30.3857,36.5],[30.3,36.4455],[30.2,36.4278],[30.1706,36.4],[30.2,36.375],[30.275,36.3],[30.3,36.275]]]}},{"type":"Feature","properties":{"layer_id":"1981_2000_T20","layer_label":"1981_2000, T>20\u00b0C","low":75.0,"high":90.0,"label":"75\u201390 %","fill":"#d95f0e","fillOpacity":0.68,"stroke":"#d95f0e","strokeOpacity":0.8,"strokeWeight":0.35},"geometry":{"type":"Polygon","coordinates":[[[30.29,36.3],[30.2,36.39],[30.1882,36.4],[30.2,36.4111],[30.3,36.4182],[30.4,36.45],[30.41,36.4],[30.5,36.31],[30.51,36.3],[30.5,36.29],[30.4,36.29],[30.3,36.29],[30.29,36.3]]]}},{"type":"Feature","properties":{"layer_id":"1981_2000_T20","layer_label":"1981_2000, T>20\u00b0C","low":75.0,"high":90.0,"label":"75\u201390 %","fill":"#d95f0e","fillOpacity":0.68,"stroke":"#d95f0e","strokeOpacity":0.8,"strokeWeight":0.35},"geometry":{"type":"Polygon","coordinates":[[[10.5,36.4938],[10.6,36.4789],[10.7,36.475],[10.8,36.475],[10.825,36.5],[10.8118,36.6],[10.9,36.6789],[10.9211,36.7],[11.0,36.775],[11.025,36.8],[11.025,36.9],[11.1,36.975],[11.125,37.0],[11.1,37.025],[11.0,37.025],[10.9,37.025],[10.875,37.0],[10.8,36.925],[10.775,36.9],[10.7,36.825],[10.625,36.9],[10.6,36.925],[10.575,36.9],[10.575,36.8],[10.5,36.7211],[10.4,36.7118],[10.3,36.7063],[10.275,36.7],[10.3,36.6875],[10.4,36.6714],[10.4833,36.6],[10.4875,36.5],[10.5,36.4938]]]}},{"type":"Feature","properties":{"layer_id":"1981_2000_T20","layer_label":"1981_2000, T>20\u00b0C","low":75.0,"high":90.0,"label":"75\u201390 %","fill":"#d95f0e","fillOpacity":0.68,"stroke":"#d95f0e","strokeOpacity":0.8,"strokeWeight":0.35},"geometry":{"type":"Polygon","coordinates":[[[10.5667,36.5],[10.6,36.55],[10.65,36.6],[10.7,36.65],[10.75,36.6],[10.8,36.5667],[10.81,36.5],[10.8,36.49],[10.7,36.49],[10.6,36.4947],[10.5667,36.5]]]}},{"type":"Feature","properties":{"layer_id":"1981_2000_T20","layer_label":"1981_2000, T>20\u00b0C","low":75.0,"high":90.0,"label":"75\u201390 %","fill":"#d95f0e","fillOpacity":0.68,"stroke":"#d95f0e","strokeOpacity":0.8,"strokeWeight":0.35},"geometry":{"type":"Polygon","coordinates":[[[10.85,36.7],[10.8,36.75],[10.7,36.7333],[10.6,36.7],[10.59,36.8],[10.59,36.9],[10.6,36.91],[10.61,36.9],[10.7,36.81],[10.79,36.9],[10.8,36.91],[10.89,37.0],[10.9,37.01],[11.0,37.01],[11.1,37.01],[11.11,37.0],[11.1,36.99],[11.01,36.9],[11.01,36.8],[11.0,36.79],[10.9053,36.7],[10.9,36.6947],[10.85,36.7]]]}},{"type":"Feature","properties":{"layer_id":"1981_2000_T20","layer_label":"1981_2000, T>20\u00b0C","low":75.0,"high":90.0,"label":"75\u201390 %","fill":"#d95f0e","fillOpacity":0.68,"stroke":"#d95f0e","strokeOpacity":0.8,"strokeWeight":0.35},"geometry":{"type":"Polygon","coordinates":[[[35.3,36.575],[35.325,36.6],[35.4,36.675],[35.5,36.675],[35.525,36.7],[35.6,36.775],[35.7,36.775],[35.725,36.8],[35.8,36.875],[35.9,36.875],[35.925,36.9],[36.0,36.975],[36.1,36.975],[36.175,36.9],[36.2,36.875],[36.2333,36.9],[36.2313,37.0],[36.3,37.1],[36.3,37.1],[36.35,37.2],[36.35,37.3],[36.3,37.3167],[36.2,37.3444],[36.1,37.375],[36.0667,37.4],[36.0,37.4333],[35.9,37.4],[35.9,37.4],[35.9,37.4],[35.8,37.4167],[35.7,37.4],[35.7,37.4],[35.6,37.3667],[35.5,37.3222],[35.4,37.31],[35.38,37.3],[35.3,37.2556],[35.2,37.25],[35.1167,37.2],[35.1,37.1833],[35.0,37.1091],[34.99,37.1],[34.9,37.01],[34.875,37.0],[34.8,36.9625],[34.7,36.9],[34.8,36.875],[34.875,36.8],[34.9,36.775],[35.0,36.775],[35.075,36.7],[35.1,36.675],[35.2,36.675],[35.275,36.6],[35.3,36.575]]]}},{"type":"Feature","properties":{"layer_id":"1981_2000_T20","layer_label":"1981_2000, T>20\u00b0C","low":75.0,"high":90.0,"label":"75\u201390 %","fill":"#d95f0e","fillOpacity":0.68,"stroke":"#d95f0e","strokeOpacity":0.8,"strokeWeight":0.35},"geometry":{"type":"Polygon","coordinates":[[[35.29,36.6],[35.2,36.69],[35.1,36.69],[35.09,36.7],[35.0,36.79],[34.9,36.79],[34.89,36.8],[34.8,36.89],[34.76,36.9],[34.8,36.925],[34.9,36.95],[34.9667,37.0],[35.0,37.0333],[35.05,37.1],[35.1,37.1333],[35.1667,37.2],[35.2,37.22],[35.3,37.2222],[35.4,37.25],[35.5,37.2667],[35.55,37.3],[35.6,37.3167],[35.7,37.34],[35.8,37.35],[35.9,37.34],[36.0,37.3667],[36.1,37.3],[36.1,37.3],[36.1,37.3],[36.2,37.3111],[36.25,37.3],[36.3,37.2],[36.24,37.1],[36.2125,37.0],[36.2133,36.9],[36.2,36.89],[36.19,36.9],[36.1,36.99],[36.0,36.99],[35.91,36.9],[35.9,36.89],[35.8,36.89],[35.71,36.8],[35.7,36.79],[35.6,36.79],[35.51,36.7],[35.5,36.69],[35.4,36.69],[35.31,36.6],[35.3,36.59],[35.29,36.6]]]}},{"type":"Feature","properties":{"layer_id":"1981_2000_T20","layer_label":"1981_2000, T>20\u00b0C","low":75.0,"high":90.0,"label":"75\u201390 %","fill":"#d95f0e","fillOpacity":0.68,"stroke":"#d95f0e","strokeOpacity":0.8,"strokeWeight":0.35},"geometry":{"type":"Polygon","coordinates":[[[14.8,36.675],[14.825,36.7],[14.9,36.775],[14.975,36.7],[15.0,36.675],[15.025,36.7],[15.0211,36.8],[15.0167,36.9],[15.0,36.9375],[14.9,36.91],[14.8833,36.9],[14.8,36.8444],[14.7,36.8444],[14.6167,36.9],[14.6,36.9167],[14.5375,37.0],[14.5,37.075],[14.4,37.0667],[14.3789,37.0],[14.4,36.9789],[14.4789,36.9],[14.475,36.8],[14.5,36.775],[14.6,36.775],[14.7,36.7789],[14.775,36.7],[14.8,36.675]]]}},{"type":"Feature","properties":{"layer_id":"1981_2000_T20","layer_label":"1981_2000, T>20\u00b0C","low":75.0,"high":90.0,"label":"75\u201390 %","fill":"#d95f0e","fillOpacity":0.68,"stroke":"#d95f0e","strokeOpacity":0.8,"strokeWeight":0.35},"geometry":{"type":"Polygon","coordinates":[[[14.79,36.7],[14.7,36.7947],[14.6,36.79],[14.5,36.79],[14.49,36.8],[14.4947,36.9],[14.5,37.0],[14.5333,36.9],[14.6,36.85],[14.7,36.8111],[14.8,36.8111],[14.9,36.85],[15.0,36.9],[15.0053,36.8],[15.01,36.7],[15.0,36.69],[14.99,36.7],[14.9,36.79],[14.81,36.7],[14.8,36.69],[14.79,36.7]]]}},{"type":"Feature","properties":{"layer_id":"1981_2000_T20","layer_label":"1981_2000, T>20\u00b0C","low":75.0,"high":90.0,"label":"75\u201390 %","fill":"#d95f0e","fillOpacity":0.68,"stroke":"#d95f0e","strokeOpacity":0.8,"strokeWeight":0.35},"geometry":{"type":"Polygon","coordinates":[[[28.1,36.675],[28.2,36.675],[28.225,36.7],[28.225,36.8],[28.3,36.875],[28.4,36.8789],[28.5,36.8789],[28.575,36.8],[28.6,36.775],[28.675,36.7],[28.7,36.675],[28.8,36.675],[28.825,36.7],[28.9,36.7833],[28.9429,36.8],[28.9,36.875],[28.875,36.9],[28.8,36.9231],[28.7,36.9625],[28.65,37.0],[28.6,37.0231],[28.5,37.0556],[28.4333,37.1],[28.4,37.1133],[28.3,37.1091],[28.2,37.11],[28.1,37.1],[28.2,37.0938],[28.3,37.0938],[28.3789,37.0],[28.3,36.925],[28.2,36.925],[28.1,36.925],[28.075,36.9],[28.075,36.8],[28.075,36.7],[28.1,36.675]]]}},{"type":"Feature","properties":{"layer_id":"1981_2000_T20","layer_label":"1981_2000, T>20\u00b0C","low":75.0,"high":90.0,"label":"75\u201390 %","fill":"#d95f0e","fillOpacity":0.68,"stroke":"#d95f0e","strokeOpacity":0.8,"strokeWeight":0.35},"geometry":{"type":"Polygon","coordinates":[[[28.09,36.7],[28.09,36.8],[28.09,36.9],[28.1,36.91],[28.2,36.91],[28.3,36.91],[28.3947,37.0],[28.4,37.05],[28.5,37.0222],[28.6,37.0],[28.6,37.0],[28.7,36.925],[28.8,36.9],[28.8,36.9],[28.9,36.8],[28.81,36.7],[28.8,36.69],[28.7,36.69],[28.69,36.7],[28.6,36.79],[28.59,36.8],[28.5,36.8947],[28.4,36.8947],[28.3,36.89],[28.21,36.8],[28.21,36.7],[28.2,36.69],[28.1,36.69],[28.09,36.7]]]}},{"type":"Feature","properties":{"layer_id":"1981_2000_T20","layer_label":"1981_2000, T>20\u00b0C","low":75.0,"high":90.0,"label":"75\u201390 %","fill":"#d95f0e","fillOpacity":0.68,"stroke":"#d95f0e","strokeOpacity":0.8,"strokeWeight":0.35},"geometry":{"type":"Polygon","coordinates":[[[-2.3,36.775],[-2.2,36.775],[-2.1,36.775],[-2.075,36.8],[-2.0,36.875],[-1.975,36.9],[-1.9,36.975],[-1.875,37.0],[-1.9,37.0714],[-2.0,37.02],[-2.0273,37.0],[-2.1,36.9385],[-2.2,36.91],[-2.2333,36.9],[-2.3,36.8714],[-2.325,36.8],[-2.3,36.775]]]}},{"type":"Feature","properties":{"layer_id":"1981_2000_T20","layer_label":"1981_2000, T>20\u00b0C","low":75.0,"high":90.0,"label":"75\u201390 %","fill":"#d95f0e","fillOpacity":0.68,"stroke":"#d95f0e","strokeOpacity":0.8,"strokeWeight":0.35},"geometry":{"type":"Polygon","coordinates":[[[-2.31,36.8],[-2.3,36.8286],[-2.2,36.85],[-2.15,36.9],[-2.1,36.9154],[-2.0,37.0],[-1.99,36.9],[-2.0,36.89],[-2.09,36.8],[-2.1,36.79],[-2.2,36.79],[-2.3,36.79],[-2.31,36.8]]]}},{"type":"Feature","properties":{"layer_id":"1981_2000_T20","layer_label":"1981_2000, T>20\u00b0C","low":75.0,"high":90.0,"label":"75\u201390 %","fill":"#d95f0e","fillOpacity":0.68,"stroke":"#d95f0e","strokeOpacity":0.8,"strokeWeight":0.35},"geometry":{"type":"Polygon","coordinates":[[[21.8,36.775],[21.9,36.7833],[21.9167,36.8],[21.9211,36.9],[21.9,37.0],[21.8,36.975],[21.7833,36.9],[21.775,36.8],[21.8,36.775]]]}},{"type":"Feature","properties":{"layer_id":"1981_2000_T20","layer_label":"1981_2000, T>20\u00b0C","low":75.0,"high":90.0,"label":"75\u201390 %","fill":"#d95f0e","fillOpacity":0.68,"stroke":"#d95f0e","strokeOpacity":0.8,"strokeWeight":0.35},"geometry":{"type":"Polygon","coordinates":[[[31.4,36.775],[31.5,36.775],[31.6,36.775],[31.6714,36.8],[31.6,36.8313],[31.5083,36.9],[31.5,36.9063],[31.4,36.9417],[31.33,37.0],[31.3,37.02],[31.2,37.0833],[31.15,37.1],[31.1,37.1063],[31.0,37.1214],[30.9,37.15],[30.8,37.2],[30.7,37.1083],[30.6923,37.1],[30.6,37.0077],[30.5929,37.0],[30.5813,36.9],[30.6,36.8833],[30.6167,36.9],[30.7,36.9833],[30.775,36.9],[30.8,36.875],[30.9,36.875],[31.0,36.875],[31.1,36.875],[31.2,36.875],[31.3,36.875],[31.375,36.8],[31.4,36.775]]]}},{"type":"Feature","properties":{"layer_id":"1981_2000_T20","layer_label":"1981_2000, T>20\u00b0C","low":75.0,"high":90.0,"label":"75\u201390 %","fill":"#d95f0e","fillOpacity":0.68,"stroke":"#d95f0e","strokeOpacity":0.8,"strokeWeight":0.35},"geometry":{"type":"Polygon","coordinates":[[[31.39,36.8],[31.3,36.89],[31.2,36.89],[31.1,36.89],[31.0,36.89],[30.9,36.89],[30.8,36.89],[30.79,36.9],[30.7,37.0],[30.8,37.05],[30.9,37.0667],[31.0,37.1],[31.1,37.05],[31.2,37.0333],[31.3,37.0],[31.3,37.0],[31.4,36.9167],[31.45,36.9],[31.5,36.85],[31.6,36.8125],[31.6286,36.8],[31.6,36.79],[31.5,36.79],[31.4,36.79],[31.39,36.8]]]}},{"type":"Feature","properties":{"layer_id":"1981_2000_T20","layer_label":"1981_2000, T>20\u00b0C","low":75.0,"high":90.0,"label":"75\u201390 %","fill":"#d95f0e","fillOpacity":0.68,"stroke":"#d95f0e","strokeOpacity":0.8,"strokeWeight":0.35},"geometry":{"type":"Polygon","coordinates":[[[10.1,36.85],[10.2,36.8],[10.3,36.8789],[10.3211,36.9],[10.3,36.9211],[10.2,36.9167],[10.1167,37.0],[10.1211,37.1],[10.2,37.175],[10.225,37.2],[10.2,37.225],[10.1,37.225],[10.0,37.2211],[9.9789,37.2],[9.9,37.1167],[9.8118,37.2],[9.8211,37.3],[9.8,37.3211],[9.7,37.3211],[9.6,37.3167],[9.5,37.3118],[9.4882,37.3],[9.5,37.2],[9.5,37.2],[9.6,37.15],[9.65,37.1],[9.7,37.075],[9.8,37.0857],[9.9,37.04],[10.0,37.0],[10.0,37.0],[10.0667,36.9],[10.1,36.85]]]}},{"type":"Feature","properties":{"layer_id":"1981_2000_T20","layer_label":"1981_2000, T>20\u00b0C","low":75.0,"high":90.0,"label":"75\u201390 %","fill":"#d95f0e","fillOpacity":0.68,"stroke":"#d95f0e","strokeOpacity":0.8,"strokeWeight":0.35},"geometry":{"type":"Polygon","coordinates":[[[10.0,37.1],[10.0,37.1],[9.9947,37.2],[10.0,37.2053],[10.1,37.21],[10.2,37.21],[10.21,37.2],[10.2,37.19],[10.1053,37.1],[10.1,37.0],[10.0,37.1]]]}},{"type":"Feature","properties":{"layer_id":"1981_2000_T20","layer_label":"1981_2000, T>20\u00b0C","low":75.0,"high":90.0,"label":"75\u201390 %","fill":"#d95f0e","fillOpacity":0.68,"stroke":"#d95f0e","strokeOpacity":0.8,"strokeWeight":0.35},"geometry":{"type":"Polygon","coordinates":[[[15.1,36.9833],[15.2,36.9789],[15.2211,37.0],[15.2211,37.1],[15.2211,37.2],[15.2167,37.3],[15.2,37.3167],[15.1167,37.4],[15.125,37.5],[15.1,37.6],[15.0,37.5222],[14.9,37.525],[14.8556,37.5],[14.88,37.4],[14.9,37.38],[15.0,37.3],[15.0,37.3],[15.05,37.2],[15.0727,37.1],[15.0625,37.0],[15.1,36.9833]]]}},{"type":"Feature","properties":{"layer_id":"1981_2000_T20","layer_label":"1981_2000, T>20\u00b0C","low":75.0,"high":90.0,"label":"75\u201390 %","fill":"#d95f0e","fillOpacity":0.68,"stroke":"#d95f0e","strokeOpacity":0.8,"strokeWeight":0.35},"geometry":{"type":"Polygon","coordinates":[[[15.1,37.0],[15.1,37.1],[15.1,37.2],[15.2,37.3],[15.2053,37.2],[15.2053,37.1],[15.2053,37.0],[15.2,36.9947],[15.1,37.0]]]}},{"type":"Feature","properties":{"layer_id":"1981_2000_T20","layer_label":"1981_2000, T>20\u00b0C","low":75.0,"high":90.0,"label":"75\u201390 %","fill":"#d95f0e","fillOpacity":0.68,"stroke":"#d95f0e","strokeOpacity":0.8,"strokeWeight":0.35},"geometry":{"type":"Polygon","coordinates":[[[14.8889,37.5],[14.9,37.5063],[15.0,37.5056],[15.1,37.54],[15.11,37.5],[15.1,37.4],[15.0,37.4],[14.9,37.4667],[14.8889,37.5]]]}},{"type":"Feature","properties":{"layer_id":"1981_2000_T20","layer_label":"1981_2000, T>20\u00b0C","low":75.0,"high":90.0,"label":"75\u201390 %","fill":"#d95f0e","fillOpacity":0.68,"stroke":"#d95f0e","strokeOpacity":0.8,"strokeWeight":0.35},"geometry":{"type":"Polygon","coordinates":[[[25.4,36.975],[25.5,36.975],[25.525,37.0],[25.6,37.075],[25.625,37.1],[25.6,37.125],[25.5,37.125],[25.4,37.125],[25.375,37.1],[25.375,37.0],[25.4,36.975]]]}},{"type":"Feature","properties":{"layer_id":"1981_2000_T20","layer_label":"1981_2000, T>20\u00b0C","low":75.0,"high":90.0,"label":"75\u201390 %","fill":"#d95f0e","fillOpacity":0.68,"stroke":"#d95f0e","strokeOpacity":0.8,"strokeWeight":0.35},"geometry":{"type":"Polygon","coordinates":[[[25.39,37.0],[25.39,37.1],[25.4,37.11],[25.5,37.11],[25.6,37.11],[25.61,37.1],[25.6,37.09],[25.51,37.0],[25.5,36.99],[25.4,36.99],[25.39,37.0]]]}},{"type":"Feature","properties":{"layer_id":"1981_2000_T20","layer_label":"1981_2000, T>20\u00b0C","low":75.0,"high":90.0,"label":"75\u201390 %","fill":"#d95f0e","fillOpacity":0.68,"stroke":"#d95f0e","strokeOpacity":0.8,"strokeWeight":0.35},"geometry":{"type":"Polygon","coordinates":[[[27.3,36.975],[27.325,37.0],[27.4,37.075],[27.475,37.0],[27.5,36.975],[27.6,36.975],[27.7,36.975],[27.8,36.975],[27.825,37.0],[27.9,37.0789],[28.0,37.0938],[28.1,37.1],[28.0,37.1077],[27.9,37.1444],[27.8375,37.2],[27.8273,37.3],[27.8,37.3333],[27.7,37.3833],[27.6667,37.4],[27.6,37.42],[27.52,37.5],[27.5385,37.6],[27.5,37.7],[27.5,37.7],[27.4,37.8],[27.4,37.8],[27.3167,37.9],[27.3,37.9333],[27.2938,37.9],[27.2789,37.8],[27.2789,37.7],[27.2,37.625],[27.175,37.6],[27.2,37.575],[27.275,37.5],[27.275,37.4],[27.3,37.375],[27.4,37.375],[27.5,37.3789],[27.575,37.3],[27.6,37.275],[27.675,37.2],[27.6,37.125],[27.5,37.125],[27.4,37.125],[27.3,37.125],[27.275,37.1],[27.275,37.0],[27.3,36.975]]]}},{"type":"Feature","properties":{"layer_id":"1981_2000_T20","layer_label":"1981_2000, T>20\u00b0C","low":75.0,"high":90.0,"label":"75\u201390 %","fill":"#d95f0e","fillOpacity":0.68,"stroke":"#d95f0e","strokeOpacity":0.8,"strokeWeight":0.35},"geometry":{"type":"Polygon","coordinates":[[[27.29,37.0],[27.29,37.1],[27.3,37.11],[27.4,37.11],[27.5,37.11],[27.6,37.11],[27.69,37.2],[27.6,37.29],[27.59,37.3],[27.6,37.3667],[27.7,37.3333],[27.8,37.3],[27.8,37.2],[27.8,37.2],[27.9,37.1111],[27.9333,37.1],[27.9,37.0947],[27.81,37.0],[27.8,36.99],[27.7,36.99],[27.6,36.99],[27.5,36.99],[27.49,37.0],[27.4,37.09],[27.31,37.0],[27.3,36.99],[27.29,37.0]]]}},{"type":"Feature","properties":{"layer_id":"1981_2000_T20","layer_label":"1981_2000, T>20\u00b0C","low":75.0,"high":90.0,"label":"75\u201390 %","fill":"#d95f0e","fillOpacity":0.68,"stroke":"#d95f0e","strokeOpacity":0.8,"strokeWeight":0.35},"geometry":{"type":"Polygon","coordinates":[[[27.29,37.4],[27.29,37.5],[27.2,37.59],[27.19,37.6],[27.2,37.61],[27.2947,37.7],[27.2947,37.8],[27.3,37.8333],[27.325,37.8],[27.4,37.7],[27.4,37.7],[27.5,37.64],[27.5154,37.6],[27.5,37.5333],[27.4667,37.5],[27.5,37.45],[27.55,37.4],[27.5,37.3947],[27.4,37.39],[27.3,37.39],[27.29,37.4]]]}},{"type":"Feature","properties":{"layer_id":"1981_2000_T20","layer_label":"1981_2000, T>20\u00b0C","low":75.0,"high":90.0,"label":"75\u201390 %","fill":"#d95f0e","fillOpacity":0.68,"stroke":"#d95f0e","strokeOpacity":0.8,"strokeWeight":0.35},"geometry":{"type":"Polygon","coordinates":[[[23.2,37.375],[23.225,37.4],[23.3,37.475],[23.4,37.475],[23.475,37.4],[23.5,37.375],[23.525,37.4],[23.525,37.5],[23.5,37.525],[23.4,37.525],[23.3,37.525],[23.225,37.6],[23.2,37.625],[23.1118,37.7],[23.125,37.8],[23.125,37.9],[23.2,37.9833],[23.3,37.9789],[23.375,37.9],[23.4,37.875],[23.5,37.875],[23.525,37.9],[23.6,37.975],[23.7,37.9938],[23.725,38.0],[23.7,38.0067],[23.6,38.0313],[23.5,38.0385],[23.4,38.05],[23.3,38.0571],[23.2,38.0167],[23.125,38.1],[23.1,38.1625],[23.075,38.1],[23.0,38.025],[22.975,38.0],[22.92,37.9],[23.0,37.8733],[23.0688,37.8],[23.0867,37.7],[23.08,37.6],[23.0167,37.5],[23.1,37.475],[23.175,37.4],[23.2,37.375]]]}},{"type":"Feature","properties":{"layer_id":"1981_2000_T20","layer_label":"1981_2000, T>20\u00b0C","low":75.0,"high":90.0,"label":"75\u201390 %","fill":"#d95f0e","fillOpacity":0.68,"stroke":"#d95f0e","strokeOpacity":0.8,"strokeWeight":0.35},"geometry":{"type":"Polygon","coordinates":[[[23.19,37.4],[23.1,37.49],[23.0667,37.5],[23.1,37.5667],[23.1333,37.6],[23.2,37.61],[23.21,37.6],[23.3,37.51],[23.4,37.51],[23.5,37.51],[23.51,37.5],[23.51,37.4],[23.5,37.39],[23.49,37.4],[23.4,37.49],[23.3,37.49],[23.21,37.4],[23.2,37.39],[23.19,37.4]]]}},{"type":"Feature","properties":{"layer_id":"1981_2000_T20","layer_label":"1981_2000, T>20\u00b0C","low":75.0,"high":90.0,"label":"75\u201390 %","fill":"#d95f0e","fillOpacity":0.68,"stroke":"#d95f0e","strokeOpacity":0.8,"strokeWeight":0.35},"geometry":{"type":"Polygon","coordinates":[[[23.0875,37.8],[23.0,37.8933],[22.98,37.9],[22.99,38.0],[23.0,38.01],[23.09,38.1],[23.1,38.125],[23.11,38.1],[23.2,38.0],[23.11,37.9],[23.11,37.8],[23.1,37.7333],[23.0875,37.8]]]}},{"type":"Feature","properties":{"layer_id":"1981_2000_T20","layer_label":"1981_2000, T>20\u00b0C","low":75.0,"high":90.0,"label":"75\u201390 %","fill":"#d95f0e","fillOpacity":0.68,"stroke":"#d95f0e","strokeOpacity":0.8,"strokeWeight":0.35},"geometry":{"type":"Polygon","coordinates":[[[23.39,37.9],[23.3,37.9947],[23.2,38.0],[23.3,38.0143],[23.4,38.02],[23.5,38.0154],[23.6,38.0125],[23.65,38.0],[23.6,37.99],[23.51,37.9],[23.5,37.89],[23.4,37.89],[23.39,37.9]]]}},{"type":"Feature","properties":{"layer_id":"1981_2000_T20","layer_label":"1981_2000, T>20\u00b0C","low":75.0,"high":90.0,"label":"75\u201390 %","fill":"#d95f0e","fillOpacity":0.68,"stroke":"#d95f0e","strokeOpacity":0.8,"strokeWeight":0.35},"geometry":{"type":"Polygon","coordinates":[[[-1.5,37.4882],[-1.4,37.4882],[-1.3882,37.5],[-1.3,37.5789],[-1.2,37.575],[-1.175,37.6],[-1.2,37.6556],[-1.3,37.6364],[-1.4,37.6083],[-1.4077,37.6],[-1.5,37.5143],[-1.5333,37.5],[-1.5,37.4882]]]}},{"type":"Feature","properties":{"layer_id":"1981_2000_T20","layer_label":"1981_2000, T>20\u00b0C","low":75.0,"high":90.0,"label":"75\u201390 %","fill":"#d95f0e","fillOpacity":0.68,"stroke":"#d95f0e","strokeOpacity":0.8,"strokeWeight":0.35},"geometry":{"type":"Polygon","coordinates":[[[-5.6,37.68],[-5.5,37.6857],[-5.4,37.6667],[-5.3,37.6571],[-5.2625,37.7],[-5.2,37.8],[-5.3,37.8143],[-5.325,37.8],[-5.4,37.74],[-5.5,37.71],[-5.6,37.7083],[-5.625,37.7],[-5.6,37.68]]]}},{"type":"Feature","properties":{"layer_id":"1981_2000_T20","layer_label":"1981_2000, T>20\u00b0C","low":75.0,"high":90.0,"label":"75\u201390 %","fill":"#d95f0e","fillOpacity":0.68,"stroke":"#d95f0e","strokeOpacity":0.8,"strokeWeight":0.35},"geometry":{"type":"Polygon","coordinates":[[[12.5,37.6789],[12.6,37.6789],[12.7,37.6882],[12.75,37.7],[12.7,37.74],[12.6,37.8],[12.6,37.8],[12.5,37.825],[12.475,37.8],[12.4789,37.7],[12.5,37.6789]]]}},{"type":"Feature","properties":{"layer_id":"1981_2000_T20","layer_label":"1981_2000, T>20\u00b0C","low":75.0,"high":90.0,"label":"75\u201390 %","fill":"#d95f0e","fillOpacity":0.68,"stroke":"#d95f0e","strokeOpacity":0.8,"strokeWeight":0.35},"geometry":{"type":"Polygon","coordinates":[[[26.7,37.6789],[26.8,37.6789],[26.9,37.6789],[27.0,37.6789],[27.0211,37.7],[27.0,37.7211],[26.9211,37.8],[26.9,37.8211],[26.8,37.8211],[26.7,37.825],[26.675,37.8],[26.6789,37.7],[26.7,37.6789]]]}},{"type":"Feature","properties":{"layer_id":"1981_2000_T20","layer_label":"1981_2000, T>20\u00b0C","low":75.0,"high":90.0,"label":"75\u201390 %","fill":"#d95f0e","fillOpacity":0.68,"stroke":"#d95f0e","strokeOpacity":0.8,"strokeWeight":0.35},"geometry":{"type":"Polygon","coordinates":[[[26.6947,37.7],[26.69,37.8],[26.7,37.81],[26.8,37.8053],[26.9,37.8053],[26.9053,37.8],[27.0,37.7053],[27.0053,37.7],[27.0,37.6947],[26.9,37.6947],[26.8,37.6947],[26.7,37.6947],[26.6947,37.7]]]}},{"type":"Feature","properties":{"layer_id":"1981_2000_T20","layer_label":"1981_2000, T>20\u00b0C","low":75.0,"high":90.0,"label":"75\u201390 %","fill":"#d95f0e","fillOpacity":0.68,"stroke":"#d95f0e","strokeOpacity":0.8,"strokeWeight":0.35},"geometry":{"type":"Polygon","coordinates":[[[-0.9,37.775],[-0.8,37.775],[-0.775,37.8],[-0.7,37.875],[-0.675,37.9],[-0.6882,38.0],[-0.7,38.1],[-0.7,38.1],[-0.8,38.1091],[-0.8125,38.1],[-0.8,38.05],[-0.7667,38.0],[-0.8,37.98],[-0.8444,37.9],[-0.9,37.85],[-0.95,37.8],[-0.9,37.775]]]}},{"type":"Feature","properties":{"layer_id":"1981_2000_T20","layer_label":"1981_2000, T>20\u00b0C","low":75.0,"high":90.0,"label":"75\u201390 %","fill":"#d95f0e","fillOpacity":0.68,"stroke":"#d95f0e","strokeOpacity":0.8,"strokeWeight":0.35},"geometry":{"type":"Polygon","coordinates":[[[26.9,38.075],[27.0,38.075],[27.1,38.1],[27.0,38.1625],[26.9571,38.2],[26.9,38.2667],[26.8714,38.3],[26.8,38.325],[26.7,38.325],[26.625,38.4],[26.6,38.425],[26.575,38.4],[26.5,38.325],[26.4,38.325],[26.3,38.325],[26.275,38.3],[26.3,38.275],[26.4,38.275],[26.475,38.2],[26.5,38.175],[26.6,38.175],[26.625,38.2],[26.7,38.275],[26.775,38.2],[26.8,38.175],[26.875,38.1],[26.9,38.075]]]}},{"type":"Feature","properties":{"layer_id":"1981_2000_T20","layer_label":"1981_2000, T>20\u00b0C","low":75.0,"high":90.0,"label":"75\u201390 %","fill":"#d95f0e","fillOpacity":0.68,"stroke":"#d95f0e","strokeOpacity":0.8,"strokeWeight":0.35},"geometry":{"type":"Polygon","coordinates":[[[26.89,38.1],[26.8,38.19],[26.79,38.2],[26.7,38.29],[26.61,38.2],[26.6,38.19],[26.5,38.19],[26.49,38.2],[26.4,38.29],[26.3,38.29],[26.29,38.3],[26.3,38.31],[26.4,38.31],[26.5,38.31],[26.59,38.4],[26.6,38.41],[26.61,38.4],[26.7,38.31],[26.8,38.31],[26.8286,38.3],[26.9,38.2167],[26.9143,38.2],[27.0,38.125],[27.04,38.1],[27.0,38.09],[26.9,38.09],[26.89,38.1]]]}},{"type":"Feature","properties":{"layer_id":"1981_2000_T20","layer_label":"1981_2000, T>20\u00b0C","low":75.0,"high":90.0,"label":"75\u201390 %","fill":"#d95f0e","fillOpacity":0.68,"stroke":"#d95f0e","strokeOpacity":0.8,"strokeWeight":0.35},"geometry":{"type":"Polygon","coordinates":[[[15.3,38.1882],[15.4,38.1882],[15.5,38.1938],[15.6,38.1938],[15.6083,38.2],[15.6118,38.3],[15.6,38.3118],[15.5,38.3118],[15.4882,38.3],[15.4,38.2118],[15.3,38.2118],[15.2882,38.2],[15.3,38.1882]]]}},{"type":"Feature","properties":{"layer_id":"1981_2000_T20","layer_label":"1981_2000, T>20\u00b0C","low":75.0,"high":90.0,"label":"75\u201390 %","fill":"#d95f0e","fillOpacity":0.68,"stroke":"#d95f0e","strokeOpacity":0.8,"strokeWeight":0.35},"geometry":{"type":"Polygon","coordinates":[[[20.4,38.175],[20.5,38.175],[20.6,38.1789],[20.7,38.1789],[20.7211,38.2],[20.7,38.2211],[20.625,38.3],[20.6,38.325],[20.5,38.325],[20.4,38.325],[20.375,38.3],[20.375,38.2],[20.4,38.175]]]}},{"type":"Feature","properties":{"layer_id":"1981_2000_T20","layer_label":"1981_2000, T>20\u00b0C","low":75.0,"high":90.0,"label":"75\u201390 %","fill":"#d95f0e","fillOpacity":0.68,"stroke":"#d95f0e","strokeOpacity":0.8,"strokeWeight":0.35},"geometry":{"type":"Polygon","coordinates":[[[20.39,38.2],[20.39,38.3],[20.4,38.31],[20.5,38.31],[20.6,38.31],[20.61,38.3],[20.7,38.2053],[20.7053,38.2],[20.7,38.1947],[20.6,38.1947],[20.5,38.19],[20.4,38.19],[20.39,38.2]]]}},{"type":"Feature","properties":{"layer_id":"1981_2000_T20","layer_label":"1981_2000, T>20\u00b0C","low":75.0,"high":90.0,"label":"75\u201390 %","fill":"#d95f0e","fillOpacity":0.68,"stroke":"#d95f0e","strokeOpacity":0.8,"strokeWeight":0.35},"geometry":{"type":"Polygon","coordinates":[[[26.0,38.175],[26.025,38.2],[26.025,38.3],[26.1,38.3789],[26.1211,38.4],[26.1211,38.5],[26.1,38.5211],[26.0,38.5063],[25.9938,38.5],[25.9789,38.4],[25.9,38.325],[25.875,38.3],[25.9,38.275],[25.975,38.2],[26.0,38.175]]]}},{"type":"Feature","properties":{"layer_id":"1981_2000_T20","layer_label":"1981_2000, T>20\u00b0C","low":75.0,"high":90.0,"label":"75\u201390 %","fill":"#d95f0e","fillOpacity":0.68,"stroke":"#d95f0e","strokeOpacity":0.8,"strokeWeight":0.35},"geometry":{"type":"Polygon","coordinates":[[[25.99,38.2],[25.9,38.29],[25.89,38.3],[25.9,38.31],[25.9947,38.4],[26.0,38.4333],[26.0667,38.5],[26.1,38.5053],[26.1053,38.5],[26.1053,38.4],[26.1,38.3947],[26.01,38.3],[26.01,38.2],[26.0,38.19],[25.99,38.2]]]}},{"type":"Feature","properties":{"layer_id":"1981_2000_T20","layer_label":"1981_2000, T>20\u00b0C","low":75.0,"high":90.0,"label":"75\u201390 %","fill":"#d95f0e","fillOpacity":0.68,"stroke":"#d95f0e","strokeOpacity":0.8,"strokeWeight":0.35},"geometry":{"type":"Polygon","coordinates":[[[24.2,38.275],[24.225,38.3],[24.225,38.4],[24.225,38.5],[24.2,38.525],[24.1211,38.6],[24.1,38.6211],[24.0714,38.6],[24.06,38.5],[24.0,38.425],[23.975,38.4],[24.0,38.3333],[24.1,38.375],[24.175,38.3],[24.2,38.275]]]}},{"type":"Feature","properties":{"layer_id":"1981_2000_T20","layer_label":"1981_2000, T>20\u00b0C","low":75.0,"high":90.0,"label":"75\u201390 %","fill":"#d95f0e","fillOpacity":0.68,"stroke":"#d95f0e","strokeOpacity":0.8,"strokeWeight":0.35},"geometry":{"type":"Polygon","coordinates":[[[24.19,38.3],[24.1,38.39],[24.0333,38.4],[24.09,38.5],[24.0929,38.6],[24.1,38.6053],[24.1053,38.6],[24.2,38.51],[24.21,38.5],[24.21,38.4],[24.21,38.3],[24.2,38.29],[24.19,38.3]]]}},{"type":"Feature","properties":{"layer_id":"1981_2000_T20","layer_label":"1981_2000, T>20\u00b0C","low":75.0,"high":90.0,"label":"75\u201390 %","fill":"#d95f0e","fillOpacity":0.68,"stroke":"#d95f0e","strokeOpacity":0.8,"strokeWeight":0.35},"geometry":{"type":"Polygon","coordinates":[[[16.0,38.3833],[16.0182,38.4],[16.0222,38.5],[16.05,38.6],[16.1,38.65],[16.1333,38.7],[16.1,38.7118],[16.0,38.7167],[15.9,38.7167],[15.8833,38.7],[15.8833,38.6],[15.9,38.5833],[15.9882,38.5],[15.9882,38.4],[16.0,38.3833]]]}},{"type":"Feature","properties":{"layer_id":"1981_2000_T20","layer_label":"1981_2000, T>20\u00b0C","low":75.0,"high":90.0,"label":"75\u201390 %","fill":"#d95f0e","fillOpacity":0.68,"stroke":"#d95f0e","strokeOpacity":0.8,"strokeWeight":0.35},"geometry":{"type":"Polygon","coordinates":[[[21.2,38.3789],[21.3,38.3789],[21.4,38.3938],[21.5,38.3833],[21.6,38.3938],[21.6143,38.4],[21.6,38.41],[21.5,38.4333],[21.4,38.5],[21.4,38.5],[21.3444,38.6],[21.3,38.6364],[21.2,38.6556],[21.1,38.6308],[21.0,38.68],[20.9789,38.6],[21.0,38.5789],[21.0789,38.5],[21.1,38.4789],[21.1789,38.4],[21.2,38.3789]]]}},{"type":"Feature","properties":{"layer_id":"1981_2000_T20","layer_label":"1981_2000, T>20\u00b0C","low":75.0,"high":90.0,"label":"75\u201390 %","fill":"#d95f0e","fillOpacity":0.68,"stroke":"#d95f0e","strokeOpacity":0.8,"strokeWeight":0.35},"geometry":{"type":"Polygon","coordinates":[[[21.1947,38.4],[21.1,38.4947],[21.0947,38.5],[21.0,38.5947],[20.9947,38.6],[21.0,38.62],[21.1,38.6077],[21.2,38.6222],[21.3,38.6091],[21.3111,38.6],[21.34,38.5],[21.3333,38.4],[21.3,38.3947],[21.2,38.3947],[21.1947,38.4]]]}},{"type":"Feature","properties":{"layer_id":"1981_2000_T20","layer_label":"1981_2000, T>20\u00b0C","low":75.0,"high":90.0,"label":"75\u201390 %","fill":"#d95f0e","fillOpacity":0.68,"stroke":"#d95f0e","strokeOpacity":0.8,"strokeWeight":0.35},"geometry":{"type":"Polygon","coordinates":[[[20.6,38.575],[20.7,38.575],[20.725,38.6],[20.725,38.7],[20.8,38.775],[20.825,38.8],[20.9,38.875],[20.925,38.9],[20.9,38.925],[20.8,38.925],[20.775,38.9],[20.7,38.825],[20.6,38.8167],[20.5833,38.8],[20.575,38.7],[20.575,38.6],[20.6,38.575]]]}},{"type":"Feature","properties":{"layer_id":"1981_2000_T20","layer_label":"1981_2000, T>20\u00b0C","low":75.0,"high":90.0,"label":"75\u201390 %","fill":"#d95f0e","fillOpacity":0.68,"stroke":"#d95f0e","strokeOpacity":0.8,"strokeWeight":0.35},"geometry":{"type":"Polygon","coordinates":[[[20.59,38.6],[20.59,38.7],[20.6,38.8],[20.6,38.8],[20.7,38.81],[20.79,38.9],[20.8,38.91],[20.9,38.91],[20.91,38.9],[20.9,38.89],[20.81,38.8],[20.8,38.79],[20.71,38.7],[20.71,38.6],[20.7,38.59],[20.6,38.59],[20.59,38.6]]]}},{"type":"Feature","properties":{"layer_id":"1981_2000_T20","layer_label":"1981_2000, T>20\u00b0C","low":75.0,"high":90.0,"label":"75\u201390 %","fill":"#d95f0e","fillOpacity":0.68,"stroke":"#d95f0e","strokeOpacity":0.8,"strokeWeight":0.35},"geometry":{"type":"Polygon","coordinates":[[[26.8,38.5789],[26.9,38.5833],[26.975,38.6],[26.95,38.7],[26.9,38.7167],[26.8,38.7211],[26.7789,38.7],[26.7789,38.6],[26.8,38.5789]]]}},{"type":"Feature","properties":{"layer_id":"1981_2000_T20","layer_label":"1981_2000, T>20\u00b0C","low":75.0,"high":90.0,"label":"75\u201390 %","fill":"#d95f0e","fillOpacity":0.68,"stroke":"#d95f0e","strokeOpacity":0.8,"strokeWeight":0.35},"geometry":{"type":"Polygon","coordinates":[[[0.0,38.6938],[0.1,38.6789],[0.1211,38.7],[0.125,38.8],[0.1,38.825],[0.0,38.8167],[-0.06,38.8],[-0.0083,38.7],[0.0,38.6938]]]}},{"type":"Feature","properties":{"layer_id":"1981_2000_T20","layer_label":"1981_2000, T>20\u00b0C","low":75.0,"high":90.0,"label":"75\u201390 %","fill":"#d95f0e","fillOpacity":0.68,"stroke":"#d95f0e","strokeOpacity":0.8,"strokeWeight":0.35},"geometry":{"type":"Polygon","coordinates":[[[1.4,38.875],[1.425,38.9],[1.5,38.975],[1.525,39.0],[1.5,39.025],[1.4,39.025],[1.3,39.025],[1.275,39.0],[1.3,38.975],[1.375,38.9],[1.4,38.875]]]}},{"type":"Feature","properties":{"layer_id":"1981_2000_T20","layer_label":"1981_2000, T>20\u00b0C","low":75.0,"high":90.0,"label":"75\u201390 %","fill":"#d95f0e","fillOpacity":0.68,"stroke":"#d95f0e","strokeOpacity":0.8,"strokeWeight":0.35},"geometry":{"type":"Polygon","coordinates":[[[17.0,38.9938],[17.1,38.9833],[17.1167,39.0],[17.1118,39.1],[17.1167,39.2],[17.1167,39.3],[17.1,39.3167],[17.0167,39.4],[17.0,39.4167],[16.975,39.4],[16.99,39.3],[17.0,39.25],[17.025,39.2],[17.0,39.175],[16.925,39.1],[16.95,39.0],[17.0,38.9938]]]}},{"type":"Feature","properties":{"layer_id":"1981_2000_T20","layer_label":"1981_2000, T>20\u00b0C","low":75.0,"high":90.0,"label":"75\u201390 %","fill":"#d95f0e","fillOpacity":0.68,"stroke":"#d95f0e","strokeOpacity":0.8,"strokeWeight":0.35},"geometry":{"type":"Polygon","coordinates":[[[26.1,39.0789],[26.2,39.075],[26.3,39.0789],[26.4,39.0789],[26.5,39.075],[26.525,39.1],[26.5167,39.2],[26.5,39.2167],[26.4211,39.3],[26.4,39.3211],[26.3,39.3211],[26.2,39.3211],[26.1789,39.3],[26.2,39.2789],[26.3,39.2789],[26.3833,39.2],[26.3,39.1211],[26.2,39.125],[26.1063,39.2],[26.1,39.2063],[26.0118,39.3],[26.0,39.3118],[25.9,39.3211],[25.8789,39.3],[25.8789,39.2],[25.9,39.1789],[26.0,39.1882],[26.0789,39.1],[26.1,39.0789]]]}},{"type":"Feature","properties":{"layer_id":"1981_2000_T20","layer_label":"1981_2000, T>20\u00b0C","low":75.0,"high":90.0,"label":"75\u201390 %","fill":"#d95f0e","fillOpacity":0.68,"stroke":"#d95f0e","strokeOpacity":0.8,"strokeWeight":0.35},"geometry":{"type":"Polygon","coordinates":[[[26.0947,39.1],[26.1,39.1333],[26.2,39.11],[26.3,39.1053],[26.4,39.2],[26.5,39.2],[26.51,39.1],[26.5,39.09],[26.4,39.0947],[26.3,39.0947],[26.2,39.09],[26.1,39.0947],[26.0947,39.1]]]}},{"type":"Feature","properties":{"layer_id":"1981_2000_T20","layer_label":"1981_2000, T>20\u00b0C","low":75.0,"high":90.0,"label":"75\u201390 %","fill":"#d95f0e","fillOpacity":0.68,"stroke":"#d95f0e","strokeOpacity":0.8,"strokeWeight":0.35},"geometry":{"type":"Polygon","coordinates":[[[22.8,39.1688],[22.825,39.2],[22.825,39.3],[22.8111,39.4],[22.8,39.4167],[22.7167,39.5],[22.7,39.5333],[22.66,39.6],[22.6,39.6214],[22.5154,39.7],[22.5,39.7154],[22.4,39.7222],[22.38,39.7],[22.38,39.6],[22.4,39.5846],[22.5,39.5727],[22.6,39.5],[22.6,39.5],[22.6833,39.4],[22.6286,39.3],[22.7,39.2667],[22.7667,39.2],[22.8,39.1688]]]}},{"type":"Feature","properties":{"layer_id":"1981_2000_T20","layer_label":"1981_2000, T>20\u00b0C","low":75.0,"high":90.0,"label":"75\u201390 %","fill":"#d95f0e","fillOpacity":0.68,"stroke":"#d95f0e","strokeOpacity":0.8,"strokeWeight":0.35},"geometry":{"type":"Polygon","coordinates":[[[3.1,39.275],[3.125,39.3],[3.2,39.3789],[3.2211,39.4],[3.2167,39.5],[3.3,39.5833],[3.4,39.5789],[3.4211,39.6],[3.4211,39.7],[3.4,39.7211],[3.3,39.7167],[3.2,39.7167],[3.1,39.7211],[3.0167,39.8],[3.0211,39.9],[3.0,39.9211],[2.9789,39.9],[2.9,39.8167],[2.8,39.8118],[2.7882,39.8],[2.7,39.7211],[2.6,39.7211],[2.5,39.7211],[2.4789,39.7],[2.475,39.6],[2.5,39.575],[2.6,39.575],[2.675,39.5],[2.7,39.475],[2.7789,39.4],[2.8,39.3789],[2.9,39.3789],[3.0,39.375],[3.075,39.3],[3.1,39.275]]]}},{"type":"Feature","properties":{"layer_id":"1981_2000_T20","layer_label":"1981_2000, T>20\u00b0C","low":75.0,"high":90.0,"label":"75\u201390 %","fill":"#d95f0e","fillOpacity":0.68,"stroke":"#d95f0e","strokeOpacity":0.8,"strokeWeight":0.35},"geometry":{"type":"Polygon","coordinates":[[[3.09,39.3],[3.0,39.39],[2.9,39.3947],[2.8,39.3947],[2.7947,39.4],[2.7,39.49],[2.69,39.5],[2.6,39.59],[2.5,39.59],[2.49,39.6],[2.4947,39.7],[2.5,39.7053],[2.6,39.7053],[2.7,39.7053],[2.8,39.7],[2.8,39.6],[2.8,39.6],[2.8,39.6],[2.9,39.7],[3.0,39.7],[3.0,39.7],[3.1,39.7053],[3.2,39.7],[3.1,39.6],[3.1,39.6],[3.0,39.5],[2.9,39.5],[2.9,39.5],[2.9,39.5],[3.0,39.5],[3.1,39.5],[3.2,39.5],[3.2053,39.4],[3.2,39.3947],[3.11,39.3],[3.1,39.29],[3.09,39.3]]]}},{"type":"Feature","properties":{"layer_id":"1981_2000_T20","layer_label":"1981_2000, T>20\u00b0C","low":75.0,"high":90.0,"label":"75\u201390 %","fill":"#d95f0e","fillOpacity":0.68,"stroke":"#d95f0e","strokeOpacity":0.8,"strokeWeight":0.35},"geometry":{"type":"Polygon","coordinates":[[[19.9,39.475],[19.925,39.5],[19.925,39.6],[19.9,39.625],[19.825,39.7],[19.8,39.725],[19.7,39.725],[19.675,39.7],[19.7,39.675],[19.775,39.6],[19.8,39.575],[19.875,39.5],[19.9,39.475]]]}},{"type":"Feature","properties":{"layer_id":"1981_2000_T20","layer_label":"1981_2000, T>20\u00b0C","low":75.0,"high":90.0,"label":"75\u201390 %","fill":"#d95f0e","fillOpacity":0.68,"stroke":"#d95f0e","strokeOpacity":0.8,"strokeWeight":0.35},"geometry":{"type":"Polygon","coordinates":[[[19.89,39.5],[19.8,39.59],[19.79,39.6],[19.7,39.69],[19.69,39.7],[19.7,39.71],[19.8,39.71],[19.81,39.7],[19.9,39.61],[19.91,39.6],[19.91,39.5],[19.9,39.49],[19.89,39.5]]]}},{"type":"Feature","properties":{"layer_id":"1981_2000_T20","layer_label":"1981_2000, T>20\u00b0C","low":75.0,"high":90.0,"label":"75\u201390 %","fill":"#d95f0e","fillOpacity":0.68,"stroke":"#d95f0e","strokeOpacity":0.8,"strokeWeight":0.35},"geometry":{"type":"Polygon","coordinates":[[[16.3,39.64],[16.4,39.6556],[16.5,39.6688],[16.525,39.7],[16.5,39.725],[16.4,39.8],[16.3,39.7231],[16.275,39.7],[16.3,39.64]]]}},{"type":"Feature","properties":{"layer_id":"1981_2000_T20","layer_label":"1981_2000, T>20\u00b0C","low":75.0,"high":90.0,"label":"75\u201390 %","fill":"#d95f0e","fillOpacity":0.68,"stroke":"#d95f0e","strokeOpacity":0.8,"strokeWeight":0.35},"geometry":{"type":"Polygon","coordinates":[[[4.1,39.875],[4.2,39.875],[4.3,39.875],[4.325,39.9],[4.3,39.925],[4.225,40.0],[4.2,40.025],[4.1,40.025],[4.0,40.025],[3.9,40.025],[3.875,40.0],[3.9,39.975],[4.0,39.975],[4.075,39.9],[4.1,39.875]]]}},{"type":"Feature","properties":{"layer_id":"1981_2000_T20","layer_label":"1981_2000, T>20\u00b0C","low":75.0,"high":90.0,"label":"75\u201390 %","fill":"#d95f0e","fillOpacity":0.68,"stroke":"#d95f0e","strokeOpacity":0.8,"strokeWeight":0.35},"geometry":{"type":"Polygon","coordinates":[[[4.09,39.9],[4.0,39.99],[3.9,39.99],[3.89,40.0],[3.9,40.01],[4.0,40.01],[4.1,40.01],[4.2,40.01],[4.21,40.0],[4.3,39.91],[4.31,39.9],[4.3,39.89],[4.2,39.89],[4.1,39.89],[4.09,39.9]]]}},{"type":"Feature","properties":{"layer_id":"1981_2000_T20","layer_label":"1981_2000, T>20\u00b0C","low":75.0,"high":90.0,"label":"75\u201390 %","fill":"#d95f0e","fillOpacity":0.68,"stroke":"#d95f0e","strokeOpacity":0.8,"strokeWeight":0.35},"geometry":{"type":"Polygon","coordinates":[[[18.2,39.875],[18.3,39.875],[18.325,39.9],[18.4,39.975],[18.425,40.0],[18.425,40.1],[18.425,40.2],[18.4167,40.3],[18.4,40.3167],[18.3167,40.4],[18.3,40.4167],[18.2,40.4167],[18.1118,40.5],[18.1,40.5118],[18.0,40.5143],[17.9,40.5333],[17.8,40.575],[17.7,40.5167],[17.6,40.51],[17.5,40.5],[17.5,40.5],[17.5,40.5],[17.4,40.5231],[17.3,40.5267],[17.2,40.5308],[17.1,40.5333],[17.0,40.5],[17.1,40.4789],[17.2,40.4789],[17.275,40.4],[17.3,40.375],[17.4,40.375],[17.5,40.375],[17.575,40.3],[17.6,40.275],[17.7,40.2789],[17.8,40.2789],[17.9,40.275],[17.975,40.2],[17.975,40.1],[18.0,40.075],[18.075,40.0],[18.1,39.975],[18.175,39.9],[18.2,39.875]]]}},{"type":"Feature","properties":{"layer_id":"1981_2000_T20","layer_label":"1981_2000, T>20\u00b0C","low":75.0,"high":90.0,"label":"75\u201390 %","fill":"#d95f0e","fillOpacity":0.68,"stroke":"#d95f0e","strokeOpacity":0.8,"strokeWeight":0.35},"geometry":{"type":"Polygon","coordinates":[[[18.19,39.9],[18.1,39.99],[18.09,40.0],[18.0,40.09],[17.99,40.1],[17.99,40.2],[18.0,40.3],[18.1,40.25],[18.2,40.25],[18.3,40.2],[18.3,40.2],[18.3,40.2],[18.4,40.3],[18.41,40.2],[18.41,40.1],[18.41,40.0],[18.4,39.99],[18.31,39.9],[18.3,39.89],[18.2,39.89],[18.19,39.9]]]}},{"type":"Feature","properties":{"layer_id":"1981_2000_T20","layer_label":"1981_2000, T>20\u00b0C","low":75.0,"high":90.0,"label":"75\u201390 %","fill":"#d95f0e","fillOpacity":0.68,"stroke":"#d95f0e","strokeOpacity":0.8,"strokeWeight":0.35},"geometry":{"type":"Polygon","coordinates":[[[17.59,40.3],[17.6,40.4],[17.7,40.4],[17.8,40.4],[17.8,40.4],[17.9,40.45],[17.95,40.4],[18.0,40.3],[17.9,40.29],[17.8,40.2947],[17.7,40.2947],[17.6,40.29],[17.59,40.3]]]}},{"type":"Feature","properties":{"layer_id":"1981_2000_T20","layer_label":"1981_2000, T>20\u00b0C","low":75.0,"high":90.0,"label":"75\u201390 %","fill":"#d95f0e","fillOpacity":0.68,"stroke":"#d95f0e","strokeOpacity":0.8,"strokeWeight":0.35},"geometry":{"type":"Polygon","coordinates":[[[17.29,40.4],[17.2,40.4947],[17.1,40.4947],[17.075,40.5],[17.1,40.5083],[17.2,40.5077],[17.3,40.5067],[17.4,40.5],[17.4,40.5],[17.5,40.44],[17.6,40.4],[17.5,40.39],[17.4,40.39],[17.3,40.39],[17.29,40.4]]]}},{"type":"Feature","properties":{"layer_id":"1981_2000_T20","layer_label":"1981_2000, T>20\u00b0C","low":75.0,"high":90.0,"label":"75\u201390 %","fill":"#d95f0e","fillOpacity":0.68,"stroke":"#d95f0e","strokeOpacity":0.8,"strokeWeight":0.35},"geometry":{"type":"Polygon","coordinates":[[[23.9,39.975],[23.925,40.0],[24.0,40.075],[24.025,40.1],[24.0,40.125],[23.925,40.2],[23.9,40.225],[23.8,40.225],[23.7167,40.3],[23.7,40.325],[23.6,40.3176],[23.5,40.3125],[23.4,40.325],[23.3,40.3375],[23.2,40.4],[23.175,40.3],[23.2,40.275],[23.3,40.2833],[23.4,40.2833],[23.5,40.2882],[23.6,40.2833],[23.675,40.2],[23.7,40.175],[23.775,40.1],[23.8,40.075],[23.875,40.0],[23.9,39.975]]]}},{"type":"Feature","properties":{"layer_id":"1981_2000_T20","layer_label":"1981_2000, T>20\u00b0C","low":75.0,"high":90.0,"label":"75\u201390 %","fill":"#d95f0e","fillOpacity":0.68,"stroke":"#d95f0e","strokeOpacity":0.8,"strokeWeight":0.35},"geometry":{"type":"Polygon","coordinates":[[[23.89,40.0],[23.8,40.09],[23.79,40.1],[23.7,40.19],[23.69,40.2],[23.7,40.3],[23.8,40.21],[23.9,40.21],[23.91,40.2],[24.0,40.11],[24.01,40.1],[24.0,40.09],[23.91,40.0],[23.9,39.99],[23.89,40.0]]]}},{"type":"Feature","properties":{"layer_id":"1981_2000_T20","layer_label":"1981_2000, T>20\u00b0C","low":75.0,"high":90.0,"label":"75\u201390 %","fill":"#d95f0e","fillOpacity":0.68,"stroke":"#d95f0e","strokeOpacity":0.8,"strokeWeight":0.35},"geometry":{"type":"Polygon","coordinates":[[[24.0,40.275],[24.1,40.275],[24.2,40.275],[24.225,40.3],[24.2,40.325],[24.1,40.325],[24.025,40.4],[24.0,40.425],[23.9,40.425],[23.8,40.4182],[23.7818,40.4],[23.8,40.3882],[23.9,40.375],[23.975,40.3],[24.0,40.275]]]}},{"type":"Feature","properties":{"layer_id":"1981_2000_T20","layer_label":"1981_2000, T>20\u00b0C","low":75.0,"high":90.0,"label":"75\u201390 %","fill":"#d95f0e","fillOpacity":0.68,"stroke":"#d95f0e","strokeOpacity":0.8,"strokeWeight":0.35},"geometry":{"type":"Polygon","coordinates":[[[8.3,40.5938],[8.32,40.6],[8.4,40.68],[8.4091,40.7],[8.5,40.8],[8.4,40.8118],[8.3,40.8167],[8.2,40.8211],[8.1789,40.8],[8.1833,40.7],[8.2,40.6833],[8.2938,40.6],[8.3,40.5938]]]}},{"type":"Feature","properties":{"layer_id":"1981_2000_T20","layer_label":"1981_2000, T>20\u00b0C","low":75.0,"high":90.0,"label":"75\u201390 %","fill":"#d95f0e","fillOpacity":0.68,"stroke":"#d95f0e","strokeOpacity":0.8,"strokeWeight":0.35},"geometry":{"type":"Polygon","coordinates":[[[12.2,41.7833],[12.3,41.7833],[12.375,41.8],[12.3,41.875],[12.275,41.9],[12.2,41.975],[12.1833,41.9],[12.1833,41.8],[12.2,41.7833]]]}},{"type":"Feature","properties":{"layer_id":"1981_2000_T20","layer_label":"1981_2000, T>20\u00b0C","low":75.0,"high":90.0,"label":"75\u201390 %","fill":"#d95f0e","fillOpacity":0.68,"stroke":"#d95f0e","strokeOpacity":0.8,"strokeWeight":0.35},"geometry":{"type":"Polygon","coordinates":[[[16.1,41.7833],[16.2,41.7789],[16.2211,41.8],[16.2,41.8211],[16.1167,41.9],[16.1,41.9167],[16.0,41.9167],[15.9,41.9118],[15.875,41.9],[15.9,41.8882],[16.0,41.87],[16.07,41.8],[16.1,41.7833]]]}},{"type":"Feature","properties":{"layer_id":"1981_2000_T20","layer_label":"1981_2000, T>20\u00b0C","low":75.0,"high":90.0,"label":"75\u201390 %","fill":"#d95f0e","fillOpacity":0.68,"stroke":"#d95f0e","strokeOpacity":0.8,"strokeWeight":0.35},"geometry":{"type":"Polygon","coordinates":[[[10.5,42.975],[10.6,42.9833],[10.7,42.9833],[10.7333,43.0],[10.7,43.0429],[10.6333,43.1],[10.6,43.125],[10.5882,43.1],[10.5,43.025],[10.475,43.0],[10.5,42.975]]]}},{"type":"Feature","properties":{"layer_id":"1981_2000_T20","layer_label":"1981_2000, T>20\u00b0C","low":75.0,"high":90.0,"label":"75\u201390 %","fill":"#d95f0e","fillOpacity":0.68,"stroke":"#d95f0e","strokeOpacity":0.8,"strokeWeight":0.35},"geometry":{"type":"Polygon","coordinates":[[[12.2,44.6938],[12.2063,44.7],[12.3,44.7882],[12.3118,44.8],[12.4,44.8833],[12.4167,44.9],[12.4,44.9167],[12.3063,45.0],[12.3,45.0063],[12.275,45.0],[12.25,44.9],[12.2,44.85],[12.1833,44.8],[12.1833,44.7],[12.2,44.6938]]]}},{"type":"Feature","properties":{"layer_id":"1981_2000_T20","layer_label":"1981_2000, T>20\u00b0C","low":75.0,"high":90.0,"label":"75\u201390 %","fill":"#d95f0e","fillOpacity":0.68,"stroke":"#d95f0e","strokeOpacity":0.8,"strokeWeight":0.35},"geometry":{"type":"Polygon","coordinates":[[[35.8,45.0938],[35.9,45.0882],[36.0,45.0882],[36.1,45.0882],[36.2,45.0833],[36.3,45.0833],[36.4,45.0789],[36.4211,45.1],[36.5,45.175],[36.525,45.2],[36.6,45.275],[36.675,45.2],[36.7,45.175],[36.8,45.1789],[36.9,45.1789],[36.9211,45.2],[37.0,45.2789],[37.075,45.2],[37.1,45.175],[37.1882,45.1],[37.2,45.0882],[37.3,45.05],[37.3125,45.1],[37.36,45.2],[37.4,45.25],[37.5,45.3],[37.5,45.3],[37.6,45.35],[37.65,45.4],[37.7,45.5],[37.7,45.5],[37.7667,45.6],[37.8,45.6286],[37.8625,45.7],[37.9,45.7375],[37.9714,45.8],[38.0,45.8286],[38.1,45.8625],[38.2,45.875],[38.2125,45.9],[38.2375,46.0],[38.2667,46.1],[38.3,46.1167],[38.4,46.16],[38.4333,46.2],[38.4,46.2667],[38.35,46.3],[38.3,46.3111],[38.2,46.3714],[38.1333,46.4],[38.1,46.4167],[38.0,46.44],[37.9,46.4571],[37.84,46.5],[37.9,46.6],[37.9,46.6],[38.0,46.6286],[38.1,46.6375],[38.2,46.6429],[38.3,46.6625],[38.4,46.6909],[38.425,46.7],[38.46,46.8],[38.5,46.8667],[38.5333,46.9],[38.55,47.0],[38.5,47.0333],[38.4,47.0333],[38.3,47.025],[38.2,47.04],[38.1,47.025],[38.0,47.025],[37.9,47.025],[37.8,47.025],[37.7,47.025],[37.65,47.0],[37.6,46.975],[37.5,46.95],[37.4,46.9143],[37.3,46.9],[37.3,46.9],[37.2,46.9],[37.1,46.8286],[37.0,46.8222],[36.9333,46.8],[36.9,46.78],[36.8,46.7375],[36.7,46.7333],[36.6,46.7],[36.6,46.7],[36.5,46.68],[36.4,46.6286],[36.3,46.6083],[36.275,46.6],[36.2,46.54],[36.1,46.525],[36.0,46.5],[36.0,46.5],[35.9,46.5],[35.8,46.5],[35.7,46.5],[35.6,46.425],[35.5,46.4143],[35.4667,46.4],[35.4,46.35],[35.3,46.325],[35.2,46.3],[35.2,46.3],[35.1,46.275],[35.0,46.2],[35.0,46.2],[34.9,46.15],[34.8,46.15],[34.7333,46.1],[34.7,46.0667],[34.6,46.05],[34.5333,46.0],[34.5333,45.9],[34.6,45.8818],[34.7,45.8667],[34.775,45.8],[34.8,45.7667],[34.9,45.7],[34.9,45.7],[35.0,45.6],[35.0,45.6],[35.1,45.5],[35.1,45.5],[35.1333,45.4],[35.2,45.3333],[35.225,45.3],[35.3,45.24],[35.4,45.225],[35.5,45.2167],[35.5333,45.2],[35.6,45.1882],[35.7,45.1882],[35.7938,45.1],[35.8,45.0938]]]}},{"type":"Feature","properties":{"layer_id":"1981_2000_T20","layer_label":"1981_2000, T>20\u00b0C","low":75.0,"high":90.0,"label":"75\u201390 %","fill":"#d95f0e","fillOpacity":0.68,"stroke":"#d95f0e","strokeOpacity":0.8,"strokeWeight":0.35},"geometry":{"type":"Polygon","coordinates":[[[35.85,45.2],[35.9,45.3],[35.9,45.3],[36.0,45.34],[36.06,45.4],[36.1,45.4286],[36.2,45.4167],[36.25,45.4],[36.2,45.3],[36.2,45.3],[36.1,45.2],[36.1,45.2],[36.0,45.1667],[35.9,45.1667],[35.85,45.2]]]}},{"type":"Feature","properties":{"layer_id":"1981_2000_T20","layer_label":"1981_2000, T>20\u00b0C","low":75.0,"high":90.0,"label":"75\u201390 %","fill":"#d95f0e","fillOpacity":0.68,"stroke":"#d95f0e","strokeOpacity":0.8,"strokeWeight":0.35},"geometry":{"type":"Polygon","coordinates":[[[36.4333,45.2],[36.4333,45.3],[36.45,45.4],[36.4,45.45],[36.3,45.45],[36.2,45.4667],[36.1,45.4714],[36.0,45.4],[36.0,45.4],[35.9,45.36],[35.8,45.3333],[35.7,45.3333],[35.6,45.3333],[35.5667,45.3],[35.5,45.2667],[35.4,45.3],[35.4,45.3],[35.3,45.4],[35.3,45.4],[35.2,45.5],[35.2,45.5],[35.1,45.6],[35.1,45.6],[35.0333,45.7],[35.0,45.75],[34.9,45.775],[34.85,45.8],[34.8,45.85],[34.7,45.9],[34.75,46.0],[34.8,46.05],[34.9,46.05],[35.0,46.1],[35.0,46.1],[35.1,46.2],[35.2,46.2],[35.2,46.2],[35.3,46.2333],[35.4,46.25],[35.5,46.3],[35.5,46.3],[35.6,46.3333],[35.7,46.3333],[35.8,46.3333],[35.9,46.3333],[36.0,46.4],[36.0,46.4],[36.1,46.4333],[36.2,46.45],[36.25,46.5],[36.3,46.5333],[36.4,46.55],[36.45,46.6],[36.5,46.62],[36.6,46.625],[36.7,46.65],[36.8,46.7],[36.8,46.7],[36.9,46.72],[37.0,46.75],[37.1,46.75],[37.2,46.8],[37.2,46.8],[37.3,46.825],[37.4,46.85],[37.5,46.85],[37.6,46.8],[37.6,46.8],[37.7,46.8],[37.7,46.8],[37.8,46.9],[37.9,46.9],[38.0,46.9],[38.1,46.9],[38.1,46.9],[38.2,46.95],[38.3,46.9333],[38.35,46.9],[38.4,46.8],[38.3,46.7],[38.3,46.7],[38.2,46.6857],[38.1,46.675],[38.0,46.6714],[37.9,46.66],[37.825,46.6],[37.8,46.55],[37.7667,46.5],[37.8,46.4667],[37.9,46.4143],[37.95,46.4],[38.0,46.3667],[38.1,46.35],[38.2,46.3286],[38.25,46.3],[38.3,46.25],[38.3667,46.2],[38.3,46.1667],[38.2,46.1333],[38.1667,46.1],[38.2,46.0],[38.1,45.9],[38.1,45.9],[38.0,45.8714],[37.9286,45.8],[37.9,45.775],[37.825,45.7],[37.8,45.6714],[37.7167,45.6],[37.7,45.575],[37.64,45.5],[37.6,45.4],[37.6,45.4],[37.5,45.36],[37.4,45.3333],[37.3,45.3],[37.3,45.3],[37.2,45.2],[37.2,45.2],[37.1,45.19],[37.09,45.2],[37.0,45.2947],[36.9053,45.2],[36.9,45.1947],[36.8,45.1947],[36.7,45.19],[36.69,45.2],[36.6,45.29],[36.51,45.2],[36.5,45.19],[36.4333,45.2]]]}},{"type":"Feature","properties":{"layer_id":"1981_2000_T20","layer_label":"1981_2000, T>20\u00b0C","low":90.0,"high":100.0,"label":"90\u2013100 %","fill":"#7f2704","fillOpacity":0.78,"stroke":"#7f2704","strokeOpacity":0.9,"strokeWeight":0.35},"geometry":{"type":"Polygon","coordinates":[[[3.2,34.0],[3.3,34.0],[3.4,34.0],[3.5,34.0],[3.6,34.0],[3.7,34.0],[3.8,34.0],[3.9,34.0],[4.0,34.0],[4.1,34.0],[4.2,34.0],[4.3,34.0],[4.4,34.0],[4.5,34.0],[4.6,34.0],[4.7,34.0],[4.8,34.0],[4.9,34.0],[5.0,34.0],[5.1,34.0],[5.2,34.0],[5.3,34.0],[5.4,34.0],[5.5,34.0],[5.6,34.0],[5.7,34.0],[5.8,34.0],[5.9,34.0],[6.0,34.0],[6.1,34.0],[6.2,34.0],[6.3,34.0],[6.4,34.0],[6.5,34.0],[6.6,34.0],[6.7,34.0],[6.8,34.0],[6.9,34.0],[7.0,34.0],[7.1,34.0],[7.2,34.0],[7.3,34.0],[7.4,34.0],[7.5,34.0],[7.6,34.0],[7.7,34.0],[7.8,34.0],[7.9,34.0],[8.0,34.0],[8.1,34.0],[8.2,34.0],[8.3,34.0],[8.4,34.0],[8.5,34.0],[8.6,34.0],[8.7,34.0],[8.8,34.0],[8.9,34.0],[9.0,34.0],[9.1,34.0],[9.2,34.0],[9.3,34.0],[9.4,34.0],[9.5,34.0],[9.6,34.0],[9.7,34.0],[9.8,34.0],[9.9,34.0],[10.0,34.0],[10.01,34.0],[10.01,34.1],[10.01,34.2],[10.0,34.3],[9.9,34.3],[9.8,34.3],[9.8,34.3],[9.8,34.4],[9.7,34.45],[9.6,34.4],[9.6,34.4],[9.5,34.35],[9.4,34.3],[9.5,34.25],[9.6,34.2],[9.7,34.2],[9.7,34.2],[9.7,34.2],[9.6,34.2],[9.5,34.15],[9.4,34.15],[9.35,34.2],[9.3,34.25],[9.2,34.25],[9.1,34.25],[9.0333,34.3],[9.0,34.3333],[8.9,34.3333],[8.8,34.4],[8.8,34.4],[8.7,34.4667],[8.6,34.4],[8.6,34.4],[8.6,34.4],[8.5,34.5],[8.4,34.5],[8.3,34.5],[8.2,34.5],[8.2,34.5],[8.1,34.5333],[8.0,34.55],[7.9,34.6],[7.9,34.6],[7.8,34.6167],[7.7,34.7],[7.7,34.7],[7.6,34.7111],[7.5,34.7333],[7.4,34.8],[7.4,34.8],[7.3,34.8111],[7.2,34.85],[7.1,34.85],[7.0,34.8286],[6.9,34.85],[6.8333,34.9],[6.8,34.91],[6.7,34.925],[6.6,34.94],[6.5,34.94],[6.4,34.9222],[6.3,34.9333],[6.2,34.95],[6.1333,35.0],[6.1,35.0143],[6.0,35.0667],[5.95,35.1],[5.9,35.1083],[5.8,35.1286],[5.7167,35.2],[5.7,35.25],[5.65,35.3],[5.6,35.31],[5.5,35.3],[5.5,35.3],[5.4,35.2],[5.4,35.2],[5.4,35.2],[5.35,35.3],[5.3667,35.4],[5.3,35.4667],[5.2,35.5],[5.2,35.5],[5.12,35.6],[5.1,35.6125],[5.0,35.625],[4.9,35.625],[4.8,35.6333],[4.72,35.7],[4.7,35.7111],[4.6,35.72],[4.5,35.7],[4.5,35.7],[4.4,35.6333],[4.3,35.6167],[4.25,35.6],[4.2333,35.5],[4.25,35.4],[4.275,35.3],[4.3,35.25],[4.4,35.25],[4.5,35.25],[4.55,35.2],[4.55,35.1],[4.5,35.05],[4.4889,35.0],[4.4667,34.9],[4.5,34.8],[4.6,34.8],[4.6,34.8],[4.6,34.8],[4.5,34.7],[4.5,34.7],[4.4,34.6],[4.4,34.6],[4.3,34.5333],[4.2,34.525],[4.1667,34.5],[4.1,34.4333],[4.0667,34.4],[4.0,34.3333],[3.9,34.32],[3.8667,34.3],[3.8,34.2333],[3.7,34.2333],[3.6,34.25],[3.5,34.3],[3.4,34.2],[3.4,34.1],[3.4,34.1],[3.3,34.1],[3.2,34.1],[3.1,34.0],[3.2,34.0]]]}},{"type":"Feature","properties":{"layer_id":"1981_2000_T20","layer_label":"1981_2000, T>20\u00b0C","low":90.0,"high":100.0,"label":"90\u2013100 %","fill":"#7f2704","fillOpacity":0.78,"stroke":"#7f2704","strokeOpacity":0.9,"strokeWeight":0.35},"geometry":{"type":"Polygon","coordinates":[[[39.3,34.0],[39.4,34.0],[39.5,34.0],[39.6,34.0],[39.7,34.0],[39.8,34.0],[39.9,34.0],[40.0,34.0],[40.1,34.0],[40.2,34.0],[40.3,34.0],[40.4,34.0],[40.5,34.0],[40.6,34.0],[40.7,34.0],[40.8,34.0],[40.9,34.0],[41.0,34.0],[41.1,34.0],[41.2,34.0],[41.3,34.0],[41.4,34.0],[41.5,34.0],[41.6,34.0],[41.7,34.0],[41.8,34.0],[41.9,34.0],[42.0,34.0],[42.1,34.0],[42.2,34.0],[42.3,34.0],[42.4,34.0],[42.5,34.0],[42.6,34.0],[42.7,34.0],[42.8,34.0],[42.9,34.0],[43.0,34.0],[43.1,34.0],[43.2,34.0],[43.3,34.0],[43.4,34.0],[43.5,34.0],[43.6,34.0],[43.7,34.0],[43.8,34.0],[43.9,34.0],[44.0,34.0],[44.1,34.0],[44.2,34.0],[44.3,34.0],[44.4,34.0],[44.5,34.0],[44.6,34.0],[44.7,34.0],[44.8,34.0],[44.9,34.0],[45.0,34.0],[45.0,34.1],[45.0,34.2],[45.0,34.3],[45.0,34.4],[45.0,34.5],[45.0,34.6],[45.0,34.7],[45.0,34.8],[45.0,34.9],[45.0,35.0],[45.0,35.1],[45.0,35.2],[45.0,35.3],[45.0,35.4],[45.0,35.5],[45.0,35.6],[45.0,35.7],[45.0,35.7],[45.0,35.7],[45.0,35.8],[45.0,35.8167],[44.9167,35.9],[44.9,35.9333],[44.8,35.95],[44.7667,36.0],[44.8,36.0333],[44.9,36.05],[45.0,36.0667],[45.0,36.1],[45.0,36.2],[45.0,36.2333],[44.9,36.2333],[44.8,36.2],[44.8,36.2],[44.75,36.1],[44.7,36.05],[44.6,36.1],[44.5,36.1],[44.5,36.1],[44.5,36.1],[44.6,36.1],[44.7,36.2],[44.6,36.3],[44.6,36.3],[44.5,36.3125],[44.4,36.3],[44.4,36.2],[44.4,36.2],[44.4,36.2],[44.3,36.2333],[44.2333,36.3],[44.2,36.3333],[44.1333,36.4],[44.2,36.4667],[44.3,36.45],[44.4,36.475],[44.4111,36.5],[44.4143,36.6],[44.4,36.6111],[44.3,36.6143],[44.2,36.6333],[44.1333,36.7],[44.1,36.71],[44.0,36.7125],[43.9,36.72],[43.875,36.7],[43.8,36.64],[43.725,36.7],[43.7,36.72],[43.6,36.7333],[43.5,36.7333],[43.4,36.7333],[43.3,36.7333],[43.2,36.75],[43.1,36.7667],[43.05,36.8],[43.0,36.82],[42.9,36.84],[42.84,36.9],[42.8,37.0],[42.7,36.9667],[42.6,37.0],[42.6,37.0],[42.5,37.05],[42.45,37.1],[42.4,37.15],[42.3333,37.2],[42.3,37.22],[42.2,37.3],[42.1,37.2667],[42.0,37.2667],[41.9,37.225],[41.8,37.2],[41.8,37.2],[41.7,37.2],[41.6,37.2],[41.5,37.2],[41.4,37.2],[41.3,37.2],[41.3,37.2],[41.2,37.2667],[41.1,37.25],[41.0,37.2667],[40.9,37.24],[40.8,37.2667],[40.7,37.25],[40.6,37.24],[40.5,37.25],[40.4,37.25],[40.3,37.3],[40.3,37.3],[40.2,37.34],[40.1,37.3667],[40.0,37.4],[39.9,37.3667],[39.8,37.3667],[39.7,37.4],[39.6,37.4],[39.5,37.4],[39.4,37.4],[39.3,37.3],[39.3,37.3],[39.2,37.3],[39.2,37.3],[39.1,37.4],[39.0,37.35],[38.9,37.4],[38.9,37.4],[38.9,37.5],[38.9,37.5],[39.0,37.6],[38.9,37.7],[38.8,37.7],[38.7,37.7],[38.6,37.6667],[38.5,37.6667],[38.4333,37.6],[38.4,37.5667],[38.3667,37.6],[38.3,37.65],[38.2,37.6],[38.2,37.6],[38.1667,37.5],[38.1,37.4333],[38.05,37.4],[38.05,37.3],[38.1,37.25],[38.15,37.2],[38.2,37.1],[38.2,37.1],[38.2,37.0],[38.2,37.0],[38.1,37.0],[38.1,37.0],[38.1,37.1],[38.0,37.15],[37.9,37.1667],[37.8333,37.1],[37.8,37.0667],[37.75,37.0],[37.7,36.95],[37.6,36.925],[37.55,36.9],[37.5,36.85],[37.48,36.8],[37.4,36.72],[37.38,36.7],[37.3,36.6],[37.4,36.575],[37.5,36.575],[37.6,36.5667],[37.7,36.5],[37.7,36.5],[37.7,36.5],[37.6,36.4],[37.6,36.4],[37.5333,36.3],[37.5,36.2667],[37.4,36.2333],[37.3,36.2333],[37.2,36.2333],[37.1,36.2333],[37.0,36.2],[37.0,36.2],[36.9,36.15],[36.8,36.125],[36.7667,36.1],[36.7,36.0333],[36.6857,36.0],[36.7,35.9889],[36.7889,35.9],[36.8,35.88],[36.8667,35.8],[36.9,35.7667],[37.0,35.7667],[37.1,35.75],[37.2,35.7333],[37.2333,35.7],[37.2333,35.6],[37.3,35.5],[37.3,35.5],[37.4,35.4833],[37.5,35.4714],[37.6,35.4833],[37.6333,35.5],[37.7,35.55],[37.8,35.55],[37.9,35.5333],[38.0,35.5],[38.0,35.5],[38.05,35.4],[38.1,35.3],[38.1,35.3],[38.2,35.25],[38.3,35.2333],[38.3333,35.2],[38.4,35.1333],[38.5,35.1],[38.6,35.1],[38.6,35.1],[38.7,35.0],[38.7,35.0],[38.7,35.0],[38.68,34.9],[38.6333,34.8],[38.6,34.75],[38.5,34.7],[38.6,34.65],[38.7,34.6],[38.7,34.6],[38.75,34.5],[38.75,34.4],[38.8,34.3],[38.8,34.3],[38.9,34.2667],[39.0,34.25],[39.1,34.25],[39.15,34.2],[39.2,34.15],[39.2333,34.1],[39.2,34.0],[39.3,34.0]]]}},{"type":"Feature","properties":{"layer_id":"1981_2000_T20","layer_label":"1981_2000, T>20\u00b0C","low":90.0,"high":100.0,"label":"90\u2013100 %","fill":"#7f2704","fillOpacity":0.78,"stroke":"#7f2704","strokeOpacity":0.9,"strokeWeight":0.35},"geometry":{"type":"Polygon","coordinates":[[[10.2,34.39],[10.3,34.39],[10.31,34.4],[10.31,34.5],[10.3,34.6],[10.2,34.5],[10.2,34.5],[10.2,34.5],[10.1,34.55],[10.075,34.5],[10.1,34.4],[10.1,34.4],[10.2,34.39]]]}},{"type":"Feature","properties":{"layer_id":"1981_2000_T20","layer_label":"1981_2000, T>20\u00b0C","low":90.0,"high":100.0,"label":"90\u2013100 %","fill":"#7f2704","fillOpacity":0.78,"stroke":"#7f2704","strokeOpacity":0.9,"strokeWeight":0.35},"geometry":{"type":"Polygon","coordinates":[[[10.4,34.59],[10.5,34.59],[10.6,34.59],[10.61,34.6],[10.7,34.69],[10.71,34.7],[10.71,34.8],[10.8,34.89],[10.9,34.89],[10.91,34.9],[10.91,35.0],[11.0,35.09],[11.01,35.1],[11.01,35.2],[11.1,35.29],[11.11,35.3],[11.1,35.31],[11.0053,35.4],[11.0053,35.5],[11.01,35.6],[11.0,35.61],[10.9,35.6],[10.9,35.5],[10.9,35.5],[10.8667,35.4],[10.8667,35.3],[10.8333,35.2],[10.8,35.1667],[10.7333,35.1],[10.7333,35.0],[10.7,34.9667],[10.6,34.9],[10.6,34.9],[10.5,34.9],[10.4,34.8],[10.4,34.8],[10.35,34.7],[10.3,34.6],[10.4,34.59]]]}},{"type":"Feature","properties":{"layer_id":"1981_2000_T20","layer_label":"1981_2000, T>20\u00b0C","low":90.0,"high":100.0,"label":"90\u2013100 %","fill":"#7f2704","fillOpacity":0.78,"stroke":"#7f2704","strokeOpacity":0.9,"strokeWeight":0.35},"geometry":{"type":"Polygon","coordinates":[[[36.0,34.5667],[36.1,34.5818],[36.1222,34.6],[36.2,34.6778],[36.2167,34.7],[36.2,34.8],[36.2,34.8],[36.1,34.9],[36.1,34.9],[36.0143,35.0],[36.0,35.05],[35.9,35.01],[35.89,35.0],[35.9,34.99],[35.9947,34.9],[35.99,34.8],[35.9,34.71],[35.89,34.7],[35.9,34.69],[35.99,34.6],[36.0,34.5667]]]}},{"type":"Feature","properties":{"layer_id":"1981_2000_T20","layer_label":"1981_2000, T>20\u00b0C","low":90.0,"high":100.0,"label":"90\u2013100 %","fill":"#7f2704","fillOpacity":0.78,"stroke":"#7f2704","strokeOpacity":0.9,"strokeWeight":0.35},"geometry":{"type":"Polygon","coordinates":[[[32.6,34.69],[32.7,34.69],[32.8,34.69],[32.9,34.69],[33.0,34.69],[33.01,34.7],[33.1,34.79],[33.2,34.79],[33.3,34.79],[33.4,34.79],[33.41,34.8],[33.5,34.89],[33.6,34.89],[33.61,34.9],[33.61,35.0],[33.7,35.09],[33.79,35.0],[33.8,34.99],[33.9,34.99],[33.91,35.0],[33.91,35.1],[33.91,35.2],[34.0,35.29],[34.01,35.3],[34.01,35.4],[34.0,35.41],[33.9,35.41],[33.8,35.41],[33.79,35.4],[33.7,35.31],[33.6,35.31],[33.5,35.31],[33.4,35.31],[33.3,35.31],[33.2,35.31],[33.1,35.31],[33.0,35.31],[32.99,35.3],[32.9,35.21],[32.89,35.2],[32.8,35.11],[32.71,35.2],[32.7,35.21],[32.6,35.21],[32.59,35.2],[32.59,35.1],[32.6,35.06],[32.7,35.0857],[32.8,35.0875],[32.9,35.0867],[33.0,35.0857],[33.1,35.0818],[33.19,35.0],[33.2,34.9667],[33.25,34.9],[33.2,34.85],[33.1,34.8154],[33.0,34.8063],[32.95,34.8],[32.9,34.7667],[32.8667,34.8],[32.8,34.8154],[32.7,34.8167],[32.6,34.9],[32.6,34.9],[32.54,35.0],[32.5,35.01],[32.4,35.01],[32.39,35.0],[32.39,34.9],[32.39,34.8],[32.4,34.79],[32.5,34.79],[32.59,34.7],[32.6,34.69]]]}},{"type":"Feature","properties":{"layer_id":"1981_2000_T20","layer_label":"1981_2000, T>20\u00b0C","low":90.0,"high":100.0,"label":"90\u2013100 %","fill":"#7f2704","fillOpacity":0.78,"stroke":"#7f2704","strokeOpacity":0.9,"strokeWeight":0.35},"geometry":{"type":"Polygon","coordinates":[[[25.9,34.99],[25.91,35.0],[26.0,35.09],[26.1,35.09],[26.2,35.09],[26.3,35.09],[26.31,35.1],[26.31,35.2],[26.3,35.21],[26.2,35.21],[26.1,35.21],[26.0,35.21],[25.9,35.21],[25.89,35.2],[25.8,35.11],[25.71,35.2],[25.71,35.3],[25.7,35.31],[25.6,35.31],[25.58,35.3],[25.6,35.2875],[25.6875,35.2],[25.6875,35.1],[25.7,35.09],[25.8,35.09],[25.89,35.0],[25.9,34.99]]]}},{"type":"Feature","properties":{"layer_id":"1981_2000_T20","layer_label":"1981_2000, T>20\u00b0C","low":90.0,"high":100.0,"label":"90\u2013100 %","fill":"#7f2704","fillOpacity":0.78,"stroke":"#7f2704","strokeOpacity":0.9,"strokeWeight":0.35},"geometry":{"type":"Polygon","coordinates":[[[36.0,35.2333],[36.0143,35.3],[36.0154,35.4],[36.0118,35.5],[36.0118,35.6],[36.0,35.6667],[35.9667,35.7],[35.9667,35.8],[36.0,35.85],[36.0077,35.9],[36.0,36.0],[35.9,35.91],[35.89,35.9],[35.89,35.8],[35.8,35.71],[35.79,35.7],[35.8,35.69],[35.89,35.6],[35.8,35.51],[35.79,35.5],[35.8,35.49],[35.89,35.4],[35.9,35.39],[35.99,35.3],[36.0,35.2333]]]}},{"type":"Feature","properties":{"layer_id":"1981_2000_T20","layer_label":"1981_2000, T>20\u00b0C","low":90.0,"high":100.0,"label":"90\u2013100 %","fill":"#7f2704","fillOpacity":0.78,"stroke":"#7f2704","strokeOpacity":0.9,"strokeWeight":0.35},"geometry":{"type":"Polygon","coordinates":[[[10.3,35.45],[10.4,35.4],[10.45,35.5],[10.4,35.6],[10.3,35.6],[10.25,35.5],[10.3,35.45]]]}},{"type":"Feature","properties":{"layer_id":"1981_2000_T20","layer_label":"1981_2000, T>20\u00b0C","low":90.0,"high":100.0,"label":"90\u2013100 %","fill":"#7f2704","fillOpacity":0.78,"stroke":"#7f2704","strokeOpacity":0.9,"strokeWeight":0.35},"geometry":{"type":"Polygon","coordinates":[[[27.9,35.99],[27.91,36.0],[28.0,36.09],[28.01,36.1],[28.1,36.19],[28.11,36.2],[28.11,36.3],[28.2,36.39],[28.21,36.4],[28.2,36.41],[28.1,36.41],[28.0,36.41],[27.99,36.4],[27.9,36.31],[27.89,36.3],[27.8,36.21],[27.79,36.2],[27.79,36.1],[27.8,36.09],[27.89,36.0],[27.9,35.99]]]}},{"type":"Feature","properties":{"layer_id":"1981_2000_T20","layer_label":"1981_2000, T>20\u00b0C","low":90.0,"high":100.0,"label":"90\u2013100 %","fill":"#7f2704","fillOpacity":0.78,"stroke":"#7f2704","strokeOpacity":0.9,"strokeWeight":0.35},"geometry":{"type":"Polygon","coordinates":[[[32.7,36.09],[32.8,36.09],[32.9,36.09],[32.91,36.1],[33.0,36.1947],[33.1,36.19],[33.2,36.19],[33.3,36.19],[33.4,36.19],[33.5,36.19],[33.6,36.19],[33.7,36.19],[33.71,36.2],[33.8,36.29],[33.9,36.29],[34.0,36.29],[34.01,36.3],[34.01,36.4],[34.0,36.4182],[33.9,36.4118],[33.8333,36.4],[33.8,36.3667],[33.7,36.3063],[33.6875,36.3],[33.6,36.2222],[33.5,36.2154],[33.4,36.2143],[33.3,36.2118],[33.2,36.21],[33.1,36.21],[33.0,36.2053],[32.9,36.21],[32.8333,36.2],[32.8,36.1667],[32.7,36.1167],[32.69,36.1],[32.7,36.09]]]}},{"type":"Feature","properties":{"layer_id":"1981_2000_T20","layer_label":"1981_2000, T>20\u00b0C","low":90.0,"high":100.0,"label":"90\u2013100 %","fill":"#7f2704","fillOpacity":0.78,"stroke":"#7f2704","strokeOpacity":0.9,"strokeWeight":0.35},"geometry":{"type":"Polygon","coordinates":[[[35.9,36.09],[36.0,36.0],[36.1,36.1],[36.1,36.2],[36.0,36.24],[35.99,36.2],[35.9,36.11],[35.89,36.1],[35.9,36.09]]]}},{"type":"Feature","properties":{"layer_id":"1981_2000_T20","layer_label":"1981_2000, T>20\u00b0C","low":90.0,"high":100.0,"label":"90\u2013100 %","fill":"#7f2704","fillOpacity":0.78,"stroke":"#7f2704","strokeOpacity":0.9,"strokeWeight":0.35},"geometry":{"type":"Polygon","coordinates":[[[36.2,36.1333],[36.3,36.1],[36.4,36.15],[36.45,36.2],[36.5,36.3],[36.5,36.3],[36.525,36.4],[36.5,36.4333],[36.4,36.4667],[36.3,36.4],[36.3,36.3],[36.3,36.3],[36.2,36.3],[36.1,36.2],[36.2,36.1333]]]}},{"type":"Feature","properties":{"layer_id":"1981_2000_T20","layer_label":"1981_2000, T>20\u00b0C","low":90.0,"high":100.0,"label":"90\u2013100 %","fill":"#7f2704","fillOpacity":0.78,"stroke":"#7f2704","strokeOpacity":0.9,"strokeWeight":0.35},"geometry":{"type":"Polygon","coordinates":[[[30.3,36.29],[30.4,36.29],[30.5,36.29],[30.51,36.3],[30.5,36.31],[30.41,36.4],[30.4,36.45],[30.3,36.4182],[30.2,36.4111],[30.1882,36.4],[30.2,36.39],[30.29,36.3],[30.3,36.29]]]}},{"type":"Feature","properties":{"layer_id":"1981_2000_T20","layer_label":"1981_2000, T>20\u00b0C","low":90.0,"high":100.0,"label":"90\u2013100 %","fill":"#7f2704","fillOpacity":0.78,"stroke":"#7f2704","strokeOpacity":0.9,"strokeWeight":0.35},"geometry":{"type":"Polygon","coordinates":[[[10.6,36.4947],[10.7,36.49],[10.8,36.49],[10.81,36.5],[10.8,36.5667],[10.75,36.6],[10.7,36.65],[10.65,36.6],[10.6,36.55],[10.5667,36.5],[10.6,36.4947]]]}},{"type":"Feature","properties":{"layer_id":"1981_2000_T20","layer_label":"1981_2000, T>20\u00b0C","low":90.0,"high":100.0,"label":"90\u2013100 %","fill":"#7f2704","fillOpacity":0.78,"stroke":"#7f2704","strokeOpacity":0.9,"strokeWeight":0.35},"geometry":{"type":"Polygon","coordinates":[[[35.3,36.59],[35.31,36.6],[35.4,36.69],[35.5,36.69],[35.51,36.7],[35.6,36.79],[35.7,36.79],[35.71,36.8],[35.8,36.89],[35.9,36.89],[35.91,36.9],[36.0,36.99],[36.1,36.99],[36.19,36.9],[36.2,36.89],[36.2133,36.9],[36.2125,37.0],[36.24,37.1],[36.3,37.2],[36.25,37.3],[36.2,37.3111],[36.1,37.3],[36.1,37.3],[36.1,37.3],[36.0,37.3667],[35.9,37.34],[35.8,37.35],[35.7,37.34],[35.6,37.3167],[35.55,37.3],[35.5,37.2667],[35.4,37.25],[35.3,37.2222],[35.2,37.22],[35.1667,37.2],[35.1,37.1333],[35.05,37.1],[35.0,37.0333],[34.9667,37.0],[34.9,36.95],[34.8,36.925],[34.76,36.9],[34.8,36.89],[34.89,36.8],[34.9,36.79],[35.0,36.79],[35.09,36.7],[35.1,36.69],[35.2,36.69],[35.29,36.6],[35.3,36.59]]]}},{"type":"Feature","properties":{"layer_id":"1981_2000_T20","layer_label":"1981_2000, T>20\u00b0C","low":90.0,"high":100.0,"label":"90\u2013100 %","fill":"#7f2704","fillOpacity":0.78,"stroke":"#7f2704","strokeOpacity":0.9,"strokeWeight":0.35},"geometry":{"type":"Polygon","coordinates":[[[10.9,36.6947],[10.9053,36.7],[11.0,36.79],[11.01,36.8],[11.01,36.9],[11.1,36.99],[11.11,37.0],[11.1,37.01],[11.0,37.01],[10.9,37.01],[10.89,37.0],[10.8,36.91],[10.79,36.9],[10.7,36.81],[10.61,36.9],[10.6,36.91],[10.59,36.9],[10.59,36.8],[10.6,36.7],[10.7,36.7333],[10.8,36.75],[10.85,36.7],[10.9,36.6947]]]}},{"type":"Feature","properties":{"layer_id":"1981_2000_T20","layer_label":"1981_2000, T>20\u00b0C","low":90.0,"high":100.0,"label":"90\u2013100 %","fill":"#7f2704","fillOpacity":0.78,"stroke":"#7f2704","strokeOpacity":0.9,"strokeWeight":0.35},"geometry":{"type":"Polygon","coordinates":[[[14.8,36.69],[14.81,36.7],[14.9,36.79],[14.99,36.7],[15.0,36.69],[15.01,36.7],[15.0053,36.8],[15.0,36.9],[14.9,36.85],[14.8,36.8111],[14.7,36.8111],[14.6,36.85],[14.5333,36.9],[14.5,37.0],[14.4947,36.9],[14.49,36.8],[14.5,36.79],[14.6,36.79],[14.7,36.7947],[14.79,36.7],[14.8,36.69]]]}},{"type":"Feature","properties":{"layer_id":"1981_2000_T20","layer_label":"1981_2000, T>20\u00b0C","low":90.0,"high":100.0,"label":"90\u2013100 %","fill":"#7f2704","fillOpacity":0.78,"stroke":"#7f2704","strokeOpacity":0.9,"strokeWeight":0.35},"geometry":{"type":"Polygon","coordinates":[[[28.1,36.69],[28.2,36.69],[28.21,36.7],[28.21,36.8],[28.3,36.89],[28.4,36.8947],[28.5,36.8947],[28.59,36.8],[28.6,36.79],[28.69,36.7],[28.7,36.69],[28.8,36.69],[28.81,36.7],[28.9,36.8],[28.8,36.9],[28.8,36.9],[28.7,36.925],[28.6,37.0],[28.6,37.0],[28.5,37.0222],[28.4,37.05],[28.3947,37.0],[28.3,36.91],[28.2,36.91],[28.1,36.91],[28.09,36.9],[28.09,36.8],[28.09,36.7],[28.1,36.69]]]}},{"type":"Feature","properties":{"layer_id":"1981_2000_T20","layer_label":"1981_2000, T>20\u00b0C","low":90.0,"high":100.0,"label":"90\u2013100 %","fill":"#7f2704","fillOpacity":0.78,"stroke":"#7f2704","strokeOpacity":0.9,"strokeWeight":0.35},"geometry":{"type":"Polygon","coordinates":[[[-2.3,36.79],[-2.2,36.79],[-2.1,36.79],[-2.09,36.8],[-2.0,36.89],[-1.99,36.9],[-2.0,37.0],[-2.1,36.9154],[-2.15,36.9],[-2.2,36.85],[-2.3,36.8286],[-2.31,36.8],[-2.3,36.79]]]}},{"type":"Feature","properties":{"layer_id":"1981_2000_T20","layer_label":"1981_2000, T>20\u00b0C","low":90.0,"high":100.0,"label":"90\u2013100 %","fill":"#7f2704","fillOpacity":0.78,"stroke":"#7f2704","strokeOpacity":0.9,"strokeWeight":0.35},"geometry":{"type":"Polygon","coordinates":[[[31.4,36.79],[31.5,36.79],[31.6,36.79],[31.6286,36.8],[31.6,36.8125],[31.5,36.85],[31.45,36.9],[31.4,36.9167],[31.3,37.0],[31.3,37.0],[31.2,37.0333],[31.1,37.05],[31.0,37.1],[30.9,37.0667],[30.8,37.05],[30.7,37.0],[30.79,36.9],[30.8,36.89],[30.9,36.89],[31.0,36.89],[31.1,36.89],[31.2,36.89],[31.3,36.89],[31.39,36.8],[31.4,36.79]]]}},{"type":"Feature","properties":{"layer_id":"1981_2000_T20","layer_label":"1981_2000, T>20\u00b0C","low":90.0,"high":100.0,"label":"90\u2013100 %","fill":"#7f2704","fillOpacity":0.78,"stroke":"#7f2704","strokeOpacity":0.9,"strokeWeight":0.35},"geometry":{"type":"Polygon","coordinates":[[[15.2,36.9947],[15.2053,37.0],[15.2053,37.1],[15.2053,37.2],[15.2,37.3],[15.1,37.2],[15.1,37.1],[15.1,37.0],[15.2,36.9947]]]}},{"type":"Feature","properties":{"layer_id":"1981_2000_T20","layer_label":"1981_2000, T>20\u00b0C","low":90.0,"high":100.0,"label":"90\u2013100 %","fill":"#7f2704","fillOpacity":0.78,"stroke":"#7f2704","strokeOpacity":0.9,"strokeWeight":0.35},"geometry":{"type":"Polygon","coordinates":[[[25.4,36.99],[25.5,36.99],[25.51,37.0],[25.6,37.09],[25.61,37.1],[25.6,37.11],[25.5,37.11],[25.4,37.11],[25.39,37.1],[25.39,37.0],[25.4,36.99]]]}},{"type":"Feature","properties":{"layer_id":"1981_2000_T20","layer_label":"1981_2000, T>20\u00b0C","low":90.0,"high":100.0,"label":"90\u2013100 %","fill":"#7f2704","fillOpacity":0.78,"stroke":"#7f2704","strokeOpacity":0.9,"strokeWeight":0.35},"geometry":{"type":"Polygon","coordinates":[[[27.3,36.99],[27.31,37.0],[27.4,37.09],[27.49,37.0],[27.5,36.99],[27.6,36.99],[27.7,36.99],[27.8,36.99],[27.81,37.0],[27.9,37.0947],[27.9333,37.1],[27.9,37.1111],[27.8,37.2],[27.8,37.2],[27.8,37.3],[27.7,37.3333],[27.6,37.3667],[27.59,37.3],[27.6,37.29],[27.69,37.2],[27.6,37.11],[27.5,37.11],[27.4,37.11],[27.3,37.11],[27.29,37.1],[27.29,37.0],[27.3,36.99]]]}},{"type":"Feature","properties":{"layer_id":"1981_2000_T20","layer_label":"1981_2000, T>20\u00b0C","low":90.0,"high":100.0,"label":"90\u2013100 %","fill":"#7f2704","fillOpacity":0.78,"stroke":"#7f2704","strokeOpacity":0.9,"strokeWeight":0.35},"geometry":{"type":"Polygon","coordinates":[[[10.1,37.0],[10.1053,37.1],[10.2,37.19],[10.21,37.2],[10.2,37.21],[10.1,37.21],[10.0,37.2053],[9.9947,37.2],[10.0,37.1],[10.0,37.1],[10.1,37.0]]]}},{"type":"Feature","properties":{"layer_id":"1981_2000_T20","layer_label":"1981_2000, T>20\u00b0C","low":90.0,"high":100.0,"label":"90\u2013100 %","fill":"#7f2704","fillOpacity":0.78,"stroke":"#7f2704","strokeOpacity":0.9,"strokeWeight":0.35},"geometry":{"type":"Polygon","coordinates":[[[23.2,37.39],[23.21,37.4],[23.3,37.49],[23.4,37.49],[23.49,37.4],[23.5,37.39],[23.51,37.4],[23.51,37.5],[23.5,37.51],[23.4,37.51],[23.3,37.51],[23.21,37.6],[23.2,37.61],[23.1333,37.6],[23.1,37.5667],[23.0667,37.5],[23.1,37.49],[23.19,37.4],[23.2,37.39]]]}},{"type":"Feature","properties":{"layer_id":"1981_2000_T20","layer_label":"1981_2000, T>20\u00b0C","low":90.0,"high":100.0,"label":"90\u2013100 %","fill":"#7f2704","fillOpacity":0.78,"stroke":"#7f2704","strokeOpacity":0.9,"strokeWeight":0.35},"geometry":{"type":"Polygon","coordinates":[[[27.3,37.39],[27.4,37.39],[27.5,37.3947],[27.55,37.4],[27.5,37.45],[27.4667,37.5],[27.5,37.5333],[27.5154,37.6],[27.5,37.64],[27.4,37.7],[27.4,37.7],[27.325,37.8],[27.3,37.8333],[27.2947,37.8],[27.2947,37.7],[27.2,37.61],[27.19,37.6],[27.2,37.59],[27.29,37.5],[27.29,37.4],[27.3,37.39]]]}},{"type":"Feature","properties":{"layer_id":"1981_2000_T20","layer_label":"1981_2000, T>20\u00b0C","low":90.0,"high":100.0,"label":"90\u2013100 %","fill":"#7f2704","fillOpacity":0.78,"stroke":"#7f2704","strokeOpacity":0.9,"strokeWeight":0.35},"geometry":{"type":"Polygon","coordinates":[[[14.9,37.4667],[15.0,37.4],[15.1,37.4],[15.11,37.5],[15.1,37.54],[15.0,37.5056],[14.9,37.5063],[14.8889,37.5],[14.9,37.4667]]]}},{"type":"Feature","properties":{"layer_id":"1981_2000_T20","layer_label":"1981_2000, T>20\u00b0C","low":90.0,"high":100.0,"label":"90\u2013100 %","fill":"#7f2704","fillOpacity":0.78,"stroke":"#7f2704","strokeOpacity":0.9,"strokeWeight":0.35},"geometry":{"type":"Polygon","coordinates":[[[39.2,37.4],[39.3,37.5],[39.3,37.5],[39.4,37.5],[39.5,37.5333],[39.6,37.6],[39.5,37.6667],[39.4,37.65],[39.3,37.65],[39.2,37.6667],[39.1,37.6],[39.15,37.5],[39.2,37.4]]]}},{"type":"Feature","properties":{"layer_id":"1981_2000_T20","layer_label":"1981_2000, T>20\u00b0C","low":90.0,"high":100.0,"label":"90\u2013100 %","fill":"#7f2704","fillOpacity":0.78,"stroke":"#7f2704","strokeOpacity":0.9,"strokeWeight":0.35},"geometry":{"type":"Polygon","coordinates":[[[41.8,37.5667],[41.9,37.58],[41.9091,37.6],[41.9182,37.7],[41.9,37.7333],[41.8,37.8],[41.7,37.8],[41.68,37.7],[41.7,37.6833],[41.7833,37.6],[41.8,37.5667]]]}},{"type":"Feature","properties":{"layer_id":"1981_2000_T20","layer_label":"1981_2000, T>20\u00b0C","low":90.0,"high":100.0,"label":"90\u2013100 %","fill":"#7f2704","fillOpacity":0.78,"stroke":"#7f2704","strokeOpacity":0.9,"strokeWeight":0.35},"geometry":{"type":"Polygon","coordinates":[[[26.7,37.6947],[26.8,37.6947],[26.9,37.6947],[27.0,37.6947],[27.0053,37.7],[27.0,37.7053],[26.9053,37.8],[26.9,37.8053],[26.8,37.8053],[26.7,37.81],[26.69,37.8],[26.6947,37.7],[26.7,37.6947]]]}},{"type":"Feature","properties":{"layer_id":"1981_2000_T20","layer_label":"1981_2000, T>20\u00b0C","low":90.0,"high":100.0,"label":"90\u2013100 %","fill":"#7f2704","fillOpacity":0.78,"stroke":"#7f2704","strokeOpacity":0.9,"strokeWeight":0.35},"geometry":{"type":"Polygon","coordinates":[[[40.8,37.6857],[40.9,37.7],[40.9,37.7],[41.0,37.7667],[41.1,37.8],[41.1,37.8],[41.2,37.9],[41.1,37.9667],[41.0,38.0],[41.0,38.0],[40.9,38.0071],[40.8,38.0],[40.8,38.0],[40.8,38.0],[40.7,38.0182],[40.6333,38.0],[40.6,37.9],[40.6,37.9],[40.5333,37.8],[40.6,37.7],[40.7,37.8],[40.7,37.8],[40.7,37.8],[40.75,37.7],[40.8,37.6857]]]}},{"type":"Feature","properties":{"layer_id":"1981_2000_T20","layer_label":"1981_2000, T>20\u00b0C","low":90.0,"high":100.0,"label":"90\u2013100 %","fill":"#7f2704","fillOpacity":0.78,"stroke":"#7f2704","strokeOpacity":0.9,"strokeWeight":0.35},"geometry":{"type":"Polygon","coordinates":[[[23.1,37.7333],[23.11,37.8],[23.11,37.9],[23.2,38.0],[23.11,38.1],[23.1,38.125],[23.09,38.1],[23.0,38.01],[22.99,38.0],[22.98,37.9],[23.0,37.8933],[23.0875,37.8],[23.1,37.7333]]]}},{"type":"Feature","properties":{"layer_id":"1981_2000_T20","layer_label":"1981_2000, T>20\u00b0C","low":90.0,"high":100.0,"label":"90\u2013100 %","fill":"#7f2704","fillOpacity":0.78,"stroke":"#7f2704","strokeOpacity":0.9,"strokeWeight":0.35},"geometry":{"type":"Polygon","coordinates":[[[23.4,37.89],[23.5,37.89],[23.51,37.9],[23.6,37.99],[23.65,38.0],[23.6,38.0125],[23.5,38.0154],[23.4,38.02],[23.3,38.0143],[23.2,38.0],[23.3,37.9947],[23.39,37.9],[23.4,37.89]]]}},{"type":"Feature","properties":{"layer_id":"1981_2000_T20","layer_label":"1981_2000, T>20\u00b0C","low":90.0,"high":100.0,"label":"90\u2013100 %","fill":"#7f2704","fillOpacity":0.78,"stroke":"#7f2704","strokeOpacity":0.9,"strokeWeight":0.35},"geometry":{"type":"Polygon","coordinates":[[[26.9,38.09],[27.0,38.09],[27.04,38.1],[27.0,38.125],[26.9143,38.2],[26.9,38.2167],[26.8286,38.3],[26.8,38.31],[26.7,38.31],[26.61,38.4],[26.6,38.41],[26.59,38.4],[26.5,38.31],[26.4,38.31],[26.3,38.31],[26.29,38.3],[26.3,38.29],[26.4,38.29],[26.49,38.2],[26.5,38.19],[26.6,38.19],[26.61,38.2],[26.7,38.29],[26.79,38.2],[26.8,38.19],[26.89,38.1],[26.9,38.09]]]}},{"type":"Feature","properties":{"layer_id":"1981_2000_T20","layer_label":"1981_2000, T>20\u00b0C","low":90.0,"high":100.0,"label":"90\u2013100 %","fill":"#7f2704","fillOpacity":0.78,"stroke":"#7f2704","strokeOpacity":0.9,"strokeWeight":0.35},"geometry":{"type":"Polygon","coordinates":[[[20.4,38.19],[20.5,38.19],[20.6,38.1947],[20.7,38.1947],[20.7053,38.2],[20.7,38.2053],[20.61,38.3],[20.6,38.31],[20.5,38.31],[20.4,38.31],[20.39,38.3],[20.39,38.2],[20.4,38.19]]]}},{"type":"Feature","properties":{"layer_id":"1981_2000_T20","layer_label":"1981_2000, T>20\u00b0C","low":90.0,"high":100.0,"label":"90\u2013100 %","fill":"#7f2704","fillOpacity":0.78,"stroke":"#7f2704","strokeOpacity":0.9,"strokeWeight":0.35},"geometry":{"type":"Polygon","coordinates":[[[26.0,38.19],[26.01,38.2],[26.01,38.3],[26.1,38.3947],[26.1053,38.4],[26.1053,38.5],[26.1,38.5053],[26.0667,38.5],[26.0,38.4333],[25.9947,38.4],[25.9,38.31],[25.89,38.3],[25.9,38.29],[25.99,38.2],[26.0,38.19]]]}},{"type":"Feature","properties":{"layer_id":"1981_2000_T20","layer_label":"1981_2000, T>20\u00b0C","low":90.0,"high":100.0,"label":"90\u2013100 %","fill":"#7f2704","fillOpacity":0.78,"stroke":"#7f2704","strokeOpacity":0.9,"strokeWeight":0.35},"geometry":{"type":"Polygon","coordinates":[[[24.2,38.29],[24.21,38.3],[24.21,38.4],[24.21,38.5],[24.2,38.51],[24.1053,38.6],[24.1,38.6053],[24.0929,38.6],[24.09,38.5],[24.0333,38.4],[24.1,38.39],[24.19,38.3],[24.2,38.29]]]}},{"type":"Feature","properties":{"layer_id":"1981_2000_T20","layer_label":"1981_2000, T>20\u00b0C","low":90.0,"high":100.0,"label":"90\u2013100 %","fill":"#7f2704","fillOpacity":0.78,"stroke":"#7f2704","strokeOpacity":0.9,"strokeWeight":0.35},"geometry":{"type":"Polygon","coordinates":[[[21.2,38.3947],[21.3,38.3947],[21.3333,38.4],[21.34,38.5],[21.3111,38.6],[21.3,38.6091],[21.2,38.6222],[21.1,38.6077],[21.0,38.62],[20.9947,38.6],[21.0,38.5947],[21.0947,38.5],[21.1,38.4947],[21.1947,38.4],[21.2,38.3947]]]}},{"type":"Feature","properties":{"layer_id":"1981_2000_T20","layer_label":"1981_2000, T>20\u00b0C","low":90.0,"high":100.0,"label":"90\u2013100 %","fill":"#7f2704","fillOpacity":0.78,"stroke":"#7f2704","strokeOpacity":0.9,"strokeWeight":0.35},"geometry":{"type":"Polygon","coordinates":[[[20.6,38.59],[20.7,38.59],[20.71,38.6],[20.71,38.7],[20.8,38.79],[20.81,38.8],[20.9,38.89],[20.91,38.9],[20.9,38.91],[20.8,38.91],[20.79,38.9],[20.7,38.81],[20.6,38.8],[20.6,38.8],[20.59,38.7],[20.59,38.6],[20.6,38.59]]]}},{"type":"Feature","properties":{"layer_id":"1981_2000_T20","layer_label":"1981_2000, T>20\u00b0C","low":90.0,"high":100.0,"label":"90\u2013100 %","fill":"#7f2704","fillOpacity":0.78,"stroke":"#7f2704","strokeOpacity":0.9,"strokeWeight":0.35},"geometry":{"type":"Polygon","coordinates":[[[26.1,39.0947],[26.2,39.09],[26.3,39.0947],[26.4,39.0947],[26.5,39.09],[26.51,39.1],[26.5,39.2],[26.4,39.2],[26.3,39.1053],[26.2,39.11],[26.1,39.1333],[26.0947,39.1],[26.1,39.0947]]]}},{"type":"Feature","properties":{"layer_id":"1981_2000_T20","layer_label":"1981_2000, T>20\u00b0C","low":90.0,"high":100.0,"label":"90\u2013100 %","fill":"#7f2704","fillOpacity":0.78,"stroke":"#7f2704","strokeOpacity":0.9,"strokeWeight":0.35},"geometry":{"type":"Polygon","coordinates":[[[3.1,39.29],[3.11,39.3],[3.2,39.3947],[3.2053,39.4],[3.2,39.5],[3.1,39.5],[3.0,39.5],[2.9,39.5],[2.9,39.5],[2.9,39.5],[3.0,39.5],[3.1,39.6],[3.1,39.6],[3.2,39.7],[3.1,39.7053],[3.0,39.7],[3.0,39.7],[2.9,39.7],[2.8,39.6],[2.8,39.6],[2.8,39.6],[2.8,39.7],[2.7,39.7053],[2.6,39.7053],[2.5,39.7053],[2.4947,39.7],[2.49,39.6],[2.5,39.59],[2.6,39.59],[2.69,39.5],[2.7,39.49],[2.7947,39.4],[2.8,39.3947],[2.9,39.3947],[3.0,39.39],[3.09,39.3],[3.1,39.29]]]}},{"type":"Feature","properties":{"layer_id":"1981_2000_T20","layer_label":"1981_2000, T>20\u00b0C","low":90.0,"high":100.0,"label":"90\u2013100 %","fill":"#7f2704","fillOpacity":0.78,"stroke":"#7f2704","strokeOpacity":0.9,"strokeWeight":0.35},"geometry":{"type":"Polygon","coordinates":[[[19.9,39.49],[19.91,39.5],[19.91,39.6],[19.9,39.61],[19.81,39.7],[19.8,39.71],[19.7,39.71],[19.69,39.7],[19.7,39.69],[19.79,39.6],[19.8,39.59],[19.89,39.5],[19.9,39.49]]]}},{"type":"Feature","properties":{"layer_id":"1981_2000_T20","layer_label":"1981_2000, T>20\u00b0C","low":90.0,"high":100.0,"label":"90\u2013100 %","fill":"#7f2704","fillOpacity":0.78,"stroke":"#7f2704","strokeOpacity":0.9,"strokeWeight":0.35},"geometry":{"type":"Polygon","coordinates":[[[4.1,39.89],[4.2,39.89],[4.3,39.89],[4.31,39.9],[4.3,39.91],[4.21,40.0],[4.2,40.01],[4.1,40.01],[4.0,40.01],[3.9,40.01],[3.89,40.0],[3.9,39.99],[4.0,39.99],[4.09,39.9],[4.1,39.89]]]}},{"type":"Feature","properties":{"layer_id":"1981_2000_T20","layer_label":"1981_2000, T>20\u00b0C","low":90.0,"high":100.0,"label":"90\u2013100 %","fill":"#7f2704","fillOpacity":0.78,"stroke":"#7f2704","strokeOpacity":0.9,"strokeWeight":0.35},"geometry":{"type":"Polygon","coordinates":[[[18.2,39.89],[18.3,39.89],[18.31,39.9],[18.4,39.99],[18.41,40.0],[18.41,40.1],[18.41,40.2],[18.4,40.3],[18.3,40.2],[18.3,40.2],[18.3,40.2],[18.2,40.25],[18.1,40.25],[18.0,40.3],[17.99,40.2],[17.99,40.1],[18.0,40.09],[18.09,40.0],[18.1,39.99],[18.19,39.9],[18.2,39.89]]]}},{"type":"Feature","properties":{"layer_id":"1981_2000_T20","layer_label":"1981_2000, T>20\u00b0C","low":90.0,"high":100.0,"label":"90\u2013100 %","fill":"#7f2704","fillOpacity":0.78,"stroke":"#7f2704","strokeOpacity":0.9,"strokeWeight":0.35},"geometry":{"type":"Polygon","coordinates":[[[23.9,39.99],[23.91,40.0],[24.0,40.09],[24.01,40.1],[24.0,40.11],[23.91,40.2],[23.9,40.21],[23.8,40.21],[23.7,40.3],[23.69,40.2],[23.7,40.19],[23.79,40.1],[23.8,40.09],[23.89,40.0],[23.9,39.99]]]}},{"type":"Feature","properties":{"layer_id":"1981_2000_T20","layer_label":"1981_2000, T>20\u00b0C","low":90.0,"high":100.0,"label":"90\u2013100 %","fill":"#7f2704","fillOpacity":0.78,"stroke":"#7f2704","strokeOpacity":0.9,"strokeWeight":0.35},"geometry":{"type":"Polygon","coordinates":[[[17.6,40.29],[17.7,40.2947],[17.8,40.2947],[17.9,40.29],[18.0,40.3],[17.95,40.4],[17.9,40.45],[17.8,40.4],[17.8,40.4],[17.7,40.4],[17.6,40.4],[17.59,40.3],[17.6,40.29]]]}},{"type":"Feature","properties":{"layer_id":"1981_2000_T20","layer_label":"1981_2000, T>20\u00b0C","low":90.0,"high":100.0,"label":"90\u2013100 %","fill":"#7f2704","fillOpacity":0.78,"stroke":"#7f2704","strokeOpacity":0.9,"strokeWeight":0.35},"geometry":{"type":"Polygon","coordinates":[[[17.3,40.39],[17.4,40.39],[17.5,40.39],[17.6,40.4],[17.5,40.44],[17.4,40.5],[17.4,40.5],[17.3,40.5067],[17.2,40.5077],[17.1,40.5083],[17.075,40.5],[17.1,40.4947],[17.2,40.4947],[17.29,40.4],[17.3,40.39]]]}},{"type":"Feature","properties":{"layer_id":"1981_2000_T20","layer_label":"1981_2000, T>20\u00b0C","low":90.0,"high":100.0,"label":"90\u2013100 %","fill":"#7f2704","fillOpacity":0.78,"stroke":"#7f2704","strokeOpacity":0.9,"strokeWeight":0.35},"geometry":{"type":"Polygon","coordinates":[[[36.5,45.19],[36.51,45.2],[36.6,45.29],[36.69,45.2],[36.7,45.19],[36.8,45.1947],[36.9,45.1947],[36.9053,45.2],[37.0,45.2947],[37.09,45.2],[37.1,45.19],[37.2,45.2],[37.2,45.2],[37.3,45.3],[37.3,45.3],[37.4,45.3333],[37.5,45.36],[37.6,45.4],[37.6,45.4],[37.64,45.5],[37.7,45.575],[37.7167,45.6],[37.8,45.6714],[37.825,45.7],[37.9,45.775],[37.9286,45.8],[38.0,45.8714],[38.1,45.9],[38.1,45.9],[38.2,46.0],[38.1667,46.1],[38.2,46.1333],[38.3,46.1667],[38.3667,46.2],[38.3,46.25],[38.25,46.3],[38.2,46.3286],[38.1,46.35],[38.0,46.3667],[37.95,46.4],[37.9,46.4143],[37.8,46.4667],[37.7667,46.5],[37.8,46.55],[37.825,46.6],[37.9,46.66],[38.0,46.6714],[38.1,46.675],[38.2,46.6857],[38.3,46.7],[38.3,46.7],[38.4,46.8],[38.35,46.9],[38.3,46.9333],[38.2,46.95],[38.1,46.9],[38.1,46.9],[38.0,46.9],[37.9,46.9],[37.8,46.9],[37.7,46.8],[37.7,46.8],[37.6,46.8],[37.6,46.8],[37.5,46.85],[37.4,46.85],[37.3,46.825],[37.2,46.8],[37.2,46.8],[37.1,46.75],[37.0,46.75],[36.9,46.72],[36.8,46.7],[36.8,46.7],[36.7,46.65],[36.6,46.625],[36.5,46.62],[36.45,46.6],[36.4,46.55],[36.3,46.5333],[36.25,46.5],[36.2,46.45],[36.1,46.4333],[36.0,46.4],[36.0,46.4],[35.9,46.3333],[35.8,46.3333],[35.7,46.3333],[35.6,46.3333],[35.5,46.3],[35.5,46.3],[35.4,46.25],[35.3,46.2333],[35.2,46.2],[35.2,46.2],[35.1,46.2],[35.0,46.1],[35.0,46.1],[34.9,46.05],[34.8,46.05],[34.75,46.0],[34.7,45.9],[34.8,45.85],[34.85,45.8],[34.9,45.775],[35.0,45.75],[35.0333,45.7],[35.1,45.6],[35.1,45.6],[35.2,45.5],[35.2,45.5],[35.3,45.4],[35.3,45.4],[35.4,45.3],[35.4,45.3],[35.5,45.2667],[35.5667,45.3],[35.6,45.3333],[35.7,45.3333],[35.8,45.3333],[35.9,45.36],[36.0,45.4],[36.0,45.4],[36.1,45.4714],[36.2,45.4667],[36.3,45.45],[36.4,45.45],[36.45,45.4],[36.4333,45.3],[36.4333,45.2],[36.5,45.19]]]}}],"properties":{"layer_id":"1981_2000_T20","layer_label":"1981_2000, T>20\u00b0C","units":"%"}}