{"type":"FeatureCollection","features":[{"type":"Feature","properties":{"layer_id":"change_T20","layer_label":"Change, T>20\u00b0C","low":-10.0,"high":0.0,"label":"-10\u20130 pp","fill":"#f7f7f7","fillOpacity":0.18,"stroke":"#f7f7f7","strokeOpacity":0.3,"strokeWeight":0.35},"geometry":{"type":"Polygon","coordinates":[[[-24.9,34.0],[-24.8,34.0],[-24.7,34.0],[-24.6,34.0],[-24.5,34.0],[-24.4,34.0],[-24.3,34.0],[-24.2,34.0],[-24.1,34.0],[-24.0,34.0],[-23.9,34.0],[-23.8,34.0],[-23.7,34.0],[-23.6,34.0],[-23.5,34.0],[-23.4,34.0],[-23.3,34.0],[-23.2,34.0],[-23.1,34.0],[-23.0,34.0],[-22.9,34.0],[-22.8,34.0],[-22.7,34.0],[-22.6,34.0],[-22.5,34.0],[-22.4,34.0],[-22.3,34.0],[-22.2,34.0],[-22.1,34.0],[-22.0,34.0],[-21.9,34.0],[-21.8,34.0],[-21.7,34.0],[-21.6,34.0],[-21.5,34.0],[-21.4,34.0],[-21.3,34.0],[-21.2,34.0],[-21.1,34.0],[-21.0,34.0],[-20.9,34.0],[-20.8,34.0],[-20.7,34.0],[-20.6,34.0],[-20.5,34.0],[-20.4,34.0],[-20.3,34.0],[-20.2,34.0],[-20.1,34.0],[-20.0,34.0],[-19.9,34.0],[-19.8,34.0],[-19.7,34.0],[-19.6,34.0],[-19.5,34.0],[-19.4,34.0],[-19.3,34.0],[-19.2,34.0],[-19.1,34.0],[-19.0,34.0],[-18.9,34.0],[-18.8,34.0],[-18.7,34.0],[-18.6,34.0],[-18.5,34.0],[-18.4,34.0],[-18.3,34.0],[-18.2,34.0],[-18.1,34.0],[-18.0,34.0],[-17.9,34.0],[-17.8,34.0],[-17.7,34.0],[-17.6,34.0],[-17.5,34.0],[-17.4,34.0],[-17.3,34.0],[-17.2,34.0],[-17.1,34.0],[-17.0,34.0],[-16.9,34.0],[-16.8,34.0],[-16.7,34.0],[-16.6,34.0],[-16.5,34.0],[-16.4,34.0],[-16.3,34.0],[-16.2,34.0],[-16.1,34.0],[-16.0,34.0],[-15.9,34.0],[-15.8,34.0],[-15.7,34.0],[-15.6,34.0],[-15.5,34.0],[-15.4,34.0],[-15.3,34.0],[-15.2,34.0],[-15.1,34.0],[-15.0,34.0],[-14.9,34.0],[-14.8,34.0],[-14.7,34.0],[-14.6,34.0],[-14.5,34.0],[-14.4,34.0],[-14.3,34.0],[-14.2,34.0],[-14.1,34.0],[-14.0,34.0],[-13.9,34.0],[-13.8,34.0],[-13.7,34.0],[-13.6,34.0],[-13.5,34.0],[-13.4,34.0],[-13.3,34.0],[-13.2,34.0],[-13.1,34.0],[-13.0,34.0],[-12.9,34.0],[-12.8,34.0],[-12.7,34.0],[-12.6,34.0],[-12.5,34.0],[-12.4,34.0],[-12.3,34.0],[-12.2,34.0],[-12.1,34.0],[-12.0,34.0],[-11.9,34.0],[-11.8,34.0],[-11.7,34.0],[-11.6,34.0],[-11.5,34.0],[-11.4,34.0],[-11.3,34.0],[-11.2,34.0],[-11.1,34.0],[-11.0,34.0],[-10.9,34.0],[-10.8,34.0],[-10.7,34.0],[-10.6,34.0],[-10.5,34.0],[-10.4,34.0],[-10.3,34.0],[-10.2,34.0],[-10.1,34.0],[-10.0,34.0],[-9.9,34.0],[-9.8,34.0],[-9.7,34.0],[-9.6,34.0],[-9.5,34.0],[-9.4,34.0],[-9.3,34.0],[-9.2,34.0],[-9.1,34.0],[-9.0,34.0],[-8.9,34.0],[-8.8,34.0],[-8.7,34.0],[-8.6,34.0],[-8.5,34.0],[-8.4,34.0],[-8.3,34.0],[-8.2,34.0],[-8.1,34.0],[-8.0,34.0],[-7.9,34.0],[-7.8,34.0],[-7.7,34.0],[-7.6,34.0],[-7.5,34.0],[-7.4,34.0],[-7.3,34.0],[-7.2,34.0],[-7.1,34.0],[-7.0,34.0],[-7.0,34.0],[-6.9,34.1],[-6.9,34.1],[-6.8,34.2],[-6.8,34.2],[-6.7,34.3],[-6.7,34.3],[-6.7,34.4],[-6.6,34.5],[-6.6,34.5],[-6.5,34.6],[-6.5,34.6],[-6.5,34.7],[-6.4,34.8],[-6.4,34.8],[-6.4,34.9],[-6.3,35.0],[-6.3,35.0],[-6.3,35.1],[-6.2,35.2],[-6.2,35.2],[-6.2,35.3],[-6.1,35.4],[-6.1,35.4],[-6.1,35.5],[-6.0,35.6],[-6.0,35.6],[-6.0,35.7],[-5.9,35.8],[-5.8,35.8],[-5.8,35.8],[-5.7,35.9],[-5.6,35.9],[-5.6,35.9],[-5.5,36.0],[-5.4,36.0],[-5.3,35.9],[-5.4,35.8],[-5.4,35.8],[-5.4,35.8],[-5.3,35.8],[-5.2,35.7],[-5.2,35.6],[-5.2,35.6],[-5.1,35.5],[-5.1,35.5],[-5.0,35.4],[-5.0,35.4],[-4.9,35.3],[-4.9,35.3],[-4.8,35.3],[-4.7,35.3],[-4.6,35.3],[-4.5,35.2],[-4.5,35.2],[-4.4,35.2],[-4.3,35.2],[-4.3,35.2],[-4.2,35.3],[-4.1,35.3],[-4.0,35.3],[-3.9,35.3],[-3.8,35.3],[-3.7,35.3],[-3.6,35.3],[-3.5,35.3],[-3.4,35.3],[-3.3,35.3],[-3.2,35.3],[-3.1,35.3],[-3.1,35.3],[-3.0,35.4],[-2.9,35.3],[-2.9,35.2],[-2.9,35.2],[-2.8,35.1],[-2.8,35.1],[-2.7,35.1],[-2.6,35.1],[-2.5,35.1],[-2.5,35.1],[-2.4,35.2],[-2.3,35.1],[-2.3,35.1],[-2.2,35.1],[-2.1,35.1],[-2.0,35.1],[-2.0,35.1],[-1.9,35.2],[-1.8,35.2],[-1.7,35.2],[-1.7,35.2],[-1.6,35.3],[-1.5,35.3],[-1.4,35.3],[-1.4,35.3],[-1.3,35.4],[-1.3,35.4],[-1.3,35.5],[-1.2,35.6],[-1.2,35.6],[-1.1,35.7],[-1.0,35.7],[-1.0,35.7],[-0.9,35.8],[-0.8,35.8],[-0.7,35.8],[-0.6,35.7],[-0.6,35.7],[-0.6,35.7],[-0.5,35.8],[-0.4,35.8],[-0.3,35.8],[-0.2,35.8],[-0.1,35.8],[-0.1,35.8],[0.0,35.9],[0.0,35.9],[0.1,36.0],[0.1,36.0],[0.2,36.1],[0.2,36.1],[0.2,36.2],[0.3,36.3],[0.4,36.2],[0.4,36.2],[0.4,36.2],[0.5,36.3],[0.6,36.3],[0.7,36.3],[0.7,36.3],[0.8,36.4],[0.8,36.4],[0.9,36.5],[1.0,36.5],[1.1,36.5],[1.2,36.5],[1.2,36.5],[1.3,36.6],[1.4,36.6],[1.5,36.6],[1.6,36.6],[1.7,36.6],[1.8,36.6],[1.9,36.6],[2.0,36.6],[2.0,36.6],[2.1,36.7],[2.2,36.7],[2.3,36.7],[2.4,36.7],[2.5,36.7],[2.6,36.7],[2.6,36.7],[2.7,36.8],[2.8,36.8],[2.8,36.8],[2.9,36.9],[3.0,36.9],[3.1,36.8],[3.1,36.8],[3.2,36.8],[3.3,36.8],[3.4,36.8],[3.5,36.8],[3.6,36.8],[3.6,36.8],[3.7,36.9],[3.8,36.9],[3.9,36.9],[3.9,36.9],[4.0,37.0],[4.1,37.0],[4.2,37.0],[4.3,36.9],[4.3,36.9],[4.3,36.9],[4.4,37.0],[4.5,37.0],[4.6,37.0],[4.7,37.0],[4.8,36.9],[4.8,36.9],[4.9,36.9],[5.0,36.9],[5.1,36.8],[5.1,36.8],[5.2,36.7],[5.2,36.7],[5.3,36.7],[5.4,36.7],[5.4,36.7],[5.5,36.8],[5.6,36.7],[5.6,36.7],[5.6,36.7],[5.6,36.8],[5.7,36.9],[5.8,36.9],[5.9,36.9],[6.0,36.9],[6.1,36.9],[6.2,36.9],[6.2,36.9],[6.2,37.0],[6.3,37.1],[6.4,37.1],[6.5,37.0],[6.5,37.0],[6.6,37.0],[6.7,37.0],[6.8,37.0],[6.9,36.9],[6.9,36.9],[6.9,36.9],[7.0,37.0],[7.1,37.0],[7.2,37.0],[7.3,37.0],[7.3,37.0],[7.4,37.1],[7.5,37.1],[7.6,37.0],[7.6,37.0],[7.7,37.0],[7.8,36.9],[7.8,36.9],[7.9,36.9],[7.9,36.9],[8.0,37.0],[8.1,36.9],[8.1,36.9],[8.2,36.9],[8.2,36.9],[8.3,37.0],[8.4,37.0],[8.5,37.0],[8.6,37.0],[8.7,37.0],[8.8,37.0],[8.8,37.0],[8.9,37.1],[8.9,37.1],[9.0,37.2],[9.1,37.2],[9.2,37.2],[9.2,37.2],[9.3,37.3],[9.4,37.3],[9.4,37.3],[9.5,37.4],[9.6,37.4],[9.7,37.4],[9.8,37.4],[9.9,37.3],[9.9,37.2],[9.9,37.2],[9.9,37.2],[10.0,37.3],[10.1,37.2],[10.1,37.2],[10.2,37.1],[10.2,37.0],[10.2,37.0],[10.3,37.0],[10.4,36.9],[10.3,36.8],[10.3,36.8],[10.3,36.8],[10.4,36.8],[10.5,36.8],[10.6,36.8],[10.7,36.8],[10.7,36.8],[10.8,36.9],[10.9,36.8],[10.9,36.8],[11.0,36.7],[10.9,36.6],[10.9,36.6],[10.8,36.5],[10.7,36.5],[10.7,36.5],[10.6,36.4],[10.5,36.4],[10.5,36.4],[10.5,36.3],[10.5,36.2],[10.5,36.1],[10.5,36.1],[10.6,36.0],[10.6,36.0],[10.7,35.9],[10.7,35.8],[10.7,35.8],[10.8,35.7],[10.8,35.7],[10.9,35.7],[11.0,35.6],[11.0,35.6],[11.1,35.5],[11.1,35.4],[11.1,35.3],[11.0,35.2],[10.9,35.2],[10.9,35.2],[10.8,35.1],[10.8,35.1],[10.8,35.0],[10.7,34.9],[10.7,34.9],[10.6,34.8],[10.6,34.8],[10.5,34.7],[10.5,34.7],[10.4,34.6],[10.4,34.6],[10.3,34.5],[10.3,34.5],[10.2,34.4],[10.2,34.4],[10.2,34.3],[10.1,34.2],[10.0,34.2],[10.0,34.2],[9.9,34.1],[9.9,34.1],[9.9,34.0],[9.9,34.0],[10.0,34.0],[10.1,34.0],[10.2,34.0],[10.3,34.0],[10.4,34.0],[10.5,34.0],[10.6,34.0],[10.7,34.0],[10.8,34.0],[10.9,34.0],[11.0,34.0],[11.1,34.0],[11.2,34.0],[11.3,34.0],[11.4,34.0],[11.5,34.0],[11.6,34.0],[11.7,34.0],[11.8,34.0],[11.9,34.0],[12.0,34.0],[12.1,34.0],[12.2,34.0],[12.3,34.0],[12.4,34.0],[12.5,34.0],[12.6,34.0],[12.7,34.0],[12.8,34.0],[12.9,34.0],[13.0,34.0],[13.1,34.0],[13.2,34.0],[13.3,34.0],[13.4,34.0],[13.5,34.0],[13.6,34.0],[13.7,34.0],[13.8,34.0],[13.9,34.0],[14.0,34.0],[14.1,34.0],[14.2,34.0],[14.3,34.0],[14.4,34.0],[14.5,34.0],[14.6,34.0],[14.7,34.0],[14.8,34.0],[14.9,34.0],[15.0,34.0],[15.1,34.0],[15.2,34.0],[15.3,34.0],[15.4,34.0],[15.5,34.0],[15.6,34.0],[15.7,34.0],[15.8,34.0],[15.9,34.0],[16.0,34.0],[16.1,34.0],[16.2,34.0],[16.3,34.0],[16.4,34.0],[16.5,34.0],[16.6,34.0],[16.7,34.0],[16.8,34.0],[16.9,34.0],[17.0,34.0],[17.1,34.0],[17.2,34.0],[17.3,34.0],[17.4,34.0],[17.5,34.0],[17.6,34.0],[17.7,34.0],[17.8,34.0],[17.9,34.0],[18.0,34.0],[18.1,34.0],[18.2,34.0],[18.3,34.0],[18.4,34.0],[18.5,34.0],[18.6,34.0],[18.7,34.0],[18.8,34.0],[18.9,34.0],[19.0,34.0],[19.1,34.0],[19.2,34.0],[19.3,34.0],[19.4,34.0],[19.5,34.0],[19.6,34.0],[19.7,34.0],[19.8,34.0],[19.9,34.0],[20.0,34.0],[20.1,34.0],[20.2,34.0],[20.3,34.0],[20.4,34.0],[20.5,34.0],[20.6,34.0],[20.7,34.0],[20.8,34.0],[20.9,34.0],[21.0,34.0],[21.1,34.0],[21.2,34.0],[21.3,34.0],[21.4,34.0],[21.5,34.0],[21.6,34.0],[21.7,34.0],[21.8,34.0],[21.9,34.0],[22.0,34.0],[22.1,34.0],[22.2,34.0],[22.3,34.0],[22.4,34.0],[22.5,34.0],[22.6,34.0],[22.7,34.0],[22.8,34.0],[22.9,34.0],[23.0,34.0],[23.1,34.0],[23.2,34.0],[23.3,34.0],[23.4,34.0],[23.5,34.0],[23.6,34.0],[23.7,34.0],[23.8,34.0],[23.9,34.0],[24.0,34.0],[24.1,34.0],[24.2,34.0],[24.3,34.0],[24.4,34.0],[24.5,34.0],[24.6,34.0],[24.7,34.0],[24.8,34.0],[24.9,34.0],[25.0,34.0],[25.1,34.0],[25.2,34.0],[25.3,34.0],[25.4,34.0],[25.5,34.0],[25.6,34.0],[25.7,34.0],[25.8,34.0],[25.9,34.0],[26.0,34.0],[26.1,34.0],[26.2,34.0],[26.3,34.0],[26.4,34.0],[26.5,34.0],[26.6,34.0],[26.7,34.0],[26.8,34.0],[26.9,34.0],[27.0,34.0],[27.1,34.0],[27.2,34.0],[27.3,34.0],[27.4,34.0],[27.5,34.0],[27.6,34.0],[27.7,34.0],[27.8,34.0],[27.9,34.0],[28.0,34.0],[28.1,34.0],[28.2,34.0],[28.3,34.0],[28.4,34.0],[28.5,34.0],[28.6,34.0],[28.7,34.0],[28.8,34.0],[28.9,34.0],[29.0,34.0],[29.1,34.0],[29.2,34.0],[29.3,34.0],[29.4,34.0],[29.5,34.0],[29.6,34.0],[29.7,34.0],[29.8,34.0],[29.9,34.0],[30.0,34.0],[30.1,34.0],[30.2,34.0],[30.3,34.0],[30.4,34.0],[30.5,34.0],[30.6,34.0],[30.7,34.0],[30.8,34.0],[30.9,34.0],[31.0,34.0],[31.1,34.0],[31.2,34.0],[31.3,34.0],[31.4,34.0],[31.5,34.0],[31.6,34.0],[31.7,34.0],[31.8,34.0],[31.9,34.0],[32.0,34.0],[32.1,34.0],[32.2,34.0],[32.3,34.0],[32.4,34.0],[32.5,34.0],[32.6,34.0],[32.7,34.0],[32.8,34.0],[32.9,34.0],[33.0,34.0],[33.1,34.0],[33.2,34.0],[33.3,34.0],[33.4,34.0],[33.5,34.0],[33.6,34.0],[33.7,34.0],[33.8,34.0],[33.9,34.0],[34.0,34.0],[34.1,34.0],[34.2,34.0],[34.3,34.0],[34.4,34.0],[34.5,34.0],[34.6,34.0],[34.7,34.0],[34.8,34.0],[34.9,34.0],[35.0,34.0],[35.1,34.0],[35.2,34.0],[35.3,34.0],[35.4,34.0],[35.5,34.0],[35.5,34.0],[35.6,34.1],[35.6,34.1],[35.6,34.2],[35.7,34.3],[35.7,34.3],[35.8,34.4],[35.8,34.4],[35.9,34.5],[35.9,34.5],[36.0,34.6],[36.1,34.6],[36.1,34.6],[36.2,34.7],[36.2,34.7],[36.2,34.7],[36.1,34.8],[36.1,34.8],[36.0,34.8],[35.9,34.9],[35.9,35.0],[35.9,35.1],[35.9,35.2],[36.0,35.3],[36.0,35.3],[36.0,35.4],[36.0,35.5],[36.0,35.6],[36.0,35.6],[35.9,35.7],[35.9,35.8],[35.9,35.9],[35.9,36.0],[36.0,36.1],[36.0,36.1],[36.0,36.2],[36.0,36.2],[35.9,36.2],[35.8,36.3],[35.9,36.4],[35.9,36.4],[36.0,36.5],[36.1,36.5],[36.1,36.5],[36.1,36.6],[36.1,36.7],[36.2,36.8],[36.2,36.8],[36.2,36.9],[36.2,37.0],[36.2,37.1],[36.2,37.2],[36.2,37.3],[36.2,37.3],[36.2,37.3],[36.1,37.2],[36.0,37.3],[36.0,37.3],[35.9,37.3],[35.8,37.3],[35.7,37.3],[35.7,37.3],[35.6,37.2],[35.5,37.2],[35.4,37.2],[35.3,37.2],[35.2,37.2],[35.2,37.2],[35.1,37.1],[35.1,37.1],[35.1,37.0],[35.0,36.9],[34.9,36.9],[34.8,36.9],[34.8,36.9],[34.7,36.8],[34.6,36.8],[34.6,36.8],[34.5,36.7],[34.5,36.7],[34.4,36.6],[34.3,36.6],[34.3,36.6],[34.2,36.5],[34.2,36.5],[34.1,36.4],[34.0,36.4],[33.9,36.4],[33.9,36.4],[33.8,36.3],[33.8,36.3],[33.7,36.2],[33.6,36.2],[33.5,36.2],[33.4,36.2],[33.3,36.2],[33.2,36.2],[33.1,36.2],[33.1,36.2],[33.0,36.1],[32.9,36.2],[32.9,36.2],[32.9,36.2],[32.8,36.1],[32.7,36.1],[32.6,36.1],[32.5,36.1],[32.4,36.2],[32.4,36.2],[32.3,36.3],[32.3,36.3],[32.2,36.4],[32.2,36.4],[32.1,36.4],[32.0,36.5],[32.0,36.5],[31.9,36.5],[31.8,36.6],[31.8,36.6],[31.7,36.7],[31.7,36.7],[31.6,36.8],[31.6,36.8],[31.5,36.8],[31.4,36.9],[31.4,36.9],[31.3,36.9],[31.2,37.0],[31.2,37.0],[31.1,37.0],[31.0,37.0],[30.9,37.0],[30.9,37.0],[30.8,36.9],[30.7,36.9],[30.7,36.9],[30.6,36.8],[30.6,36.8],[30.6,36.7],[30.5,36.6],[30.5,36.6],[30.5,36.6],[30.6,36.5],[30.5,36.4],[30.4,36.4],[30.3,36.4],[30.2,36.4],[30.2,36.4],[30.1,36.3],[30.1,36.3],[30.0,36.2],[29.9,36.2],[29.8,36.3],[29.8,36.3],[29.8,36.3],[29.7,36.2],[29.6,36.2],[29.5,36.2],[29.4,36.3],[29.4,36.3],[29.3,36.3],[29.2,36.3],[29.1,36.4],[29.1,36.5],[29.1,36.5],[29.0,36.6],[29.0,36.7],[29.0,36.7],[28.9,36.7],[28.8,36.8],[28.8,36.8],[28.7,36.9],[28.7,36.9],[28.6,36.9],[28.6,36.9],[28.5,36.8],[28.4,36.8],[28.3,36.9],[28.3,37.0],[28.3,37.0],[28.2,37.0],[28.1,37.0],[28.0,37.0],[27.9,37.0],[27.8,37.1],[27.8,37.1],[27.7,37.2],[27.7,37.3],[27.7,37.3],[27.6,37.3],[27.5,37.3],[27.4,37.4],[27.4,37.5],[27.5,37.6],[27.5,37.6],[27.5,37.6],[27.4,37.6],[27.3,37.6],[27.2,37.7],[27.2,37.8],[27.2,37.9],[27.2,38.0],[27.2,38.0],[27.1,38.0],[27.0,38.1],[27.0,38.1],[26.9,38.1],[26.8,38.2],[26.8,38.3],[26.9,38.4],[27.0,38.4],[27.1,38.4],[27.1,38.4],[27.1,38.4],[27.0,38.4],[26.9,38.5],[26.9,38.5],[26.8,38.5],[26.7,38.6],[26.7,38.7],[26.8,38.8],[26.9,38.8],[26.9,38.8],[27.0,38.9],[27.0,38.9],[27.0,38.9],[26.9,39.0],[26.9,39.0],[26.8,39.1],[26.8,39.1],[26.7,39.2],[26.7,39.3],[26.7,39.4],[26.8,39.5],[26.8,39.5],[26.8,39.5],[26.7,39.5],[26.6,39.5],[26.5,39.5],[26.4,39.5],[26.3,39.5],[26.3,39.5],[26.2,39.4],[26.1,39.4],[26.0,39.5],[26.1,39.6],[26.1,39.6],[26.1,39.7],[26.1,39.8],[26.1,39.9],[26.2,40.0],[26.3,40.0],[26.3,40.0],[26.3,40.0],[26.2,40.0],[26.1,40.1],[26.1,40.2],[26.2,40.3],[26.2,40.3],[26.2,40.4],[26.3,40.5],[26.4,40.5],[26.5,40.5],[26.6,40.5],[26.7,40.5],[26.7,40.5],[26.7,40.6],[26.7,40.6],[26.6,40.6],[26.5,40.6],[26.4,40.6],[26.3,40.6],[26.2,40.6],[26.1,40.6],[26.0,40.7],[26.0,40.8],[26.0,40.8],[25.9,40.8],[25.8,40.8],[25.7,40.8],[25.6,40.8],[25.5,40.9],[25.5,40.9],[25.4,40.9],[25.3,40.9],[25.2,40.9],[25.1,40.9],[25.0,40.9],[24.9,40.9],[24.8,40.9],[24.7,40.9],[24.6,40.9],[24.5,40.9],[24.4,40.9],[24.4,40.9],[24.3,40.8],[24.3,40.8],[24.2,40.7],[24.1,40.7],[24.0,40.7],[23.9,40.7],[23.8,40.7],[23.8,40.7],[23.8,40.6],[23.8,40.6],[23.9,40.5],[23.9,40.4],[23.8,40.3],[23.8,40.3],[23.7,40.2],[23.6,40.2],[23.5,40.2],[23.4,40.2],[23.3,40.2],[23.2,40.3],[23.2,40.3],[23.1,40.4],[23.1,40.4],[23.0,40.4],[22.9,40.5],[22.9,40.6],[22.9,40.6],[22.9,40.6],[22.8,40.5],[22.7,40.5],[22.7,40.5],[22.7,40.4],[22.7,40.3],[22.6,40.2],[22.6,40.2],[22.6,40.1],[22.6,40.1],[22.7,40.0],[22.7,40.0],[22.8,39.9],[22.8,39.9],[22.9,39.8],[22.9,39.8],[23.0,39.7],[23.0,39.6],[23.0,39.6],[23.1,39.5],[23.1,39.5],[23.2,39.4],[23.2,39.3],[23.1,39.2],[23.0,39.3],[23.0,39.3],[22.9,39.3],[22.8,39.3],[22.7,39.3],[22.7,39.3],[22.7,39.3],[22.8,39.2],[22.8,39.2],[22.9,39.2],[23.0,39.1],[23.0,39.0],[22.9,38.9],[22.9,38.9],[22.9,38.8],[22.9,38.8],[23.0,38.8],[23.1,38.8],[23.2,38.7],[23.2,38.7],[23.3,38.7],[23.3,38.7],[23.3,38.7],[23.2,38.8],[23.2,38.8],[23.1,38.8],[23.0,38.9],[23.1,39.0],[23.1,39.0],[23.2,39.1],[23.3,39.1],[23.4,39.0],[23.4,39.0],[23.5,38.9],[23.5,38.9],[23.6,38.9],[23.7,38.8],[23.7,38.8],[23.8,38.8],[23.9,38.7],[23.9,38.7],[24.0,38.7],[24.1,38.7],[24.2,38.6],[24.2,38.5],[24.1,38.4],[24.1,38.4],[24.1,38.3],[24.1,38.3],[24.2,38.2],[24.1,38.1],[24.1,38.1],[24.1,38.0],[24.0,37.9],[24.0,37.9],[24.0,37.9],[24.1,37.8],[24.0,37.7],[23.9,37.8],[23.9,37.8],[23.8,37.9],[23.8,37.9],[23.7,37.9],[23.6,38.0],[23.6,38.0],[23.5,38.0],[23.4,38.0],[23.4,38.0],[23.3,37.9],[23.2,37.9],[23.1,38.0],[23.2,38.1],[23.2,38.1],[23.2,38.1],[23.1,38.1],[23.0,38.2],[23.0,38.2],[22.9,38.2],[22.8,38.2],[22.7,38.3],[22.7,38.3],[22.6,38.3],[22.5,38.4],[22.5,38.4],[22.4,38.4],[22.4,38.4],[22.3,38.3],[22.2,38.3],[22.1,38.3],[22.1,38.3],[22.1,38.3],[22.2,38.2],[22.2,38.2],[22.3,38.2],[22.4,38.2],[22.5,38.2],[22.6,38.1],[22.6,38.1],[22.7,38.1],[22.8,38.1],[22.9,38.0],[22.9,38.0],[23.0,38.0],[23.1,37.9],[23.1,37.8],[23.1,37.8],[23.2,37.7],[23.2,37.6],[23.1,37.5],[23.1,37.5],[23.0,37.4],[22.9,37.5],[22.9,37.5],[22.8,37.5],[22.8,37.5],[22.8,37.4],[22.8,37.4],[22.9,37.3],[22.9,37.2],[22.9,37.2],[23.0,37.1],[23.0,37.0],[23.0,37.0],[23.1,36.9],[23.1,36.8],[23.1,36.7],[23.0,36.6],[22.9,36.6],[22.8,36.7],[22.8,36.7],[22.7,36.8],[22.7,36.8],[22.7,36.8],[22.6,36.7],[22.5,36.7],[22.4,36.7],[22.3,36.7],[22.2,36.8],[22.2,36.8],[22.1,36.9],[22.1,37.0],[22.1,37.0],[22.0,37.0],[22.0,37.0],[22.0,36.9],[22.0,36.8],[21.9,36.7],[21.8,36.8],[21.8,36.8],[21.7,36.9],[21.7,36.9],[21.6,37.0],[21.6,37.0],[21.5,37.1],[21.6,37.2],[21.6,37.2],[21.6,37.3],[21.6,37.4],[21.6,37.5],[21.6,37.5],[21.5,37.6],[21.5,37.6],[21.4,37.6],[21.3,37.7],[21.3,37.7],[21.2,37.8],[21.2,37.8],[21.1,37.8],[21.0,37.9],[21.1,38.0],[21.2,38.0],[21.2,38.0],[21.3,38.1],[21.3,38.1],[21.4,38.2],[21.5,38.2],[21.6,38.2],[21.6,38.2],[21.6,38.3],[21.6,38.3],[21.5,38.3],[21.4,38.3],[21.3,38.3],[21.2,38.3],[21.1,38.4],[21.1,38.4],[21.0,38.5],[21.0,38.5],[20.9,38.6],[20.9,38.7],[20.9,38.8],[21.0,38.9],[21.1,38.9],[21.1,38.9],[21.1,39.0],[21.1,39.0],[21.0,39.0],[20.9,39.0],[20.8,39.0],[20.7,39.0],[20.6,39.0],[20.5,39.1],[20.5,39.1],[20.4,39.2],[20.4,39.2],[20.3,39.3],[20.3,39.3],[20.2,39.4],[20.2,39.5],[20.2,39.5],[20.1,39.6],[20.1,39.6],[20.0,39.7],[20.0,39.8],[20.0,39.9],[20.0,39.9],[19.9,39.9],[19.8,40.0],[19.8,40.0],[19.7,40.1],[19.7,40.2],[19.8,40.3],[19.9,40.2],[19.9,40.2],[20.0,40.2],[20.1,40.1],[20.1,40.1],[20.2,40.1],[20.3,40.0],[20.3,39.9],[20.3,39.8],[20.3,39.8],[20.4,39.8],[20.4,39.8],[20.5,39.9],[20.6,39.9],[20.7,39.8],[20.7,39.8],[20.8,39.8],[20.9,39.8],[21.0,39.7],[21.0,39.6],[20.9,39.5],[20.8,39.6],[20.8,39.6],[20.7,39.6],[20.7,39.6],[20.6,39.5],[20.6,39.5],[20.6,39.5],[20.7,39.4],[20.7,39.4],[20.8,39.4],[20.9,39.4],[21.0,39.4],[21.1,39.4],[21.2,39.3],[21.2,39.2],[21.2,39.2],[21.3,39.1],[21.3,39.1],[21.4,39.1],[21.5,39.1],[21.6,39.1],[21.7,39.0],[21.7,38.9],[21.6,38.8],[21.6,38.8],[21.6,38.8],[21.7,38.7],[21.7,38.7],[21.8,38.7],[21.9,38.6],[21.9,38.6],[22.0,38.6],[22.1,38.6],[22.2,38.6],[22.3,38.6],[22.4,38.6],[22.5,38.6],[22.6,38.6],[22.6,38.6],[22.6,38.6],[22.5,38.6],[22.4,38.7],[22.4,38.7],[22.3,38.7],[22.2,38.8],[22.2,38.8],[22.1,38.8],[22.0,38.8],[21.9,38.9],[21.9,39.0],[21.9,39.1],[21.9,39.1],[21.8,39.2],[21.8,39.2],[21.7,39.3],[21.7,39.3],[21.6,39.3],[21.5,39.4],[21.5,39.5],[21.5,39.6],[21.5,39.6],[21.4,39.7],[21.4,39.8],[21.4,39.9],[21.4,39.9],[21.3,40.0],[21.3,40.0],[21.2,40.1],[21.2,40.2],[21.2,40.3],[21.2,40.3],[21.1,40.4],[21.1,40.5],[21.2,40.6],[21.3,40.6],[21.4,40.5],[21.4,40.4],[21.4,40.4],[21.5,40.3],[21.5,40.3],[21.6,40.2],[21.6,40.2],[21.6,40.2],[21.7,40.3],[21.7,40.3],[21.7,40.4],[21.7,40.4],[21.6,40.4],[21.5,40.5],[21.5,40.6],[21.5,40.6],[21.4,40.7],[21.4,40.7],[21.3,40.8],[21.3,40.9],[21.3,41.0],[21.3,41.0],[21.2,41.1],[21.2,41.2],[21.2,41.3],[21.3,41.4],[21.3,41.4],[21.4,41.5],[21.4,41.5],[21.5,41.6],[21.5,41.6],[21.6,41.7],[21.6,41.7],[21.6,41.8],[21.6,41.8],[21.5,41.9],[21.5,41.9],[21.4,41.9],[21.3,42.0],[21.4,42.1],[21.5,42.1],[21.6,42.1],[21.6,42.1],[21.7,42.2],[21.8,42.2],[21.9,42.1],[21.9,42.0],[21.9,42.0],[22.0,42.0],[22.1,42.0],[22.2,42.0],[22.3,42.0],[22.4,42.0],[22.4,42.0],[22.5,42.1],[22.6,42.1],[22.7,42.0],[22.7,42.0],[22.8,41.9],[22.7,41.8],[22.6,41.8],[22.5,41.8],[22.4,41.8],[22.3,41.8],[22.3,41.8],[22.3,41.7],[22.3,41.7],[22.4,41.7],[22.5,41.7],[22.6,41.7],[22.7,41.7],[22.8,41.6],[22.8,41.6],[22.9,41.5],[22.9,41.5],[23.0,41.5],[23.0,41.5],[23.0,41.6],[23.1,41.7],[23.1,41.7],[23.2,41.8],[23.3,41.7],[23.3,41.7],[23.4,41.6],[23.4,41.6],[23.5,41.5],[23.5,41.4],[23.5,41.3],[23.5,41.3],[23.6,41.2],[23.6,41.2],[23.7,41.2],[23.8,41.2],[23.9,41.2],[24.0,41.2],[24.1,41.2],[24.2,41.2],[24.3,41.2],[24.4,41.1],[24.4,41.1],[24.5,41.1],[24.6,41.1],[24.6,41.1],[24.7,41.2],[24.8,41.2],[24.9,41.2],[25.0,41.2],[25.1,41.2],[25.2,41.2],[25.3,41.2],[25.4,41.2],[25.4,41.2],[25.5,41.3],[25.6,41.2],[25.6,41.2],[25.7,41.2],[25.8,41.2],[25.9,41.1],[25.9,41.1],[26.0,41.1],[26.0,41.1],[26.1,41.2],[26.1,41.2],[26.1,41.2],[26.0,41.3],[26.0,41.4],[26.1,41.5],[26.1,41.5],[26.1,41.6],[26.1,41.6],[26.0,41.6],[25.9,41.6],[25.9,41.6],[25.8,41.5],[25.7,41.5],[25.6,41.5],[25.5,41.5],[25.4,41.6],[25.4,41.7],[25.4,41.8],[25.4,41.8],[25.3,41.9],[25.3,41.9],[25.2,42.0],[25.2,42.0],[25.1,42.0],[25.0,42.0],[24.9,42.0],[24.8,42.0],[24.7,42.1],[24.7,42.1],[24.7,42.1],[24.6,42.0],[24.5,42.0],[24.4,42.0],[24.3,42.0],[24.2,42.1],[24.2,42.1],[24.1,42.2],[24.1,42.2],[24.0,42.3],[24.0,42.3],[23.9,42.4],[24.0,42.5],[24.1,42.5],[24.2,42.5],[24.3,42.5],[24.4,42.5],[24.5,42.5],[24.6,42.5],[24.6,42.5],[24.7,42.6],[24.8,42.6],[24.9,42.5],[24.9,42.5],[25.0,42.4],[25.0,42.4],[25.1,42.4],[25.2,42.4],[25.3,42.4],[25.4,42.4],[25.5,42.4],[25.6,42.4],[25.6,42.4],[25.7,42.5],[25.7,42.5],[25.8,42.6],[25.8,42.6],[25.9,42.7],[26.0,42.7],[26.1,42.7],[26.2,42.7],[26.3,42.7],[26.4,42.7],[26.5,42.7],[26.5,42.7],[26.6,42.8],[26.6,42.8],[26.7,42.9],[26.8,42.9],[26.9,42.9],[27.0,42.9],[27.1,42.8],[27.1,42.8],[27.2,42.8],[27.3,42.8],[27.3,42.8],[27.4,42.9],[27.5,42.9],[27.5,42.9],[27.5,42.9],[27.4,42.9],[27.3,42.9],[27.2,42.9],[27.1,42.9],[27.0,43.0],[27.0,43.0],[26.9,43.0],[26.8,43.0],[26.7,43.0],[26.6,43.0],[26.5,43.0],[26.4,43.0],[26.4,43.0],[26.3,42.9],[26.2,42.9],[26.1,42.9],[26.0,42.9],[25.9,42.9],[25.9,42.9],[25.8,42.8],[25.7,42.8],[25.6,42.9],[25.6,43.0],[25.7,43.1],[25.8,43.1],[25.9,43.1],[26.0,43.1],[26.0,43.1],[26.1,43.2],[26.2,43.2],[26.2,43.2],[26.2,43.2],[26.1,43.3],[26.1,43.4],[26.1,43.4],[26.0,43.4],[25.9,43.4],[25.8,43.4],[25.8,43.4],[25.8,43.3],[25.8,43.2],[25.7,43.1],[25.6,43.1],[25.5,43.1],[25.4,43.2],[25.4,43.2],[25.3,43.2],[25.2,43.2],[25.1,43.2],[25.0,43.2],[24.9,43.2],[24.8,43.3],[24.8,43.3],[24.7,43.3],[24.6,43.3],[24.5,43.3],[24.4,43.3],[24.3,43.3],[24.2,43.3],[24.1,43.3],[24.0,43.3],[23.9,43.4],[23.9,43.4],[23.8,43.5],[23.8,43.5],[23.8,43.5],[23.7,43.4],[23.6,43.4],[23.5,43.5],[23.5,43.5],[23.4,43.5],[23.3,43.5],[23.2,43.5],[23.1,43.5],[23.1,43.5],[23.1,43.5],[23.2,43.5],[23.3,43.4],[23.3,43.3],[23.2,43.2],[23.1,43.2],[23.0,43.3],[23.0,43.3],[22.9,43.4],[22.9,43.4],[22.8,43.5],[22.8,43.5],[22.7,43.5],[22.6,43.5],[22.5,43.6],[22.5,43.6],[22.4,43.6],[22.3,43.6],[22.2,43.6],[22.1,43.7],[22.2,43.8],[22.2,43.8],[22.2,43.8],[22.1,43.8],[22.0,43.9],[22.0,44.0],[22.1,44.1],[22.1,44.1],[22.1,44.2],[22.1,44.3],[22.1,44.4],[22.2,44.5],[22.3,44.5],[22.3,44.5],[22.4,44.6],[22.4,44.6],[22.5,44.7],[22.6,44.7],[22.7,44.7],[22.8,44.7],[22.9,44.7],[23.0,44.7],[23.1,44.7],[23.2,44.7],[23.2,44.7],[23.3,44.8],[23.3,44.8],[23.4,44.9],[23.5,44.8],[23.5,44.8],[23.6,44.8],[23.6,44.8],[23.7,44.9],[23.8,44.9],[23.9,44.9],[24.0,44.8],[24.0,44.8],[24.1,44.8],[24.2,44.8],[24.3,44.8],[24.4,44.8],[24.5,44.8],[24.6,44.8],[24.7,44.8],[24.8,44.8],[24.9,44.8],[25.0,44.8],[25.1,44.8],[25.2,44.8],[25.3,44.8],[25.4,44.8],[25.5,44.8],[25.5,44.8],[25.6,44.9],[25.7,44.9],[25.8,44.9],[25.8,44.9],[25.9,45.0],[26.0,45.0],[26.1,45.0],[26.1,45.0],[26.2,45.1],[26.3,45.1],[26.3,45.1],[26.4,45.2],[26.5,45.2],[26.5,45.2],[26.6,45.3],[26.7,45.3],[26.8,45.3],[26.8,45.3],[26.8,45.4],[26.9,45.5],[26.9,45.5],[26.9,45.6],[27.0,45.7],[27.0,45.7],[27.1,45.8],[27.1,45.8],[27.1,45.9],[27.2,46.0],[27.2,46.0],[27.2,46.1],[27.3,46.2],[27.3,46.2],[27.3,46.2],[27.2,46.3],[27.3,46.4],[27.4,46.4],[27.4,46.4],[27.4,46.4],[27.3,46.5],[27.4,46.6],[27.5,46.6],[27.5,46.6],[27.5,46.6],[27.4,46.7],[27.4,46.7],[27.3,46.8],[27.3,46.9],[27.4,47.0],[27.4,47.0],[27.4,47.0],[27.3,47.1],[27.3,47.1],[27.2,47.1],[27.1,47.2],[27.1,47.2],[27.0,47.3],[27.0,47.4],[27.0,47.5],[27.0,47.6],[27.1,47.7],[27.1,47.7],[27.2,47.8],[27.3,47.8],[27.3,47.8],[27.4,47.9],[27.5,47.9],[27.6,47.8],[27.6,47.8],[27.6,47.8],[27.7,47.9],[27.8,47.9],[27.8,47.9],[27.9,48.0],[28.0,48.0],[28.1,48.0],[28.1,48.0],[28.2,48.1],[28.2,48.1],[28.3,48.2],[28.3,48.2],[28.4,48.3],[28.5,48.2],[28.5,48.2],[28.6,48.2],[28.7,48.2],[28.8,48.1],[28.8,48.1],[28.9,48.1],[29.0,48.1],[29.0,48.1],[29.1,48.2],[29.2,48.2],[29.2,48.2],[29.2,48.3],[29.2,48.3],[29.1,48.3],[29.0,48.3],[28.9,48.4],[28.9,48.4],[28.8,48.4],[28.7,48.4],[28.6,48.4],[28.5,48.5],[28.5,48.6],[28.5,48.7],[28.6,48.8],[28.6,48.8],[28.7,48.9],[28.8,48.8],[28.8,48.7],[28.8,48.7],[28.9,48.7],[29.0,48.7],[29.1,48.7],[29.1,48.7],[29.1,48.7],[29.0,48.7],[28.9,48.8],[28.9,48.8],[28.8,48.9],[28.8,48.9],[28.7,48.9],[28.6,49.0],[28.7,49.1],[28.8,49.1],[28.9,49.1],[29.0,49.1],[29.0,49.1],[29.1,49.2],[29.2,49.2],[29.3,49.2],[29.4,49.2],[29.4,49.2],[29.4,49.2],[29.3,49.2],[29.2,49.2],[29.1,49.2],[29.0,49.2],[28.9,49.3],[29.0,49.4],[29.0,49.4],[29.0,49.4],[28.9,49.5],[29.0,49.6],[29.0,49.6],[29.1,49.7],[29.2,49.7],[29.3,49.7],[29.4,49.7],[29.4,49.7],[29.4,49.8],[29.4,49.9],[29.5,50.0],[29.5,50.0],[29.5,50.0],[29.4,50.1],[29.5,50.2],[29.5,50.2],[29.5,50.2],[29.4,50.3],[29.4,50.3],[29.4,50.3],[29.3,50.2],[29.3,50.2],[29.3,50.1],[29.2,50.0],[29.1,50.1],[29.1,50.2],[29.1,50.3],[29.2,50.4],[29.2,50.4],[29.2,50.5],[29.3,50.6],[29.3,50.6],[29.3,50.7],[29.3,50.8],[29.4,50.9],[29.5,50.9],[29.6,50.9],[29.6,50.9],[29.7,51.0],[29.7,51.0],[29.7,51.1],[29.7,51.2],[29.7,51.3],[29.8,51.4],[29.8,51.4],[29.9,51.5],[29.9,51.5],[30.0,51.6],[30.0,51.6],[30.1,51.7],[30.2,51.7],[30.2,51.7],[30.3,51.8],[30.3,51.8],[30.4,51.9],[30.5,51.9],[30.6,51.9],[30.6,51.9],[30.6,52.0],[30.6,52.1],[30.6,52.2],[30.7,52.3],[30.8,52.3],[30.9,52.3],[31.0,52.2],[31.0,52.2],[31.1,52.1],[31.1,52.1],[31.2,52.1],[31.3,52.0],[31.3,52.0],[31.4,52.0],[31.5,52.0],[31.5,52.0],[31.5,52.0],[31.4,52.0],[31.3,52.1],[31.4,52.2],[31.5,52.2],[31.6,52.2],[31.6,52.2],[31.6,52.3],[31.6,52.3],[31.5,52.3],[31.4,52.4],[31.4,52.4],[31.3,52.5],[31.4,52.6],[31.5,52.6],[31.6,52.6],[31.7,52.6],[31.7,52.6],[31.8,52.7],[31.8,52.7],[31.8,52.7],[31.7,52.8],[31.7,52.8],[31.6,52.9],[31.6,52.9],[31.5,52.9],[31.4,53.0],[31.5,53.1],[31.5,53.1],[31.6,53.2],[31.7,53.2],[31.8,53.2],[31.8,53.2],[31.9,53.3],[32.0,53.3],[32.1,53.2],[32.0,53.1],[31.9,53.1],[31.9,53.1],[31.8,53.0],[31.7,53.0],[31.7,53.0],[31.7,53.0],[31.8,53.0],[31.9,53.0],[32.0,53.0],[32.1,53.0],[32.2,53.0],[32.3,53.0],[32.4,53.0],[32.5,53.0],[32.6,53.0],[32.7,53.0],[32.8,53.0],[32.9,53.0],[33.0,53.0],[33.1,53.0],[33.2,52.9],[33.2,52.9],[33.2,52.9],[33.3,53.0],[33.4,53.0],[33.5,53.0],[33.6,53.0],[33.6,53.0],[33.7,53.1],[33.8,53.1],[33.9,53.1],[34.0,53.1],[34.1,53.1],[34.1,53.1],[34.2,53.2],[34.3,53.2],[34.3,53.2],[34.4,53.3],[34.5,53.3],[34.6,53.3],[34.7,53.3],[34.8,53.3],[34.9,53.2],[34.9,53.1],[34.9,53.1],[35.0,53.1],[35.1,53.0],[35.1,52.9],[35.1,52.8],[35.1,52.7],[35.1,52.7],[35.2,52.6],[35.2,52.5],[35.2,52.4],[35.2,52.3],[35.2,52.3],[35.2,52.3],[35.3,52.4],[35.3,52.4],[35.4,52.5],[35.5,52.5],[35.5,52.5],[35.5,52.6],[35.6,52.7],[35.6,52.7],[35.6,52.8],[35.6,52.9],[35.6,53.0],[35.6,53.1],[35.7,53.2],[35.8,53.2],[35.8,53.2],[35.9,53.3],[36.0,53.3],[36.0,53.3],[36.1,53.4],[36.1,53.4],[36.1,53.4],[36.0,53.5],[36.0,53.6],[36.0,53.6],[35.9,53.7],[35.9,53.7],[35.8,53.8],[35.8,53.8],[35.7,53.8],[35.6,53.9],[35.7,54.0],[35.7,54.0],[35.8,54.1],[35.8,54.1],[35.8,54.1],[35.7,54.2],[35.7,54.3],[35.7,54.4],[35.7,54.4],[35.6,54.4],[35.5,54.5],[35.5,54.5],[35.4,54.5],[35.3,54.5],[35.2,54.6],[35.2,54.7],[35.3,54.8],[35.4,54.8],[35.4,54.8],[35.5,54.9],[35.6,54.9],[35.7,54.9],[35.8,54.9],[35.9,54.9],[36.0,54.9],[36.0,54.9],[36.1,55.0],[36.1,55.0],[36.2,55.1],[36.3,55.1],[36.4,55.1],[36.4,55.1],[36.5,55.2],[36.6,55.2],[36.6,55.2],[36.6,55.2],[36.5,55.2],[36.4,55.2],[36.3,55.3],[36.3,55.3],[36.2,55.3],[36.2,55.3],[36.2,55.3],[36.3,55.2],[36.2,55.1],[36.1,55.1],[36.0,55.1],[36.0,55.1],[35.9,55.0],[35.8,55.0],[35.7,55.0],[35.6,55.0],[35.6,55.0],[35.5,54.9],[35.4,54.9],[35.3,55.0],[35.3,55.0],[35.2,55.1],[35.2,55.1],[35.1,55.1],[35.0,55.1],[34.9,55.2],[34.9,55.3],[34.9,55.4],[34.9,55.5],[35.0,55.6],[35.0,55.6],[35.0,55.6],[34.9,55.6],[34.9,55.6],[34.8,55.5],[34.7,55.6],[34.8,55.7],[34.8,55.7],[34.8,55.8],[34.8,55.8],[34.8,55.8],[34.7,55.7],[34.6,55.7],[34.5,55.8],[34.6,55.9],[34.7,55.9],[34.7,55.9],[34.7,55.9],[34.6,56.0],[34.7,56.1],[34.8,56.1],[34.9,56.1],[35.0,56.1],[35.1,56.1],[35.2,56.0],[35.2,56.0],[35.3,55.9],[35.3,55.9],[35.4,55.9],[35.5,55.9],[35.5,55.9],[35.6,56.0],[35.7,56.0],[35.8,56.0],[35.9,56.0],[35.9,56.0],[35.9,56.1],[35.9,56.1],[35.8,56.2],[35.8,56.2],[35.7,56.2],[35.6,56.2],[35.5,56.2],[35.4,56.3],[35.4,56.3],[35.3,56.4],[35.3,56.5],[35.3,56.6],[35.4,56.7],[35.5,56.7],[35.6,56.7],[35.6,56.7],[35.6,56.8],[35.7,56.9],[35.8,56.9],[35.9,56.9],[35.9,56.9],[36.0,57.0],[36.1,57.0],[36.2,56.9],[36.1,56.8],[36.0,56.8],[36.0,56.8],[36.0,56.7],[36.0,56.7],[36.1,56.7],[36.2,56.7],[36.3,56.7],[36.3,56.7],[36.3,56.7],[36.2,56.8],[36.3,56.9],[36.4,56.9],[36.4,56.9],[36.5,57.0],[36.6,57.0],[36.7,57.0],[36.8,57.0],[36.9,57.0],[37.0,56.9],[36.9,56.8],[36.8,56.8],[36.7,56.8],[36.7,56.8],[36.6,56.7],[36.6,56.7],[36.6,56.6],[36.6,56.5],[36.6,56.5],[36.7,56.4],[36.7,56.3],[36.7,56.3],[36.8,56.2],[36.8,56.2],[36.9,56.2],[37.0,56.2],[37.1,56.2],[37.2,56.2],[37.3,56.2],[37.4,56.2],[37.5,56.2],[37.6,56.2],[37.7,56.2],[37.8,56.2],[37.9,56.2],[38.0,56.2],[38.1,56.2],[38.2,56.2],[38.3,56.2],[38.3,56.2],[38.3,56.3],[38.3,56.4],[38.3,56.4],[38.2,56.5],[38.2,56.5],[38.1,56.6],[38.1,56.6],[38.0,56.7],[38.0,56.7],[37.9,56.8],[37.9,56.9],[37.9,56.9],[37.8,56.9],[37.7,56.9],[37.6,57.0],[37.6,57.0],[37.5,57.0],[37.4,57.1],[37.5,57.2],[37.6,57.2],[37.7,57.2],[37.8,57.2],[37.8,57.2],[37.9,57.3],[37.9,57.3],[38.0,57.4],[38.0,57.4],[38.0,57.5],[38.1,57.6],[38.2,57.6],[38.3,57.5],[38.3,57.5],[38.4,57.4],[38.3,57.3],[38.3,57.3],[38.2,57.2],[38.2,57.2],[38.2,57.2],[38.3,57.1],[38.3,57.0],[38.3,57.0],[38.4,56.9],[38.4,56.8],[38.4,56.8],[38.5,56.7],[38.5,56.6],[38.5,56.6],[38.6,56.6],[38.7,56.5],[38.7,56.5],[38.8,56.5],[38.9,56.4],[38.9,56.4],[39.0,56.4],[39.1,56.4],[39.2,56.4],[39.3,56.4],[39.4,56.3],[39.4,56.2],[39.4,56.2],[39.5,56.2],[39.6,56.1],[39.6,56.1],[39.7,56.1],[39.8,56.1],[39.9,56.1],[39.9,56.1],[40.0,56.2],[40.1,56.2],[40.2,56.2],[40.3,56.2],[40.3,56.2],[40.4,56.3],[40.4,56.3],[40.4,56.4],[40.5,56.5],[40.5,56.5],[40.5,56.6],[40.6,56.7],[40.7,56.7],[40.7,56.7],[40.8,56.8],[40.8,56.8],[40.9,56.9],[40.9,56.9],[40.9,56.9],[40.8,56.9],[40.7,57.0],[40.8,57.1],[40.9,57.1],[40.9,57.1],[41.0,57.2],[41.1,57.2],[41.2,57.2],[41.2,57.2],[41.2,57.3],[41.2,57.4],[41.3,57.5],[41.4,57.5],[41.5,57.5],[41.5,57.5],[41.5,57.5],[41.4,57.6],[41.5,57.7],[41.6,57.7],[41.7,57.7],[41.7,57.7],[41.7,57.8],[41.8,57.9],[41.9,57.9],[42.0,57.9],[42.1,57.8],[42.1,57.8],[42.2,57.8],[42.3,57.8],[42.4,57.8],[42.5,57.8],[42.5,57.8],[42.5,57.9],[42.6,58.0],[42.7,58.0],[42.8,57.9],[42.8,57.9],[42.8,57.9],[42.9,58.0],[43.0,57.9],[43.0,57.9],[43.1,57.9],[43.2,57.9],[43.3,57.9],[43.4,57.9],[43.5,57.9],[43.6,57.8],[43.6,57.8],[43.7,57.8],[43.8,57.8],[43.9,57.8],[43.9,57.8],[44.0,57.9],[44.0,57.9],[44.1,58.0],[44.2,57.9],[44.2,57.9],[44.3,57.9],[44.4,57.8],[44.4,57.8],[44.5,57.8],[44.5,57.8],[44.6,57.9],[44.7,57.8],[44.7,57.8],[44.8,57.8],[44.9,57.8],[44.9,57.8],[45.0,57.9],[45.0,57.9],[45.0,58.0],[45.0,58.1],[45.0,58.2],[45.0,58.3],[45.0,58.4],[45.0,58.5],[45.0,58.6],[45.0,58.7],[45.0,58.8],[45.0,58.9],[45.0,59.0],[45.0,59.1],[45.0,59.2],[45.0,59.3],[45.0,59.4],[45.0,59.5],[45.0,59.6],[45.0,59.7],[45.0,59.8],[45.0,59.9],[45.0,60.0],[45.0,60.1],[45.0,60.2],[45.0,60.3],[45.0,60.4],[45.0,60.5],[45.0,60.6],[45.0,60.7],[45.0,60.8],[45.0,60.9],[45.0,61.0],[45.0,61.1],[45.0,61.2],[45.0,61.3],[45.0,61.4],[45.0,61.5],[45.0,61.6],[45.0,61.7],[45.0,61.8],[45.0,61.9],[45.0,62.0],[45.0,62.1],[45.0,62.2],[45.0,62.3],[45.0,62.4],[45.0,62.5],[45.0,62.6],[45.0,62.7],[45.0,62.8],[45.0,62.9],[45.0,63.0],[45.0,63.1],[45.0,63.2],[45.0,63.3],[45.0,63.4],[45.0,63.5],[45.0,63.6],[45.0,63.7],[45.0,63.8],[45.0,63.9],[45.0,64.0],[45.0,64.1],[45.0,64.2],[45.0,64.3],[45.0,64.4],[45.0,64.5],[45.0,64.6],[45.0,64.7],[45.0,64.8],[45.0,64.9],[45.0,65.0],[45.0,65.1],[45.0,65.2],[45.0,65.3],[45.0,65.4],[45.0,65.5],[45.0,65.6],[45.0,65.7],[45.0,65.8],[45.0,65.9],[45.0,66.0],[45.0,66.1],[45.0,66.2],[45.0,66.3],[45.0,66.4],[45.0,66.5],[45.0,66.6],[45.0,66.7],[45.0,66.8],[45.0,66.9],[45.0,67.0],[45.0,67.1],[45.0,67.2],[45.0,67.3],[45.0,67.4],[45.0,67.5],[45.0,67.6],[45.0,67.7],[45.0,67.8],[45.0,67.9],[45.0,68.0],[45.0,68.1],[45.0,68.2],[45.0,68.3],[45.0,68.4],[45.0,68.5],[45.0,68.6],[45.0,68.7],[45.0,68.8],[45.0,68.9],[45.0,69.0],[45.0,69.1],[45.0,69.2],[45.0,69.3],[45.0,69.4],[45.0,69.5],[45.0,69.6],[45.0,69.7],[45.0,69.8],[45.0,69.9],[45.0,70.0],[45.0,70.1],[45.0,70.2],[45.0,70.3],[45.0,70.4],[45.0,70.5],[45.0,70.6],[45.0,70.7],[45.0,70.8],[45.0,70.9],[45.0,71.0],[45.0,71.1],[45.0,71.2],[45.0,71.3],[45.0,71.4],[45.0,71.5],[45.0,71.6],[45.0,71.7],[45.0,71.8],[45.0,71.9],[45.0,72.0],[44.9,72.0],[44.8,72.0],[44.7,72.0],[44.6,72.0],[44.5,72.0],[44.4,72.0],[44.3,72.0],[44.2,72.0],[44.1,72.0],[44.0,72.0],[43.9,72.0],[43.8,72.0],[43.7,72.0],[43.6,72.0],[43.5,72.0],[43.4,72.0],[43.3,72.0],[43.2,72.0],[43.1,72.0],[43.0,72.0],[42.9,72.0],[42.8,72.0],[42.7,72.0],[42.6,72.0],[42.5,72.0],[42.4,72.0],[42.3,72.0],[42.2,72.0],[42.1,72.0],[42.0,72.0],[41.9,72.0],[41.8,72.0],[41.7,72.0],[41.6,72.0],[41.5,72.0],[41.4,72.0],[41.3,72.0],[41.2,72.0],[41.1,72.0],[41.0,72.0],[40.9,72.0],[40.8,72.0],[40.7,72.0],[40.6,72.0],[40.5,72.0],[40.4,72.0],[40.3,72.0],[40.2,72.0],[40.1,72.0],[40.0,72.0],[39.9,72.0],[39.8,72.0],[39.7,72.0],[39.6,72.0],[39.5,72.0],[39.4,72.0],[39.3,72.0],[39.2,72.0],[39.1,72.0],[39.0,72.0],[38.9,72.0],[38.8,72.0],[38.7,72.0],[38.6,72.0],[38.5,72.0],[38.4,72.0],[38.3,72.0],[38.2,72.0],[38.1,72.0],[38.0,72.0],[37.9,72.0],[37.8,72.0],[37.7,72.0],[37.6,72.0],[37.5,72.0],[37.4,72.0],[37.3,72.0],[37.2,72.0],[37.1,72.0],[37.0,72.0],[36.9,72.0],[36.8,72.0],[36.7,72.0],[36.6,72.0],[36.5,72.0],[36.4,72.0],[36.3,72.0],[36.2,72.0],[36.1,72.0],[36.0,72.0],[35.9,72.0],[35.8,72.0],[35.7,72.0],[35.6,72.0],[35.5,72.0],[35.4,72.0],[35.3,72.0],[35.2,72.0],[35.1,72.0],[35.0,72.0],[34.9,72.0],[34.8,72.0],[34.7,72.0],[34.6,72.0],[34.5,72.0],[34.4,72.0],[34.3,72.0],[34.2,72.0],[34.1,72.0],[34.0,72.0],[33.9,72.0],[33.8,72.0],[33.7,72.0],[33.6,72.0],[33.5,72.0],[33.4,72.0],[33.3,72.0],[33.2,72.0],[33.1,72.0],[33.0,72.0],[32.9,72.0],[32.8,72.0],[32.7,72.0],[32.6,72.0],[32.5,72.0],[32.4,72.0],[32.3,72.0],[32.2,72.0],[32.1,72.0],[32.0,72.0],[31.9,72.0],[31.8,72.0],[31.7,72.0],[31.6,72.0],[31.5,72.0],[31.4,72.0],[31.3,72.0],[31.2,72.0],[31.1,72.0],[31.0,72.0],[30.9,72.0],[30.8,72.0],[30.7,72.0],[30.6,72.0],[30.5,72.0],[30.4,72.0],[30.3,72.0],[30.2,72.0],[30.1,72.0],[30.0,72.0],[29.9,72.0],[29.8,72.0],[29.7,72.0],[29.6,72.0],[29.5,72.0],[29.4,72.0],[29.3,72.0],[29.2,72.0],[29.1,72.0],[29.0,72.0],[28.9,72.0],[28.8,72.0],[28.7,72.0],[28.6,72.0],[28.5,72.0],[28.4,72.0],[28.3,72.0],[28.2,72.0],[28.1,72.0],[28.0,72.0],[27.9,72.0],[27.8,72.0],[27.7,72.0],[27.6,72.0],[27.5,72.0],[27.4,72.0],[27.3,72.0],[27.2,72.0],[27.1,72.0],[27.0,72.0],[26.9,72.0],[26.8,72.0],[26.7,72.0],[26.6,72.0],[26.5,72.0],[26.4,72.0],[26.3,72.0],[26.2,72.0],[26.1,72.0],[26.0,72.0],[25.9,72.0],[25.8,72.0],[25.7,72.0],[25.6,72.0],[25.5,72.0],[25.4,72.0],[25.3,72.0],[25.2,72.0],[25.1,72.0],[25.0,72.0],[24.9,72.0],[24.8,72.0],[24.7,72.0],[24.6,72.0],[24.5,72.0],[24.4,72.0],[24.3,72.0],[24.2,72.0],[24.1,72.0],[24.0,72.0],[23.9,72.0],[23.8,72.0],[23.7,72.0],[23.6,72.0],[23.5,72.0],[23.4,72.0],[23.3,72.0],[23.2,72.0],[23.1,72.0],[23.0,72.0],[22.9,72.0],[22.8,72.0],[22.7,72.0],[22.6,72.0],[22.5,72.0],[22.4,72.0],[22.3,72.0],[22.2,72.0],[22.1,72.0],[22.0,72.0],[21.9,72.0],[21.8,72.0],[21.7,72.0],[21.6,72.0],[21.5,72.0],[21.4,72.0],[21.3,72.0],[21.2,72.0],[21.1,72.0],[21.0,72.0],[20.9,72.0],[20.8,72.0],[20.7,72.0],[20.6,72.0],[20.5,72.0],[20.4,72.0],[20.3,72.0],[20.2,72.0],[20.1,72.0],[20.0,72.0],[19.9,72.0],[19.8,72.0],[19.7,72.0],[19.6,72.0],[19.5,72.0],[19.4,72.0],[19.3,72.0],[19.2,72.0],[19.1,72.0],[19.0,72.0],[18.9,72.0],[18.8,72.0],[18.7,72.0],[18.6,72.0],[18.5,72.0],[18.4,72.0],[18.3,72.0],[18.2,72.0],[18.1,72.0],[18.0,72.0],[17.9,72.0],[17.8,72.0],[17.7,72.0],[17.6,72.0],[17.5,72.0],[17.4,72.0],[17.3,72.0],[17.2,72.0],[17.1,72.0],[17.0,72.0],[16.9,72.0],[16.8,72.0],[16.7,72.0],[16.6,72.0],[16.5,72.0],[16.4,72.0],[16.3,72.0],[16.2,72.0],[16.1,72.0],[16.0,72.0],[15.9,72.0],[15.8,72.0],[15.7,72.0],[15.6,72.0],[15.5,72.0],[15.4,72.0],[15.3,72.0],[15.2,72.0],[15.1,72.0],[15.0,72.0],[14.9,72.0],[14.8,72.0],[14.7,72.0],[14.6,72.0],[14.5,72.0],[14.4,72.0],[14.3,72.0],[14.2,72.0],[14.1,72.0],[14.0,72.0],[13.9,72.0],[13.8,72.0],[13.7,72.0],[13.6,72.0],[13.5,72.0],[13.4,72.0],[13.3,72.0],[13.2,72.0],[13.1,72.0],[13.0,72.0],[12.9,72.0],[12.8,72.0],[12.7,72.0],[12.6,72.0],[12.5,72.0],[12.4,72.0],[12.3,72.0],[12.2,72.0],[12.1,72.0],[12.0,72.0],[11.9,72.0],[11.8,72.0],[11.7,72.0],[11.6,72.0],[11.5,72.0],[11.4,72.0],[11.3,72.0],[11.2,72.0],[11.1,72.0],[11.0,72.0],[10.9,72.0],[10.8,72.0],[10.7,72.0],[10.6,72.0],[10.5,72.0],[10.4,72.0],[10.3,72.0],[10.2,72.0],[10.1,72.0],[10.0,72.0],[9.9,72.0],[9.8,72.0],[9.7,72.0],[9.6,72.0],[9.5,72.0],[9.4,72.0],[9.3,72.0],[9.2,72.0],[9.1,72.0],[9.0,72.0],[8.9,72.0],[8.8,72.0],[8.7,72.0],[8.6,72.0],[8.5,72.0],[8.4,72.0],[8.3,72.0],[8.2,72.0],[8.1,72.0],[8.0,72.0],[7.9,72.0],[7.8,72.0],[7.7,72.0],[7.6,72.0],[7.5,72.0],[7.4,72.0],[7.3,72.0],[7.2,72.0],[7.1,72.0],[7.0,72.0],[6.9,72.0],[6.8,72.0],[6.7,72.0],[6.6,72.0],[6.5,72.0],[6.4,72.0],[6.3,72.0],[6.2,72.0],[6.1,72.0],[6.0,72.0],[5.9,72.0],[5.8,72.0],[5.7,72.0],[5.6,72.0],[5.5,72.0],[5.4,72.0],[5.3,72.0],[5.2,72.0],[5.1,72.0],[5.0,72.0],[4.9,72.0],[4.8,72.0],[4.7,72.0],[4.6,72.0],[4.5,72.0],[4.4,72.0],[4.3,72.0],[4.2,72.0],[4.1,72.0],[4.0,72.0],[3.9,72.0],[3.8,72.0],[3.7,72.0],[3.6,72.0],[3.5,72.0],[3.4,72.0],[3.3,72.0],[3.2,72.0],[3.1,72.0],[3.0,72.0],[2.9,72.0],[2.8,72.0],[2.7,72.0],[2.6,72.0],[2.5,72.0],[2.4,72.0],[2.3,72.0],[2.2,72.0],[2.1,72.0],[2.0,72.0],[1.9,72.0],[1.8,72.0],[1.7,72.0],[1.6,72.0],[1.5,72.0],[1.4,72.0],[1.3,72.0],[1.2,72.0],[1.1,72.0],[1.0,72.0],[0.9,72.0],[0.8,72.0],[0.7,72.0],[0.6,72.0],[0.5,72.0],[0.4,72.0],[0.3,72.0],[0.2,72.0],[0.1,72.0],[0.0,72.0],[-0.1,72.0],[-0.2,72.0],[-0.3,72.0],[-0.4,72.0],[-0.5,72.0],[-0.6,72.0],[-0.7,72.0],[-0.8,72.0],[-0.9,72.0],[-1.0,72.0],[-1.1,72.0],[-1.2,72.0],[-1.3,72.0],[-1.4,72.0],[-1.5,72.0],[-1.6,72.0],[-1.7,72.0],[-1.8,72.0],[-1.9,72.0],[-2.0,72.0],[-2.1,72.0],[-2.2,72.0],[-2.3,72.0],[-2.4,72.0],[-2.5,72.0],[-2.6,72.0],[-2.7,72.0],[-2.8,72.0],[-2.9,72.0],[-3.0,72.0],[-3.1,72.0],[-3.2,72.0],[-3.3,72.0],[-3.4,72.0],[-3.5,72.0],[-3.6,72.0],[-3.7,72.0],[-3.8,72.0],[-3.9,72.0],[-4.0,72.0],[-4.1,72.0],[-4.2,72.0],[-4.3,72.0],[-4.4,72.0],[-4.5,72.0],[-4.6,72.0],[-4.7,72.0],[-4.8,72.0],[-4.9,72.0],[-5.0,72.0],[-5.1,72.0],[-5.2,72.0],[-5.3,72.0],[-5.4,72.0],[-5.5,72.0],[-5.6,72.0],[-5.7,72.0],[-5.8,72.0],[-5.9,72.0],[-6.0,72.0],[-6.1,72.0],[-6.2,72.0],[-6.3,72.0],[-6.4,72.0],[-6.5,72.0],[-6.6,72.0],[-6.7,72.0],[-6.8,72.0],[-6.9,72.0],[-7.0,72.0],[-7.1,72.0],[-7.2,72.0],[-7.3,72.0],[-7.4,72.0],[-7.5,72.0],[-7.6,72.0],[-7.7,72.0],[-7.8,72.0],[-7.9,72.0],[-8.0,72.0],[-8.1,72.0],[-8.2,72.0],[-8.3,72.0],[-8.4,72.0],[-8.5,72.0],[-8.6,72.0],[-8.7,72.0],[-8.8,72.0],[-8.9,72.0],[-9.0,72.0],[-9.1,72.0],[-9.2,72.0],[-9.3,72.0],[-9.4,72.0],[-9.5,72.0],[-9.6,72.0],[-9.7,72.0],[-9.8,72.0],[-9.9,72.0],[-10.0,72.0],[-10.1,72.0],[-10.2,72.0],[-10.3,72.0],[-10.4,72.0],[-10.5,72.0],[-10.6,72.0],[-10.7,72.0],[-10.8,72.0],[-10.9,72.0],[-11.0,72.0],[-11.1,72.0],[-11.2,72.0],[-11.3,72.0],[-11.4,72.0],[-11.5,72.0],[-11.6,72.0],[-11.7,72.0],[-11.8,72.0],[-11.9,72.0],[-12.0,72.0],[-12.1,72.0],[-12.2,72.0],[-12.3,72.0],[-12.4,72.0],[-12.5,72.0],[-12.6,72.0],[-12.7,72.0],[-12.8,72.0],[-12.9,72.0],[-13.0,72.0],[-13.1,72.0],[-13.2,72.0],[-13.3,72.0],[-13.4,72.0],[-13.5,72.0],[-13.6,72.0],[-13.7,72.0],[-13.8,72.0],[-13.9,72.0],[-14.0,72.0],[-14.1,72.0],[-14.2,72.0],[-14.3,72.0],[-14.4,72.0],[-14.5,72.0],[-14.6,72.0],[-14.7,72.0],[-14.8,72.0],[-14.9,72.0],[-15.0,72.0],[-15.1,72.0],[-15.2,72.0],[-15.3,72.0],[-15.4,72.0],[-15.5,72.0],[-15.6,72.0],[-15.7,72.0],[-15.8,72.0],[-15.9,72.0],[-16.0,72.0],[-16.1,72.0],[-16.2,72.0],[-16.3,72.0],[-16.4,72.0],[-16.5,72.0],[-16.6,72.0],[-16.7,72.0],[-16.8,72.0],[-16.9,72.0],[-17.0,72.0],[-17.1,72.0],[-17.2,72.0],[-17.3,72.0],[-17.4,72.0],[-17.5,72.0],[-17.6,72.0],[-17.7,72.0],[-17.8,72.0],[-17.9,72.0],[-18.0,72.0],[-18.1,72.0],[-18.2,72.0],[-18.3,72.0],[-18.4,72.0],[-18.5,72.0],[-18.6,72.0],[-18.7,72.0],[-18.8,72.0],[-18.9,72.0],[-19.0,72.0],[-19.1,72.0],[-19.2,72.0],[-19.3,72.0],[-19.4,72.0],[-19.5,72.0],[-19.6,72.0],[-19.7,72.0],[-19.8,72.0],[-19.9,72.0],[-20.0,72.0],[-20.1,72.0],[-20.2,72.0],[-20.3,72.0],[-20.4,72.0],[-20.5,72.0],[-20.6,72.0],[-20.7,72.0],[-20.8,72.0],[-20.9,72.0],[-21.0,72.0],[-21.1,72.0],[-21.2,72.0],[-21.3,72.0],[-21.4,72.0],[-21.5,72.0],[-21.6,72.0],[-21.7,72.0],[-21.8,72.0],[-21.9,72.0],[-22.0,72.0],[-22.1,72.0],[-22.2,72.0],[-22.3,72.0],[-22.4,72.0],[-22.5,72.0],[-22.6,72.0],[-22.7,72.0],[-22.8,72.0],[-22.9,72.0],[-23.0,72.0],[-23.1,72.0],[-23.2,72.0],[-23.3,72.0],[-23.4,72.0],[-23.5,72.0],[-23.6,72.0],[-23.7,72.0],[-23.8,72.0],[-23.9,72.0],[-24.0,72.0],[-24.1,72.0],[-24.2,72.0],[-24.3,72.0],[-24.4,72.0],[-24.5,72.0],[-24.6,72.0],[-24.7,72.0],[-24.8,72.0],[-24.9,72.0],[-25.0,72.0],[-25.0,71.9],[-25.0,71.8],[-25.0,71.7],[-25.0,71.6],[-25.0,71.5],[-25.0,71.4],[-25.0,71.3],[-25.0,71.2],[-25.0,71.1],[-25.0,71.0],[-25.0,70.9],[-25.0,70.8],[-25.0,70.7],[-25.0,70.6],[-25.0,70.5],[-25.0,70.4],[-25.0,70.3],[-25.0,70.2],[-25.0,70.1],[-25.0,70.0],[-25.0,69.9],[-25.0,69.8],[-25.0,69.7],[-25.0,69.6],[-25.0,69.5],[-25.0,69.4],[-25.0,69.3],[-25.0,69.2],[-25.0,69.1],[-25.0,69.0],[-25.0,68.9],[-25.0,68.8],[-25.0,68.7],[-25.0,68.6],[-25.0,68.5],[-25.0,68.4],[-25.0,68.3],[-25.0,68.2],[-25.0,68.1],[-25.0,68.0],[-25.0,67.9],[-25.0,67.8],[-25.0,67.7],[-25.0,67.6],[-25.0,67.5],[-25.0,67.4],[-25.0,67.3],[-25.0,67.2],[-25.0,67.1],[-25.0,67.0],[-25.0,66.9],[-25.0,66.8],[-25.0,66.7],[-25.0,66.6],[-25.0,66.5],[-25.0,66.4],[-25.0,66.3],[-25.0,66.2],[-25.0,66.1],[-25.0,66.0],[-25.0,65.9],[-25.0,65.8],[-25.0,65.7],[-25.0,65.6],[-25.0,65.5],[-25.0,65.4],[-25.0,65.3],[-25.0,65.2],[-25.0,65.1],[-25.0,65.0],[-25.0,64.9],[-25.0,64.8],[-25.0,64.7],[-25.0,64.6],[-25.0,64.5],[-25.0,64.4],[-25.0,64.3],[-25.0,64.2],[-25.0,64.1],[-25.0,64.0],[-25.0,63.9],[-25.0,63.8],[-25.0,63.7],[-25.0,63.6],[-25.0,63.5],[-25.0,63.4],[-25.0,63.3],[-25.0,63.2],[-25.0,63.1],[-25.0,63.0],[-25.0,62.9],[-25.0,62.8],[-25.0,62.7],[-25.0,62.6],[-25.0,62.5],[-25.0,62.4],[-25.0,62.3],[-25.0,62.2],[-25.0,62.1],[-25.0,62.0],[-25.0,61.9],[-25.0,61.8],[-25.0,61.7],[-25.0,61.6],[-25.0,61.5],[-25.0,61.4],[-25.0,61.3],[-25.0,61.2],[-25.0,61.1],[-25.0,61.0],[-25.0,60.9],[-25.0,60.8],[-25.0,60.7],[-25.0,60.6],[-25.0,60.5],[-25.0,60.4],[-25.0,60.3],[-25.0,60.2],[-25.0,60.1],[-25.0,60.0],[-25.0,59.9],[-25.0,59.8],[-25.0,59.7],[-25.0,59.6],[-25.0,59.5],[-25.0,59.4],[-25.0,59.3],[-25.0,59.2],[-25.0,59.1],[-25.0,59.0],[-25.0,58.9],[-25.0,58.8],[-25.0,58.7],[-25.0,58.6],[-25.0,58.5],[-25.0,58.4],[-25.0,58.3],[-25.0,58.2],[-25.0,58.1],[-25.0,58.0],[-25.0,57.9],[-25.0,57.8],[-25.0,57.7],[-25.0,57.6],[-25.0,57.5],[-25.0,57.4],[-25.0,57.3],[-25.0,57.2],[-25.0,57.1],[-25.0,57.0],[-25.0,56.9],[-25.0,56.8],[-25.0,56.7],[-25.0,56.6],[-25.0,56.5],[-25.0,56.4],[-25.0,56.3],[-25.0,56.2],[-25.0,56.1],[-25.0,56.0],[-25.0,55.9],[-25.0,55.8],[-25.0,55.7],[-25.0,55.6],[-25.0,55.5],[-25.0,55.4],[-25.0,55.3],[-25.0,55.2],[-25.0,55.1],[-25.0,55.0],[-25.0,54.9],[-25.0,54.8],[-25.0,54.7],[-25.0,54.6],[-25.0,54.5],[-25.0,54.4],[-25.0,54.3],[-25.0,54.2],[-25.0,54.1],[-25.0,54.0],[-25.0,53.9],[-25.0,53.8],[-25.0,53.7],[-25.0,53.6],[-25.0,53.5],[-25.0,53.4],[-25.0,53.3],[-25.0,53.2],[-25.0,53.1],[-25.0,53.0],[-25.0,52.9],[-25.0,52.8],[-25.0,52.7],[-25.0,52.6],[-25.0,52.5],[-25.0,52.4],[-25.0,52.3],[-25.0,52.2],[-25.0,52.1],[-25.0,52.0],[-25.0,51.9],[-25.0,51.8],[-25.0,51.7],[-25.0,51.6],[-25.0,51.5],[-25.0,51.4],[-25.0,51.3],[-25.0,51.2],[-25.0,51.1],[-25.0,51.0],[-25.0,50.9],[-25.0,50.8],[-25.0,50.7],[-25.0,50.6],[-25.0,50.5],[-25.0,50.4],[-25.0,50.3],[-25.0,50.2],[-25.0,50.1],[-25.0,50.0],[-25.0,49.9],[-25.0,49.8],[-25.0,49.7],[-25.0,49.6],[-25.0,49.5],[-25.0,49.4],[-25.0,49.3],[-25.0,49.2],[-25.0,49.1],[-25.0,49.0],[-25.0,48.9],[-25.0,48.8],[-25.0,48.7],[-25.0,48.6],[-25.0,48.5],[-25.0,48.4],[-25.0,48.3],[-25.0,48.2],[-25.0,48.1],[-25.0,48.0],[-25.0,47.9],[-25.0,47.8],[-25.0,47.7],[-25.0,47.6],[-25.0,47.5],[-25.0,47.4],[-25.0,47.3],[-25.0,47.2],[-25.0,47.1],[-25.0,47.0],[-25.0,46.9],[-25.0,46.8],[-25.0,46.7],[-25.0,46.6],[-25.0,46.5],[-25.0,46.4],[-25.0,46.3],[-25.0,46.2],[-25.0,46.1],[-25.0,46.0],[-25.0,45.9],[-25.0,45.8],[-25.0,45.7],[-25.0,45.6],[-25.0,45.5],[-25.0,45.4],[-25.0,45.3],[-25.0,45.2],[-25.0,45.1],[-25.0,45.0],[-25.0,44.9],[-25.0,44.8],[-25.0,44.7],[-25.0,44.6],[-25.0,44.5],[-25.0,44.4],[-25.0,44.3],[-25.0,44.2],[-25.0,44.1],[-25.0,44.0],[-25.0,43.9],[-25.0,43.8],[-25.0,43.7],[-25.0,43.6],[-25.0,43.5],[-25.0,43.4],[-25.0,43.3],[-25.0,43.2],[-25.0,43.1],[-25.0,43.0],[-25.0,42.9],[-25.0,42.8],[-25.0,42.7],[-25.0,42.6],[-25.0,42.5],[-25.0,42.4],[-25.0,42.3],[-25.0,42.2],[-25.0,42.1],[-25.0,42.0],[-25.0,41.9],[-25.0,41.8],[-25.0,41.7],[-25.0,41.6],[-25.0,41.5],[-25.0,41.4],[-25.0,41.3],[-25.0,41.2],[-25.0,41.1],[-25.0,41.0],[-25.0,40.9],[-25.0,40.8],[-25.0,40.7],[-25.0,40.6],[-25.0,40.5],[-25.0,40.4],[-25.0,40.3],[-25.0,40.2],[-25.0,40.1],[-25.0,40.0],[-25.0,39.9],[-25.0,39.8],[-25.0,39.7],[-25.0,39.6],[-25.0,39.5],[-25.0,39.4],[-25.0,39.3],[-25.0,39.2],[-25.0,39.1],[-25.0,39.0],[-25.0,38.9],[-25.0,38.8],[-25.0,38.7],[-25.0,38.6],[-25.0,38.5],[-25.0,38.4],[-25.0,38.3],[-25.0,38.2],[-25.0,38.1],[-25.0,38.0],[-25.0,37.9],[-25.0,37.8],[-25.0,37.7],[-25.0,37.6],[-25.0,37.5],[-25.0,37.4],[-25.0,37.3],[-25.0,37.2],[-25.0,37.1],[-25.0,37.0],[-25.0,36.9],[-25.0,36.8],[-25.0,36.7],[-25.0,36.6],[-25.0,36.5],[-25.0,36.4],[-25.0,36.3],[-25.0,36.2],[-25.0,36.1],[-25.0,36.0],[-25.0,35.9],[-25.0,35.8],[-25.0,35.7],[-25.0,35.6],[-25.0,35.5],[-25.0,35.4],[-25.0,35.3],[-25.0,35.2],[-25.0,35.1],[-25.0,35.0],[-25.0,34.9],[-25.0,34.8],[-25.0,34.7],[-25.0,34.6],[-25.0,34.5],[-25.0,34.4],[-25.0,34.3],[-25.0,34.2],[-25.0,34.1],[-25.0,34.0],[-24.9,34.0]]]}},{"type":"Feature","properties":{"layer_id":"change_T20","layer_label":"Change, T>20\u00b0C","low":-10.0,"high":0.0,"label":"-10\u20130 pp","fill":"#f7f7f7","fillOpacity":0.18,"stroke":"#f7f7f7","strokeOpacity":0.3,"strokeWeight":0.35},"geometry":{"type":"Polygon","coordinates":[[[32.8,34.8],[32.8,34.8],[32.7,34.8],[32.6,34.8],[32.5,34.9],[32.5,35.0],[32.6,35.1],[32.7,35.1],[32.8,35.1],[32.9,35.1],[33.0,35.1],[33.1,35.1],[33.2,35.1],[33.3,35.0],[33.3,34.9],[33.2,34.8],[33.1,34.8],[33.1,34.8],[33.0,34.7],[32.9,34.7],[32.8,34.8]]]}},{"type":"Feature","properties":{"layer_id":"change_T20","layer_label":"Change, T>20\u00b0C","low":-10.0,"high":0.0,"label":"-10\u20130 pp","fill":"#f7f7f7","fillOpacity":0.18,"stroke":"#f7f7f7","strokeOpacity":0.3,"strokeWeight":0.35},"geometry":{"type":"Polygon","coordinates":[[[24.8,35.0],[24.8,35.0],[24.7,35.0],[24.6,35.0],[24.5,35.1],[24.5,35.1],[24.4,35.1],[24.3,35.2],[24.3,35.2],[24.2,35.2],[24.1,35.3],[24.1,35.4],[24.1,35.4],[24.0,35.4167],[23.9889,35.4],[24.0,35.3],[23.9,35.2],[23.8,35.2],[23.7,35.2],[23.6,35.2],[23.5,35.3],[23.5,35.4],[23.6,35.5],[23.7,35.5],[23.8,35.5],[23.8,35.5],[23.9,35.6],[24.0,35.6],[24.1,35.6],[24.2,35.5],[24.2,35.5],[24.3,35.4],[24.3,35.4],[24.4,35.4],[24.5,35.4],[24.6,35.4],[24.6,35.4],[24.7,35.5],[24.8,35.5],[24.9,35.4],[24.9,35.4],[25.0,35.4],[25.1,35.4],[25.2,35.4],[25.3,35.4],[25.4,35.3],[25.4,35.3],[25.4,35.3],[25.5,35.4],[25.6,35.3],[25.6,35.3],[25.7,35.2],[25.7,35.1],[25.6,35.0],[25.5,35.0],[25.4,35.0],[25.3,35.0],[25.3,35.0],[25.2,34.9],[25.1,34.9],[25.0,34.9],[24.9,34.9],[24.8,35.0]]]}},{"type":"Feature","properties":{"layer_id":"change_T20","layer_label":"Change, T>20\u00b0C","low":-10.0,"high":0.0,"label":"-10\u20130 pp","fill":"#f7f7f7","fillOpacity":0.18,"stroke":"#f7f7f7","strokeOpacity":0.3,"strokeWeight":0.35},"geometry":{"type":"Polygon","coordinates":[[[-5.8,36.1],[-5.8,36.1],[-5.9,36.2],[-5.9,36.2],[-5.9,36.2],[-6.0,36.1],[-6.1,36.2],[-6.1,36.2],[-6.2,36.3],[-6.2,36.4],[-6.2,36.5],[-6.2,36.5],[-6.3,36.6],[-6.3,36.6],[-6.4,36.6],[-6.5,36.7],[-6.5,36.8],[-6.5,36.9],[-6.5,36.9],[-6.6,37.0],[-6.6,37.0],[-6.7,37.0],[-6.8,37.1],[-6.8,37.1],[-6.9,37.1],[-7.0,37.1],[-7.1,37.1],[-7.2,37.1],[-7.3,37.1],[-7.4,37.1],[-7.5,37.1],[-7.6,37.1],[-7.6,37.1],[-7.7,37.0],[-7.7,37.0],[-7.8,36.9],[-7.9,36.9],[-8.0,36.9],[-8.1,37.0],[-8.1,37.0],[-8.2,37.1],[-8.1,37.2],[-8.0,37.2],[-7.9,37.2],[-7.8,37.2],[-7.8,37.2],[-7.7,37.3],[-7.6,37.3],[-7.6,37.3],[-7.55,37.4],[-7.5,37.5],[-7.4,37.5],[-7.4,37.5],[-7.35,37.6],[-7.4,37.6333],[-7.5,37.7],[-7.5,37.8],[-7.4,37.9],[-7.3,37.9],[-7.3,37.9],[-7.2,38.0],[-7.2,38.0],[-7.1,38.1],[-7.0,38.1],[-7.0,38.1],[-6.9,38.2],[-6.8,38.2],[-6.8,38.2],[-6.8,38.3],[-6.8,38.4],[-6.8,38.4],[-6.9,38.4],[-7.0,38.4],[-7.1,38.5],[-7.1,38.5],[-7.1,38.5],[-7.2,38.4],[-7.3,38.4],[-7.4,38.4],[-7.5,38.5],[-7.4,38.6],[-7.4,38.6],[-7.4,38.7],[-7.3,38.8],[-7.2,38.8],[-7.1,38.8],[-7.1,38.8],[-7.1,38.9],[-7.1,38.9],[-7.2,39.0],[-7.2,39.1],[-7.2,39.1],[-7.3,39.1],[-7.3,39.1],[-7.4,39.0],[-7.5,39.1],[-7.4,39.2],[-7.4,39.2],[-7.3,39.3],[-7.3,39.3],[-7.2,39.4],[-7.2,39.4],[-7.2,39.4],[-7.3,39.5],[-7.2,39.6],[-7.1,39.6],[-7.0,39.5],[-7.0,39.5],[-7.0,39.5],[-7.0,39.6],[-7.0,39.6],[-7.1,39.6],[-7.2,39.7],[-7.2,39.8],[-7.2,39.8],[-7.2,39.8],[-7.2,39.7],[-7.3,39.6],[-7.4,39.6],[-7.5,39.65],[-7.6,39.7],[-7.5,39.8],[-7.5,39.8],[-7.4,39.9],[-7.4,39.9],[-7.3,40.0],[-7.2,40.0],[-7.1,40.0],[-7.1,40.0],[-7.0,40.1],[-7.0,40.1],[-6.9,40.2],[-6.8,40.2],[-6.7,40.2],[-6.6,40.2],[-6.6,40.2],[-6.5,40.3],[-6.4,40.3],[-6.3,40.3],[-6.3,40.3],[-6.2,40.4],[-6.1,40.4],[-6.1,40.4],[-6.0,40.5],[-6.0,40.5],[-5.9,40.6],[-5.8,40.5],[-5.9,40.4],[-5.9,40.4],[-5.9,40.3],[-5.9,40.2],[-5.9,40.2],[-5.8,40.2],[-5.7,40.2],[-5.6,40.2],[-5.5,40.2],[-5.4,40.2],[-5.4,40.2],[-5.3,40.3],[-5.2,40.3],[-5.1,40.3],[-5.0,40.3],[-5.0,40.3],[-4.9,40.4],[-4.8,40.4],[-4.7,40.4],[-4.6,40.4],[-4.6,40.4],[-4.5,40.5],[-4.4,40.5],[-4.4,40.5],[-4.3,40.6],[-4.2,40.6],[-4.1,40.6],[-4.1,40.6],[-4.0,40.7],[-3.9,40.7],[-3.8,40.7],[-3.7,40.6],[-3.7,40.6],[-3.6,40.6],[-3.5,40.6],[-3.4,40.6],[-3.3,40.6],[-3.2,40.5],[-3.2,40.4],[-3.2,40.4],[-3.1,40.4],[-3.1,40.4],[-3.0,40.5],[-2.9,40.5],[-2.8,40.5],[-2.7,40.5],[-2.6,40.5],[-2.5,40.5],[-2.4,40.5],[-2.3,40.4],[-2.3,40.4],[-2.2,40.3],[-2.2,40.2],[-2.2,40.2],[-2.1,40.1],[-2.1,40.0],[-2.1,39.9],[-2.1,39.8],[-2.1,39.8],[-2.0,39.7],[-2.0,39.7],[-1.9,39.6],[-1.9,39.6],[-1.8,39.5],[-1.8,39.4],[-1.8,39.4],[-1.7,39.4],[-1.7,39.4],[-1.6,39.5],[-1.5,39.4],[-1.5,39.4],[-1.4,39.4],[-1.4,39.4],[-1.3,39.5],[-1.2,39.5],[-1.1,39.5],[-1.0,39.5],[-0.9,39.4],[-0.9,39.4],[-0.8,39.4],[-0.8,39.4],[-0.8,39.5],[-0.8,39.6],[-0.7,39.7],[-0.7,39.7],[-0.6,39.8],[-0.5,39.8],[-0.5,39.8],[-0.5,39.9],[-0.4,40.0],[-0.4,40.0],[-0.4,40.1],[-0.3,40.2],[-0.2,40.2],[-0.2,40.2],[-0.1,40.3],[0.0,40.3],[0.0,40.3],[0.1,40.4],[0.1,40.4],[0.1,40.5],[0.2,40.6],[0.2,40.6],[0.2,40.7],[0.2,40.8],[0.2,40.8],[0.1,40.9],[0.1,40.9],[0.1,40.9],[0.0,40.8],[-0.1,40.8],[-0.2,40.9],[-0.2,40.9],[-0.3,40.9],[-0.4,41.0],[-0.4,41.0],[-0.5,41.1],[-0.5,41.1],[-0.6,41.1],[-0.7,41.2],[-0.7,41.2],[-0.8,41.3],[-0.8,41.4],[-0.8,41.4],[-0.9,41.5],[-0.9,41.5],[-1.0,41.5],[-1.1,41.6],[-1.1,41.6],[-1.2,41.6],[-1.3,41.7],[-1.3,41.8],[-1.2,41.9],[-1.1,41.9],[-1.1,41.9],[-1.0,42.0],[-1.0,42.0],[-1.0,42.0],[-1.1,42.1],[-1.1,42.1],[-1.2,42.2],[-1.1,42.3],[-1.0,42.3],[-0.9,42.3],[-0.8,42.3],[-0.7,42.3],[-0.6,42.3],[-0.5,42.2],[-0.5,42.2],[-0.4,42.2],[-0.3,42.2],[-0.2,42.2],[-0.1,42.2],[0.0,42.2],[0.1,42.1],[0.1,42.1],[0.2,42.1],[0.3,42.1],[0.4,42.0],[0.4,42.0],[0.5,42.0],[0.6,41.9],[0.6,41.9],[0.6,41.9],[0.7,42.0],[0.8,41.9],[0.8,41.9],[0.9,41.9],[0.9,41.9],[1.0,42.0],[1.1,42.0],[1.2,42.0],[1.3,42.0],[1.4,41.9],[1.4,41.8],[1.3,41.7],[1.3,41.7],[1.2,41.6],[1.2,41.6],[1.2,41.6],[1.3,41.5],[1.3,41.5],[1.4,41.5],[1.5,41.5],[1.5,41.5],[1.5,41.6],[1.6,41.7],[1.7,41.7],[1.8,41.7],[1.9,41.7],[2.0,41.7],[2.1,41.7],[2.2,41.7],[2.3,41.7],[2.4,41.7],[2.4,41.7],[2.5,41.8],[2.5,41.8],[2.6,41.9],[2.6,41.9],[2.6,42.0],[2.6,42.1],[2.6,42.2],[2.7,42.3],[2.7,42.3],[2.8,42.4],[2.8,42.4],[2.8,42.5],[2.8,42.5],[2.7,42.5],[2.6,42.6],[2.6,42.6],[2.5,42.7],[2.6,42.8],[2.6,42.8],[2.6,42.9],[2.6,43.0],[2.6,43.0],[2.5,43.0],[2.4,43.1],[2.4,43.1],[2.3,43.2],[2.3,43.2],[2.2,43.3],[2.3,43.4],[2.4,43.4],[2.5,43.4],[2.6,43.4],[2.6,43.4],[2.7,43.5],[2.8,43.5],[2.9,43.5],[3.0,43.5],[3.1,43.5],[3.1,43.5],[3.2,43.6],[3.3,43.6],[3.3,43.6],[3.4,43.7],[3.5,43.7],[3.6,43.7],[3.6,43.7],[3.7,43.8],[3.8,43.7],[3.8,43.7],[3.8,43.7],[3.9,43.8],[4.0,43.8],[4.0,43.8],[4.0,43.9],[4.1,44.0],[4.2,44.0],[4.2,44.0],[4.3,44.1],[4.4,44.1],[4.4,44.1],[4.4,44.1],[4.3,44.1],[4.2,44.2],[4.3,44.3],[4.3,44.3],[4.4,44.4],[4.4,44.4],[4.5,44.5],[4.6,44.5],[4.6,44.5],[4.7,44.6],[4.8,44.6],[4.9,44.5],[4.9,44.4],[4.9,44.4],[5.0,44.3],[5.0,44.3],[5.1,44.2],[5.1,44.1],[5.1,44.1],[5.2,44.0],[5.2,43.9],[5.2,43.8],[5.2,43.8],[5.3,43.8],[5.4,43.7],[5.4,43.7],[5.5,43.6],[5.5,43.6],[5.6,43.5],[5.6,43.4],[5.6,43.4],[5.7,43.3],[5.7,43.3],[5.8,43.3],[5.9,43.3],[6.0,43.3],[6.0,43.3],[6.1,43.4],[6.1,43.4],[6.2,43.5],[6.3,43.5],[6.3,43.5],[6.4,43.6],[6.5,43.6],[6.6,43.6],[6.7,43.6],[6.7,43.6],[6.8,43.7],[6.9,43.7],[7.0,43.7],[7.0,43.7],[7.1,43.8],[7.2,43.8],[7.2,43.8],[7.3,43.9],[7.4,43.9],[7.5,43.9],[7.6,43.8],[7.5,43.7],[7.4,43.7],[7.3,43.7],[7.3,43.7],[7.2,43.6],[7.2,43.6],[7.1,43.5],[7.0,43.5],[7.0,43.5],[6.9,43.4],[6.9,43.4],[6.8,43.3],[6.7,43.3],[6.7,43.3],[6.7,43.2],[6.6,43.1],[6.5,43.1],[6.4,43.1],[6.4,43.1],[6.3,43.0],[6.2,43.0],[6.1,43.0],[6.0,43.1],[6.0,43.1],[6.0,43.1],[5.9,43.0],[5.8,43.1],[5.8,43.1],[5.7,43.1],[5.6,43.1],[5.5,43.2],[5.5,43.2],[5.4,43.2],[5.3,43.3],[5.3,43.3],[5.2,43.4],[5.2,43.4],[5.1,43.5],[5.1,43.5],[5.1,43.5],[5.1,43.4],[5.0,43.3],[4.9,43.3],[4.8,43.3],[4.7,43.3],[4.6,43.4],[4.6,43.4],[4.5,43.5],[4.5,43.5],[4.4,43.5],[4.4,43.5],[4.3,43.4],[4.2,43.5],[4.2,43.5],[4.1,43.5],[4.0,43.5],[3.9,43.5],[3.9,43.5],[3.8,43.4],[3.7,43.4],[3.6,43.4],[3.6,43.4],[3.5,43.3],[3.5,43.3],[3.4,43.2],[3.3,43.3],[3.3,43.3],[3.3,43.3],[3.2,43.2],[3.2,43.2],[3.2,43.1],[3.1,43.0],[3.0,43.0],[3.0,43.0],[3.0,43.0],[3.1,42.9],[3.0,42.8],[3.0,42.8],[3.0,42.7],[3.0,42.7],[3.1,42.6],[3.1,42.6],[3.2,42.5],[3.2,42.4],[3.2,42.4],[3.3,42.3],[3.2,42.2],[3.2,42.2],[3.2,42.1],[3.2,42.1],[3.3,42.0],[3.3,41.9],[3.2,41.8],[3.1,41.8],[3.1,41.8],[3.0,41.7],[3.0,41.7],[2.9,41.6],[2.8,41.6],[2.7,41.6],[2.6,41.6],[2.6,41.6],[2.5,41.5],[2.5,41.5],[2.4,41.4],[2.3,41.4],[2.2,41.4],[2.2,41.4],[2.2,41.3],[2.1,41.2],[2.0,41.2],[1.9,41.2],[1.8,41.2],[1.8,41.2],[1.7,41.1],[1.6,41.1],[1.5,41.2],[1.5,41.2],[1.5,41.2],[1.4,41.1],[1.3,41.1],[1.3,41.1],[1.2,41.0],[1.1,41.0],[1.0,41.0],[1.0,41.0],[0.9,40.9],[0.9,40.9],[0.8,40.8],[0.8,40.8],[0.7,40.7],[0.7,40.7],[0.6,40.6],[0.6,40.6],[0.6,40.5],[0.5,40.4],[0.5,40.4],[0.4,40.3],[0.4,40.3],[0.3,40.2],[0.2,40.2],[0.2,40.2],[0.2,40.1],[0.1,40.0],[0.0,40.0],[0.0,40.0],[0.0,39.9],[0.0,39.8],[-0.1,39.7],[-0.1,39.7],[-0.2,39.6],[-0.3,39.6],[-0.3,39.6],[-0.3,39.6],[-0.2,39.5],[-0.3,39.4],[-0.3,39.4],[-0.3,39.3],[-0.3,39.3],[-0.2,39.2],[-0.2,39.1],[-0.2,39.1],[-0.1,39.0],[-0.1,38.9],[-0.1,38.9],[0.0,38.9],[0.1,38.8],[0.1,38.8],[0.2,38.7],[0.1,38.6],[0.0,38.6],[0.0,38.6],[-0.1,38.5],[-0.2,38.5],[-0.2,38.5],[-0.3,38.4],[-0.4,38.4],[-0.4,38.4],[-0.5,38.3],[-0.6,38.3],[-0.6,38.3],[-0.6,38.3],[-0.5,38.2],[-0.6,38.1],[-0.6,38.1],[-0.6,38.0],[-0.7,37.9],[-0.7,37.9],[-0.8,37.8],[-0.9,37.8],[-0.9,37.8],[-1.0,37.7],[-1.0,37.7],[-1.1,37.6],[-1.2,37.6],[-1.2,37.6],[-1.3,37.5],[-1.3,37.5],[-1.4,37.4],[-1.5,37.4],[-1.5,37.4],[-1.6,37.3],[-1.7,37.3],[-1.7,37.3],[-1.8,37.2],[-1.8,37.2],[-1.8,37.1],[-1.9,37.0],[-1.9,37.0],[-2.0,36.9],[-2.1,36.9],[-2.1,36.9],[-2.2,36.8],[-2.3,36.8],[-2.4,36.8],[-2.5,36.8],[-2.6,36.8],[-2.6,36.8],[-2.7,36.7],[-2.8,36.7],[-2.9,36.7],[-3.0,36.7],[-3.1,36.7],[-3.2,36.7],[-3.3,36.7],[-3.4,36.7],[-3.5,36.7],[-3.6,36.7],[-3.7,36.7],[-3.8,36.7],[-3.9,36.7],[-4.0,36.7],[-4.1,36.7],[-4.2,36.7],[-4.2,36.7],[-4.3,36.6],[-4.4,36.6],[-4.5,36.6],[-4.5,36.6],[-4.6,36.5],[-4.6,36.5],[-4.7,36.4],[-4.8,36.4],[-4.9,36.4],[-5.0,36.4],[-5.1,36.4],[-5.2,36.4],[-5.2,36.4],[-5.2,36.3],[-5.3,36.2],[-5.3,36.2],[-5.4,36.1],[-5.4,36.1],[-5.5,36.0],[-5.6,36.0],[-5.7,36.0],[-5.8,36.1]]]}},{"type":"Feature","properties":{"layer_id":"change_T20","layer_label":"Change, T>20\u00b0C","low":-10.0,"high":0.0,"label":"-10\u20130 pp","fill":"#f7f7f7","fillOpacity":0.18,"stroke":"#f7f7f7","strokeOpacity":0.3,"strokeWeight":0.35},"geometry":{"type":"Polygon","coordinates":[[[14.6,36.8],[14.6,36.8],[14.5,36.8],[14.4,36.9],[14.4,36.9],[14.3,37.0],[14.3,37.0],[14.2,37.0],[14.1,37.1],[14.1,37.1],[14.0,37.1],[13.9,37.1],[13.8,37.1],[13.7,37.1],[13.6,37.2],[13.6,37.2],[13.5,37.3],[13.5,37.3],[13.4,37.3],[13.3,37.3],[13.2,37.4],[13.2,37.4],[13.1,37.5],[13.1,37.5],[13.0,37.5],[12.9,37.5],[12.8,37.6],[12.8,37.6],[12.7,37.6],[12.6,37.6],[12.5,37.6],[12.4,37.7],[12.5,37.8],[12.5,37.8],[12.5,37.9],[12.5,38.0],[12.5,38.1],[12.6,38.2],[12.7,38.2],[12.8,38.2],[12.9,38.1],[12.9,38.1],[13.0,38.1],[13.0,38.1],[13.1,38.2],[13.2,38.2],[13.3,38.2],[13.4,38.2],[13.5,38.1],[13.5,38.1],[13.6,38.1],[13.7,38.1],[13.8,38.0],[13.8,38.0],[13.8,38.0],[13.9,38.1],[14.0,38.1],[14.1,38.1],[14.2,38.1],[14.3,38.1],[14.4,38.1],[14.5,38.1],[14.6,38.1],[14.7,38.1],[14.7,38.1],[14.8,38.2],[14.9,38.2],[15.0,38.1],[15.0,38.1],[15.1,38.0875],[15.1167,38.1],[15.2,38.2],[15.2,38.2],[15.3,38.3],[15.4,38.3],[15.4,38.3],[15.5,38.4],[15.6,38.4],[15.7,38.3],[15.7,38.3],[15.7,38.3],[15.8,38.4],[15.9,38.4],[15.9,38.4],[15.9,38.5],[15.9,38.5],[15.8,38.6],[15.8,38.7],[15.9,38.8],[16.0,38.8],[16.1,38.8],[16.1,38.8],[16.1,38.9],[16.1,38.9],[16.0,39.0],[16.1,39.1],[16.1,39.1],[16.1,39.1],[16.0,39.2],[16.0,39.3],[16.0,39.3],[15.9,39.4],[15.9,39.5],[15.9,39.6],[15.9,39.6],[15.8,39.7],[15.8,39.7],[15.7,39.8],[15.7,39.9],[15.8,40.0],[15.9,40.0],[16.0,39.9],[16.0,39.8],[16.0,39.7],[16.0,39.7],[16.0,39.7],[16.1,39.8],[16.1,39.8],[16.2,39.9],[16.3,39.9],[16.3,39.9],[16.4,40.0],[16.4,40.0],[16.4,40.0],[16.3,40.0],[16.2,40.0],[16.1,40.0],[16.0,40.1],[16.0,40.1],[15.9,40.2],[16.0,40.3],[16.1,40.3],[16.1,40.3],[16.2,40.4],[16.2,40.4],[16.2,40.5],[16.2,40.5],[16.1,40.6],[16.1,40.6],[16.0,40.7],[16.0,40.7],[15.9,40.8],[15.9,40.8],[15.8,40.8],[15.7,40.9],[15.7,40.9],[15.6,40.9],[15.5,40.9],[15.5,40.9],[15.4,40.8],[15.4,40.8],[15.4,40.8],[15.5,40.7],[15.5,40.7],[15.5,40.7],[15.6,40.8],[15.7,40.7],[15.7,40.6],[15.7,40.5],[15.7,40.5],[15.8,40.4],[15.8,40.4],[15.9,40.3],[15.8,40.2],[15.7,40.2],[15.6,40.3],[15.6,40.3],[15.5,40.4],[15.5,40.5],[15.5,40.5],[15.4,40.5],[15.3,40.5],[15.3,40.5],[15.2,40.4],[15.2,40.4],[15.2,40.4],[15.3,40.3],[15.3,40.3],[15.4,40.2],[15.4,40.2],[15.5,40.2],[15.6,40.2],[15.7,40.1],[15.6,40.0],[15.5,40.0],[15.5,40.0],[15.4,39.9],[15.3,40.0],[15.3,40.0],[15.2,40.0],[15.1,40.1],[15.1,40.1],[15.0,40.2],[15.0,40.3],[15.0,40.4],[15.0,40.4],[14.9,40.5],[14.9,40.5],[14.8,40.6],[14.8,40.6],[14.7,40.6],[14.6,40.6],[14.5,40.6],[14.4,40.7],[14.4,40.7],[14.3,40.8],[14.3,40.8],[14.2,40.8],[14.1,40.8],[14.0,40.9],[14.0,40.9],[13.9,41.0],[13.9,41.1],[13.9,41.1],[13.8,41.1],[13.7,41.2],[13.7,41.2],[13.6,41.2],[13.5,41.2],[13.4,41.2],[13.3,41.3],[13.3,41.3],[13.3,41.3],[13.2,41.2],[13.1,41.2],[13.0,41.2],[12.9,41.3],[13.0,41.4],[13.0,41.4],[13.0,41.4],[12.9,41.4],[12.8,41.4],[12.7,41.4],[12.6,41.4],[12.5,41.5],[12.5,41.6],[12.5,41.6],[12.4,41.6],[12.3,41.7],[12.3,41.7],[12.2,41.7],[12.1,41.8],[12.1,41.9],[12.1,41.9],[12.0,41.9],[11.9,42.0],[11.9,42.1],[11.9,42.1],[11.8,42.1],[11.7,42.2],[11.7,42.2],[11.6,42.3],[11.6,42.3],[11.5,42.3],[11.4,42.3],[11.3,42.4],[11.3,42.4],[11.2,42.4],[11.1,42.5],[11.1,42.5],[11.0,42.6],[11.05,42.7],[11.0,42.71],[10.9,42.7],[10.8,42.8],[10.8,42.9],[10.8,42.9],[10.7,43.0],[10.7,43.0],[10.7,43.0],[10.6,42.9],[10.5,43.0],[10.5,43.1],[10.5,43.2],[10.5,43.3],[10.5,43.3],[10.4,43.4],[10.4,43.4],[10.3,43.5],[10.3,43.6],[10.3,43.6],[10.2,43.7],[10.2,43.8],[10.2,43.8],[10.1,43.9],[10.1,44.0],[10.1,44.0],[10.0,44.0],[9.9,44.0],[9.8,44.1],[9.8,44.1],[9.7,44.1],[9.6,44.1],[9.5,44.2],[9.5,44.2],[9.4,44.2],[9.3,44.3],[9.3,44.3],[9.2,44.3],[9.1,44.3],[9.0,44.4],[9.1,44.5],[9.2,44.5],[9.3,44.5],[9.4,44.5],[9.5,44.5],[9.6,44.4],[9.6,44.4],[9.7,44.4],[9.8,44.3],[9.8,44.3],[9.9,44.3],[10.0,44.3],[10.1,44.2],[10.1,44.2],[10.2,44.1],[10.2,44.1],[10.3,44.1],[10.4,44.1],[10.5,44.0],[10.5,44.0],[10.6,44.0],[10.7,44.0],[10.8,44.0],[10.9,44.0],[11.0,44.0],[11.1,44.0],[11.2,44.0],[11.3,44.0],[11.4,43.9],[11.4,43.9],[11.5,43.8],[11.4,43.7],[11.3,43.7],[11.3,43.7],[11.2,43.6],[11.2,43.6],[11.2,43.5],[11.2,43.5],[11.3,43.4],[11.3,43.4],[11.4,43.4],[11.5,43.4],[11.5,43.4],[11.5,43.4],[11.4,43.5],[11.4,43.6],[11.5,43.7],[11.6,43.7],[11.7,43.7],[11.8,43.7],[11.9,43.7],[12.0,43.6],[12.0,43.6],[12.1,43.6],[12.2,43.6],[12.3,43.5],[12.2,43.4],[12.1,43.4],[12.0,43.4],[11.9,43.4],[11.9,43.4],[11.9,43.4],[12.0,43.3],[12.0,43.3],[12.1,43.3],[12.2,43.3],[12.3,43.3],[12.4,43.3],[12.5,43.3],[12.6,43.3],[12.7,43.2],[12.7,43.1],[12.7,43.0],[12.7,42.9],[12.6,42.8],[12.5,42.8],[12.4,42.8],[12.4,42.8],[12.4,42.7],[12.4,42.7],[12.5,42.7],[12.6,42.7],[12.7,42.6],[12.6,42.5],[12.6,42.5],[12.6,42.5],[12.7,42.4],[12.7,42.4],[12.8,42.3],[12.8,42.2],[12.8,42.2],[12.9,42.1],[12.9,42.0],[12.9,42.0],[13.0,41.9],[13.0,41.9],[13.1,41.9],[13.2,41.8],[13.2,41.8],[13.3,41.8],[13.4,41.7],[13.4,41.7],[13.5,41.7],[13.6,41.7],[13.7,41.6],[13.7,41.6],[13.8,41.6],[13.9,41.5],[13.9,41.5],[14.0,41.4],[14.0,41.4],[14.1,41.4],[14.2,41.4],[14.3,41.3],[14.3,41.3],[14.4,41.3],[14.5,41.3],[14.6,41.3],[14.7,41.3],[14.8,41.3],[14.9,41.3],[15.0,41.3],[15.1,41.2],[15.1,41.2],[15.2,41.2],[15.3,41.1],[15.3,41.1],[15.4,41.1],[15.5,41.1],[15.5,41.1],[15.5,41.1],[15.4,41.2],[15.4,41.2],[15.3,41.2],[15.2,41.3],[15.2,41.4],[15.2,41.4],[15.1,41.4],[15.0,41.5],[15.0,41.5],[14.9,41.5],[14.8,41.6],[14.9,41.7],[14.9,41.7],[14.9,41.7],[14.8,41.7],[14.7,41.8],[14.7,41.8],[14.6,41.9],[14.6,42.0],[14.6,42.0],[14.5,42.0],[14.4,42.1],[14.4,42.1],[14.3,42.2],[14.3,42.2],[14.2,42.2],[14.1,42.3],[14.1,42.3],[14.0,42.4],[14.0,42.4],[13.9,42.5],[13.9,42.5],[13.8,42.6],[13.8,42.6],[13.7,42.7],[13.7,42.8],[13.7,42.8],[13.6,42.9],[13.6,42.9],[13.5,43.0],[13.5,43.0],[13.4,43.1],[13.4,43.1],[13.3,43.1],[13.2,43.1],[13.1,43.1],[13.0,43.2],[13.1,43.3],[13.2,43.3],[13.2,43.3],[13.2,43.3],[13.1,43.4],[13.1,43.4],[13.0,43.4],[12.9,43.4],[12.8,43.4],[12.7,43.5],[12.7,43.5],[12.6,43.6],[12.6,43.6],[12.5,43.7],[12.5,43.7],[12.4,43.8],[12.4,43.9],[12.4,43.9],[12.3,44.0],[12.3,44.0],[12.2,44.0],[12.1,44.0],[12.0,44.0],[11.9,44.1],[11.9,44.1],[11.8,44.1],[11.7,44.1],[11.6,44.1],[11.5,44.2],[11.5,44.2],[11.4,44.3],[11.4,44.3],[11.4,44.3],[11.3,44.2],[11.2,44.3],[11.2,44.3],[11.2,44.3],[11.1,44.2],[11.0,44.3],[11.0,44.3],[10.9,44.4],[10.9,44.4],[10.8,44.5],[10.8,44.5],[10.7,44.5],[10.6,44.6],[10.6,44.6],[10.5,44.6],[10.4,44.6],[10.3,44.6],[10.2,44.6],[10.1,44.7],[10.1,44.7],[10.0,44.7],[9.9,44.7],[9.8,44.8],[9.8,44.8],[9.7,44.8],[9.6,44.8],[9.5,44.9],[9.5,44.9],[9.4,44.9],[9.3,44.9],[9.2,44.9],[9.2,44.9],[9.1,44.8],[9.1,44.8],[9.0,44.7],[9.0,44.7],[8.9,44.6],[8.8,44.6],[8.7,44.6],[8.6,44.6],[8.5,44.6],[8.4,44.6],[8.3,44.6],[8.2,44.6],[8.1,44.6],[8.0,44.6],[8.0,44.6],[8.0,44.5],[7.9,44.4],[7.8,44.5],[7.8,44.6],[7.8,44.6],[7.7,44.7],[7.7,44.7],[7.6,44.8],[7.6,44.9],[7.6,45.0],[7.6,45.1],[7.7,45.2],[7.7,45.2],[7.8,45.3],[7.8,45.3],[7.9,45.4],[8.0,45.3],[8.0,45.3],[8.0,45.3],[8.0,45.4],[8.1,45.5],[8.2,45.5],[8.3,45.5],[8.4,45.5],[8.5,45.5],[8.5,45.5],[8.5,45.6],[8.5,45.7],[8.6,45.8],[8.7,45.8],[8.8,45.8],[8.9,45.8],[9.0,45.8],[9.1,45.8],[9.2,45.7],[9.2,45.7],[9.2,45.7],[9.3,45.8],[9.4,45.7],[9.4,45.7],[9.5,45.7],[9.6,45.7],[9.7,45.6],[9.7,45.6],[9.8,45.6],[9.9,45.6],[9.9,45.6],[10.0,45.7],[10.1,45.6],[10.1,45.6],[10.2,45.6],[10.3,45.6],[10.3,45.6],[10.4,45.7],[10.5,45.7],[10.5,45.7],[10.6,45.8],[10.7,45.7],[10.7,45.7],[10.8,45.7],[10.9,45.6],[10.9,45.6],[11.0,45.6],[11.1,45.6],[11.2,45.6],[11.3,45.6],[11.3,45.6],[11.4,45.7],[11.5,45.7],[11.6,45.7],[11.7,45.7],[11.7,45.7],[11.8,45.8],[11.9,45.8],[12.0,45.8],[12.1,45.8],[12.1,45.8],[12.2,45.9],[12.3,45.9],[12.4,45.9],[12.4,45.9],[12.5,46.0],[12.6,46.0],[12.7,46.0],[12.8,46.0],[12.9,46.0],[13.0,46.0],[13.0,46.0],[13.1,46.1],[13.2,46.1],[13.3,46.1],[13.4,46.1],[13.5,46.1],[13.6,46.0],[13.6,46.0],[13.7,46.0],[13.8,45.9],[13.8,45.9],[13.9,45.8],[13.9,45.7],[13.9,45.7],[14.0,45.6],[14.0,45.5],[14.0,45.5],[14.1,45.4],[14.1,45.4],[14.2,45.4],[14.3,45.3],[14.3,45.2],[14.3,45.1],[14.2,45.0],[14.2,45.0],[14.1,44.9],[14.0,44.9],[14.0,44.9],[13.9,44.8],[13.8,44.9],[13.8,44.9],[13.7,45.0],[13.7,45.0],[13.6,45.1],[13.6,45.2],[13.6,45.2],[13.5,45.3],[13.5,45.4],[13.6,45.5],[13.6,45.5],[13.7,45.6],[13.7,45.6],[13.7,45.7],[13.7,45.7],[13.6,45.7],[13.6,45.7],[13.5,45.6],[13.4,45.7],[13.4,45.7],[13.3,45.7],[13.2,45.7],[13.2,45.7],[13.1,45.6],[13.0,45.6],[12.9,45.6],[12.8,45.6],[12.8,45.6],[12.7,45.5],[12.6,45.5],[12.5,45.5],[12.4,45.5],[12.4,45.5],[12.3,45.4],[12.2,45.4],[12.2,45.4],[12.2,45.3],[12.2,45.3],[12.3,45.2],[12.3,45.1],[12.3,45.1],[12.4,45.0],[12.4,45.0],[12.5,44.9],[12.4,44.8],[12.4,44.8],[12.3,44.7],[12.3,44.7],[12.2,44.6],[12.2,44.6],[12.2,44.6],[12.3,44.5],[12.3,44.5],[12.4,44.4],[12.4,44.3],[12.4,44.3],[12.5,44.2],[12.5,44.2],[12.6,44.1],[12.6,44.1],[12.7,44.1],[12.8,44.0],[12.8,44.0],[12.9,43.9],[12.9,43.9],[13.0,43.9],[13.1,43.8],[13.1,43.8],[13.2,43.8],[13.3,43.7],[13.3,43.7],[13.4,43.7],[13.5,43.7],[13.6,43.6],[13.6,43.5],[13.6,43.5],[13.7,43.5],[13.8,43.4],[13.8,43.3],[13.8,43.2],[13.8,43.2],[13.9,43.1],[13.9,43.0],[13.9,43.0],[14.0,42.9],[13.9,42.8],[13.9,42.8],[13.9,42.8],[14.0,42.8],[14.1,42.7],[14.1,42.6],[14.1,42.6],[14.2,42.6],[14.3,42.5],[14.3,42.5],[14.4,42.4],[14.4,42.4],[14.5,42.3],[14.5,42.3],[14.6,42.2],[14.6,42.2],[14.7,42.2],[14.8,42.1],[14.8,42.1],[14.9,42.1],[15.0,42.1],[15.1,42.0],[15.1,42.0],[15.2,41.9],[15.2,41.9],[15.3,41.9],[15.3,41.9],[15.4,42.0],[15.5,42.0],[15.6,41.9],[15.6,41.9],[15.7,41.9],[15.7,41.9],[15.8,42.0],[15.9,42.0],[16.0,42.0],[16.1,42.0],[16.2,41.9],[16.2,41.9],[16.3,41.8],[16.2,41.7],[16.1,41.7],[16.1,41.7],[16.0,41.6],[15.9,41.6],[15.9,41.6],[15.9,41.5],[15.9,41.5],[16.0,41.5],[16.1,41.5],[16.2,41.4],[16.2,41.4],[16.3,41.4],[16.4,41.3],[16.4,41.3],[16.5,41.3],[16.6,41.3],[16.7,41.3],[16.8,41.2],[16.8,41.2],[16.9,41.2],[17.0,41.2],[17.1,41.1],[17.1,41.1],[17.2,41.0],[17.2,41.0],[17.3,41.0],[17.4,41.0],[17.5,40.9],[17.5,40.9],[17.6,40.8],[17.6,40.8],[17.7,40.8],[17.8,40.8],[17.9,40.7],[17.9,40.7],[18.0,40.7],[18.1,40.6],[18.1,40.6],[18.2,40.5],[18.2,40.5],[18.3,40.5],[18.4,40.4],[18.4,40.4],[18.5,40.3],[18.4,40.2],[18.4,40.2],[18.3,40.1],[18.2,40.1],[18.1,40.1],[18.0,40.2],[18.0,40.2],[17.9,40.3],[17.9,40.3],[17.9,40.3],[17.8,40.2],[17.7,40.2],[17.6,40.3],[17.6,40.3],[17.5,40.4],[17.5,40.4],[17.4,40.4],[17.3,40.4],[17.2,40.4],[17.1,40.5],[17.1,40.5],[17.1,40.5],[17.0,40.4],[16.9,40.4],[16.8,40.4],[16.8,40.4],[16.8,40.3],[16.8,40.2],[16.7,40.1],[16.6,40.1],[16.6,40.1],[16.6,40.1],[16.7,40.0],[16.6,39.9],[16.6,39.9],[16.5,39.8],[16.5,39.8],[16.5,39.7],[16.5,39.7],[16.6,39.7],[16.7,39.6],[16.7,39.6],[16.8,39.6],[16.9,39.6],[17.0,39.5],[17.0,39.5],[17.1,39.4],[17.1,39.4],[17.2,39.3],[17.2,39.2],[17.2,39.1],[17.2,39.0],[17.1,38.9],[17.0,38.9],[16.9,38.9],[16.9,38.9],[16.8,38.8],[16.7,38.8],[16.6,38.8],[16.6,38.8],[16.5,38.7],[16.5,38.7],[16.5,38.7],[16.6,38.6],[16.6,38.5],[16.6,38.4],[16.5,38.3],[16.4,38.3],[16.4,38.3],[16.3,38.2],[16.3,38.2],[16.2,38.1],[16.2,38.1],[16.2,38.0],[16.1,37.9],[16.0,37.9],[15.9,37.9],[15.8,37.9],[15.7,37.9],[15.6,38.0],[15.6,38.1],[15.6,38.1],[15.5,38.1],[15.5,38.1],[15.5,38.0],[15.5,37.9],[15.4,37.8],[15.3,37.9],[15.3,37.9],[15.3,37.9],[15.3,37.8],[15.3,37.7],[15.2,37.6],[15.2,37.6],[15.1,37.5],[15.1,37.5],[15.1,37.5],[15.2,37.4],[15.2,37.4],[15.3,37.3],[15.3,37.2],[15.3,37.1],[15.3,37.0],[15.2,36.9],[15.1,36.9],[15.1,36.9],[15.1,36.8],[15.0,36.7],[14.9,36.8],[14.9,36.8],[14.9,36.8],[14.8,36.7],[14.7,36.7],[14.6,36.8]]]}},{"type":"Feature","properties":{"layer_id":"change_T20","layer_label":"Change, T>20\u00b0C","low":-10.0,"high":0.0,"label":"-10\u20130 pp","fill":"#f7f7f7","fillOpacity":0.18,"stroke":"#f7f7f7","strokeOpacity":0.3,"strokeWeight":0.35},"geometry":{"type":"Polygon","coordinates":[[[26.6,37.7],[26.7,37.8],[26.7,37.8],[26.8,37.9],[26.9,37.9],[27.0,37.8],[27.0,37.8],[27.1,37.7],[27.0,37.6],[26.9,37.6],[26.8,37.6],[26.7,37.6],[26.6,37.7]]]}},{"type":"Feature","properties":{"layer_id":"change_T20","layer_label":"Change, T>20\u00b0C","low":-10.0,"high":0.0,"label":"-10\u20130 pp","fill":"#f7f7f7","fillOpacity":0.18,"stroke":"#f7f7f7","strokeOpacity":0.3,"strokeWeight":0.35},"geometry":{"type":"Polygon","coordinates":[[[24.2,38.1],[24.3,38.2],[24.4,38.2],[24.5,38.2],[24.6,38.1],[24.5,38.0],[24.4,38.0],[24.3,38.0],[24.2,38.1]]]}},{"type":"Feature","properties":{"layer_id":"change_T20","layer_label":"Change, T>20\u00b0C","low":-10.0,"high":0.0,"label":"-10\u20130 pp","fill":"#f7f7f7","fillOpacity":0.18,"stroke":"#f7f7f7","strokeOpacity":0.3,"strokeWeight":0.35},"geometry":{"type":"Polygon","coordinates":[[[20.5,38.2],[20.6,38.3],[20.7,38.3],[20.8,38.2],[20.7,38.1],[20.6,38.1],[20.5,38.2]]]}},{"type":"Feature","properties":{"layer_id":"change_T20","layer_label":"Change, T>20\u00b0C","low":-10.0,"high":0.0,"label":"-10\u20130 pp","fill":"#f7f7f7","fillOpacity":0.18,"stroke":"#f7f7f7","strokeOpacity":0.3,"strokeWeight":0.35},"geometry":{"type":"Polygon","coordinates":[[[-7.4,38.3],[-7.3,38.4],[-7.2,38.3],[-7.3,38.2],[-7.4,38.3]]]}},{"type":"Feature","properties":{"layer_id":"change_T20","layer_label":"Change, T>20\u00b0C","low":-10.0,"high":0.0,"label":"-10\u20130 pp","fill":"#f7f7f7","fillOpacity":0.18,"stroke":"#f7f7f7","strokeOpacity":0.3,"strokeWeight":0.35},"geometry":{"type":"Polygon","coordinates":[[[25.9,38.4],[25.9,38.5],[26.0,38.6],[26.1,38.6],[26.2,38.5],[26.2,38.4],[26.1,38.3],[26.0,38.3],[25.9,38.4]]]}},{"type":"Feature","properties":{"layer_id":"change_T20","layer_label":"Change, T>20\u00b0C","low":-10.0,"high":0.0,"label":"-10\u20130 pp","fill":"#f7f7f7","fillOpacity":0.18,"stroke":"#f7f7f7","strokeOpacity":0.3,"strokeWeight":0.35},"geometry":{"type":"Polygon","coordinates":[[[8.8,38.9],[8.8,38.9],[8.7,38.9],[8.6,38.9],[8.5,39.0],[8.5,39.0],[8.4,39.1],[8.4,39.1],[8.3,39.2],[8.3,39.3],[8.3,39.4],[8.3,39.5],[8.4,39.6],[8.4,39.6],[8.4,39.7],[8.5,39.8],[8.6,39.8],[8.6,39.8],[8.6,39.8],[8.5,39.9],[8.5,39.9],[8.4,39.9],[8.3,40.0],[8.4,40.1],[8.5,40.1],[8.5,40.1],[8.6,40.175],[8.7,40.15],[8.8,40.15],[8.9,40.1],[8.9,40.0],[8.9,39.9],[8.9,39.9],[9.0,39.8],[9.0,39.8],[9.1,39.8],[9.2,39.8],[9.3,39.8],[9.3,39.8],[9.4,39.9],[9.4,39.9],[9.4,40.0],[9.5,40.0667],[9.5167,40.1],[9.5,40.1333],[9.4333,40.2],[9.4,40.225],[9.3,40.25],[9.2,40.225],[9.1667,40.2],[9.1,40.1],[9.0,40.1],[8.9,40.2],[9.0,40.25],[9.0333,40.3],[9.1,40.4],[9.1,40.4],[9.2,40.45],[9.3,40.45],[9.35,40.5],[9.3,40.6],[9.3,40.7],[9.3,40.7],[9.2,40.7],[9.1,40.7],[9.1,40.7],[9.1,40.7],[9.15,40.6],[9.1,40.5],[9.0,40.6],[9.0,40.6],[9.0,40.6],[8.9,40.5],[8.8,40.6],[8.8,40.6],[8.7,40.6333],[8.6667,40.6],[8.65,40.5],[8.6,40.45],[8.575,40.4],[8.58,40.3],[8.5,40.2],[8.4,40.3],[8.4,40.4],[8.4,40.4],[8.3,40.5],[8.3,40.5],[8.2,40.6],[8.2,40.6],[8.1,40.7],[8.1,40.8],[8.2,40.9],[8.3,40.9],[8.4,40.9],[8.5,40.8],[8.5,40.8],[8.5,40.8],[8.6,40.9],[8.6,40.9],[8.7,41.0],[8.8,41.0],[8.9,41.0],[8.9,41.0],[8.9,41.1],[9.0,41.2],[9.0,41.2],[9.1,41.3],[9.2,41.2],[9.2,41.2],[9.3,41.2],[9.4,41.2],[9.5,41.2],[9.6,41.1],[9.6,41.0],[9.6,41.0],[9.7,40.9],[9.7,40.8],[9.7,40.8],[9.8,40.7],[9.8,40.6],[9.8,40.6],[9.9,40.5],[9.8,40.4],[9.7,40.4],[9.7,40.4],[9.7,40.3],[9.7,40.2],[9.7,40.1],[9.7,40.1],[9.8,40.0],[9.8,39.9],[9.8,39.8],[9.7,39.7],[9.7,39.7],[9.7,39.6],[9.7,39.5],[9.6,39.4],[9.6,39.4],[9.6,39.4],[9.7,39.3],[9.6,39.2],[9.6,39.2],[9.5,39.1],[9.4,39.1],[9.3,39.2],[9.3,39.2],[9.2,39.2],[9.1,39.2],[9.0,39.3],[9.0,39.3],[9.0,39.3],[9.0,39.2],[9.0,39.1],[9.0,39.0],[9.0,38.9],[8.9,38.8],[8.8,38.9]]]}},{"type":"Feature","properties":{"layer_id":"change_T20","layer_label":"Change, T>20\u00b0C","low":-10.0,"high":0.0,"label":"-10\u20130 pp","fill":"#f7f7f7","fillOpacity":0.18,"stroke":"#f7f7f7","strokeOpacity":0.3,"strokeWeight":0.35},"geometry":{"type":"Polygon","coordinates":[[[26.0,39.1],[26.0,39.1],[25.9,39.1],[25.8,39.2],[25.8,39.3],[25.9,39.4],[26.0,39.4],[26.1,39.3],[26.1,39.3],[26.1,39.3],[26.2,39.4],[26.3,39.4],[26.4,39.4],[26.5,39.3],[26.5,39.3],[26.6,39.2],[26.5,39.1],[26.5,39.1],[26.4,39.0],[26.3,39.0],[26.2,39.1],[26.3,39.2],[26.3,39.2],[26.3,39.2],[26.2,39.2],[26.2,39.2],[26.2,39.1],[26.1,39.0],[26.0,39.1]]]}},{"type":"Feature","properties":{"layer_id":"change_T20","layer_label":"Change, T>20\u00b0C","low":-10.0,"high":0.0,"label":"-10\u20130 pp","fill":"#f7f7f7","fillOpacity":0.18,"stroke":"#f7f7f7","strokeOpacity":0.3,"strokeWeight":0.35},"geometry":{"type":"Polygon","coordinates":[[[2.7,39.4],[2.7,39.5],[2.7,39.5],[2.6,39.6],[2.6,39.6],[2.5,39.6],[2.4,39.7],[2.5,39.8],[2.6,39.8],[2.7,39.8],[2.7,39.8],[2.8,39.9],[2.9,39.9],[2.9,39.9],[3.0,40.0],[3.1,39.9],[3.1,39.8],[3.1,39.8],[3.2,39.8],[3.3,39.8],[3.4,39.8],[3.5,39.7],[3.5,39.6],[3.4,39.5],[3.3,39.5],[3.3,39.5],[3.3,39.4],[3.2,39.3],[3.1,39.3],[3.0,39.4],[3.0,39.4],[3.0,39.4],[2.9,39.3],[2.8,39.3],[2.7,39.4]]]}},{"type":"Feature","properties":{"layer_id":"change_T20","layer_label":"Change, T>20\u00b0C","low":-10.0,"high":0.0,"label":"-10\u20130 pp","fill":"#f7f7f7","fillOpacity":0.18,"stroke":"#f7f7f7","strokeOpacity":0.3,"strokeWeight":0.35},"geometry":{"type":"Polygon","coordinates":[[[-7.5,40.2],[-7.4,40.3],[-7.3,40.2],[-7.4,40.1],[-7.5,40.2]]]}},{"type":"Feature","properties":{"layer_id":"change_T20","layer_label":"Change, T>20\u00b0C","low":-10.0,"high":0.0,"label":"-10\u20130 pp","fill":"#f7f7f7","fillOpacity":0.18,"stroke":"#f7f7f7","strokeOpacity":0.3,"strokeWeight":0.35},"geometry":{"type":"Polygon","coordinates":[[[19.4,40.3],[19.4,40.4],[19.4,40.5],[19.4,40.6],[19.4,40.6],[19.3,40.7],[19.3,40.8],[19.3,40.9],[19.4,41.0],[19.4,41.0],[19.4,41.1],[19.5,41.2],[19.5,41.2],[19.5,41.2],[19.4,41.3],[19.4,41.4],[19.5,41.5],[19.5,41.5],[19.5,41.6],[19.6,41.7],[19.6,41.7],[19.6,41.8],[19.6,41.8],[19.5,41.8],[19.4,41.8],[19.3,41.9],[19.3,41.9],[19.2,41.9],[19.1,42.0],[19.1,42.0],[19.0,42.1],[19.0,42.1],[18.9,42.1],[18.8,42.2],[18.8,42.2],[18.7,42.3],[18.7,42.4],[18.8,42.5],[18.9,42.4],[18.9,42.4],[19.0,42.4],[19.0,42.4],[19.1,42.5],[19.1,42.5],[19.2,42.6],[19.3,42.5],[19.3,42.5],[19.4,42.5],[19.5,42.4],[19.5,42.3],[19.5,42.3],[19.6,42.2],[19.6,42.2],[19.7,42.2],[19.8,42.1],[19.8,42.0],[19.8,42.0],[19.9,41.9],[19.9,41.9],[20.0,41.8],[20.0,41.7],[19.9,41.6],[19.8,41.6],[19.8,41.6],[19.8,41.5],[19.8,41.5],[19.9,41.4],[19.9,41.3],[19.9,41.3],[20.0,41.2],[20.0,41.2],[20.1,41.2],[20.2,41.1],[20.1,41.0],[20.1,41.0],[20.1,41.0],[20.2,40.9],[20.1,40.8],[20.1,40.8],[20.1,40.7],[20.0,40.6],[20.0,40.6],[20.0,40.6],[20.1,40.6],[20.2,40.5],[20.2,40.5],[20.3,40.4],[20.3,40.3],[20.2,40.2],[20.1,40.2],[20.0,40.3],[20.0,40.3],[19.9,40.3],[19.8,40.3],[19.7,40.3],[19.7,40.3],[19.6,40.2],[19.5,40.2],[19.4,40.3]]]}},{"type":"Feature","properties":{"layer_id":"change_T20","layer_label":"Change, T>20\u00b0C","low":-10.0,"high":0.0,"label":"-10\u20130 pp","fill":"#f7f7f7","fillOpacity":0.18,"stroke":"#f7f7f7","strokeOpacity":0.3,"strokeWeight":0.35},"geometry":{"type":"Polygon","coordinates":[[[20.6,40.7],[20.7,40.8],[20.7,40.8],[20.7,40.8],[20.6,40.9],[20.6,40.9],[20.5,41.0],[20.5,41.1],[20.6,41.2],[20.7,41.2],[20.8,41.2],[20.9,41.1],[20.9,41.0],[20.9,41.0],[21.0,41.0],[21.1,40.9],[21.1,40.8],[21.0,40.7],[20.9,40.7],[20.9,40.7],[20.8,40.6],[20.7,40.6],[20.6,40.7]]]}},{"type":"Feature","properties":{"layer_id":"change_T20","layer_label":"Change, T>20\u00b0C","low":-10.0,"high":0.0,"label":"-10\u20130 pp","fill":"#f7f7f7","fillOpacity":0.18,"stroke":"#f7f7f7","strokeOpacity":0.3,"strokeWeight":0.35},"geometry":{"type":"Polygon","coordinates":[[[8.8,41.5],[8.8,41.5],[8.7,41.6],[8.8,41.7],[8.8,41.7],[8.8,41.7],[8.7,41.7],[8.6,41.8],[8.7,41.9],[8.7,41.9],[8.7,42.0],[8.7,42.0],[8.6,42.1],[8.6,42.2],[8.6,42.3],[8.6,42.4],[8.6,42.5],[8.7,42.6],[8.8,42.6],[8.9,42.6],[8.9,42.6],[9.0,42.7],[9.1,42.7],[9.1,42.7],[9.2,42.8],[9.3,42.8],[9.3,42.8],[9.4,42.9],[9.5,42.9],[9.6,42.8],[9.6,42.7],[9.5,42.6],[9.5,42.6],[9.5,42.6],[9.6,42.5],[9.6,42.4],[9.6,42.3],[9.6,42.2],[9.6,42.1],[9.6,42.0],[9.5,41.9],[9.4,41.9],[9.4,41.9],[9.4,41.9],[9.5,41.8],[9.5,41.7],[9.4,41.6],[9.3,41.6],[9.3,41.6],[9.3,41.5],[9.2,41.4],[9.1,41.4],[9.0,41.4],[8.9,41.4],[8.8,41.5]]]}},{"type":"Feature","properties":{"layer_id":"change_T20","layer_label":"Change, T>20\u00b0C","low":-10.0,"high":0.0,"label":"-10\u20130 pp","fill":"#f7f7f7","fillOpacity":0.18,"stroke":"#f7f7f7","strokeOpacity":0.3,"strokeWeight":0.35},"geometry":{"type":"Polygon","coordinates":[[[23.0,41.9],[23.1,42.0],[23.2,41.9],[23.1,41.8],[23.0,41.9]]]}},{"type":"Feature","properties":{"layer_id":"change_T20","layer_label":"Change, T>20\u00b0C","low":-10.0,"high":0.0,"label":"-10\u20130 pp","fill":"#f7f7f7","fillOpacity":0.18,"stroke":"#f7f7f7","strokeOpacity":0.3,"strokeWeight":0.35},"geometry":{"type":"Polygon","coordinates":[[[20.2,42.0],[20.2,42.1],[20.2,42.1],[20.1,42.2],[20.1,42.3],[20.2,42.4],[20.3,42.3],[20.3,42.3],[20.4,42.2],[20.4,42.1],[20.4,42.0],[20.3,41.9],[20.2,42.0]]]}},{"type":"Feature","properties":{"layer_id":"change_T20","layer_label":"Change, T>20\u00b0C","low":-10.0,"high":0.0,"label":"-10\u20130 pp","fill":"#f7f7f7","fillOpacity":0.18,"stroke":"#f7f7f7","strokeOpacity":0.3,"strokeWeight":0.35},"geometry":{"type":"Polygon","coordinates":[[[20.5,42.3],[20.6,42.4],[20.6,42.4],[20.7,42.5],[20.8,42.5],[20.9,42.4],[20.8,42.3],[20.8,42.3],[20.7,42.2],[20.6,42.2],[20.5,42.3]]]}},{"type":"Feature","properties":{"layer_id":"change_T20","layer_label":"Change, T>20\u00b0C","low":-10.0,"high":0.0,"label":"-10\u20130 pp","fill":"#f7f7f7","fillOpacity":0.18,"stroke":"#f7f7f7","strokeOpacity":0.3,"strokeWeight":0.35},"geometry":{"type":"Polygon","coordinates":[[[21.1,42.4],[21.1,42.4],[21.0,42.4],[20.9,42.5],[21.0,42.6],[21.0,42.6],[21.1,42.7],[21.2,42.6],[21.2,42.6],[21.3,42.5],[21.3,42.5],[21.4,42.4],[21.3,42.3],[21.2,42.3],[21.1,42.4]]]}},{"type":"Feature","properties":{"layer_id":"change_T20","layer_label":"Change, T>20\u00b0C","low":-10.0,"high":0.0,"label":"-10\u20130 pp","fill":"#f7f7f7","fillOpacity":0.18,"stroke":"#f7f7f7","strokeOpacity":0.3,"strokeWeight":0.35},"geometry":{"type":"Polygon","coordinates":[[[18.3,42.5],[18.3,42.5],[18.2,42.5],[18.1,42.6],[18.1,42.6],[18.0,42.7],[18.0,42.7],[17.9,42.7],[17.8,42.8],[17.8,42.8],[17.7,42.8],[17.6,42.8],[17.5,42.9],[17.5,42.9],[17.4,43.0],[17.4,43.0],[17.4,43.0],[17.3,42.9],[17.2,42.9],[17.2,42.9],[17.1,42.8],[17.0,42.8],[16.9,42.9],[17.0,43.0],[17.0,43.0],[17.0,43.0],[16.9,43.1],[17.0,43.2],[17.1,43.2],[17.1,43.2],[17.2,43.3],[17.3,43.2],[17.2,43.1],[17.2,43.1],[17.2,43.1],[17.3,43.1],[17.3,43.1],[17.4,43.2],[17.5,43.2],[17.6,43.2],[17.7,43.2],[17.8,43.1],[17.8,43.0],[17.8,43.0],[17.9,42.9],[17.9,42.9],[18.0,42.9],[18.1,42.8],[18.1,42.8],[18.2,42.8],[18.3,42.8],[18.4,42.7],[18.4,42.6],[18.4,42.6],[18.5,42.6],[18.6,42.6],[18.7,42.5],[18.6,42.4],[18.5,42.4],[18.4,42.4],[18.3,42.5]]]}},{"type":"Feature","properties":{"layer_id":"change_T20","layer_label":"Change, T>20\u00b0C","low":-10.0,"high":0.0,"label":"-10\u20130 pp","fill":"#f7f7f7","fillOpacity":0.18,"stroke":"#f7f7f7","strokeOpacity":0.3,"strokeWeight":0.35},"geometry":{"type":"Polygon","coordinates":[[[23.3,42.7],[23.3,42.7],[23.2,42.8],[23.3,42.9],[23.4,42.8],[23.4,42.8],[23.5,42.8],[23.6,42.7],[23.5,42.6],[23.4,42.6],[23.3,42.7]]]}},{"type":"Feature","properties":{"layer_id":"change_T20","layer_label":"Change, T>20\u00b0C","low":-10.0,"high":0.0,"label":"-10\u20130 pp","fill":"#f7f7f7","fillOpacity":0.18,"stroke":"#f7f7f7","strokeOpacity":0.3,"strokeWeight":0.35},"geometry":{"type":"Polygon","coordinates":[[[17.3,42.8],[17.4,42.9],[17.5,42.8],[17.4,42.7],[17.3,42.8]]]}},{"type":"Feature","properties":{"layer_id":"change_T20","layer_label":"Change, T>20\u00b0C","low":-10.0,"high":0.0,"label":"-10\u20130 pp","fill":"#f7f7f7","fillOpacity":0.18,"stroke":"#f7f7f7","strokeOpacity":0.3,"strokeWeight":0.35},"geometry":{"type":"Polygon","coordinates":[[[21.6,43.0],[21.6,43.1],[21.6,43.2],[21.6,43.3],[21.6,43.4],[21.6,43.4],[21.5,43.4],[21.4,43.5],[21.4,43.5],[21.3,43.5],[21.3,43.5],[21.2,43.4],[21.1,43.4],[21.0,43.5],[21.0,43.6],[21.1,43.7],[21.1,43.7],[21.1,43.8],[21.1,43.8],[21.0,43.9],[21.0,43.9],[20.9,43.9],[20.9,43.9],[20.8,43.8],[20.7,43.8],[20.6,43.8],[20.5,43.9],[20.6,44.0],[20.6,44.0],[20.6,44.1],[20.6,44.2],[20.6,44.2],[20.5,44.2],[20.4,44.2],[20.3,44.2],[20.2,44.2],[20.1,44.2],[20.0,44.3],[20.0,44.3],[19.9,44.3],[19.8,44.3],[19.7,44.4],[19.7,44.4],[19.6,44.4],[19.5,44.4],[19.4,44.4],[19.3,44.5],[19.3,44.5],[19.2,44.5],[19.1,44.5],[19.0,44.6],[19.0,44.7],[19.0,44.7],[18.9,44.7],[18.8,44.7],[18.7,44.8],[18.7,44.8],[18.6,44.8],[18.5,44.8],[18.4,44.9],[18.4,44.9],[18.3,45.0],[18.3,45.0],[18.2,45.0],[18.1,45.0],[18.0,45.0],[17.9,45.0],[17.8,45.0],[17.7,45.0],[17.6,45.0],[17.6,45.0],[17.5,44.9],[17.4,44.9],[17.3,44.9],[17.2,45.0],[17.2,45.0],[17.1,45.1],[17.1,45.1],[17.0,45.1],[16.9,45.1],[16.8,45.1],[16.7,45.2],[16.7,45.2],[16.6,45.2],[16.5,45.3],[16.5,45.3],[16.4,45.3],[16.3,45.3],[16.2,45.4],[16.3,45.5],[16.3,45.5],[16.3,45.6],[16.3,45.6],[16.2,45.7],[16.3,45.8],[16.4,45.8],[16.4,45.8],[16.5,45.9],[16.5,45.9],[16.6,46.0],[16.7,46.0],[16.8,46.0],[16.9,46.0],[17.0,46.0],[17.0,46.0],[17.0,46.1],[17.0,46.2],[17.0,46.3],[17.0,46.3],[16.9,46.3],[16.8,46.4],[16.9,46.5],[16.9,46.5],[16.9,46.6],[16.9,46.7],[17.0,46.8],[17.1,46.8],[17.2,46.75],[17.3,46.8],[17.3,46.8],[17.4,46.9],[17.5,46.9],[17.6,46.9],[17.6,46.9],[17.7,47.0],[17.7,47.0],[17.8,47.1],[17.9,47.1],[18.0,47.0667],[18.1,47.1],[18.1,47.1],[18.2,47.2],[18.3,47.2],[18.3,47.2],[18.4,47.3],[18.5,47.2],[18.5,47.2],[18.5,47.2],[18.6,47.3],[18.7,47.3],[18.8,47.3],[18.8,47.3],[18.9,47.4],[19.0,47.4],[19.1,47.4],[19.2,47.4],[19.3,47.4],[19.4,47.4],[19.5,47.4],[19.6,47.3],[19.6,47.3],[19.6,47.3],[19.7,47.4],[19.7,47.4],[19.7,47.4],[19.6,47.5],[19.6,47.6],[19.7,47.7],[19.8,47.7],[19.9,47.7],[19.9,47.7],[20.0,47.8],[20.1,47.8],[20.2,47.8],[20.3,47.8],[20.4,47.8],[20.4,47.8],[20.5,47.9],[20.6,47.9],[20.7,47.8],[20.7,47.7],[20.7,47.7],[20.7,47.7],[20.8,47.8],[20.8,47.8],[20.8,47.9],[20.9,48.0],[21.0,48.0],[21.0,48.0],[21.0,48.1],[21.1,48.2],[21.1,48.2],[21.2,48.3],[21.3,48.3],[21.4,48.3],[21.4,48.3],[21.5,48.4],[21.6,48.4],[21.6,48.4],[21.7,48.5],[21.8,48.5],[21.9,48.4],[21.9,48.4],[22.0,48.3],[22.0,48.2],[22.0,48.1],[22.0,48.0],[22.0,48.0],[22.1,48.0],[22.1,48.0],[22.2,48.1],[22.3,48.1],[22.4,48.1],[22.5,48.0],[22.5,48.0],[22.6,47.9],[22.6,47.8],[22.6,47.8],[22.7,47.7],[22.7,47.6],[22.7,47.5],[22.7,47.4],[22.6,47.3],[22.5,47.3],[22.5,47.3],[22.4,47.2],[22.3,47.2],[22.3,47.2],[22.2,47.1],[22.2,47.1],[22.1,47.0],[22.1,47.0],[22.1,46.9],[22.1,46.8],[22.1,46.7],[22.0,46.6],[22.0,46.6],[22.0,46.5],[22.0,46.5],[22.1,46.4],[22.1,46.3],[22.0,46.2],[21.9,46.3],[21.9,46.3],[21.9,46.3],[21.8,46.2],[21.7,46.2],[21.7,46.2],[21.7,46.2],[21.8,46.2],[21.9,46.1],[21.9,46.1],[22.0,46.1],[22.1,46.1],[22.2,46.1],[22.3,46.0],[22.2,45.9],[22.2,45.9],[22.1,45.8],[22.1,45.8],[22.0,45.7],[21.9,45.7],[21.8,45.7],[21.7,45.7],[21.7,45.7],[21.7,45.6],[21.6,45.5],[21.6,45.5],[21.6,45.4],[21.5,45.3],[21.5,45.3],[21.5,45.3],[21.6,45.2],[21.6,45.2],[21.7,45.1],[21.7,45.0],[21.7,44.9],[21.7,44.8],[21.7,44.7],[21.7,44.6],[21.7,44.5],[21.6,44.4],[21.5,44.4],[21.5,44.4],[21.5,44.3],[21.5,44.2],[21.5,44.1],[21.4,44.0],[21.4,44.0],[21.4,44.0],[21.5,43.9],[21.5,43.8],[21.5,43.8],[21.6,43.7],[21.6,43.7],[21.7,43.6],[21.7,43.6],[21.8,43.5],[21.8,43.5],[21.9,43.4],[21.9,43.4],[22.0,43.3],[22.0,43.2],[22.0,43.1],[22.0,43.0],[21.9,42.9],[21.8,42.9],[21.7,42.9],[21.6,43.0]]]}},{"type":"Feature","properties":{"layer_id":"change_T20","layer_label":"Change, T>20\u00b0C","low":-10.0,"high":0.0,"label":"-10\u20130 pp","fill":"#f7f7f7","fillOpacity":0.18,"stroke":"#f7f7f7","strokeOpacity":0.3,"strokeWeight":0.35},"geometry":{"type":"Polygon","coordinates":[[[16.5,43.3],[16.6,43.4],[16.7,43.4],[16.8,43.3],[16.7,43.2],[16.6,43.2],[16.5,43.3]]]}},{"type":"Feature","properties":{"layer_id":"change_T20","layer_label":"Change, T>20\u00b0C","low":-10.0,"high":0.0,"label":"-10\u20130 pp","fill":"#f7f7f7","fillOpacity":0.18,"stroke":"#f7f7f7","strokeOpacity":0.3,"strokeWeight":0.35},"geometry":{"type":"Polygon","coordinates":[[[16.9,43.3],[16.9,43.3],[16.8,43.4],[16.8,43.4],[16.7,43.4],[16.6,43.4],[16.5,43.5],[16.5,43.5],[16.4,43.5],[16.3,43.5],[16.2,43.5],[16.1,43.5],[16.0,43.5],[15.9,43.6],[15.9,43.7],[15.9,43.7],[15.8,43.7],[15.7,43.7],[15.6,43.8],[15.6,43.9],[15.6,43.9],[15.5,43.9],[15.4,43.9],[15.3,44.0],[15.3,44.0],[15.2,44.1],[15.2,44.1],[15.1,44.2],[15.2,44.3],[15.3,44.3],[15.3,44.3],[15.4,44.4],[15.5,44.3],[15.5,44.3],[15.6,44.3],[15.7,44.3],[15.8,44.2],[15.8,44.2],[15.9,44.1],[15.9,44.1],[16.0,44.0],[16.0,44.0],[16.1,44.0],[16.2,43.9],[16.2,43.8],[16.2,43.8],[16.3,43.7],[16.3,43.7],[16.4,43.7],[16.5,43.7],[16.6,43.7],[16.7,43.6],[16.7,43.6],[16.8,43.6],[16.9,43.6],[17.0,43.5],[17.0,43.5],[17.1,43.4],[17.1,43.3],[17.0,43.2],[16.9,43.3]]]}},{"type":"Feature","properties":{"layer_id":"change_T20","layer_label":"Change, T>20\u00b0C","low":-10.0,"high":0.0,"label":"-10\u20130 pp","fill":"#f7f7f7","fillOpacity":0.18,"stroke":"#f7f7f7","strokeOpacity":0.3,"strokeWeight":0.35},"geometry":{"type":"Polygon","coordinates":[[[0.9,43.6],[0.9,43.6],[0.8,43.6],[0.7,43.7],[0.7,43.7],[0.6,43.8],[0.6,43.9],[0.6,43.9],[0.5,44.0],[0.5,44.1],[0.6,44.2],[0.7,44.2],[0.8,44.2],[0.9,44.2],[1.0,44.1],[1.0,44.1],[1.0,44.1],[1.1,44.2],[1.1,44.2],[1.2,44.3],[1.3,44.3],[1.4,44.3],[1.5,44.3],[1.6,44.2],[1.6,44.2],[1.7,44.1],[1.6,44.0],[1.6,44.0],[1.6,43.9],[1.6,43.8],[1.6,43.7],[1.6,43.6],[1.5,43.5],[1.4,43.5],[1.3,43.5],[1.2,43.5],[1.1,43.5],[1.0,43.5],[0.9,43.6]]]}},{"type":"Feature","properties":{"layer_id":"change_T20","layer_label":"Change, T>20\u00b0C","low":-10.0,"high":0.0,"label":"-10\u20130 pp","fill":"#f7f7f7","fillOpacity":0.18,"stroke":"#f7f7f7","strokeOpacity":0.3,"strokeWeight":0.35},"geometry":{"type":"Polygon","coordinates":[[[-1.5,43.7],[-1.5,43.8],[-1.5,43.9],[-1.4,44.0],[-1.3,43.9],[-1.3,43.8],[-1.3,43.7],[-1.4,43.6],[-1.5,43.7]]]}},{"type":"Feature","properties":{"layer_id":"change_T20","layer_label":"Change, T>20\u00b0C","low":-10.0,"high":0.0,"label":"-10\u20130 pp","fill":"#f7f7f7","fillOpacity":0.18,"stroke":"#f7f7f7","strokeOpacity":0.3,"strokeWeight":0.35},"geometry":{"type":"Polygon","coordinates":[[[7.7,43.8],[7.7,43.8],[7.6,43.9],[7.7,44.0],[7.8,44.0],[7.9,44.0],[7.9,44.0],[7.9,44.1],[8.0,44.2],[8.1,44.2],[8.1,44.2],[8.2,44.3],[8.2,44.3],[8.2,44.4],[8.3,44.5],[8.3,44.5],[8.4,44.6],[8.5,44.5],[8.5,44.5],[8.6,44.5],[8.7,44.4],[8.6,44.3],[8.5,44.3],[8.5,44.3],[8.4,44.2],[8.3,44.2],[8.3,44.2],[8.3,44.1],[8.2,44.0],[8.2,44.0],[8.2,43.9],[8.1,43.8],[8.0,43.8],[7.9,43.8],[7.9,43.8],[7.8,43.7],[7.7,43.8]]]}},{"type":"Feature","properties":{"layer_id":"change_T20","layer_label":"Change, T>20\u00b0C","low":-10.0,"high":0.0,"label":"-10\u20130 pp","fill":"#f7f7f7","fillOpacity":0.18,"stroke":"#f7f7f7","strokeOpacity":0.3,"strokeWeight":0.35},"geometry":{"type":"Polygon","coordinates":[[[-1.4,44.4],[-1.3,44.5],[-1.2,44.5],[-1.1,44.4],[-1.2,44.3],[-1.3,44.3],[-1.4,44.4]]]}},{"type":"Feature","properties":{"layer_id":"change_T20","layer_label":"Change, T>20\u00b0C","low":-10.0,"high":0.0,"label":"-10\u20130 pp","fill":"#f7f7f7","fillOpacity":0.18,"stroke":"#f7f7f7","strokeOpacity":0.3,"strokeWeight":0.35},"geometry":{"type":"Polygon","coordinates":[[[15.0,44.4],[15.0,44.5],[15.0,44.5],[14.9,44.5],[14.8,44.6],[14.9,44.7],[15.0,44.7],[15.1,44.6],[15.1,44.6],[15.2,44.5],[15.2,44.5],[15.3,44.4],[15.2,44.3],[15.1,44.3],[15.0,44.4]]]}},{"type":"Feature","properties":{"layer_id":"change_T20","layer_label":"Change, T>20\u00b0C","low":-10.0,"high":0.0,"label":"-10\u20130 pp","fill":"#f7f7f7","fillOpacity":0.18,"stroke":"#f7f7f7","strokeOpacity":0.3,"strokeWeight":0.35},"geometry":{"type":"Polygon","coordinates":[[[8.7,44.5],[8.8,44.6],[8.9,44.6],[9.0,44.5],[8.9,44.4],[8.8,44.4],[8.7,44.5]]]}},{"type":"Feature","properties":{"layer_id":"change_T20","layer_label":"Change, T>20\u00b0C","low":-10.0,"high":0.0,"label":"-10\u20130 pp","fill":"#f7f7f7","fillOpacity":0.18,"stroke":"#f7f7f7","strokeOpacity":0.3,"strokeWeight":0.35},"geometry":{"type":"Polygon","coordinates":[[[14.2,44.9],[14.3,45.0],[14.4,45.0],[14.5,44.9],[14.4,44.8],[14.3,44.8],[14.2,44.9]]]}},{"type":"Feature","properties":{"layer_id":"change_T20","layer_label":"Change, T>20\u00b0C","low":-10.0,"high":0.0,"label":"-10\u20130 pp","fill":"#f7f7f7","fillOpacity":0.18,"stroke":"#f7f7f7","strokeOpacity":0.3,"strokeWeight":0.35},"geometry":{"type":"Polygon","coordinates":[[[14.6,45.0],[14.6,45.0],[14.5,45.0],[14.4,45.1],[14.5,45.2],[14.5,45.2],[14.6,45.3],[14.7,45.2],[14.7,45.1],[14.7,45.1],[14.8,45.0],[14.7,44.9],[14.6,45.0]]]}},{"type":"Feature","properties":{"layer_id":"change_T20","layer_label":"Change, T>20\u00b0C","low":-10.0,"high":0.0,"label":"-10\u20130 pp","fill":"#f7f7f7","fillOpacity":0.18,"stroke":"#f7f7f7","strokeOpacity":0.3,"strokeWeight":0.35},"geometry":{"type":"Polygon","coordinates":[[[5.2,45.7],[5.3,45.8],[5.4,45.8],[5.5,45.8],[5.6,45.8],[5.6,45.8],[5.7,45.9],[5.8,45.9],[5.9,45.8],[5.8,45.7],[5.8,45.7],[5.7,45.6],[5.6,45.6],[5.5,45.6],[5.4,45.6],[5.3,45.6],[5.2,45.7]]]}},{"type":"Feature","properties":{"layer_id":"change_T20","layer_label":"Change, T>20\u00b0C","low":-10.0,"high":0.0,"label":"-10\u20130 pp","fill":"#f7f7f7","fillOpacity":0.18,"stroke":"#f7f7f7","strokeOpacity":0.3,"strokeWeight":0.35},"geometry":{"type":"Polygon","coordinates":[[[5.1,46.1],[5.2,46.2],[5.2,46.2],[5.2,46.2],[5.1,46.3],[5.1,46.4],[5.1,46.4],[5.0,46.4],[4.9,46.4],[4.8,46.4],[4.7,46.4],[4.6,46.5],[4.6,46.6],[4.7,46.7],[4.8,46.7],[4.9,46.6],[4.9,46.6],[5.0,46.6],[5.0,46.6],[5.1,46.7],[5.2,46.6],[5.2,46.5],[5.2,46.5],[5.3,46.4],[5.3,46.3],[5.3,46.3],[5.4,46.2],[5.4,46.1],[5.3,46.0],[5.2,46.0],[5.1,46.1]]]}},{"type":"Feature","properties":{"layer_id":"change_T20","layer_label":"Change, T>20\u00b0C","low":-10.0,"high":0.0,"label":"-10\u20130 pp","fill":"#f7f7f7","fillOpacity":0.18,"stroke":"#f7f7f7","strokeOpacity":0.3,"strokeWeight":0.35},"geometry":{"type":"Polygon","coordinates":[[[6.4,46.5],[6.5,46.6],[6.6,46.5],[6.5,46.4],[6.4,46.5]]]}},{"type":"Feature","properties":{"layer_id":"change_T20","layer_label":"Change, T>20\u00b0C","low":-10.0,"high":0.0,"label":"-10\u20130 pp","fill":"#f7f7f7","fillOpacity":0.18,"stroke":"#f7f7f7","strokeOpacity":0.3,"strokeWeight":0.35},"geometry":{"type":"Polygon","coordinates":[[[35.4,53.5],[35.5,53.6],[35.6,53.6],[35.7,53.5],[35.6,53.4],[35.5,53.4],[35.4,53.5]]]}},{"type":"Feature","properties":{"layer_id":"change_T20","layer_label":"Change, T>20\u00b0C","low":-10.0,"high":0.0,"label":"-10\u20130 pp","fill":"#f7f7f7","fillOpacity":0.18,"stroke":"#f7f7f7","strokeOpacity":0.3,"strokeWeight":0.35},"geometry":{"type":"Polygon","coordinates":[[[34.3,54.0],[34.3,54.1],[34.4,54.2],[34.5,54.1],[34.5,54.1],[34.6,54.0],[34.5,53.9],[34.4,53.9],[34.3,54.0]]]}},{"type":"Feature","properties":{"layer_id":"change_T20","layer_label":"Change, T>20\u00b0C","low":-10.0,"high":0.0,"label":"-10\u20130 pp","fill":"#f7f7f7","fillOpacity":0.18,"stroke":"#f7f7f7","strokeOpacity":0.3,"strokeWeight":0.35},"geometry":{"type":"Polygon","coordinates":[[[13.5,54.5],[13.6,54.6],[13.7,54.6],[13.8,54.5],[13.7,54.4],[13.6,54.4],[13.5,54.5]]]}},{"type":"Feature","properties":{"layer_id":"change_T20","layer_label":"Change, T>20\u00b0C","low":-10.0,"high":0.0,"label":"-10\u20130 pp","fill":"#f7f7f7","fillOpacity":0.18,"stroke":"#f7f7f7","strokeOpacity":0.3,"strokeWeight":0.35},"geometry":{"type":"Polygon","coordinates":[[[34.8,56.2],[34.8,56.2],[34.7,56.3],[34.7,56.4],[34.8,56.5],[34.9,56.5],[34.9,56.5],[34.9,56.5],[34.8,56.6],[34.8,56.6],[34.7,56.7],[34.8,56.8],[34.9,56.8],[35.0,56.8],[35.1,56.8],[35.2,56.7],[35.1,56.6],[35.1,56.6],[35.1,56.5],[35.1,56.5],[35.2,56.4],[35.1,56.3],[35.1,56.3],[35.0,56.2],[35.0,56.2],[34.9,56.1],[34.8,56.2]]]}},{"type":"Feature","properties":{"layer_id":"change_T20","layer_label":"Change, T>20\u00b0C","low":-10.0,"high":0.0,"label":"-10\u20130 pp","fill":"#f7f7f7","fillOpacity":0.18,"stroke":"#f7f7f7","strokeOpacity":0.3,"strokeWeight":0.35},"geometry":{"type":"Polygon","coordinates":[[[39.5,56.5],[39.5,56.6],[39.5,56.6],[39.4,56.7],[39.4,56.8],[39.5,56.9],[39.6,56.9],[39.6,56.9],[39.7,57.0],[39.7,57.0],[39.7,57.0],[39.6,57.0],[39.5,57.0],[39.4,57.0],[39.3,57.1],[39.3,57.2],[39.4,57.3],[39.5,57.3],[39.6,57.3],[39.6,57.3],[39.7,57.4],[39.8,57.3],[39.8,57.3],[39.9,57.3],[40.0,57.3],[40.1,57.3],[40.2,57.3],[40.3,57.3],[40.4,57.2],[40.4,57.2],[40.5,57.2],[40.6,57.1],[40.6,57.1],[40.7,57.0],[40.6,56.9],[40.6,56.9],[40.5,56.8],[40.5,56.8],[40.4,56.7],[40.3,56.7],[40.3,56.7],[40.2,56.6],[40.1,56.6],[40.0,56.6],[39.9,56.6],[39.9,56.6],[39.8,56.5],[39.8,56.5],[39.7,56.4],[39.6,56.4],[39.5,56.5]]]}},{"type":"Feature","properties":{"layer_id":"change_T20","layer_label":"Change, T>20\u00b0C","low":-10.0,"high":0.0,"label":"-10\u20130 pp","fill":"#f7f7f7","fillOpacity":0.18,"stroke":"#f7f7f7","strokeOpacity":0.3,"strokeWeight":0.35},"geometry":{"type":"Polygon","coordinates":[[[35.2,56.8],[35.2,56.9],[35.3,57.0],[35.4,56.9],[35.4,56.8],[35.3,56.7],[35.2,56.8]]]}},{"type":"Feature","properties":{"layer_id":"change_T20","layer_label":"Change, T>20\u00b0C","low":-10.0,"high":0.0,"label":"-10\u20130 pp","fill":"#f7f7f7","fillOpacity":0.18,"stroke":"#f7f7f7","strokeOpacity":0.3,"strokeWeight":0.35},"geometry":{"type":"Polygon","coordinates":[[[32.9,57.2],[33.0,57.3],[33.1,57.3],[33.2,57.2],[33.1,57.1],[33.0,57.1],[32.9,57.2]]]}},{"type":"Feature","properties":{"layer_id":"change_T20","layer_label":"Change, T>20\u00b0C","low":-10.0,"high":0.0,"label":"-10\u20130 pp","fill":"#f7f7f7","fillOpacity":0.18,"stroke":"#f7f7f7","strokeOpacity":0.3,"strokeWeight":0.35},"geometry":{"type":"Polygon","coordinates":[[[18.8,57.9],[18.9,58.0],[19.0,58.0],[19.1,57.9],[19.0,57.8],[18.9,57.8],[18.8,57.9]]]}},{"type":"Feature","properties":{"layer_id":"change_T20","layer_label":"Change, T>20\u00b0C","low":-10.0,"high":0.0,"label":"-10\u20130 pp","fill":"#f7f7f7","fillOpacity":0.18,"stroke":"#f7f7f7","strokeOpacity":0.3,"strokeWeight":0.35},"geometry":{"type":"Polygon","coordinates":[[[27.8,58.0],[27.8,58.0],[27.7,58.0],[27.6,58.1],[27.7,58.2],[27.8,58.2],[27.9,58.2],[28.0,58.2],[28.1,58.1],[28.1,58.1],[28.2,58.0],[28.1,57.9],[28.0,57.9],[27.9,57.9],[27.8,58.0]]]}},{"type":"Feature","properties":{"layer_id":"change_T20","layer_label":"Change, T>20\u00b0C","low":-10.0,"high":0.0,"label":"-10\u20130 pp","fill":"#f7f7f7","fillOpacity":0.18,"stroke":"#f7f7f7","strokeOpacity":0.3,"strokeWeight":0.35},"geometry":{"type":"Polygon","coordinates":[[[38.4,58.0],[38.4,58.0],[38.3,58.0],[38.2,58.0],[38.1,58.1],[38.1,58.1],[38.0,58.1],[37.9,58.1],[37.8,58.1],[37.7,58.1],[37.6,58.2],[37.6,58.2],[37.5,58.2],[37.4,58.3],[37.4,58.3],[37.3,58.4],[37.4,58.5],[37.4,58.5],[37.4,58.5],[37.3,58.5],[37.2,58.6],[37.2,58.7],[37.3,58.8],[37.3,58.8],[37.4,58.9],[37.4,58.9],[37.5,59.0],[37.6,59.0],[37.6,59.0],[37.7,59.1],[37.8,59.1],[37.9,59.1],[37.9,59.1],[38.0,59.2],[38.1,59.2],[38.2,59.2],[38.3,59.2],[38.4,59.1],[38.4,59.1],[38.5,59.0],[38.5,58.9],[38.5,58.9],[38.6,58.9],[38.7,58.9],[38.8,58.8],[38.8,58.8],[38.9,58.7],[38.9,58.7],[39.0,58.7],[39.1,58.6],[39.1,58.5],[39.1,58.4],[39.1,58.3],[39.0,58.2],[39.0,58.2],[38.9,58.1],[38.8,58.1],[38.7,58.1],[38.7,58.1],[38.7,58.0],[38.6,57.9],[38.5,57.9],[38.4,58.0]]]}},{"type":"Feature","properties":{"layer_id":"change_T20","layer_label":"Change, T>20\u00b0C","low":-10.0,"high":0.0,"label":"-10\u20130 pp","fill":"#f7f7f7","fillOpacity":0.18,"stroke":"#f7f7f7","strokeOpacity":0.3,"strokeWeight":0.35},"geometry":{"type":"Polygon","coordinates":[[[40.6,58.0],[40.7,58.1],[40.8,58.0],[40.7,57.9],[40.6,58.0]]]}},{"type":"Feature","properties":{"layer_id":"change_T20","layer_label":"Change, T>20\u00b0C","low":-10.0,"high":0.0,"label":"-10\u20130 pp","fill":"#f7f7f7","fillOpacity":0.18,"stroke":"#f7f7f7","strokeOpacity":0.3,"strokeWeight":0.35},"geometry":{"type":"Polygon","coordinates":[[[31.0,58.2],[31.0,58.2],[30.9,58.3],[31.0,58.4],[31.1,58.4],[31.2,58.4],[31.2,58.4],[31.3,58.5],[31.4,58.5],[31.5,58.5],[31.6,58.5],[31.7,58.4],[31.7,58.4],[31.8,58.4],[31.9,58.3],[31.8,58.2],[31.7,58.2],[31.7,58.2],[31.6,58.1],[31.5,58.1],[31.4,58.1],[31.3,58.1],[31.2,58.1],[31.1,58.1],[31.0,58.2]]]}},{"type":"Feature","properties":{"layer_id":"change_T20","layer_label":"Change, T>20\u00b0C","low":-10.0,"high":0.0,"label":"-10\u20130 pp","fill":"#f7f7f7","fillOpacity":0.18,"stroke":"#f7f7f7","strokeOpacity":0.3,"strokeWeight":0.35},"geometry":{"type":"Polygon","coordinates":[[[27.4,58.4],[27.4,58.4],[27.3,58.4],[27.2,58.5],[27.2,58.6],[27.2,58.7],[27.2,58.8],[27.2,58.9],[27.3,59.0],[27.4,59.0],[27.5,59.0],[27.6,59.0],[27.7,58.9],[27.7,58.9],[27.8,58.8],[27.7,58.7],[27.7,58.7],[27.7,58.7],[27.8,58.6],[27.7,58.5],[27.7,58.5],[27.6,58.4],[27.6,58.4],[27.5,58.3],[27.4,58.4]]]}},{"type":"Feature","properties":{"layer_id":"change_T20","layer_label":"Change, T>20\u00b0C","low":-10.0,"high":0.0,"label":"-10\u20130 pp","fill":"#f7f7f7","fillOpacity":0.18,"stroke":"#f7f7f7","strokeOpacity":0.3,"strokeWeight":0.35},"geometry":{"type":"Polygon","coordinates":[[[38.5,59.5],[38.5,59.6],[38.5,59.6],[38.4,59.6],[38.3,59.7],[38.4,59.8],[38.5,59.8],[38.6,59.8],[38.7,59.8],[38.8,59.7],[38.8,59.7],[38.9,59.7],[39.0,59.7],[39.0,59.7],[39.1,59.8],[39.1,59.8],[39.2,59.9],[39.3,59.9],[39.4,59.9],[39.5,59.8],[39.5,59.8],[39.6,59.7],[39.6,59.7],[39.7,59.6],[39.7,59.6],[39.8,59.5],[39.7,59.4],[39.6,59.4],[39.5,59.5],[39.5,59.5],[39.4,59.5],[39.3,59.6],[39.3,59.6],[39.2,59.6],[39.1,59.6],[39.1,59.6],[39.1,59.5],[39.0,59.4],[38.9,59.4],[38.8,59.4],[38.7,59.4],[38.6,59.4],[38.5,59.5]]]}},{"type":"Feature","properties":{"layer_id":"change_T20","layer_label":"Change, T>20\u00b0C","low":-10.0,"high":0.0,"label":"-10\u20130 pp","fill":"#f7f7f7","fillOpacity":0.18,"stroke":"#f7f7f7","strokeOpacity":0.3,"strokeWeight":0.35},"geometry":{"type":"Polygon","coordinates":[[[31.1,60.0],[31.1,60.1],[31.1,60.1],[31.0,60.2],[31.0,60.2],[30.9,60.3],[30.9,60.4],[31.0,60.5],[31.1,60.5],[31.2,60.5],[31.3,60.5],[31.4,60.5],[31.5,60.4],[31.5,60.4],[31.6,60.4],[31.7,60.4],[31.7,60.4],[31.8,60.5],[31.9,60.5],[32.0,60.5],[32.1,60.5],[32.2,60.5],[32.3,60.5],[32.3,60.5],[32.4,60.6],[32.4,60.6],[32.5,60.7],[32.5,60.7],[32.6,60.8],[32.6,60.8],[32.7,60.9],[32.8,60.9],[32.9,60.8],[32.9,60.7],[32.9,60.6],[32.8,60.5],[32.8,60.5],[32.8,60.4],[32.7,60.3],[32.7,60.3],[32.7,60.3],[32.8,60.2],[32.7,60.1],[32.6,60.1],[32.5,60.1],[32.4,60.1],[32.3,60.1],[32.2,60.1],[32.1,60.1],[32.0,60.1],[31.9,60.1],[31.8,60.1],[31.8,60.1],[31.8,60.0],[31.7,59.9],[31.6,59.9],[31.5,59.9],[31.4,59.9],[31.3,59.9],[31.2,59.9],[31.1,60.0]]]}},{"type":"Feature","properties":{"layer_id":"change_T20","layer_label":"Change, T>20\u00b0C","low":-10.0,"high":0.0,"label":"-10\u20130 pp","fill":"#f7f7f7","fillOpacity":0.18,"stroke":"#f7f7f7","strokeOpacity":0.3,"strokeWeight":0.35},"geometry":{"type":"Polygon","coordinates":[[[37.4,60.0],[37.4,60.0],[37.3,60.0],[37.2,60.0],[37.1,60.1],[37.2,60.2],[37.2,60.2],[37.2,60.2],[37.1,60.3],[37.2,60.4],[37.3,60.4],[37.4,60.4],[37.5,60.4],[37.6,60.4],[37.7,60.4],[37.8,60.4],[37.9,60.4],[38.0,60.4],[38.1,60.4],[38.2,60.3],[38.2,60.2],[38.1,60.1],[38.1,60.1],[38.0,60.0],[37.9,60.0],[37.8,60.0],[37.7,60.0],[37.7,60.0],[37.6,59.9],[37.5,59.9],[37.4,60.0]]]}},{"type":"Feature","properties":{"layer_id":"change_T20","layer_label":"Change, T>20\u00b0C","low":-10.0,"high":0.0,"label":"-10\u20130 pp","fill":"#f7f7f7","fillOpacity":0.18,"stroke":"#f7f7f7","strokeOpacity":0.3,"strokeWeight":0.35},"geometry":{"type":"Polygon","coordinates":[[[38.1,60.0],[38.2,60.1],[38.3,60.0],[38.2,59.9],[38.1,60.0]]]}},{"type":"Feature","properties":{"layer_id":"change_T20","layer_label":"Change, T>20\u00b0C","low":-10.0,"high":0.0,"label":"-10\u20130 pp","fill":"#f7f7f7","fillOpacity":0.18,"stroke":"#f7f7f7","strokeOpacity":0.3,"strokeWeight":0.35},"geometry":{"type":"Polygon","coordinates":[[[35.7,61.0],[35.7,61.1],[35.7,61.1],[35.6,61.2],[35.7,61.3],[35.7,61.3],[35.8,61.4],[35.8,61.4],[35.8,61.5],[35.8,61.6],[35.8,61.7],[35.8,61.7],[35.7,61.8],[35.7,61.8],[35.6,61.8],[35.5,61.8],[35.4,61.9],[35.4,61.9],[35.3,61.9],[35.2,61.9],[35.1,62.0],[35.1,62.1],[35.2,62.2],[35.3,62.2],[35.4,62.2],[35.4,62.2],[35.5,62.3],[35.6,62.3],[35.7,62.2],[35.7,62.1],[35.7,62.0],[35.7,62.0],[35.8,61.9],[35.8,61.9],[35.9,61.8],[35.9,61.8],[36.0,61.8],[36.1,61.7],[36.1,61.6],[36.1,61.6],[36.2,61.6],[36.3,61.5],[36.3,61.5],[36.4,61.5],[36.5,61.4],[36.4,61.3],[36.3,61.3],[36.3,61.3],[36.3,61.3],[36.4,61.2],[36.3,61.1],[36.2,61.1],[36.2,61.1],[36.1,61.0],[36.0,61.0],[35.9,61.0],[35.9,61.0],[35.8,60.9],[35.7,61.0]]]}},{"type":"Feature","properties":{"layer_id":"change_T20","layer_label":"Change, T>20\u00b0C","low":-10.0,"high":0.0,"label":"-10\u20130 pp","fill":"#f7f7f7","fillOpacity":0.18,"stroke":"#f7f7f7","strokeOpacity":0.3,"strokeWeight":0.35},"geometry":{"type":"Polygon","coordinates":[[[27.9,61.3],[27.9,61.4],[28.0,61.5],[28.1,61.5],[28.2,61.5],[28.3,61.5],[28.4,61.4],[28.4,61.3],[28.3,61.2],[28.2,61.2],[28.1,61.2],[28.0,61.2],[27.9,61.3]]]}},{"type":"Feature","properties":{"layer_id":"change_T20","layer_label":"Change, T>20\u00b0C","low":-10.0,"high":0.0,"label":"-10\u20130 pp","fill":"#f7f7f7","fillOpacity":0.18,"stroke":"#f7f7f7","strokeOpacity":0.3,"strokeWeight":0.35},"geometry":{"type":"Polygon","coordinates":[[[35.5,62.4],[35.5,62.5],[35.6,62.6],[35.7,62.5],[35.7,62.4],[35.6,62.3],[35.5,62.4]]]}},{"type":"Feature","properties":{"layer_id":"change_T20","layer_label":"Change, T>20\u00b0C","low":-10.0,"high":0.0,"label":"-10\u20130 pp","fill":"#f7f7f7","fillOpacity":0.18,"stroke":"#f7f7f7","strokeOpacity":0.3,"strokeWeight":0.35},"geometry":{"type":"Polygon","coordinates":[[[35.1,62.6],[35.1,62.6],[35.0,62.6],[34.9,62.6],[34.8,62.7],[34.8,62.7],[34.7,62.8],[34.8,62.9],[34.9,62.8],[34.9,62.8],[35.0,62.8],[35.1,62.8],[35.2,62.8],[35.3,62.7],[35.3,62.7],[35.4,62.7],[35.5,62.6],[35.4,62.5],[35.3,62.5],[35.2,62.5],[35.1,62.6]]]}},{"type":"Feature","properties":{"layer_id":"change_T20","layer_label":"Change, T>20\u00b0C","low":-10.0,"high":0.0,"label":"-10\u20130 pp","fill":"#f7f7f7","fillOpacity":0.18,"stroke":"#f7f7f7","strokeOpacity":0.3,"strokeWeight":0.35},"geometry":{"type":"Polygon","coordinates":[[[-6.6,34.0],[-6.5,34.0],[-6.4,34.0],[-6.3,34.0],[-6.2,34.0],[-6.1,34.0],[-6.0,34.0],[-6.0,34.0],[-6.0,34.1],[-6.0,34.2],[-6.0,34.2],[-6.0,34.2],[-6.1,34.1],[-6.2,34.2],[-6.2,34.2],[-6.3,34.3],[-6.2,34.3667],[-6.15,34.4],[-6.1,34.5],[-6.1,34.5],[-6.1,34.5],[-6.15,34.6],[-6.1,34.7],[-6.0,34.6],[-6.0,34.6],[-6.0,34.6],[-6.0,34.7],[-6.0,34.8],[-5.95,34.9],[-6.0,35.0],[-5.9,35.1],[-5.8,35.0],[-5.8,35.0],[-5.8,35.0],[-5.8,35.1],[-5.8,35.1],[-5.9,35.1],[-6.0,35.1],[-6.0,35.1],[-6.1,35.05],[-6.15,35.0],[-6.1,34.95],[-6.05,34.9],[-6.0,34.8],[-6.1,34.7],[-6.2,34.8],[-6.2,34.8],[-6.2,34.8],[-6.2,34.7],[-6.25,34.6],[-6.3,34.5],[-6.3,34.5],[-6.35,34.4],[-6.3,34.3],[-6.4,34.2],[-6.4,34.2],[-6.5,34.1],[-6.5,34.1],[-6.6,34.0],[-6.6,34.0],[-6.6,34.0]]]}},{"type":"Feature","properties":{"layer_id":"change_T20","layer_label":"Change, T>20\u00b0C","low":-10.0,"high":0.0,"label":"-10\u20130 pp","fill":"#f7f7f7","fillOpacity":0.18,"stroke":"#f7f7f7","strokeOpacity":0.3,"strokeWeight":0.35},"geometry":{"type":"Polygon","coordinates":[[[0.8,34.0],[0.9,34.0],[1.0,34.0],[1.1,34.0],[1.2,34.0],[1.3,34.0],[1.3,34.0],[1.3,34.1],[1.3,34.1],[1.2,34.1],[1.1,34.1],[1.0,34.2],[1.0,34.2],[1.0,34.2],[0.9,34.15],[0.85,34.1],[0.8,34.0],[0.8,34.0],[0.8,34.0]]]}},{"type":"Feature","properties":{"layer_id":"change_T20","layer_label":"Change, T>20\u00b0C","low":-10.0,"high":0.0,"label":"-10\u20130 pp","fill":"#f7f7f7","fillOpacity":0.18,"stroke":"#f7f7f7","strokeOpacity":0.3,"strokeWeight":0.35},"geometry":{"type":"Polygon","coordinates":[[[4.1,34.0],[4.2,34.0],[4.3,34.0],[4.4,34.0],[4.5,34.0],[4.6,34.0],[4.7,34.0],[4.8,34.0],[4.9,34.0],[5.0,34.0],[5.1,34.0],[5.2,34.0],[5.3,34.0],[5.4,34.0],[5.5,34.0],[5.6,34.0],[5.7,34.0],[5.8,34.0],[5.9,34.0],[6.0,34.0],[6.1,34.0],[6.2,34.0],[6.3,34.0],[6.4,34.0],[6.5,34.0],[6.6,34.0],[6.7,34.0],[6.8,34.0],[6.9,34.0],[7.0,34.0],[7.1,34.0],[7.2,34.0],[7.3,34.0],[7.4,34.0],[7.5,34.0],[7.6,34.0],[7.7,34.0],[7.8,34.0],[7.9,34.0],[8.0,34.0],[8.1,34.0],[8.2,34.0],[8.3,34.0],[8.4,34.0],[8.5,34.0],[8.6,34.0],[8.7,34.0],[8.8,34.0],[8.9,34.0],[9.0,34.0],[9.1,34.0],[9.2,34.0],[9.3,34.0],[9.4,34.0],[9.5,34.0],[9.6,34.0],[9.6,34.0],[9.6,34.0],[9.5,34.0],[9.4,34.0],[9.3,34.0],[9.2,34.0],[9.1,34.1],[9.2,34.2],[9.2,34.2],[9.2,34.2],[9.1,34.2],[9.0,34.2],[8.9,34.2],[8.8,34.3],[8.8,34.3],[8.7,34.4],[8.7,34.4],[8.7,34.4],[8.6,34.3],[8.5,34.4],[8.5,34.4],[8.4,34.4],[8.3,34.4],[8.2,34.4],[8.1,34.4],[8.0,34.5],[8.0,34.5],[7.9,34.5],[7.8,34.5],[7.7,34.6],[7.7,34.6],[7.6,34.6],[7.5,34.7],[7.5,34.7],[7.4,34.7],[7.3,34.7],[7.2,34.8],[7.2,34.8],[7.1,34.8],[7.0,34.8],[6.9,34.8],[6.8,34.8],[6.7,34.9],[6.7,34.9],[6.6,34.9],[6.5,34.9],[6.4,34.9],[6.3,34.9],[6.2,34.9],[6.1,34.9],[6.0,35.0],[6.0,35.0],[5.9,35.0],[5.8,35.1],[5.8,35.1],[5.7,35.1],[5.6,35.1],[5.5,35.1],[5.4,35.1],[5.3,35.1],[5.2,35.1],[5.2,35.1],[5.1,35.0],[5.1,35.0],[5.0,34.9],[4.9,34.9],[4.8,34.9],[4.8,34.9],[4.7,34.8],[4.7,34.8],[4.7,34.7],[4.6,34.6],[4.6,34.6],[4.5,34.5],[4.5,34.5],[4.4,34.4],[4.4,34.4],[4.3,34.3],[4.3,34.3],[4.2,34.2],[4.2,34.2],[4.1,34.1],[4.1,34.1],[4.1,34.0],[4.1,34.0]]]}},{"type":"Feature","properties":{"layer_id":"change_T20","layer_label":"Change, T>20\u00b0C","low":-10.0,"high":0.0,"label":"-10\u20130 pp","fill":"#f7f7f7","fillOpacity":0.18,"stroke":"#f7f7f7","strokeOpacity":0.3,"strokeWeight":0.35},"geometry":{"type":"Polygon","coordinates":[[[35.8,34.0],[35.9,34.0],[36.0,34.0],[36.1,34.0],[36.05,34.1],[36.1,34.15],[36.2,34.1],[36.2,34.1],[36.2,34.0],[36.3,34.0],[36.4,34.0],[36.5,34.0],[36.6,34.0],[36.7,34.0],[36.8,34.0],[36.8,34.0],[36.8,34.0],[36.9,34.0],[37.0,34.0],[37.1,34.0],[37.1,34.0],[37.2,34.0],[37.2,34.0],[37.3,34.0],[37.4,34.0],[37.5,34.0],[37.6,34.0],[37.6,34.0],[37.6,34.0],[37.7,34.0],[37.75,34.0],[37.8,34.1],[37.8,34.1],[37.8,34.2],[37.9,34.26],[37.95,34.3],[37.9,34.4],[37.9,34.4],[37.8,34.5],[37.8,34.5],[37.7,34.5],[37.7,34.5],[37.6,34.45],[37.5667,34.4],[37.5,34.3],[37.4,34.35],[37.3,34.3333],[37.2,34.3333],[37.1333,34.4],[37.1,34.45],[37.05,34.5],[37.0,34.55],[36.9,34.6],[36.9,34.6],[36.9,34.6],[36.8,34.5],[36.8,34.5],[36.7,34.4],[36.7,34.4],[36.6,34.3],[36.6,34.3],[36.5,34.2],[36.48,34.3],[36.4,34.38],[36.3,34.4],[36.3,34.5],[36.3,34.5],[36.3,34.5],[36.2,34.4],[36.1,34.4],[36.0,34.4],[36.0,34.4],[36.0,34.3],[35.9,34.2],[35.9,34.2],[35.8,34.1],[35.8,34.1],[35.8,34.0],[35.8,34.0]]]}},{"type":"Feature","properties":{"layer_id":"change_T20","layer_label":"Change, T>20\u00b0C","low":-10.0,"high":0.0,"label":"-10\u20130 pp","fill":"#f7f7f7","fillOpacity":0.18,"stroke":"#f7f7f7","strokeOpacity":0.3,"strokeWeight":0.35},"geometry":{"type":"Polygon","coordinates":[[[39.3,34.0],[39.4,34.0],[39.5,34.0],[39.6,34.0],[39.7,34.0],[39.8,34.0],[39.9,34.0],[40.0,34.0],[40.1,34.0],[40.2,34.0],[40.3,34.0],[40.4,34.0],[40.5,34.0],[40.6,34.0],[40.7,34.0],[40.8,34.0],[40.9,34.0],[41.0,34.0],[41.1,34.0],[41.2,34.0],[41.3,34.0],[41.4,34.0],[41.5,34.0],[41.6,34.0],[41.7,34.0],[41.8,34.0],[41.9,34.0],[42.0,34.0],[42.1,34.0],[42.2,34.0],[42.3,34.0],[42.4,34.0],[42.5,34.0],[42.6,34.0],[42.7,34.0],[42.8,34.0],[42.9,34.0],[43.0,34.0],[43.1,34.0],[43.2,34.0],[43.3,34.0],[43.4,34.0],[43.5,34.0],[43.6,34.0],[43.7,34.0],[43.8,34.0],[43.9,34.0],[44.0,34.0],[44.1,34.0],[44.2,34.0],[44.3,34.0],[44.4,34.0],[44.5,34.0],[44.6,34.0],[44.7,34.0],[44.8,34.0],[44.9,34.0],[45.0,34.0],[45.0,34.1],[45.0,34.2],[45.0,34.3],[45.0,34.4],[45.0,34.5],[45.0,34.6],[45.0,34.7],[45.0,34.8],[45.0,34.9],[45.0,35.0],[45.0,35.1],[45.0,35.2],[45.0,35.3],[45.0,35.4],[45.0,35.5],[45.0,35.6],[45.0,35.6],[44.9,35.7],[44.9,35.8],[44.9,35.8],[44.9,35.8],[44.8,35.7],[44.7,35.7],[44.6,35.7],[44.5,35.8],[44.6,35.9],[44.7,35.9],[44.7,35.9],[44.7,36.0],[44.7,36.0],[44.6,36.0],[44.5,36.0],[44.4,36.1],[44.4,36.1],[44.3,36.1],[44.2,36.2],[44.2,36.2],[44.1,36.3],[44.1,36.3],[44.0,36.4],[44.0,36.4],[43.9,36.5],[43.9,36.6],[43.9,36.6],[43.8,36.6],[43.8,36.6],[43.8,36.6],[43.9,36.5],[43.8,36.4],[43.7,36.4],[43.6,36.4],[43.5,36.5],[43.6,36.6],[43.6,36.6],[43.6,36.7],[43.6,36.7],[43.5,36.7],[43.4,36.7],[43.3,36.7],[43.2,36.7],[43.1,36.7],[43.0,36.7],[42.9,36.8],[42.9,36.8],[42.8,36.9],[42.8,36.9],[42.7,36.9],[42.6,36.9],[42.5,37.0],[42.5,37.0],[42.4,37.1],[42.4,37.1],[42.3,37.1],[42.3,37.1],[42.3,37.0],[42.2,36.9],[42.1,37.0],[42.1,37.0],[42.0,37.1],[42.1,37.2],[42.2,37.2],[42.2,37.2],[42.2,37.2],[42.1,37.2],[42.0,37.2],[42.0,37.2],[41.9,37.1],[41.8,37.1],[41.7,37.1],[41.6,37.1],[41.5,37.1],[41.4,37.1],[41.3,37.1],[41.2,37.2],[41.2,37.2],[41.1,37.2],[41.0,37.2],[40.9,37.2],[40.8,37.2],[40.7,37.2],[40.6,37.2],[40.5,37.2],[40.4,37.2],[40.3,37.2],[40.2,37.3],[40.2,37.3],[40.1,37.3],[40.0,37.3],[39.9,37.3],[39.8,37.3],[39.7,37.3],[39.6,37.3],[39.5,37.3],[39.5,37.3],[39.4,37.2],[39.4,37.2],[39.3,37.1],[39.2,37.2],[39.2,37.2],[39.1,37.2],[39.0,37.2],[38.9,37.2],[38.8,37.2],[38.8,37.2],[38.7,37.1],[38.6,37.1],[38.5,37.1],[38.4,37.2],[38.5,37.3],[38.6,37.3],[38.6,37.3],[38.6,37.4],[38.7,37.5],[38.7,37.5],[38.7,37.5],[38.6,37.6],[38.6,37.6],[38.5,37.6],[38.5,37.6],[38.4,37.5],[38.3,37.6],[38.3,37.6],[38.3,37.6],[38.3,37.5],[38.2,37.4],[38.2,37.4],[38.2,37.3],[38.2,37.3],[38.3,37.2],[38.3,37.1],[38.3,37.0],[38.2,36.9],[38.1,36.9],[38.0,37.0],[38.0,37.0],[37.9,37.1],[37.9,37.1],[37.9,37.1],[37.8,37.0],[37.8,37.0],[37.7,36.9],[37.7,36.9],[37.7,36.8],[37.7,36.8],[37.8,36.7],[37.8,36.7],[37.9,36.6],[37.9,36.6],[38.0,36.6],[38.1,36.5],[38.1,36.4],[38.0,36.3],[37.9,36.3],[37.8,36.3],[37.7,36.3],[37.6,36.3],[37.6,36.3],[37.5,36.2],[37.4,36.2],[37.4,36.2],[37.3,36.1],[37.2,36.1],[37.1,36.1],[37.0,36.1],[36.9,36.1],[36.9,36.1],[36.8,36.0],[36.8,36.0],[36.8,36.0],[36.9,35.9],[36.9,35.8],[36.9,35.8],[37.0,35.8],[37.1,35.8],[37.2,35.8],[37.3,35.7],[37.3,35.6],[37.3,35.6],[37.4,35.6],[37.5,35.5],[37.5,35.5],[37.5,35.5],[37.6,35.6],[37.7,35.6],[37.8,35.6],[37.9,35.6],[38.0,35.6],[38.1,35.5],[38.1,35.4],[38.1,35.4],[38.2,35.3],[38.2,35.3],[38.3,35.3],[38.4,35.2],[38.4,35.2],[38.5,35.2],[38.6,35.2],[38.7,35.2],[38.8,35.1],[38.8,35.0],[38.8,34.9],[38.7,34.8],[38.7,34.8],[38.7,34.8],[38.8,34.7],[38.8,34.7],[38.9,34.6],[38.9,34.6],[39.0,34.5],[39.0,34.5],[39.1,34.4],[39.1,34.4],[39.2,34.3],[39.2,34.3],[39.3,34.2],[39.3,34.1],[39.3,34.0],[39.3,34.0]]]}},{"type":"Feature","properties":{"layer_id":"change_T20","layer_label":"Change, T>20\u00b0C","low":-10.0,"high":0.0,"label":"-10\u20130 pp","fill":"#f7f7f7","fillOpacity":0.18,"stroke":"#f7f7f7","strokeOpacity":0.3,"strokeWeight":0.35},"geometry":{"type":"Polygon","coordinates":[[[39.0,35.3],[39.1,35.4],[39.1,35.4],[39.2,35.5],[39.3,35.5],[39.4,35.4],[39.4,35.3],[39.3,35.2],[39.2,35.2],[39.1,35.2],[39.0,35.3]]]}},{"type":"Feature","properties":{"layer_id":"change_T20","layer_label":"Change, T>20\u00b0C","low":-10.0,"high":0.0,"label":"-10\u20130 pp","fill":"#f7f7f7","fillOpacity":0.18,"stroke":"#f7f7f7","strokeOpacity":0.3,"strokeWeight":0.35},"geometry":{"type":"Polygon","coordinates":[[[37.3,35.8],[37.3,35.8],[37.2,35.8],[37.1,35.9],[37.1,36.0],[37.2,36.1],[37.3,36.1],[37.4,36.0],[37.4,36.0],[37.5,36.0],[37.6,35.9],[37.6,35.9],[37.7,35.9],[37.8,35.8],[37.7,35.7],[37.6,35.7],[37.5,35.7],[37.4,35.7],[37.3,35.8]]]}},{"type":"Feature","properties":{"layer_id":"change_T20","layer_label":"Change, T>20\u00b0C","low":-10.0,"high":0.0,"label":"-10\u20130 pp","fill":"#f7f7f7","fillOpacity":0.18,"stroke":"#f7f7f7","strokeOpacity":0.3,"strokeWeight":0.35},"geometry":{"type":"Polygon","coordinates":[[[-1.2,34.2],[-1.1,34.2],[-1.0,34.2],[-0.9,34.2],[-0.9,34.2],[-0.8,34.3],[-0.7,34.3],[-0.6,34.3],[-0.5,34.3],[-0.4,34.3],[-0.4,34.3],[-0.3,34.4],[-0.3,34.4],[-0.3,34.4],[-0.4,34.4],[-0.5,34.4],[-0.6,34.4],[-0.7,34.4],[-0.8,34.5],[-0.8,34.5],[-0.8,34.5],[-0.8,34.4],[-0.9,34.3],[-1.0,34.3],[-1.1,34.3],[-1.1,34.3],[-1.2,34.2],[-1.2,34.2],[-1.2,34.2]]]}},{"type":"Feature","properties":{"layer_id":"change_T20","layer_label":"Change, T>20\u00b0C","low":-10.0,"high":0.0,"label":"-10\u20130 pp","fill":"#f7f7f7","fillOpacity":0.18,"stroke":"#f7f7f7","strokeOpacity":0.3,"strokeWeight":0.35},"geometry":{"type":"Polygon","coordinates":[[[-2.2,34.4],[-2.1,34.4],[-2.1,34.4],[-2.0,34.5],[-1.9,34.4],[-1.9,34.4],[-1.9,34.4],[-1.8,34.5],[-1.7,34.5],[-1.6,34.5],[-1.5,34.5],[-1.5,34.5],[-1.4,34.6],[-1.3,34.6],[-1.2,34.6],[-1.1,34.6],[-1.1,34.6],[-1.0,34.7],[-0.9,34.7],[-0.8,34.7],[-0.7,34.6],[-0.7,34.6],[-0.6,34.6],[-0.5,34.6],[-0.5,34.6],[-0.4,34.7],[-0.3,34.7],[-0.2,34.7],[-0.2,34.7],[-0.2,34.7],[-0.3,34.8],[-0.3,34.8],[-0.4,34.8],[-0.5,34.8],[-0.6,34.8],[-0.7,34.8],[-0.8,34.9],[-0.8,34.9],[-0.8,34.9],[-0.9,34.8],[-1.0,34.8],[-1.1,34.8],[-1.2,34.9],[-1.2,34.9],[-1.2,34.9],[-1.3,34.8],[-1.4,34.8],[-1.4,34.8],[-1.5,34.7],[-1.6,34.8],[-1.6,34.8],[-1.7,34.8],[-1.7,34.8],[-1.8,34.7],[-1.8,34.7],[-1.9,34.6],[-1.9,34.6],[-2.0,34.5],[-2.1,34.5],[-2.1,34.5],[-2.2,34.4],[-2.2,34.4],[-2.2,34.4]]]}},{"type":"Feature","properties":{"layer_id":"change_T20","layer_label":"Change, T>20\u00b0C","low":-10.0,"high":0.0,"label":"-10\u20130 pp","fill":"#f7f7f7","fillOpacity":0.18,"stroke":"#f7f7f7","strokeOpacity":0.3,"strokeWeight":0.35},"geometry":{"type":"Polygon","coordinates":[[[-4.1,34.5],[-4.0,34.5],[-4.0,34.5],[-3.9,34.6],[-3.8,34.6],[-3.7,34.6],[-3.6,34.6],[-3.5,34.6],[-3.5,34.6],[-3.5,34.6],[-3.6,34.7],[-3.6,34.7],[-3.7,34.8],[-3.7,34.9],[-3.6,35.0],[-3.6,35.0],[-3.6,35.0],[-3.7,35.0],[-3.8,35.0],[-3.9,35.0],[-4.0,35.0],[-4.1,35.0],[-4.2,35.0],[-4.3,35.0],[-4.4,35.0],[-4.5,35.0],[-4.6,35.0],[-4.7,35.0],[-4.8,35.1],[-4.8,35.1],[-4.9,35.1],[-5.0,35.1],[-5.1,35.2],[-5.1,35.2],[-5.2,35.2],[-5.3,35.3],[-5.3,35.4],[-5.3,35.4],[-5.4,35.4],[-5.4,35.4],[-5.5,35.3],[-5.6,35.3],[-5.6,35.3],[-5.7,35.2],[-5.7,35.2],[-5.7,35.2],[-5.6,35.2],[-5.6,35.2],[-5.5,35.3],[-5.4,35.2],[-5.4,35.2],[-5.3,35.2],[-5.2,35.1],[-5.2,35.0],[-5.2,35.0],[-5.1,35.0],[-5.0,35.0],[-4.9,35.0],[-4.8,34.9],[-4.8,34.9],[-4.7,34.8],[-4.7,34.8],[-4.6,34.8],[-4.5,34.8],[-4.4,34.8],[-4.3,34.8],[-4.2,34.7667],[-4.1,34.7],[-4.2,34.6],[-4.2,34.6],[-4.2,34.6],[-4.1,34.5],[-4.1,34.5]]]}},{"type":"Feature","properties":{"layer_id":"change_T20","layer_label":"Change, T>20\u00b0C","low":-10.0,"high":0.0,"label":"-10\u20130 pp","fill":"#f7f7f7","fillOpacity":0.18,"stroke":"#f7f7f7","strokeOpacity":0.3,"strokeWeight":0.35},"geometry":{"type":"Polygon","coordinates":[[[8.4,35.1],[8.5,35.1],[8.6,35.1],[8.6,35.1],[8.7,35.2],[8.8,35.2],[8.8,35.2],[8.8,35.2],[8.7,35.2],[8.6,35.2],[8.5,35.3],[8.5,35.3],[8.4,35.3],[8.3,35.3],[8.2,35.3],[8.1,35.3],[8.0,35.3],[7.9,35.3],[7.9,35.3],[7.9,35.3],[8.0,35.3],[8.1,35.3],[8.2,35.3],[8.3,35.2],[8.3,35.2],[8.4,35.1],[8.4,35.1]]]}},{"type":"Feature","properties":{"layer_id":"change_T20","layer_label":"Change, T>20\u00b0C","low":-10.0,"high":0.0,"label":"-10\u20130 pp","fill":"#f7f7f7","fillOpacity":0.18,"stroke":"#f7f7f7","strokeOpacity":0.3,"strokeWeight":0.35},"geometry":{"type":"Polygon","coordinates":[[[5.1,35.3],[5.1,35.3],[5.2,35.4],[5.3,35.4],[5.3,35.4],[5.3,35.4],[5.2,35.4],[5.1,35.4],[5.0,35.5],[5.0,35.6],[5.0,35.6],[4.9,35.6],[4.8,35.6],[4.7,35.6],[4.6,35.7],[4.6,35.7],[4.6,35.7],[4.5,35.6],[4.4,35.6],[4.4,35.6],[4.3,35.5],[4.3,35.5],[4.3,35.5],[4.4,35.4],[4.4,35.4],[4.5,35.4],[4.6,35.4],[4.7,35.4],[4.8,35.4],[4.9,35.4],[5.0,35.4],[5.1,35.3],[5.1,35.3]]]}},{"type":"Feature","properties":{"layer_id":"change_T20","layer_label":"Change, T>20\u00b0C","low":-10.0,"high":0.0,"label":"-10\u20130 pp","fill":"#f7f7f7","fillOpacity":0.18,"stroke":"#f7f7f7","strokeOpacity":0.3,"strokeWeight":0.35},"geometry":{"type":"Polygon","coordinates":[[[6.2,35.3],[6.3,35.3],[6.4,35.3],[6.5,35.3],[6.6,35.3],[6.7,35.3],[6.8,35.3],[6.9,35.3],[7.0,35.3],[7.0,35.3],[7.1,35.4],[7.1,35.4],[7.1,35.4],[7.0,35.4],[6.9,35.4],[6.8,35.4],[6.7,35.4],[6.6,35.4],[6.5,35.4],[6.4,35.4],[6.3,35.5],[6.3,35.6],[6.3,35.6],[6.2,35.6],[6.1,35.6],[6.0,35.6],[5.9,35.6],[5.9,35.6],[5.9,35.6],[6.0,35.5],[6.0,35.5],[6.1,35.4],[6.1,35.4],[6.2,35.3],[6.2,35.3]]]}},{"type":"Feature","properties":{"layer_id":"change_T20","layer_label":"Change, T>20\u00b0C","low":-10.0,"high":0.0,"label":"-10\u20130 pp","fill":"#f7f7f7","fillOpacity":0.18,"stroke":"#f7f7f7","strokeOpacity":0.3,"strokeWeight":0.35},"geometry":{"type":"Polygon","coordinates":[[[8.7,35.4],[8.8,35.4],[8.9,35.4],[9.0,35.4],[9.0,35.4],[9.0,35.4],[8.9,35.5],[8.9,35.5],[8.8,35.5],[8.7,35.5],[8.6,35.5],[8.6,35.5],[8.6,35.5],[8.7,35.4],[8.7,35.4]]]}},{"type":"Feature","properties":{"layer_id":"change_T20","layer_label":"Change, T>20\u00b0C","low":-10.0,"high":0.0,"label":"-10\u20130 pp","fill":"#f7f7f7","fillOpacity":0.18,"stroke":"#f7f7f7","strokeOpacity":0.3,"strokeWeight":0.35},"geometry":{"type":"Polygon","coordinates":[[[32.6,36.3],[32.7,36.3],[32.8,36.3],[32.8,36.3],[32.9,36.4],[33.0,36.4],[33.1,36.4],[33.2,36.4],[33.3,36.4],[33.3,36.4],[33.3,36.4],[33.2,36.5],[33.2,36.5],[33.1,36.6],[33.1,36.7],[33.1,36.8],[33.2,36.9],[33.3,36.9],[33.4,36.8],[33.4,36.8],[33.5,36.8],[33.6,36.7],[33.6,36.7],[33.7,36.7],[33.8,36.6],[33.8,36.6],[33.9,36.6],[34.0,36.6],[34.0,36.6],[34.1,36.7],[34.1,36.7],[34.2,36.8],[34.3,36.8],[34.3,36.8],[34.4,36.9],[34.4,36.9],[34.5,37.0],[34.5,37.0],[34.6,37.1],[34.6,37.1],[34.7,37.2],[34.8,37.2],[34.8,37.2],[34.9,37.3],[34.9,37.3],[35.0,37.4],[35.1,37.4],[35.1,37.4],[35.2,37.5],[35.3,37.5],[35.3,37.5],[35.3,37.6],[35.3,37.7],[35.4,37.8],[35.5,37.7],[35.5,37.7],[35.6,37.7],[35.7,37.7],[35.7,37.7],[35.8,37.8],[35.8,37.8],[35.9,37.9],[36.0,37.8],[36.0,37.7],[36.0,37.7],[36.1,37.7],[36.2,37.7],[36.3,37.6],[36.3,37.6],[36.4,37.6],[36.5,37.6],[36.5,37.6],[36.6,37.7],[36.6,37.7],[36.7,37.8],[36.7,37.8],[36.8,37.9],[36.9,37.9],[37.0,37.9],[37.1,37.8],[37.1,37.7],[37.1,37.6],[37.1,37.6],[37.2,37.6],[37.3,37.6],[37.3,37.6],[37.4,37.7],[37.4,37.7],[37.5,37.75],[37.6,37.8],[37.7,37.8],[37.7,37.8],[37.8,37.9],[37.9,37.9],[38.0,37.9],[38.1,37.9],[38.1,37.9],[38.2,38.0],[38.3,38.0],[38.3,38.0],[38.4,38.1],[38.5,38.1],[38.5,38.1],[38.5,38.2],[38.5,38.2],[38.4,38.2],[38.3,38.2],[38.2,38.2],[38.1,38.2],[38.1,38.2],[38.0,38.1],[37.9,38.2],[37.9,38.3],[38.0,38.4],[38.0,38.4],[38.0,38.5],[38.1,38.6],[38.1,38.6],[38.2,38.7],[38.2,38.7],[38.3,38.8],[38.3,38.8],[38.4,38.9],[38.5,38.9],[38.5,38.9],[38.5,39.0],[38.5,39.1],[38.6,39.2],[38.7,39.2],[38.8,39.1],[38.8,39.1],[38.9,39.1],[39.0,39.1],[39.1,39.1],[39.2,39.0],[39.2,39.0],[39.3,39.0],[39.4,38.9],[39.4,38.9],[39.4,38.9],[39.5,39.0],[39.6,38.9],[39.6,38.9],[39.7,38.9],[39.8,38.9],[39.8,38.9],[39.9,39.0],[40.0,38.9],[40.0,38.9],[40.1,38.8],[40.0,38.7],[40.0,38.7],[40.0,38.6],[40.0,38.6],[40.1,38.6],[40.2,38.6],[40.3,38.6],[40.3,38.6],[40.4,38.7],[40.5,38.6],[40.5,38.6],[40.6,38.6],[40.7,38.6],[40.8,38.6],[40.9,38.6],[41.0,38.6],[41.1,38.6],[41.2,38.6],[41.3,38.5],[41.3,38.5],[41.4,38.5],[41.5,38.4],[41.5,38.3],[41.5,38.3],[41.6,38.3],[41.7,38.3],[41.8,38.3],[41.9,38.2],[41.9,38.2],[42.0,38.1],[42.0,38.1],[42.1,38.0],[42.1,38.0],[42.2,38.0],[42.3,37.9],[42.2,37.8],[42.2,37.8],[42.2,37.7],[42.2,37.7],[42.3,37.7],[42.4,37.7],[42.5,37.6],[42.5,37.6],[42.6,37.5],[42.6,37.5],[42.7,37.4],[42.7,37.4],[42.8,37.4],[42.9,37.3],[42.9,37.3],[43.0,37.3],[43.075,37.2],[43.1,37.175],[43.2,37.2],[43.3,37.1],[43.3,37.0],[43.275,36.9],[43.3,36.88],[43.3167,36.9],[43.4,37.0],[43.5,37.0],[43.5,37.0],[43.5,37.1],[43.5,37.1],[43.4,37.2],[43.5,37.3],[43.6,37.3],[43.7,37.2],[43.7,37.1],[43.7,37.1],[43.7,37.1],[43.8,37.2],[43.9,37.1],[43.9,37.1],[44.0,37.0],[44.0,37.0],[44.1,37.0],[44.2,37.0],[44.3,36.98],[44.4,36.95],[44.5,37.0],[44.55,36.9],[44.6,36.85],[44.7,36.8],[44.6,36.7667],[44.56,36.7],[44.6,36.675],[44.7,36.7],[44.8,36.7],[44.9,36.6],[44.9,36.5],[44.9,36.4],[44.9,36.4],[45.0,36.4],[45.0,36.4],[45.0,36.5],[45.0,36.6],[45.0,36.7],[45.0,36.8],[45.0,36.9],[45.0,37.0],[45.0,37.1],[45.0,37.2],[45.0,37.3],[45.0,37.4],[45.0,37.5],[45.0,37.5],[44.9,37.6],[45.0,37.7],[45.0,37.7],[45.0,37.8],[45.0,37.8],[44.9,37.9],[44.9,38.0],[45.0,38.1],[45.0,38.1],[45.0,38.1],[44.9,38.1],[44.8,38.1],[44.7,38.2],[44.8,38.3],[44.8,38.3],[44.9,38.4],[45.0,38.4],[45.0,38.4],[45.0,38.5],[45.0,38.6],[45.0,38.7],[45.0,38.8],[45.0,38.9],[45.0,38.9333],[44.9,39.0],[44.9,39.0],[44.8,39.1],[44.8,39.1],[44.7,39.1],[44.6,39.2],[44.6,39.2],[44.5,39.3],[44.6,39.4],[44.7,39.4],[44.7,39.4],[44.7,39.5],[44.7,39.5],[44.6,39.5],[44.5,39.6],[44.5,39.7],[44.5,39.7],[44.4,39.8],[44.4,39.8],[44.3,39.8],[44.2,39.8],[44.1,39.8],[44.0,39.8],[43.9,39.9],[43.9,40.0],[44.0,40.1],[44.1,40.1],[44.2,40.1],[44.2,40.1],[44.2,40.1],[44.1,40.2],[44.2,40.3],[44.3,40.3],[44.4,40.2],[44.4,40.2],[44.5,40.1],[44.5,40.1],[44.6,40.1],[44.7,40.0],[44.7,40.0],[44.8,39.9],[44.8,39.8],[44.8,39.8],[44.9,39.8],[45.0,39.8],[45.0,39.8],[45.0,39.9],[45.0,40.0],[45.0,40.1],[45.0,40.2],[45.0,40.3],[45.0,40.4],[45.0,40.5],[45.0,40.6],[45.0,40.7],[45.0,40.8],[45.0,40.9],[45.0,41.0],[45.0,41.1],[45.0,41.2],[45.0,41.2],[44.9,41.2],[44.8,41.3],[44.8,41.3],[44.725,41.4],[44.7,41.5],[44.7,41.6],[44.8,41.7],[44.9,41.7],[45.0,41.7],[45.0,41.7],[45.0,41.8],[45.0,41.9],[45.0,42.0],[45.0,42.1],[45.0,42.2],[45.0,42.3],[45.0,42.4],[45.0,42.5],[45.0,42.6],[45.0,42.7],[45.0,42.8],[45.0,42.9],[45.0,43.0],[45.0,43.1],[45.0,43.2],[45.0,43.3],[45.0,43.3],[44.9,43.3],[44.8,43.3],[44.7,43.3],[44.6,43.4],[44.6,43.4],[44.5,43.4],[44.5,43.4],[44.4,43.3],[44.3,43.3],[44.2,43.4],[44.2,43.4],[44.1,43.4],[44.0,43.4],[43.9,43.5],[43.9,43.5],[43.8,43.6],[43.8,43.6],[43.7,43.6],[43.6,43.7],[43.6,43.7],[43.5,43.8],[43.5,43.8],[43.4,43.9],[43.4,43.9],[43.3,44.0],[43.3,44.0],[43.2,44.0],[43.1,44.1],[43.1,44.1],[43.0,44.1],[42.9,44.1],[42.8,44.1],[42.7,44.1],[42.6,44.2],[42.6,44.2],[42.5,44.3],[42.6,44.4],[42.6,44.4],[42.6,44.4],[42.5,44.4],[42.4,44.5],[42.4,44.5],[42.3,44.5],[42.2,44.6],[42.2,44.6],[42.1,44.7],[42.2,44.8],[42.2,44.8],[42.2,44.8],[42.1,44.9],[42.1,44.9],[42.1,44.9],[42.1,44.8],[42.0,44.7],[42.0,44.7],[41.9,44.6],[41.8,44.6],[41.7,44.6],[41.6,44.6],[41.6,44.6],[41.5,44.5],[41.4,44.5],[41.3,44.5],[41.2,44.5],[41.1,44.5],[41.0,44.5],[40.9,44.5],[40.8,44.5],[40.7,44.5],[40.6,44.5],[40.5,44.5],[40.4,44.5],[40.3,44.5],[40.2,44.5],[40.1,44.5],[40.0,44.5],[39.9,44.5],[39.9,44.5],[39.8,44.4],[39.7,44.4],[39.6,44.4],[39.5,44.4],[39.4,44.4],[39.4,44.4],[39.4,44.3],[39.4,44.2],[39.4,44.1],[39.4,44.1],[39.5,44.0],[39.5,44.0],[39.6,44.0],[39.7,43.9],[39.7,43.8],[39.7,43.8],[39.8,43.7],[39.8,43.7],[39.9,43.7],[40.0,43.6],[40.0,43.6],[40.1,43.5],[40.1,43.5],[40.2,43.4],[40.1,43.3],[40.0,43.4],[40.0,43.4],[39.9,43.5],[39.9,43.5],[39.8,43.5],[39.7,43.5],[39.6,43.6],[39.6,43.6],[39.5,43.7],[39.5,43.7],[39.4,43.8],[39.4,43.8],[39.3,43.9],[39.3,43.9],[39.2,44.0],[39.2,44.0],[39.1,44.1],[39.1,44.1],[39.0,44.2],[39.0,44.2],[38.9,44.2],[38.8,44.2],[38.7,44.3],[38.7,44.3],[38.6,44.3],[38.5,44.3],[38.4,44.3],[38.3,44.4],[38.3,44.4],[38.2,44.4],[38.1,44.5],[38.1,44.5],[38.0,44.6],[38.0,44.6],[37.9,44.7],[37.9,44.7],[37.8,44.7],[37.8,44.7],[37.7,44.6],[37.6,44.7],[37.6,44.7],[37.5,44.7],[37.4,44.7],[37.3,44.8],[37.3,44.8],[37.2,44.9],[37.2,45.0],[37.2,45.0],[37.1,45.1],[37.1,45.2],[37.2,45.3],[37.2,45.3],[37.3,45.4],[37.4,45.4],[37.5,45.4],[37.5,45.4],[37.6,45.5],[37.6,45.5],[37.6,45.6],[37.7,45.7],[37.8,45.7],[37.8,45.7],[37.9,45.8],[37.9,45.8],[38.0,45.9],[38.0,45.9],[38.0,45.9],[37.9,46.0],[38.0,46.1],[38.1,46.1],[38.1,46.1],[38.2,46.2],[38.3,46.2],[38.3,46.2],[38.3,46.2],[38.2,46.3],[38.2,46.3],[38.1,46.3],[38.0,46.3],[37.9,46.3],[37.8,46.4],[37.8,46.4],[37.7,46.5],[37.7,46.6],[37.7,46.6],[37.6,46.6],[37.5,46.6],[37.5,46.6],[37.5,46.6],[37.6,46.5],[37.5,46.4],[37.4,46.4],[37.3,46.4],[37.2,46.4],[37.1,46.5],[37.1,46.5],[37.0,46.6],[37.0,46.6],[37.0,46.6],[36.9,46.5],[36.8,46.5],[36.8,46.5],[36.8,46.5],[36.9,46.4],[36.9,46.4],[37.0,46.4],[37.1,46.4],[37.2,46.4],[37.3,46.3],[37.2,46.2],[37.1,46.2],[37.1,46.2],[37.0,46.1],[36.9,46.1],[36.8,46.1],[36.8,46.1],[36.7,46.0],[36.6,46.0],[36.5,46.1],[36.5,46.2],[36.5,46.2],[36.4,46.2],[36.4,46.2],[36.3,46.1],[36.2,46.1],[36.1,46.1],[36.1,46.1],[36.0,46.0],[35.9,46.0],[35.8,46.0],[35.7,46.0],[35.6,46.0],[35.5,46.0],[35.4,46.0],[35.4,46.0],[35.3,45.9],[35.2,45.9],[35.1,45.9],[35.1,45.9],[35.1,45.8],[35.1,45.7],[35.1,45.7],[35.2,45.6],[35.2,45.6],[35.3,45.5],[35.3,45.5],[35.4,45.4],[35.4,45.4],[35.5,45.3],[35.5,45.3],[35.5,45.3],[35.6,45.4],[35.7,45.4],[35.8,45.4],[35.9,45.4],[35.9,45.4],[36.0,45.5],[36.1,45.5],[36.2,45.5],[36.3,45.5],[36.4,45.5],[36.5,45.4],[36.5,45.3],[36.5,45.2],[36.5,45.1],[36.4,45.0],[36.3,45.0],[36.2,45.0],[36.1,45.0],[36.0,45.0],[35.9,45.0],[35.8,45.0],[35.7,45.1],[35.7,45.1],[35.6,45.1],[35.5,45.1],[35.5,45.1],[35.5,45.0],[35.4,44.9],[35.3,45.0],[35.3,45.0],[35.3,45.0],[35.2,44.9],[35.2,44.9],[35.1,44.8],[35.0,44.8],[34.9,44.8],[34.8,44.8],[34.8,44.8],[34.7,44.7],[34.6,44.7],[34.5,44.8],[34.5,44.8],[34.5,44.8],[34.5,44.7],[34.5,44.6],[34.4,44.5],[34.3,44.5],[34.2,44.5],[34.2,44.5],[34.1,44.4],[34.0,44.4],[33.9,44.4],[33.8,44.4],[33.7,44.4],[33.6,44.4],[33.5,44.5],[33.5,44.5],[33.4,44.6],[33.4,44.7],[33.5,44.8],[33.5,44.8],[33.6,44.9],[33.6,44.9],[33.6,45.0],[33.6,45.0],[33.5,45.1],[33.5,45.2],[33.5,45.2],[33.5,45.2],[33.4,45.1],[33.3,45.1],[33.2,45.2],[33.2,45.2],[33.1,45.3],[33.1,45.3],[33.0,45.3],[32.9,45.3],[32.8,45.4],[32.8,45.4],[32.8,45.4],[32.7,45.3],[32.6,45.3],[32.5,45.3],[32.4,45.4],[32.5,45.5],[32.6,45.5],[32.7,45.5],[32.7,45.5],[32.8,45.6],[32.8,45.6],[32.9,45.7],[32.9,45.7],[33.0,45.8],[33.1,45.7],[33.1,45.7],[33.1,45.7],[33.2,45.8],[33.3,45.8],[33.3,45.8],[33.4,45.9],[33.5,45.9],[33.5,45.9],[33.6,46.0],[33.6,46.0],[33.6,46.1],[33.6,46.1],[33.6,46.1],[33.5,46.0],[33.4,46.1],[33.4,46.1],[33.3,46.1],[33.2,46.1],[33.1,46.1],[33.0,46.1],[32.9,46.1],[32.8,46.1],[32.7,46.1],[32.6,46.1],[32.5,46.1],[32.4,46.1],[32.3,46.1],[32.2,46.1],[32.1,46.1],[32.0,46.2],[32.0,46.2],[31.9,46.3],[32.0,46.4],[32.0,46.4],[32.1,46.5],[32.2,46.5],[32.2,46.5],[32.3,46.6],[32.3,46.6],[32.3,46.6],[32.2,46.6],[32.1,46.6],[32.0,46.6],[31.9,46.6],[31.8,46.6],[31.7,46.6],[31.6,46.6],[31.5,46.6],[31.4,46.6],[31.3,46.6],[31.2,46.6],[31.1,46.6],[31.0,46.6],[30.9,46.6],[30.9,46.6],[30.8,46.5],[30.7,46.5],[30.7,46.5],[30.7,46.5],[30.8,46.4],[30.7,46.3],[30.7,46.3],[30.7,46.2],[30.6,46.1],[30.5,46.1],[30.4,46.1],[30.4,46.1],[30.4,46.0],[30.3,45.9],[30.3,45.9],[30.2,45.8],[30.1,45.8],[30.0,45.8],[30.0,45.8],[29.9,45.7],[29.8,45.7],[29.8,45.7],[29.7,45.6],[29.7,45.6],[29.7,45.5],[29.7,45.5],[29.8,45.4],[29.8,45.3],[29.7,45.2],[29.7,45.2],[29.7,45.1],[29.7,45.0],[29.7,44.9],[29.6,44.8],[29.5,44.8],[29.5,44.8],[29.4,44.7],[29.3,44.7],[29.2,44.7],[29.1,44.8],[29.1,44.8],[29.0,44.9],[29.0,45.0],[29.0,45.0],[29.0,45.0],[29.0,44.9],[28.9,44.8],[28.9,44.8],[28.8,44.7],[28.8,44.7],[28.8,44.6],[28.8,44.6],[28.9,44.5],[28.8,44.4],[28.8,44.4],[28.8,44.3],[28.7,44.2],[28.6,44.2],[28.6,44.2],[28.6,44.2],[28.7,44.2],[28.8,44.1],[28.7,44.0],[28.7,44.0],[28.6,43.9],[28.6,43.9],[28.6,43.8],[28.6,43.7],[28.6,43.6],[28.6,43.5],[28.6,43.4],[28.5,43.3],[28.4,43.3],[28.3,43.3],[28.2,43.3],[28.1,43.3],[28.1,43.3],[28.1,43.2],[28.0,43.1],[28.0,43.1],[27.9,43.0],[27.9,43.0],[27.9,42.9],[27.9,42.8],[27.9,42.7],[27.8,42.6],[27.7,42.6],[27.7,42.6],[27.6,42.5],[27.5,42.5],[27.5,42.5],[27.5,42.5],[27.6,42.5],[27.7,42.5],[27.8,42.4],[27.8,42.3],[27.8,42.3],[27.9,42.2],[27.9,42.2],[28.0,42.1],[28.0,42.0],[28.0,42.0],[28.1,41.9],[28.0,41.8],[28.0,41.8],[28.0,41.8],[28.1,41.7],[28.1,41.7],[28.2,41.6],[28.2,41.6],[28.3,41.5],[28.3,41.5],[28.4,41.5],[28.5,41.4],[28.5,41.4],[28.6,41.4],[28.7,41.4],[28.8,41.4],[28.9,41.3],[28.9,41.3],[29.0,41.3],[29.1,41.3],[29.2,41.3],[29.3,41.3],[29.4,41.2],[29.4,41.2],[29.5,41.2],[29.5,41.2],[29.6,41.3],[29.7,41.2],[29.7,41.2],[29.8,41.2],[29.9,41.2],[30.0,41.2],[30.1,41.2],[30.2,41.2],[30.3,41.2],[30.4,41.2],[30.5,41.2],[30.6,41.2],[30.7,41.2],[30.8,41.1],[30.8,41.0],[30.7,40.9],[30.7,40.9],[30.6,40.8],[30.6,40.8],[30.6,40.7],[30.5,40.6],[30.4,40.6],[30.3,40.7],[30.3,40.7],[30.2,40.7],[30.2,40.7],[30.1,40.6],[30.0,40.6],[29.9,40.6],[29.8,40.6],[29.7,40.6],[29.6,40.6],[29.6,40.6],[29.6,40.6],[29.7,40.5],[29.7,40.5],[29.8,40.5],[29.9,40.4],[29.8,40.3],[29.8,40.3],[29.7,40.2],[29.7,40.2],[29.7,40.1],[29.6,40.0],[29.5,40.0],[29.4,40.1],[29.4,40.1],[29.3,40.2],[29.3,40.2],[29.2,40.2],[29.2,40.2],[29.1,40.1],[29.0,40.1],[28.9,40.1],[28.8,40.1],[28.7,40.1],[28.7,40.1],[28.7,40.0],[28.6,39.9],[28.5,39.9],[28.4,39.9],[28.4,39.9],[28.3,39.8],[28.3,39.8],[28.3,39.7],[28.3,39.6],[28.3,39.5],[28.2,39.4],[28.2,39.4],[28.1,39.3],[28.0,39.3],[27.9,39.3],[27.9,39.3],[27.9,39.3],[28.0,39.2],[28.0,39.2],[28.1,39.1],[28.1,39.1],[28.2,39.1],[28.3,39.0],[28.3,39.0],[28.4,39.0],[28.5,39.0],[28.6,39.0],[28.7,39.0],[28.8,38.9],[28.8,38.9],[28.9,38.8],[28.9,38.8],[29.0,38.8],[29.0,38.8],[29.1,38.9],[29.2,38.8],[29.2,38.8],[29.3,38.7],[29.3,38.7],[29.4,38.6],[29.3,38.5],[29.2,38.6],[29.2,38.6],[29.2,38.6],[29.2,38.5],[29.2,38.5],[29.3,38.5],[29.4,38.4],[29.4,38.4],[29.5,38.3],[29.5,38.3],[29.5,38.3],[29.6,38.4],[29.7,38.4],[29.8,38.3],[29.8,38.3],[29.9,38.2],[29.9,38.2],[30.0,38.1],[30.0,38.1],[30.1,38.0],[30.0,37.9],[30.0,37.9],[30.0,37.8],[29.9,37.7],[29.9,37.7],[29.9,37.7],[30.0,37.7],[30.0,37.7],[30.1,37.8],[30.1,37.8],[30.2,37.9],[30.3,37.8],[30.3,37.7],[30.2,37.6],[30.2,37.6],[30.2,37.5],[30.1,37.4],[30.1,37.4],[30.0,37.3],[29.9,37.3],[29.8,37.4],[29.8,37.4],[29.7,37.5],[29.7,37.6],[29.7,37.6],[29.6,37.6],[29.5,37.7],[29.5,37.7],[29.4,37.7],[29.3,37.7],[29.3,37.7],[29.2,37.6],[29.1,37.7],[29.1,37.7],[29.0,37.7],[28.9,37.7],[28.8,37.7],[28.8,37.7],[28.8,37.7],[28.9,37.7],[29.0,37.6],[29.0,37.6],[29.1,37.5],[29.0,37.4],[29.0,37.4],[29.0,37.3],[29.0,37.3],[29.1,37.2],[29.1,37.2],[29.2,37.2],[29.3,37.1],[29.2,37.0],[29.2,37.0],[29.1,36.9],[29.1,36.9],[29.1,36.9],[29.2,36.8],[29.2,36.8],[29.3,36.8],[29.4,36.8],[29.5,36.7],[29.5,36.6],[29.5,36.5],[29.5,36.5],[29.6,36.4],[29.6,36.4],[29.6,36.4],[29.7,36.5],[29.8,36.5],[29.9,36.5],[30.0,36.4],[30.0,36.4],[30.0,36.4],[30.1,36.5],[30.1,36.5],[30.2,36.6],[30.3,36.6],[30.3,36.6],[30.4,36.7],[30.4,36.7],[30.4,36.8],[30.4,36.9],[30.4,37.0],[30.4,37.1],[30.5,37.2],[30.5,37.2],[30.6,37.3],[30.6,37.3],[30.6,37.4],[30.6,37.5],[30.7,37.6],[30.8,37.6],[30.9,37.6],[31.0,37.5],[30.9,37.4],[30.9,37.4],[30.9,37.4],[31.0,37.3],[31.0,37.3],[31.1,37.3],[31.2,37.3],[31.3,37.2],[31.3,37.2],[31.4,37.1],[31.4,37.1],[31.5,37.1],[31.6,37.0],[31.6,37.0],[31.7,37.0],[31.8,36.9],[31.8,36.9],[31.9,36.9],[32.0,36.8],[32.0,36.8],[32.1,36.7],[32.1,36.7],[32.2,36.6],[32.2,36.6],[32.3,36.6],[32.4,36.5],[32.4,36.5],[32.5,36.4],[32.5,36.4],[32.6,36.3],[32.6,36.3]]]}},{"type":"Feature","properties":{"layer_id":"change_T20","layer_label":"Change, T>20\u00b0C","low":-10.0,"high":0.0,"label":"-10\u20130 pp","fill":"#f7f7f7","fillOpacity":0.18,"stroke":"#f7f7f7","strokeOpacity":0.3,"strokeWeight":0.35},"geometry":{"type":"Polygon","coordinates":[[[32.7,36.5],[32.7,36.6],[32.8,36.7],[32.9,36.7],[33.0,36.6],[33.0,36.5],[32.9,36.4],[32.8,36.4],[32.7,36.5]]]}},{"type":"Feature","properties":{"layer_id":"change_T20","layer_label":"Change, T>20\u00b0C","low":-10.0,"high":0.0,"label":"-10\u20130 pp","fill":"#f7f7f7","fillOpacity":0.18,"stroke":"#f7f7f7","strokeOpacity":0.3,"strokeWeight":0.35},"geometry":{"type":"Polygon","coordinates":[[[29.7,36.6],[29.7,36.7],[29.7,36.8],[29.8,36.9],[29.9,36.9],[30.0,36.8],[30.0,36.7],[29.9,36.6],[29.9,36.6],[29.8,36.5],[29.7,36.6]]]}},{"type":"Feature","properties":{"layer_id":"change_T20","layer_label":"Change, T>20\u00b0C","low":-10.0,"high":0.0,"label":"-10\u20130 pp","fill":"#f7f7f7","fillOpacity":0.18,"stroke":"#f7f7f7","strokeOpacity":0.3,"strokeWeight":0.35},"geometry":{"type":"Polygon","coordinates":[[[29.6,37.0],[29.6,37.0],[29.5,37.1],[29.5,37.1],[29.4,37.1],[29.3,37.2],[29.3,37.3],[29.3,37.3],[29.2,37.4],[29.2,37.4],[29.1,37.5],[29.2,37.6],[29.3,37.6],[29.4,37.6],[29.5,37.6],[29.6,37.5],[29.6,37.4],[29.6,37.4],[29.7,37.3],[29.7,37.3],[29.8,37.2],[29.8,37.1],[29.8,37.0],[29.7,36.9],[29.6,37.0]]]}},{"type":"Feature","properties":{"layer_id":"change_T20","layer_label":"Change, T>20\u00b0C","low":-10.0,"high":0.0,"label":"-10\u20130 pp","fill":"#f7f7f7","fillOpacity":0.18,"stroke":"#f7f7f7","strokeOpacity":0.3,"strokeWeight":0.35},"geometry":{"type":"Polygon","coordinates":[[[32.8,37.4],[32.8,37.5],[32.8,37.6],[32.8,37.6],[32.7,37.7],[32.7,37.8],[32.8,37.9],[32.9,37.9],[33.0,37.9],[33.1,37.9],[33.1,37.9],[33.1,38.0],[33.1,38.0],[33.0,38.1],[33.0,38.2],[33.0,38.2],[32.9,38.2],[32.8,38.2],[32.7,38.2],[32.6,38.3],[32.6,38.4],[32.7,38.5],[32.7,38.5],[32.7,38.6],[32.7,38.6],[32.6,38.7],[32.7,38.8],[32.7,38.8],[32.7,38.9],[32.7,39.0],[32.8,39.1],[32.8,39.1],[32.9,39.2],[32.9,39.2],[32.9,39.3],[33.0,39.4],[33.0,39.4],[33.1,39.5],[33.2,39.5],[33.2,39.5],[33.3,39.6],[33.4,39.6],[33.5,39.6],[33.6,39.5],[33.6,39.4],[33.6,39.3],[33.6,39.3],[33.7,39.3],[33.8,39.2],[33.8,39.2],[33.9,39.2],[34.0,39.1],[34.0,39.1],[34.1,39.0],[34.0,38.9],[33.9,39.0],[33.9,39.0],[33.8,39.0],[33.7,39.0],[33.7,39.0],[33.7,38.9],[33.7,38.8],[33.7,38.8],[33.8,38.7],[33.8,38.7],[33.9,38.6],[33.9,38.5],[33.9,38.5],[34.0,38.5],[34.1,38.4],[34.1,38.3],[34.0,38.2],[34.0,38.2],[34.0,38.1],[34.0,38.1],[34.1,38.0],[34.1,38.0],[34.2,38.0],[34.3,37.9],[34.2,37.8],[34.2,37.8],[34.2,37.8],[34.3,37.7],[34.3,37.7],[34.4,37.6],[34.3,37.5],[34.3,37.5],[34.2,37.4],[34.1,37.4],[34.0,37.4],[33.9,37.5],[33.9,37.5],[33.8,37.6],[33.8,37.7],[33.9,37.8],[33.9,37.8],[33.9,37.8],[33.8,37.8],[33.8,37.8],[33.8,37.7],[33.7,37.6],[33.7,37.6],[33.6,37.5],[33.6,37.5],[33.5,37.4],[33.4,37.4],[33.3,37.4],[33.2,37.4],[33.1,37.4],[33.1,37.4],[33.0,37.3],[32.9,37.3],[32.8,37.4]]]}},{"type":"Feature","properties":{"layer_id":"change_T20","layer_label":"Change, T>20\u00b0C","low":-10.0,"high":0.0,"label":"-10\u20130 pp","fill":"#f7f7f7","fillOpacity":0.18,"stroke":"#f7f7f7","strokeOpacity":0.3,"strokeWeight":0.35},"geometry":{"type":"Polygon","coordinates":[[[31.4,37.7],[31.4,37.7],[31.3,37.8],[31.3,37.9],[31.4,38.0],[31.5,37.9],[31.5,37.9],[31.6,37.9],[31.7,37.8],[31.7,37.8],[31.8,37.7],[31.7,37.6],[31.6,37.6],[31.5,37.6],[31.4,37.7]]]}},{"type":"Feature","properties":{"layer_id":"change_T20","layer_label":"Change, T>20\u00b0C","low":-10.0,"high":0.0,"label":"-10\u20130 pp","fill":"#f7f7f7","fillOpacity":0.18,"stroke":"#f7f7f7","strokeOpacity":0.3,"strokeWeight":0.35},"geometry":{"type":"Polygon","coordinates":[[[30.7,37.9],[30.7,38.0],[30.8,38.1],[30.8,38.1],[30.8,38.1],[30.7,38.2],[30.8,38.3],[30.9,38.3],[31.0,38.2],[31.0,38.1],[31.0,38.0],[30.9,37.9],[30.9,37.9],[30.8,37.8],[30.7,37.9]]]}},{"type":"Feature","properties":{"layer_id":"change_T20","layer_label":"Change, T>20\u00b0C","low":-10.0,"high":0.0,"label":"-10\u20130 pp","fill":"#f7f7f7","fillOpacity":0.18,"stroke":"#f7f7f7","strokeOpacity":0.3,"strokeWeight":0.35},"geometry":{"type":"Polygon","coordinates":[[[32.5,37.9],[32.6,38.0],[32.7,37.9],[32.6,37.8],[32.5,37.9]]]}},{"type":"Feature","properties":{"layer_id":"change_T20","layer_label":"Change, T>20\u00b0C","low":-10.0,"high":0.0,"label":"-10\u20130 pp","fill":"#f7f7f7","fillOpacity":0.18,"stroke":"#f7f7f7","strokeOpacity":0.3,"strokeWeight":0.35},"geometry":{"type":"Polygon","coordinates":[[[35.1,38.2],[35.1,38.3],[35.1,38.4],[35.2,38.5],[35.3,38.5],[35.4,38.4],[35.4,38.4],[35.5,38.3],[35.4,38.2],[35.4,38.2],[35.3,38.1],[35.2,38.1],[35.1,38.2]]]}},{"type":"Feature","properties":{"layer_id":"change_T20","layer_label":"Change, T>20\u00b0C","low":-10.0,"high":0.0,"label":"-10\u20130 pp","fill":"#f7f7f7","fillOpacity":0.18,"stroke":"#f7f7f7","strokeOpacity":0.3,"strokeWeight":0.35},"geometry":{"type":"Polygon","coordinates":[[[31.5,38.4],[31.5,38.4],[31.4,38.4],[31.3,38.5],[31.3,38.6],[31.4,38.7],[31.5,38.6],[31.5,38.6],[31.6,38.5],[31.6,38.5],[31.7,38.4],[31.6,38.3],[31.5,38.4]]]}},{"type":"Feature","properties":{"layer_id":"change_T20","layer_label":"Change, T>20\u00b0C","low":-10.0,"high":0.0,"label":"-10\u20130 pp","fill":"#f7f7f7","fillOpacity":0.18,"stroke":"#f7f7f7","strokeOpacity":0.3,"strokeWeight":0.35},"geometry":{"type":"Polygon","coordinates":[[[42.8,38.4],[42.8,38.4],[42.7,38.4],[42.6,38.5],[42.6,38.5],[42.5,38.5],[42.4,38.5],[42.3,38.6],[42.4,38.7],[42.4,38.7],[42.5,38.8],[42.6,38.8],[42.6,38.8],[42.7,38.9],[42.8,38.8],[42.8,38.8],[42.8,38.8],[42.9,38.9],[43.0,38.9],[43.0,38.9],[43.1,39.0],[43.2,39.0],[43.3,39.0],[43.3,39.0],[43.4,39.1],[43.5,39.0],[43.5,38.9],[43.4,38.8],[43.4,38.8],[43.3,38.7],[43.3,38.7],[43.3,38.6],[43.3,38.5],[43.3,38.4],[43.2,38.3],[43.1,38.3],[43.0,38.3],[42.9,38.3],[42.8,38.4]]]}},{"type":"Feature","properties":{"layer_id":"change_T20","layer_label":"Change, T>20\u00b0C","low":-10.0,"high":0.0,"label":"-10\u20130 pp","fill":"#f7f7f7","fillOpacity":0.18,"stroke":"#f7f7f7","strokeOpacity":0.3,"strokeWeight":0.35},"geometry":{"type":"Polygon","coordinates":[[[29.4,38.5],[29.5,38.6],[29.5,38.6],[29.5,38.7],[29.6,38.8],[29.7,38.7],[29.7,38.6],[29.6,38.5],[29.6,38.5],[29.5,38.4],[29.4,38.5]]]}},{"type":"Feature","properties":{"layer_id":"change_T20","layer_label":"Change, T>20\u00b0C","low":-10.0,"high":0.0,"label":"-10\u20130 pp","fill":"#f7f7f7","fillOpacity":0.18,"stroke":"#f7f7f7","strokeOpacity":0.3,"strokeWeight":0.35},"geometry":{"type":"Polygon","coordinates":[[[44.8,38.5],[44.8,38.6],[44.9,38.7],[44.95,38.6],[44.9667,38.5],[44.9,38.4],[44.8,38.5]]]}},{"type":"Feature","properties":{"layer_id":"change_T20","layer_label":"Change, T>20\u00b0C","low":-10.0,"high":0.0,"label":"-10\u20130 pp","fill":"#f7f7f7","fillOpacity":0.18,"stroke":"#f7f7f7","strokeOpacity":0.3,"strokeWeight":0.35},"geometry":{"type":"Polygon","coordinates":[[[41.7,38.6],[41.7,38.6],[41.6,38.7],[41.6,38.7],[41.5,38.7],[41.4,38.8],[41.5,38.9],[41.6,38.9],[41.7,38.8],[41.7,38.8],[41.8,38.8],[41.9,38.8],[42.0,38.7],[42.0,38.7],[42.1,38.6],[42.0,38.5],[41.9,38.5],[41.8,38.5],[41.7,38.6]]]}},{"type":"Feature","properties":{"layer_id":"change_T20","layer_label":"Change, T>20\u00b0C","low":-10.0,"high":0.0,"label":"-10\u20130 pp","fill":"#f7f7f7","fillOpacity":0.18,"stroke":"#f7f7f7","strokeOpacity":0.3,"strokeWeight":0.35},"geometry":{"type":"Polygon","coordinates":[[[31.7,38.8],[31.8,38.9],[31.9,38.9],[32.0,38.9],[32.1,38.8],[32.0,38.7],[31.9,38.7],[31.8,38.7],[31.7,38.8]]]}},{"type":"Feature","properties":{"layer_id":"change_T20","layer_label":"Change, T>20\u00b0C","low":-10.0,"high":0.0,"label":"-10\u20130 pp","fill":"#f7f7f7","fillOpacity":0.18,"stroke":"#f7f7f7","strokeOpacity":0.3,"strokeWeight":0.35},"geometry":{"type":"Polygon","coordinates":[[[34.2,39.4],[34.3,39.5],[34.4,39.5],[34.5,39.4],[34.4,39.3],[34.3,39.3],[34.2,39.4]]]}},{"type":"Feature","properties":{"layer_id":"change_T20","layer_label":"Change, T>20\u00b0C","low":-10.0,"high":0.0,"label":"-10\u20130 pp","fill":"#f7f7f7","fillOpacity":0.18,"stroke":"#f7f7f7","strokeOpacity":0.3,"strokeWeight":0.35},"geometry":{"type":"Polygon","coordinates":[[[33.8,39.5],[33.8,39.6],[33.8,39.7],[33.8,39.8],[33.8,39.8],[33.7,39.9],[33.8,40.0],[33.8,40.0],[33.9,40.1],[33.9,40.1],[33.9,40.1],[33.8,40.2],[33.8,40.2],[33.7,40.2],[33.7,40.2],[33.7,40.1],[33.7,40.0],[33.7,39.9],[33.6,39.8],[33.6,39.8],[33.5,39.7],[33.4,39.7],[33.3,39.8],[33.3,39.9],[33.4,40.0],[33.4,40.0],[33.4,40.1],[33.5,40.2],[33.5,40.2],[33.6,40.3],[33.6,40.3],[33.7,40.4],[33.7,40.4],[33.8,40.5],[33.9,40.5],[34.0,40.5],[34.0,40.5],[34.1,40.6],[34.2,40.6],[34.3,40.5],[34.3,40.4],[34.3,40.3],[34.3,40.2],[34.3,40.1],[34.2,40.0],[34.2,40.0],[34.2,39.9],[34.2,39.9],[34.3,39.8],[34.2,39.7],[34.1,39.7],[34.1,39.7],[34.0,39.6],[34.0,39.6],[34.0,39.5],[33.9,39.4],[33.8,39.5]]]}},{"type":"Feature","properties":{"layer_id":"change_T20","layer_label":"Change, T>20\u00b0C","low":-10.0,"high":0.0,"label":"-10\u20130 pp","fill":"#f7f7f7","fillOpacity":0.18,"stroke":"#f7f7f7","strokeOpacity":0.3,"strokeWeight":0.35},"geometry":{"type":"Polygon","coordinates":[[[31.7,39.6],[31.7,39.7],[31.8,39.8],[31.9,39.8],[32.0,39.7],[31.9,39.6],[31.9,39.6],[31.8,39.5],[31.7,39.6]]]}},{"type":"Feature","properties":{"layer_id":"change_T20","layer_label":"Change, T>20\u00b0C","low":-10.0,"high":0.0,"label":"-10\u20130 pp","fill":"#f7f7f7","fillOpacity":0.18,"stroke":"#f7f7f7","strokeOpacity":0.3,"strokeWeight":0.35},"geometry":{"type":"Polygon","coordinates":[[[30.0,40.1],[30.0,40.1],[29.9,40.2],[29.9,40.3],[29.9,40.4],[30.0,40.5],[30.1,40.5],[30.1,40.5],[30.2,40.6],[30.3,40.5],[30.3,40.4],[30.3,40.3],[30.3,40.2],[30.3,40.1],[30.2,40.0],[30.1,40.0],[30.0,40.1]]]}},{"type":"Feature","properties":{"layer_id":"change_T20","layer_label":"Change, T>20\u00b0C","low":-10.0,"high":0.0,"label":"-10\u20130 pp","fill":"#f7f7f7","fillOpacity":0.18,"stroke":"#f7f7f7","strokeOpacity":0.3,"strokeWeight":0.35},"geometry":{"type":"Polygon","coordinates":[[[38.0,40.9],[38.1,41.0],[38.2,41.0],[38.3,41.0],[38.4,41.0],[38.5,41.0],[38.6,41.0],[38.7,41.0],[38.8,41.0],[38.8,41.0],[38.9,41.1],[39.0,41.1],[39.1,41.1],[39.2,41.0],[39.1,40.9],[39.0,40.9],[38.9,40.9],[38.9,40.9],[38.8,40.8],[38.7,40.8],[38.6,40.8],[38.5,40.8],[38.4,40.8],[38.3,40.8],[38.2,40.8],[38.1,40.8],[38.0,40.9]]]}},{"type":"Feature","properties":{"layer_id":"change_T20","layer_label":"Change, T>20\u00b0C","low":-10.0,"high":0.0,"label":"-10\u20130 pp","fill":"#f7f7f7","fillOpacity":0.18,"stroke":"#f7f7f7","strokeOpacity":0.3,"strokeWeight":0.35},"geometry":{"type":"Polygon","coordinates":[[[39.7,40.9],[39.8,41.0],[39.9,41.0],[40.0,41.0],[40.1,41.0],[40.2,41.0],[40.3,41.0],[40.3,41.0],[40.4,41.1],[40.5,41.1],[40.6,41.1],[40.6,41.1],[40.7,41.2],[40.7,41.2],[40.8,41.3],[40.9,41.2],[40.9,41.2],[41.0,41.2],[41.0,41.2],[41.1,41.3],[41.2,41.3],[41.2,41.3],[41.3,41.4],[41.3,41.4],[41.4,41.5],[41.5,41.5],[41.5,41.5],[41.6,41.6],[41.6,41.6],[41.7,41.7],[41.7,41.7],[41.8,41.8],[41.8,41.8],[41.8,41.8],[41.7,41.9],[41.7,42.0],[41.7,42.1],[41.7,42.1],[41.6,42.2],[41.6,42.2],[41.5,42.3],[41.5,42.4],[41.5,42.4],[41.4,42.5],[41.5,42.6],[41.5,42.6],[41.5,42.6],[41.4,42.7],[41.4,42.7],[41.3,42.8],[41.3,42.8],[41.2,42.8],[41.1,42.8],[41.0,42.9],[41.0,42.9],[40.9,43.0],[40.9,43.0],[40.8,43.0],[40.7,43.1],[40.8,43.2],[40.9,43.2],[41.0,43.2],[41.1,43.1],[41.1,43.1],[41.2,43.1],[41.3,43.0],[41.3,43.0],[41.4,43.0],[41.5,42.9],[41.5,42.9],[41.6,42.9],[41.7,42.8],[41.7,42.8],[41.8,42.7],[41.8,42.7],[41.9,42.7],[42.0,42.7],[42.1,42.7],[42.2,42.6],[42.2,42.6],[42.3,42.6],[42.4,42.5],[42.4,42.5],[42.5,42.5],[42.6,42.4],[42.6,42.4],[42.7,42.4],[42.8,42.4],[42.9,42.3],[42.9,42.3],[43.0,42.3],[43.1,42.2],[43.0,42.1],[42.9,42.1],[42.8,42.1],[42.8,42.1],[42.7,42.0],[42.6,42.0],[42.5,42.0],[42.4,42.0],[42.3,42.0],[42.3,42.0],[42.2,41.9],[42.1,41.9],[42.1,41.9],[42.0,41.8],[42.0,41.8],[41.9,41.7],[41.9,41.7],[41.8,41.6],[41.8,41.6],[41.7,41.5],[41.7,41.5],[41.7,41.4],[41.6,41.3],[41.5,41.3],[41.4,41.3],[41.4,41.3],[41.3,41.2],[41.3,41.2],[41.2,41.1],[41.1,41.1],[41.1,41.1],[41.0,41.0],[40.9,41.0],[40.8,41.0],[40.7,41.0],[40.7,41.0],[40.6,40.9],[40.5,40.9],[40.5,40.9],[40.4,40.8],[40.3,40.8],[40.2,40.8],[40.1,40.8],[40.0,40.8],[39.9,40.8],[39.8,40.8],[39.7,40.9]]]}},{"type":"Feature","properties":{"layer_id":"change_T20","layer_label":"Change, T>20\u00b0C","low":-10.0,"high":0.0,"label":"-10\u20130 pp","fill":"#f7f7f7","fillOpacity":0.18,"stroke":"#f7f7f7","strokeOpacity":0.3,"strokeWeight":0.35},"geometry":{"type":"Polygon","coordinates":[[[34.6,41.0],[34.7,41.1],[34.8,41.1],[34.9,41.0],[34.8,40.9],[34.7,40.9],[34.6,41.0]]]}},{"type":"Feature","properties":{"layer_id":"change_T20","layer_label":"Change, T>20\u00b0C","low":-10.0,"high":0.0,"label":"-10\u20130 pp","fill":"#f7f7f7","fillOpacity":0.18,"stroke":"#f7f7f7","strokeOpacity":0.3,"strokeWeight":0.35},"geometry":{"type":"Polygon","coordinates":[[[37.3,41.0],[37.3,41.0],[37.2,41.0],[37.1,41.0],[37.0,41.0],[36.9,41.0],[36.8,41.0],[36.7,41.1],[36.7,41.1],[36.6,41.1],[36.5,41.1],[36.4,41.2],[36.5,41.3],[36.6,41.3],[36.6,41.3],[36.7,41.4],[36.8,41.4],[36.9,41.4],[37.0,41.3],[37.0,41.3],[37.1,41.2],[37.1,41.2],[37.2,41.2],[37.3,41.2],[37.4,41.2],[37.5,41.1],[37.5,41.1],[37.6,41.1],[37.6,41.1],[37.7,41.2],[37.8,41.1],[37.8,41.1],[37.9,41.0],[37.8,40.9],[37.7,40.9],[37.6,40.9],[37.5,40.9],[37.4,40.9],[37.3,41.0]]]}},{"type":"Feature","properties":{"layer_id":"change_T20","layer_label":"Change, T>20\u00b0C","low":-10.0,"high":0.0,"label":"-10\u20130 pp","fill":"#f7f7f7","fillOpacity":0.18,"stroke":"#f7f7f7","strokeOpacity":0.3,"strokeWeight":0.35},"geometry":{"type":"Polygon","coordinates":[[[39.4,41.0],[39.4,41.1],[39.5,41.2],[39.6,41.1],[39.6,41.1],[39.7,41.0],[39.6,40.9],[39.5,40.9],[39.4,41.0]]]}},{"type":"Feature","properties":{"layer_id":"change_T20","layer_label":"Change, T>20\u00b0C","low":-10.0,"high":0.0,"label":"-10\u20130 pp","fill":"#f7f7f7","fillOpacity":0.18,"stroke":"#f7f7f7","strokeOpacity":0.3,"strokeWeight":0.35},"geometry":{"type":"Polygon","coordinates":[[[31.0,41.1],[31.1,41.2],[31.2,41.2],[31.3,41.2],[31.3,41.2],[31.4,41.3],[31.4,41.3],[31.5,41.4],[31.6,41.4],[31.6,41.4],[31.7,41.5],[31.8,41.5],[31.8,41.5],[31.9,41.6],[32.0,41.6],[32.0,41.6],[32.1,41.7],[32.2,41.7],[32.2,41.7],[32.3,41.8],[32.4,41.8],[32.5,41.7],[32.4,41.6],[32.4,41.6],[32.3,41.5],[32.3,41.5],[32.2,41.4],[32.1,41.4],[32.0,41.4],[32.0,41.4],[31.9,41.3],[31.8,41.3],[31.7,41.3],[31.7,41.3],[31.6,41.2],[31.6,41.2],[31.5,41.1],[31.4,41.1],[31.4,41.1],[31.3,41.0],[31.2,41.0],[31.1,41.0],[31.0,41.1]]]}},{"type":"Feature","properties":{"layer_id":"change_T20","layer_label":"Change, T>20\u00b0C","low":-10.0,"high":0.0,"label":"-10\u20130 pp","fill":"#f7f7f7","fillOpacity":0.18,"stroke":"#f7f7f7","strokeOpacity":0.3,"strokeWeight":0.35},"geometry":{"type":"Polygon","coordinates":[[[36.2,41.3],[36.2,41.3],[36.1,41.3],[36.0,41.3],[35.9,41.4],[35.9,41.4],[35.8,41.4],[35.7,41.4],[35.6,41.5],[35.6,41.5],[35.5,41.6],[35.6,41.7],[35.7,41.7],[35.8,41.7],[35.8,41.7],[35.9,41.8],[36.0,41.8],[36.1,41.7],[36.1,41.6],[36.1,41.6],[36.2,41.5],[36.2,41.5],[36.3,41.4],[36.3,41.4],[36.4,41.3],[36.3,41.2],[36.2,41.3]]]}},{"type":"Feature","properties":{"layer_id":"change_T20","layer_label":"Change, T>20\u00b0C","low":-10.0,"high":0.0,"label":"-10\u20130 pp","fill":"#f7f7f7","fillOpacity":0.18,"stroke":"#f7f7f7","strokeOpacity":0.3,"strokeWeight":0.35},"geometry":{"type":"Polygon","coordinates":[[[34.3,41.9],[34.4,42.0],[34.5,42.0],[34.6,42.0],[34.7,42.0],[34.8,42.0],[34.9,42.0],[34.9,42.0],[34.9,42.1],[35.0,42.2],[35.1,42.1],[35.1,42.0],[35.1,42.0],[35.2,41.9],[35.1,41.8],[35.0,41.8],[34.9,41.8],[34.8,41.8],[34.7,41.8],[34.6,41.8],[34.5,41.8],[34.4,41.8],[34.3,41.9]]]}},{"type":"Feature","properties":{"layer_id":"change_T20","layer_label":"Change, T>20\u00b0C","low":-10.0,"high":0.0,"label":"-10\u20130 pp","fill":"#f7f7f7","fillOpacity":0.18,"stroke":"#f7f7f7","strokeOpacity":0.3,"strokeWeight":0.35},"geometry":{"type":"Polygon","coordinates":[[[33.3,42.0],[33.4,42.1],[33.5,42.0],[33.4,41.9],[33.3,42.0]]]}},{"type":"Feature","properties":{"layer_id":"change_T20","layer_label":"Change, T>20\u00b0C","low":-10.0,"high":0.0,"label":"-10\u20130 pp","fill":"#f7f7f7","fillOpacity":0.18,"stroke":"#f7f7f7","strokeOpacity":0.3,"strokeWeight":0.35},"geometry":{"type":"Polygon","coordinates":[[[40.5,43.1],[40.5,43.1],[40.4,43.1],[40.3,43.2],[40.4,43.3],[40.5,43.3],[40.6,43.2],[40.6,43.2],[40.7,43.1],[40.6,43.0],[40.5,43.1]]]}},{"type":"Feature","properties":{"layer_id":"change_T20","layer_label":"Change, T>20\u00b0C","low":-10.0,"high":0.0,"label":"-10\u20130 pp","fill":"#f7f7f7","fillOpacity":0.18,"stroke":"#f7f7f7","strokeOpacity":0.3,"strokeWeight":0.35},"geometry":{"type":"Polygon","coordinates":[[[36.7,45.2],[36.8,45.3],[36.9,45.3],[36.9,45.3],[37.0,45.4],[37.1,45.3],[37.0,45.2],[37.0,45.2],[36.9,45.1],[36.8,45.1],[36.7,45.2]]]}},{"type":"Feature","properties":{"layer_id":"change_T20","layer_label":"Change, T>20\u00b0C","low":-10.0,"high":0.0,"label":"-10\u20130 pp","fill":"#f7f7f7","fillOpacity":0.18,"stroke":"#f7f7f7","strokeOpacity":0.3,"strokeWeight":0.35},"geometry":{"type":"Polygon","coordinates":[[[-4.5,36.9],[-4.5,36.9],[-4.4,37.0],[-4.3,37.0],[-4.2,37.0],[-4.1,37.0],[-4.0,36.9],[-4.0,36.9],[-3.9,36.9],[-3.8,36.9],[-3.8,36.9],[-3.8,37.0],[-3.8,37.0],[-3.9,37.0],[-4.0,37.0],[-4.1,37.1],[-4.1,37.1],[-4.2,37.1],[-4.3,37.1],[-4.4,37.1],[-4.4,37.1],[-4.5,37.0],[-4.6,37.0],[-4.7,37.0],[-4.7,37.0],[-4.7,37.0],[-4.6,37.0],[-4.5,36.9],[-4.5,36.9]]]}},{"type":"Feature","properties":{"layer_id":"change_T20","layer_label":"Change, T>20\u00b0C","low":-10.0,"high":0.0,"label":"-10\u20130 pp","fill":"#f7f7f7","fillOpacity":0.18,"stroke":"#f7f7f7","strokeOpacity":0.3,"strokeWeight":0.35},"geometry":{"type":"Polygon","coordinates":[[[-2.8,36.9],[-2.8,36.9],[-2.8,37.0],[-2.8,37.0],[-2.9,37.1],[-2.8,37.2],[-2.7,37.2],[-2.6,37.2],[-2.5,37.2],[-2.4,37.2],[-2.3,37.2],[-2.3,37.2],[-2.3,37.3],[-2.3,37.3],[-2.4,37.4],[-2.3,37.5],[-2.2,37.5],[-2.1,37.5],[-2.1,37.5],[-2.0,37.6],[-1.9,37.6],[-1.9,37.6],[-1.9,37.7],[-1.9,37.8],[-1.8,37.9],[-1.7,37.9],[-1.7,37.9],[-1.7,38.0],[-1.7,38.0],[-1.8,38.1],[-1.8,38.1],[-1.9,38.2],[-1.9,38.2],[-2.0,38.3],[-2.0,38.3],[-2.1,38.3],[-2.2,38.3],[-2.2,38.3],[-2.3,38.2],[-2.4,38.2],[-2.5,38.3],[-2.4,38.4],[-2.4,38.4],[-2.3,38.5],[-2.2,38.5],[-2.1,38.5],[-2.1,38.5],[-2.0,38.6],[-1.9,38.6],[-1.9,38.6],[-1.8,38.7],[-1.7,38.7],[-1.6,38.6],[-1.6,38.6],[-1.5,38.6],[-1.4,38.6],[-1.4,38.6],[-1.3,38.7],[-1.2,38.7],[-1.2,38.7],[-1.1,38.8],[-1.1,38.8],[-1.0,38.9],[-0.9,38.9],[-0.9,38.9],[-0.9,39.0],[-0.9,39.0],[-1.0,39.1],[-1.0,39.1],[-1.1,39.1],[-1.2,39.1],[-1.3,39.2],[-1.3,39.2],[-1.4,39.2],[-1.4,39.2],[-1.5,39.1],[-1.5,39.1],[-1.5,39.0],[-1.6,38.9],[-1.7,38.9],[-1.7,38.9],[-1.7,38.8],[-1.8,38.7],[-1.9,38.7],[-2.0,38.7],[-2.1,38.8],[-2.1,38.9],[-2.1,38.9],[-2.1,38.9],[-2.2,38.8],[-2.3,38.8],[-2.3,38.8],[-2.4,38.7],[-2.5,38.7],[-2.6,38.7],[-2.6,38.7],[-2.6,38.7],[-2.5,38.6],[-2.5,38.5],[-2.5,38.4],[-2.6,38.3],[-2.7,38.3],[-2.7,38.3],[-2.7,38.2],[-2.8,38.1],[-2.8,38.1],[-2.9,38.0],[-2.9,38.0],[-3.0,37.9],[-3.0,37.9],[-3.0,37.8],[-3.0,37.8],[-2.9,37.8],[-2.8,37.8],[-2.7,37.8],[-2.6,37.8],[-2.5,37.7],[-2.5,37.6],[-2.5,37.5],[-2.5,37.5],[-2.4,37.4],[-2.5,37.3],[-2.6,37.4],[-2.6,37.4],[-2.7,37.5],[-2.7,37.5],[-2.8,37.5],[-2.9,37.5],[-3.0,37.5],[-3.1,37.5],[-3.2,37.5],[-3.3,37.5],[-3.4,37.6],[-3.3,37.7],[-3.3,37.7],[-3.3,37.7],[-3.4,37.7],[-3.5,37.8],[-3.5,37.8],[-3.5,37.8],[-3.6,37.7],[-3.7,37.7],[-3.7,37.7],[-3.8,37.6],[-3.9,37.6],[-3.9,37.6],[-4.0,37.5],[-4.0,37.5],[-4.0,37.4],[-4.0,37.4],[-3.9,37.3],[-3.9,37.3],[-3.8,37.3],[-3.8,37.3],[-3.7,37.4],[-3.6,37.4],[-3.5,37.3],[-3.5,37.2],[-3.5,37.1],[-3.5,37.0],[-3.5,37.0],[-3.4,37.0],[-3.3,37.0],[-3.2,37.0],[-3.2,37.0],[-3.1,37.1],[-3.0,37.1],[-2.9,37.0],[-2.9,37.0],[-2.8,36.9],[-2.8,36.9]]]}},{"type":"Feature","properties":{"layer_id":"change_T20","layer_label":"Change, T>20\u00b0C","low":-10.0,"high":0.0,"label":"-10\u20130 pp","fill":"#f7f7f7","fillOpacity":0.18,"stroke":"#f7f7f7","strokeOpacity":0.3,"strokeWeight":0.35},"geometry":{"type":"Polygon","coordinates":[[[-3.2,37.2],[-3.2,37.2],[-3.3,37.2],[-3.4,37.3],[-3.3,37.4],[-3.3,37.4],[-3.2,37.5],[-3.1,37.5],[-3.0,37.4],[-3.0,37.3],[-3.0,37.2],[-3.1,37.1],[-3.2,37.2]]]}},{"type":"Feature","properties":{"layer_id":"change_T20","layer_label":"Change, T>20\u00b0C","low":-10.0,"high":0.0,"label":"-10\u20130 pp","fill":"#f7f7f7","fillOpacity":0.18,"stroke":"#f7f7f7","strokeOpacity":0.3,"strokeWeight":0.35},"geometry":{"type":"Polygon","coordinates":[[[-3.7,37.5],[-3.6,37.6],[-3.5,37.6],[-3.4,37.5],[-3.5,37.4],[-3.6,37.4],[-3.7,37.5]]]}},{"type":"Feature","properties":{"layer_id":"change_T20","layer_label":"Change, T>20\u00b0C","low":-10.0,"high":0.0,"label":"-10\u20130 pp","fill":"#f7f7f7","fillOpacity":0.18,"stroke":"#f7f7f7","strokeOpacity":0.3,"strokeWeight":0.35},"geometry":{"type":"Polygon","coordinates":[[[22.3,37.5],[22.4,37.5],[22.4,37.5],[22.4,37.6],[22.4,37.7],[22.5,37.8],[22.5,37.8],[22.5,37.9],[22.5,38.0],[22.5,38.0],[22.4,38.0],[22.3,38.0],[22.2,38.0],[22.2,38.0],[22.2,38.0],[22.3,37.9],[22.3,37.9],[22.4,37.8],[22.3,37.7],[22.2,37.7],[22.1,37.7],[22.1,37.7],[22.1,37.6],[22.1,37.6],[22.2,37.6],[22.3,37.5],[22.3,37.5]]]}},{"type":"Feature","properties":{"layer_id":"change_T20","layer_label":"Change, T>20\u00b0C","low":-10.0,"high":0.0,"label":"-10\u20130 pp","fill":"#f7f7f7","fillOpacity":0.18,"stroke":"#f7f7f7","strokeOpacity":0.3,"strokeWeight":0.35},"geometry":{"type":"Polygon","coordinates":[[[14.9,37.7],[15.0,37.7],[15.0,37.7],[15.0,37.8],[15.0,37.9],[15.0,37.9],[14.9,37.9],[14.8,37.9],[14.7,37.9],[14.6,37.9],[14.5,37.9],[14.5,37.9],[14.4,37.8],[14.3,37.8],[14.2,37.8],[14.1,37.8],[14.0,37.8],[14.0,37.8],[14.0,37.8],[14.1,37.8],[14.2,37.8],[14.3,37.8],[14.4,37.8],[14.5,37.8],[14.6,37.8],[14.6,37.8],[14.7,37.9],[14.8,37.8],[14.8,37.8],[14.9,37.7],[14.9,37.7]]]}},{"type":"Feature","properties":{"layer_id":"change_T20","layer_label":"Change, T>20\u00b0C","low":-10.0,"high":0.0,"label":"-10\u20130 pp","fill":"#f7f7f7","fillOpacity":0.18,"stroke":"#f7f7f7","strokeOpacity":0.3,"strokeWeight":0.35},"geometry":{"type":"Polygon","coordinates":[[[16.5,39.1],[16.6,39.1],[16.7,39.1],[16.7,39.1],[16.7,39.2],[16.7,39.3],[16.7,39.3],[16.6,39.4],[16.6,39.4],[16.5,39.4],[16.5,39.4],[16.5,39.3],[16.4,39.2],[16.4,39.2],[16.4,39.2],[16.5,39.1],[16.5,39.1]]]}},{"type":"Feature","properties":{"layer_id":"change_T20","layer_label":"Change, T>20\u00b0C","low":-10.0,"high":0.0,"label":"-10\u20130 pp","fill":"#f7f7f7","fillOpacity":0.18,"stroke":"#f7f7f7","strokeOpacity":0.3,"strokeWeight":0.35},"geometry":{"type":"Polygon","coordinates":[[[27.4,39.6],[27.5,39.6],[27.5,39.6],[27.5,39.7],[27.5,39.8],[27.5,39.8],[27.4,39.8],[27.3,39.8],[27.2,39.8],[27.1,39.8],[27.0,39.9],[27.0,39.9],[27.0,39.9],[26.9,39.8],[26.8,39.8],[26.8,39.8],[26.8,39.7],[26.8,39.7],[26.9,39.7],[26.9,39.7],[27.0,39.8],[27.1,39.8],[27.2,39.8],[27.3,39.8],[27.4,39.7],[27.4,39.6],[27.4,39.6]]]}},{"type":"Feature","properties":{"layer_id":"change_T20","layer_label":"Change, T>20\u00b0C","low":-10.0,"high":0.0,"label":"-10\u20130 pp","fill":"#f7f7f7","fillOpacity":0.18,"stroke":"#f7f7f7","strokeOpacity":0.3,"strokeWeight":0.35},"geometry":{"type":"Polygon","coordinates":[[[22.3,40.0],[22.4,40.0],[22.4,40.0],[22.4,40.1],[22.4,40.1],[22.3,40.2],[22.3,40.2],[22.2,40.3],[22.2,40.4],[22.2,40.4],[22.1,40.5],[22.1,40.6],[22.1,40.6],[22.0,40.7],[22.0,40.7],[21.9,40.7],[21.9,40.7],[21.8,40.6],[21.8,40.6],[21.8,40.5],[21.8,40.5],[21.9,40.5],[22.0,40.4],[22.0,40.4],[22.1,40.4],[22.2,40.3],[22.2,40.2],[22.2,40.1],[22.2,40.1],[22.3,40.0],[22.3,40.0]]]}},{"type":"Feature","properties":{"layer_id":"change_T20","layer_label":"Change, T>20\u00b0C","low":-10.0,"high":0.0,"label":"-10\u20130 pp","fill":"#f7f7f7","fillOpacity":0.18,"stroke":"#f7f7f7","strokeOpacity":0.3,"strokeWeight":0.35},"geometry":{"type":"Polygon","coordinates":[[[27.5,40.3],[27.6,40.3],[27.7,40.3],[27.7,40.3],[27.8,40.4],[27.8,40.4],[27.9,40.5],[28.0,40.4],[28.0,40.4],[28.0,40.4],[28.1,40.5],[28.2,40.5],[28.3,40.5],[28.4,40.5],[28.5,40.5],[28.6,40.4],[28.6,40.4],[28.7,40.4],[28.7,40.4],[28.8,40.5],[28.8,40.5],[28.9,40.6],[28.9,40.6],[29.0,40.7],[29.1,40.7],[29.2,40.7],[29.2,40.7],[29.3,40.8],[29.3,40.8],[29.3,40.8],[29.2,40.9],[29.2,40.9],[29.1,40.9],[29.0,40.9],[28.9,40.9],[28.8,40.9],[28.7,40.9],[28.6,40.9],[28.5,40.9],[28.4,41.0],[28.4,41.0],[28.3,41.0],[28.2,41.0],[28.1,41.0],[28.1,41.0],[28.0,40.9],[27.9,40.9],[27.8,40.9],[27.7,40.9],[27.6,40.9],[27.5,40.9],[27.5,40.9],[27.5,40.8],[27.4,40.7],[27.3,40.7],[27.3,40.7],[27.2,40.6],[27.1,40.6],[27.1,40.6],[27.0,40.5],[26.9,40.5],[26.9,40.5],[26.9,40.5],[27.0,40.5],[27.1,40.5],[27.2,40.5],[27.3,40.5],[27.4,40.4],[27.4,40.4],[27.5,40.3],[27.5,40.3]]]}},{"type":"Feature","properties":{"layer_id":"change_T20","layer_label":"Change, T>20\u00b0C","low":-10.0,"high":0.0,"label":"-10\u20130 pp","fill":"#f7f7f7","fillOpacity":0.18,"stroke":"#f7f7f7","strokeOpacity":0.3,"strokeWeight":0.35},"geometry":{"type":"Polygon","coordinates":[[[27.5,40.6],[27.6,40.7],[27.7,40.6],[27.6,40.5],[27.5,40.6]]]}},{"type":"Feature","properties":{"layer_id":"change_T20","layer_label":"Change, T>20\u00b0C","low":-10.0,"high":0.0,"label":"-10\u20130 pp","fill":"#f7f7f7","fillOpacity":0.18,"stroke":"#f7f7f7","strokeOpacity":0.3,"strokeWeight":0.35},"geometry":{"type":"Polygon","coordinates":[[[15.1,40.7],[15.1,40.7],[15.2,40.8],[15.2,40.8],[15.3,40.9],[15.3,40.9],[15.3,40.9],[15.2,40.9],[15.1,40.9],[15.0,40.9],[14.9,40.9],[14.9,40.9],[14.9,40.9],[15.0,40.8],[15.0,40.8],[15.1,40.7],[15.1,40.7]]]}},{"type":"Feature","properties":{"layer_id":"change_T20","layer_label":"Change, T>20\u00b0C","low":-10.0,"high":0.0,"label":"-10\u20130 pp","fill":"#f7f7f7","fillOpacity":0.18,"stroke":"#f7f7f7","strokeOpacity":0.3,"strokeWeight":0.35},"geometry":{"type":"Polygon","coordinates":[[[21.7,40.8],[21.8,40.8],[21.8,40.8],[21.9,40.9],[21.9,40.9],[21.9,41.0],[22.0,41.1],[22.0,41.1],[22.1,41.2],[22.2,41.1],[22.2,41.1],[22.3,41.0],[22.3,41.0],[22.3,41.0],[22.3,41.1],[22.3,41.2],[22.3,41.2],[22.2,41.2],[22.1,41.2],[22.0,41.2],[21.9,41.2],[21.8,41.2],[21.7,41.3],[21.7,41.4],[21.7,41.4],[21.6,41.4],[21.6,41.4],[21.6,41.3],[21.6,41.3],[21.7,41.2],[21.7,41.1],[21.7,41.0],[21.7,40.9],[21.7,40.8],[21.7,40.8]]]}},{"type":"Feature","properties":{"layer_id":"change_T20","layer_label":"Change, T>20\u00b0C","low":-10.0,"high":0.0,"label":"-10\u20130 pp","fill":"#f7f7f7","fillOpacity":0.18,"stroke":"#f7f7f7","strokeOpacity":0.3,"strokeWeight":0.35},"geometry":{"type":"Polygon","coordinates":[[[9.0,41.8],[9.1,41.8],[9.2,41.8],[9.2,41.8],[9.2,41.9],[9.2,42.0],[9.2,42.1],[9.2,42.1],[9.1,42.2],[9.15,42.3],[9.1,42.35],[9.0,42.4],[9.0,42.4],[8.9,42.4],[8.8,42.42],[8.78,42.4],[8.78,42.3],[8.8,42.2667],[8.8667,42.2],[8.9,42.1667],[8.9667,42.1],[8.9833,42.0],[9.0,41.9],[9.0,41.8],[9.0,41.8]]]}},{"type":"Feature","properties":{"layer_id":"change_T20","layer_label":"Change, T>20\u00b0C","low":-10.0,"high":0.0,"label":"-10\u20130 pp","fill":"#f7f7f7","fillOpacity":0.18,"stroke":"#f7f7f7","strokeOpacity":0.3,"strokeWeight":0.35},"geometry":{"type":"Polygon","coordinates":[[[26.2,41.9],[26.3,41.9],[26.3,41.9],[26.4,42.0],[26.4,42.0],[26.4,42.0],[26.3,42.0],[26.2,42.0],[26.1,42.0],[26.1,42.0],[26.1,42.0],[26.2,41.9],[26.2,41.9]]]}},{"type":"Feature","properties":{"layer_id":"change_T20","layer_label":"Change, T>20\u00b0C","low":-10.0,"high":0.0,"label":"-10\u20130 pp","fill":"#f7f7f7","fillOpacity":0.18,"stroke":"#f7f7f7","strokeOpacity":0.3,"strokeWeight":0.35},"geometry":{"type":"Polygon","coordinates":[[[26.8,43.3],[26.8,43.3],[26.9,43.4],[26.9,43.4],[26.9,43.5],[26.9,43.6],[26.9,43.6],[26.8,43.6],[26.7,43.7],[26.7,43.7],[26.6,43.7],[26.6,43.7],[26.6,43.6],[26.6,43.5],[26.6,43.4],[26.6,43.4],[26.7,43.4],[26.8,43.3],[26.8,43.3]]]}},{"type":"Feature","properties":{"layer_id":"change_T20","layer_label":"Change, T>20\u00b0C","low":-10.0,"high":0.0,"label":"-10\u20130 pp","fill":"#f7f7f7","fillOpacity":0.18,"stroke":"#f7f7f7","strokeOpacity":0.3,"strokeWeight":0.35},"geometry":{"type":"Polygon","coordinates":[[[17.4,45.3],[17.4,45.3],[17.5,45.4],[17.6,45.4],[17.7,45.4],[17.8,45.4],[17.9,45.3],[17.9,45.3],[18.0,45.3],[18.1,45.3],[18.2,45.3],[18.3,45.3],[18.3,45.3],[18.3,45.3],[18.2,45.4],[18.2,45.4],[18.1,45.5],[18.1,45.5],[18.0,45.6],[18.0,45.6],[17.9,45.7],[17.9,45.7],[17.8,45.7],[17.8,45.7],[17.7,45.6],[17.6,45.7],[17.6,45.7],[17.5,45.7],[17.4,45.7],[17.4,45.7],[17.3,45.6],[17.3,45.6],[17.2,45.5],[17.1,45.6],[17.1,45.6],[17.1,45.6],[17.1,45.5],[17.1,45.5],[17.2,45.5],[17.3,45.4],[17.3,45.4],[17.4,45.3],[17.4,45.3]]]}},{"type":"Feature","properties":{"layer_id":"change_T20","layer_label":"Change, T>20\u00b0C","low":-10.0,"high":0.0,"label":"-10\u20130 pp","fill":"#f7f7f7","fillOpacity":0.18,"stroke":"#f7f7f7","strokeOpacity":0.3,"strokeWeight":0.35},"geometry":{"type":"Polygon","coordinates":[[[19.3,45.5],[19.4,45.5],[19.5,45.5],[19.6,45.5],[19.6,45.5],[19.6,45.5],[19.5,45.5],[19.4,45.5],[19.3,45.6],[19.3,45.6],[19.2,45.7],[19.2,45.7],[19.1,45.8],[19.1,45.8],[19.1,45.8],[19.1,45.7],[19.1,45.6],[19.1,45.6],[19.2,45.6],[19.3,45.5],[19.3,45.5]]]}},{"type":"Feature","properties":{"layer_id":"change_T20","layer_label":"Change, T>20\u00b0C","low":-10.0,"high":0.0,"label":"-10\u20130 pp","fill":"#f7f7f7","fillOpacity":0.18,"stroke":"#f7f7f7","strokeOpacity":0.3,"strokeWeight":0.35},"geometry":{"type":"Polygon","coordinates":[[[16.7,45.6],[16.7,45.6],[16.8,45.7],[16.8,45.7],[16.9,45.8],[17.0,45.8],[17.0,45.8],[17.0,45.8],[16.9,45.8],[16.8,45.8],[16.7,45.8],[16.7,45.8],[16.7,45.7],[16.7,45.6],[16.7,45.6]]]}},{"type":"Feature","properties":{"layer_id":"change_T20","layer_label":"Change, T>20\u00b0C","low":-10.0,"high":0.0,"label":"-10\u20130 pp","fill":"#f7f7f7","fillOpacity":0.18,"stroke":"#f7f7f7","strokeOpacity":0.3,"strokeWeight":0.35},"geometry":{"type":"Polygon","coordinates":[[[18.2,45.7],[18.3,45.7],[18.3,45.7],[18.4,45.75],[18.5,45.8],[18.6,45.8],[18.7,45.8],[18.8,45.8],[18.8,45.8],[18.8,45.8],[18.7,45.9],[18.7,46.0],[18.7,46.0],[18.7,46.0],[18.6,45.9],[18.5,45.9],[18.4,46.0],[18.5,46.1],[18.5,46.1],[18.6,46.2],[18.7,46.2],[18.8,46.2],[18.8,46.2],[18.8,46.3],[18.8,46.3],[18.7,46.3],[18.6,46.3],[18.5,46.3],[18.4,46.4],[18.4,46.4],[18.4,46.4],[18.3,46.3],[18.2,46.4],[18.2,46.4],[18.2,46.4],[18.1,46.3],[18.1,46.3],[18.0,46.2],[17.9,46.2],[17.8,46.2],[17.8,46.2],[17.8,46.2],[17.9,46.2],[18.0,46.1],[18.0,46.1],[18.1,46.1],[18.2,46.1],[18.3,46.0],[18.2,45.9],[18.2,45.9],[18.1,45.8],[18.1,45.8],[18.1,45.8],[18.2,45.7],[18.2,45.7]]]}},{"type":"Feature","properties":{"layer_id":"change_T20","layer_label":"Change, T>20\u00b0C","low":-10.0,"high":0.0,"label":"-10\u20130 pp","fill":"#f7f7f7","fillOpacity":0.18,"stroke":"#f7f7f7","strokeOpacity":0.3,"strokeWeight":0.35},"geometry":{"type":"Polygon","coordinates":[[[21.2,46.5],[21.2,46.5],[21.3,46.6],[21.3,46.6],[21.3,46.7],[21.3,46.7],[21.2,46.8],[21.2,46.9],[21.2,46.9],[21.1,46.9],[21.1,46.9],[21.1,46.9],[21.2,46.8],[21.2,46.7],[21.2,46.6],[21.2,46.5],[21.2,46.5]]]}},{"type":"Feature","properties":{"layer_id":"change_T20","layer_label":"Change, T>20\u00b0C","low":-10.0,"high":0.0,"label":"-10\u20130 pp","fill":"#f7f7f7","fillOpacity":0.18,"stroke":"#f7f7f7","strokeOpacity":0.3,"strokeWeight":0.35},"geometry":{"type":"Polygon","coordinates":[[[27.9,46.8],[27.9,46.8],[28.0,46.9],[28.0,46.9],[28.0,46.9],[27.9,47.0],[27.9,47.0],[27.8,47.0],[27.8,47.0],[27.7,46.9],[27.7,46.9],[27.7,46.9],[27.8,46.9],[27.9,46.8],[27.9,46.8]]]}},{"type":"Feature","properties":{"layer_id":"change_T20","layer_label":"Change, T>20\u00b0C","low":-10.0,"high":0.0,"label":"-10\u20130 pp","fill":"#f7f7f7","fillOpacity":0.18,"stroke":"#f7f7f7","strokeOpacity":0.3,"strokeWeight":0.35},"geometry":{"type":"Polygon","coordinates":[[[20.2,47.2],[20.2,47.2],[20.3,47.3],[20.4,47.3],[20.4,47.3],[20.5,47.4],[20.5,47.4],[20.6,47.5],[20.6,47.5],[20.6,47.6],[20.6,47.6],[20.5,47.6],[20.5,47.6],[20.4,47.5],[20.4,47.5],[20.3,47.4],[20.2,47.4],[20.1,47.4],[20.0,47.4],[20.0,47.4],[20.0,47.4],[20.1,47.3],[20.1,47.3],[20.2,47.2],[20.2,47.2]]]}},{"type":"Feature","properties":{"layer_id":"change_T20","layer_label":"Change, T>20\u00b0C","low":-10.0,"high":0.0,"label":"-10\u20130 pp","fill":"#f7f7f7","fillOpacity":0.18,"stroke":"#f7f7f7","strokeOpacity":0.3,"strokeWeight":0.35},"geometry":{"type":"Polygon","coordinates":[[[37.6,47.6],[37.7,47.6],[37.7,47.6],[37.8,47.7],[37.9,47.7],[38.0,47.6],[38.0,47.6],[38.0,47.6],[38.1,47.7],[38.2,47.7],[38.3,47.7],[38.4,47.7],[38.5,47.7],[38.6,47.7],[38.6,47.7],[38.7,47.8],[38.7,47.8],[38.8,47.9],[38.9,47.9],[39.0,47.9],[39.0,47.9],[39.1,48.0],[39.2,48.0],[39.3,48.0],[39.4,48.0],[39.5,47.9],[39.5,47.9],[39.6,47.9],[39.7,47.9],[39.8,47.9],[39.8,47.9],[39.9,48.0],[39.9,48.0],[39.9,48.0],[39.8,48.0],[39.7,48.1],[39.7,48.1],[39.6,48.1],[39.5,48.1],[39.4,48.1],[39.3,48.1],[39.2,48.1],[39.1,48.1],[39.0,48.1],[38.9,48.1],[38.8,48.1],[38.7,48.1],[38.6,48.1],[38.5,48.1],[38.4,48.2],[38.4,48.2],[38.3,48.2],[38.2,48.2],[38.2,48.2],[38.1,48.1],[38.0,48.1],[37.9,48.1],[37.8,48.1],[37.8,48.1],[37.7,48.0],[37.6,48.0],[37.5,48.0],[37.4,48.1],[37.4,48.2],[37.4,48.2],[37.4,48.2],[37.3,48.1],[37.2,48.1],[37.1,48.1],[37.0,48.1],[37.0,48.1],[36.9,48.0],[36.9,48.0],[36.9,48.0],[37.0,48.0],[37.1,48.0],[37.2,47.9],[37.2,47.9],[37.3,47.8],[37.3,47.7],[37.3,47.7],[37.4,47.7],[37.5,47.7],[37.6,47.6],[37.6,47.6]]]}},{"type":"Feature","properties":{"layer_id":"change_T20","layer_label":"Change, T>20\u00b0C","low":-10.0,"high":0.0,"label":"-10\u20130 pp","fill":"#f7f7f7","fillOpacity":0.18,"stroke":"#f7f7f7","strokeOpacity":0.3,"strokeWeight":0.35},"geometry":{"type":"Polygon","coordinates":[[[32.4,48.7],[32.5,48.7],[32.6,48.7],[32.7,48.7],[32.8,48.7],[32.9,48.7],[32.9,48.7],[32.9,48.8],[32.9,48.8],[32.8,48.8],[32.7,48.8],[32.6,48.8],[32.5,48.8],[32.5,48.8],[32.4,48.7],[32.4,48.7],[32.4,48.7]]]}},{"type":"Feature","properties":{"layer_id":"change_T20","layer_label":"Change, T>20\u00b0C","low":-10.0,"high":0.0,"label":"-10\u20130 pp","fill":"#f7f7f7","fillOpacity":0.18,"stroke":"#f7f7f7","strokeOpacity":0.3,"strokeWeight":0.35},"geometry":{"type":"Polygon","coordinates":[[[42.1,50.0],[42.2,50.0],[42.2,50.0],[42.3,50.1],[42.4,50.0],[42.4,50.0],[42.5,50.0],[42.5,50.0],[42.5,50.0],[42.4,50.1],[42.5,50.2],[42.5,50.2],[42.5,50.3],[42.5,50.4],[42.5,50.4],[42.4,50.5],[42.4,50.6],[42.5,50.7],[42.5,50.7],[42.5,50.7],[42.4,50.8],[42.4,50.8],[42.3,50.9],[42.3,51.0],[42.3,51.0],[42.2,51.1],[42.2,51.2],[42.2,51.3],[42.2,51.3],[42.1,51.3],[42.1,51.3],[42.0,51.2],[41.9,51.3],[41.9,51.3],[41.8,51.3],[41.8,51.3],[41.7,51.2],[41.6,51.2],[41.6,51.2],[41.5,51.1],[41.5,51.1],[41.5,51.0],[41.5,51.0],[41.6,50.9],[41.5,50.8],[41.4,50.8],[41.4,50.8],[41.3,50.7],[41.2,50.7],[41.1,50.7],[41.1,50.7],[41.1,50.6],[41.1,50.5],[41.1,50.4],[41.1,50.3],[41.1,50.3],[41.1,50.3],[41.2,50.4],[41.2,50.4],[41.3,50.5],[41.4,50.4],[41.4,50.3],[41.4,50.3],[41.5,50.3],[41.6,50.2],[41.6,50.2],[41.7,50.2],[41.8,50.2],[41.9,50.1],[41.9,50.1],[42.0,50.1],[42.1,50.0],[42.1,50.0]]]}},{"type":"Feature","properties":{"layer_id":"change_T20","layer_label":"Change, T>20\u00b0C","low":-10.0,"high":0.0,"label":"-10\u20130 pp","fill":"#f7f7f7","fillOpacity":0.18,"stroke":"#f7f7f7","strokeOpacity":0.3,"strokeWeight":0.35},"geometry":{"type":"Polygon","coordinates":[[[35.0,51.4],[35.1,51.4],[35.2,51.4],[35.3,51.4],[35.4,51.4],[35.5,51.4],[35.5,51.4],[35.5,51.4],[35.4,51.5],[35.4,51.5],[35.3,51.5],[35.2,51.6],[35.2,51.6],[35.1,51.6],[35.0,51.6],[35.0,51.6],[35.0,51.5],[35.0,51.4],[35.0,51.4]]]}},{"type":"Feature","properties":{"layer_id":"change_T20","layer_label":"Change, T>20\u00b0C","low":-10.0,"high":0.0,"label":"-10\u20130 pp","fill":"#f7f7f7","fillOpacity":0.18,"stroke":"#f7f7f7","strokeOpacity":0.3,"strokeWeight":0.35},"geometry":{"type":"Polygon","coordinates":[[[32.0,51.5],[32.0,51.5],[32.0,51.6],[32.0,51.7],[32.0,51.8],[32.0,51.8],[31.9,51.8],[31.9,51.8],[31.8,51.7],[31.8,51.7],[31.8,51.6],[31.8,51.6],[31.9,51.6],[32.0,51.5],[32.0,51.5]]]}},{"type":"Feature","properties":{"layer_id":"change_T20","layer_label":"Change, T>20\u00b0C","low":-10.0,"high":0.0,"label":"-10\u20130 pp","fill":"#f7f7f7","fillOpacity":0.18,"stroke":"#f7f7f7","strokeOpacity":0.3,"strokeWeight":0.35},"geometry":{"type":"Polygon","coordinates":[[[34.7,51.7],[34.7,51.7],[34.8,51.8],[34.9,51.8],[34.9,51.8],[35.0,51.9],[35.1,51.9],[35.2,51.9],[35.2,51.9],[35.2,51.9],[35.1,51.9],[35.0,51.9],[34.9,51.9],[34.8,51.9],[34.8,51.9],[34.7,51.8],[34.7,51.8],[34.7,51.7],[34.7,51.7]]]}},{"type":"Feature","properties":{"layer_id":"change_T20","layer_label":"Change, T>20\u00b0C","low":0.0,"high":10.0,"label":"0\u201310 pp","fill":"#fddbc7","fillOpacity":0.3,"stroke":"#fddbc7","strokeOpacity":0.42,"strokeWeight":0.35},"geometry":{"type":"Polygon","coordinates":[[[-6.9,34.0],[-6.8,34.0],[-6.7,34.0],[-6.6,34.0],[-6.6,34.0],[-6.5,34.1],[-6.5,34.1],[-6.4,34.2],[-6.4,34.2],[-6.3,34.3],[-6.35,34.4],[-6.3,34.5],[-6.3,34.5],[-6.25,34.6],[-6.2,34.7],[-6.2,34.8],[-6.2,34.8],[-6.2,34.8],[-6.1,34.7],[-6.0,34.8],[-6.05,34.9],[-6.1,34.95],[-6.15,35.0],[-6.1,35.05],[-6.0,35.1],[-6.0,35.1],[-5.9,35.1],[-5.8,35.1],[-5.8,35.1],[-5.8,35.0],[-5.8,35.0],[-5.8,35.0],[-5.9,35.1],[-6.0,35.0],[-5.95,34.9],[-6.0,34.8],[-6.0,34.7],[-6.0,34.6],[-6.0,34.6],[-6.0,34.6],[-6.1,34.7],[-6.15,34.6],[-6.1,34.5],[-6.1,34.5],[-6.1,34.5],[-6.15,34.4],[-6.2,34.3667],[-6.3,34.3],[-6.2,34.2],[-6.2,34.2],[-6.1,34.1],[-6.0,34.2],[-6.0,34.2],[-6.0,34.2],[-6.0,34.1],[-6.0,34.0],[-5.9,34.0],[-5.8,34.0],[-5.7,34.0],[-5.6,34.0],[-5.5,34.0],[-5.45,34.0],[-5.5,34.1],[-5.4667,34.2],[-5.5,34.3],[-5.5,34.3],[-5.5,34.3],[-5.6,34.25],[-5.65,34.2],[-5.6,34.15],[-5.5,34.1],[-5.6,34.05],[-5.7,34.1],[-5.7,34.1],[-5.7,34.1],[-5.8,34.0],[-5.85,34.1],[-5.9,34.15],[-5.9333,34.2],[-5.9,34.3],[-5.9,34.3],[-5.9,34.4],[-5.9,34.5],[-5.85,34.6],[-5.8,34.65],[-5.7,34.7],[-5.6,34.6667],[-5.5,34.6],[-5.5,34.6],[-5.4,34.6],[-5.3333,34.5],[-5.3,34.4667],[-5.275,34.5],[-5.2,34.6],[-5.1,34.6],[-5.1,34.6],[-5.1,34.6],[-5.2,34.6],[-5.3,34.7],[-5.2,34.8],[-5.2,34.8],[-5.175,34.9],[-5.1,34.96],[-5.0,34.96],[-4.9,34.96],[-4.84,34.9],[-4.9,34.8],[-4.9,34.8],[-5.0,34.75],[-5.0333,34.7],[-5.0,34.6667],[-4.9,34.65],[-4.8,34.65],[-4.7,34.65],[-4.6,34.7],[-4.5,34.6],[-4.5,34.6],[-4.4,34.58],[-4.3,34.55],[-4.2,34.5333],[-4.1667,34.5],[-4.1,34.45],[-4.0,34.4333],[-3.9,34.48],[-3.85,34.5],[-3.8,34.5333],[-3.7,34.5333],[-3.65,34.5],[-3.6,34.45],[-3.55,34.5],[-3.5,34.5333],[-3.4333,34.6],[-3.4,34.65],[-3.38,34.7],[-3.4,34.725],[-3.5,34.7],[-3.6,34.8],[-3.5,34.9],[-3.5,34.9],[-3.5,34.9],[-3.5333,35.0],[-3.6,35.04],[-3.7,35.0667],[-3.8,35.05],[-3.9,35.0333],[-4.0,35.0667],[-4.1,35.0667],[-4.2,35.04],[-4.3,35.04],[-4.4,35.04],[-4.5,35.1],[-4.4,35.16],[-4.3,35.16],[-4.275,35.2],[-4.2,35.275],[-4.1,35.2714],[-4.0,35.28],[-3.9,35.28],[-3.8,35.28],[-3.7,35.28],[-3.6,35.28],[-3.5,35.2818],[-3.4,35.28],[-3.3,35.2818],[-3.2,35.2818],[-3.1,35.2818],[-3.06,35.3],[-3.0,35.36],[-2.94,35.3],[-2.9182,35.2],[-2.9,35.1833],[-2.8167,35.1],[-2.8,35.0818],[-2.7,35.0833],[-2.6,35.0833],[-2.5,35.0833],[-2.46,35.1],[-2.4,35.16],[-2.34,35.1],[-2.3,35.08],[-2.2,35.08],[-2.1,35.0778],[-2.0,35.0714],[-1.96,35.1],[-1.9,35.16],[-1.8,35.18],[-1.7,35.1778],[-1.675,35.2],[-1.6,35.275],[-1.5,35.26],[-1.4,35.2714],[-1.35,35.3],[-1.3,35.35],[-1.2,35.4],[-1.2,35.4],[-1.2,35.4],[-1.2333,35.5],[-1.2,35.5333],[-1.1333,35.6],[-1.1,35.6333],[-1.0,35.6714],[-0.9333,35.7],[-0.9,35.7333],[-0.85,35.7],[-0.8,35.6875],[-0.7,35.7],[-0.6,35.675],[-0.5,35.7],[-0.4,35.7],[-0.3,35.6875],[-0.2,35.6857],[-0.1,35.7],[-0.1,35.7],[0.0,35.75],[0.05,35.8],[0.1,35.85],[0.1333,35.9],[0.2,35.9667],[0.3,36.0],[0.3,36.0],[0.3333,36.1],[0.3,36.12],[0.2333,36.2],[0.3,36.2667],[0.3667,36.2],[0.4,36.15],[0.5,36.2],[0.5,36.2],[0.6,36.25],[0.7,36.26],[0.7667,36.3],[0.8,36.3333],[0.8667,36.4],[0.9,36.4333],[1.0,36.4778],[1.1,36.4667],[1.2,36.475],[1.3,36.4857],[1.4,36.475],[1.45,36.5],[1.5,36.5333],[1.6,36.55],[1.7,36.5667],[1.8,36.56],[1.9,36.575],[2.0,36.5667],[2.1,36.575],[2.15,36.6],[2.2,36.6333],[2.3,36.66],[2.4,36.6333],[2.5,36.6333],[2.6,36.675],[2.7,36.6667],[2.725,36.7],[2.8,36.76],[2.8667,36.8],[2.9,36.8333],[3.0,36.8333],[3.0333,36.8],[3.1,36.7714],[3.2,36.775],[3.3,36.775],[3.4,36.76],[3.5,36.7],[3.5,36.7],[3.5,36.7],[3.6,36.7333],[3.65,36.8],[3.7,36.85],[3.8,36.86],[3.9,36.875],[4.0,36.8857],[4.05,36.9],[4.1,36.9333],[4.2,36.9333],[4.2333,36.9],[4.3,36.86],[4.4,36.8667],[4.4667,36.8],[4.4,36.7],[4.4,36.7],[4.3,36.6],[4.2,36.7],[4.2,36.7],[4.2,36.7],[4.2,36.6],[4.1,36.5],[4.0,36.5],[3.9,36.55],[3.8,36.6],[3.8,36.6],[3.7,36.65],[3.65,36.6],[3.6,36.55],[3.5,36.5],[3.4,36.5],[3.3,36.5],[3.2,36.5],[3.1,36.5],[3.1,36.5],[3.0,36.4],[2.9,36.4],[2.9,36.4],[2.8,36.3],[2.8,36.3],[2.8,36.3],[2.85,36.2],[2.85,36.1],[2.9,36.075],[3.0,36.1],[3.0,36.1],[3.0333,36.2],[3.1,36.28],[3.2,36.3],[3.3,36.25],[3.4,36.2],[3.3,36.1667],[3.2,36.15],[3.1667,36.1],[3.1,36.0333],[3.05,36.0],[3.1,35.9],[3.1,35.9],[3.2,35.9],[3.2,35.9],[3.3,36.0],[3.4,35.9667],[3.45,36.0],[3.5,36.05],[3.5333,36.0],[3.6,35.95],[3.7,36.0],[3.7,36.0],[3.8,36.075],[3.9,36.075],[4.0,36.075],[4.1,36.05],[4.2,36.05],[4.3,36.0],[4.3,36.0],[4.4,36.0],[4.45,35.9],[4.5,35.8],[4.5,35.7],[4.4,35.64],[4.3,35.65],[4.25,35.6],[4.2333,35.5],[4.25,35.4],[4.275,35.3],[4.3,35.25],[4.4,35.25],[4.5,35.25],[4.55,35.2],[4.55,35.1],[4.5,35.05],[4.4857,35.0],[4.4667,34.9],[4.4,34.8333],[4.375,34.8],[4.4,34.75],[4.5,34.7],[4.4,34.6],[4.4,34.6],[4.3,34.55],[4.2,34.5333],[4.1333,34.6],[4.1,34.6167],[4.075,34.6],[4.0,34.54],[3.9333,34.5],[3.9,34.4667],[3.86,34.4],[3.8,34.34],[3.7,34.35],[3.6333,34.3],[3.6,34.2667],[3.5,34.3],[3.5,34.3],[3.4,34.3],[3.4,34.3],[3.3,34.2],[3.2,34.2],[3.1,34.22],[3.0667,34.2],[3.1,34.15],[3.2,34.1],[3.1,34.0],[3.1,34.0],[3.1,34.0],[3.2,34.0],[3.3,34.0],[3.4,34.0],[3.5,34.0],[3.6,34.0],[3.6,34.0],[3.7,34.0],[3.8,34.0],[3.8,34.0],[3.9,34.0],[4.0,34.0],[4.1,34.0],[4.1,34.1],[4.1,34.1],[4.2,34.2],[4.2,34.2],[4.3,34.3],[4.3,34.3],[4.4,34.4],[4.4,34.4],[4.5,34.5],[4.5,34.5],[4.6,34.6],[4.6,34.6],[4.7,34.7],[4.7,34.8],[4.7,34.8],[4.8,34.9],[4.8,34.9],[4.9,34.9],[5.0,34.9],[5.1,35.0],[5.1,35.0],[5.2,35.1],[5.2,35.1],[5.3,35.1],[5.4,35.1],[5.5,35.1],[5.6,35.1],[5.7,35.1],[5.8,35.1],[5.8,35.1],[5.9,35.0],[6.0,35.0],[6.0,35.0],[6.1,34.9],[6.2,34.9],[6.3,34.9],[6.4,34.9],[6.5,34.9],[6.6,34.9],[6.7,34.9],[6.7,34.9],[6.8,34.8],[6.9,34.8],[7.0,34.8],[7.1,34.8],[7.2,34.8],[7.2,34.8],[7.3,34.7],[7.4,34.7],[7.5,34.7],[7.5,34.7],[7.6,34.6],[7.7,34.6],[7.7,34.6],[7.8,34.5],[7.9,34.5],[8.0,34.5],[8.0,34.5],[8.1,34.4],[8.2,34.4],[8.3,34.4],[8.4,34.4],[8.5,34.4],[8.5,34.4],[8.6,34.3],[8.7,34.4],[8.7,34.4],[8.7,34.4],[8.8,34.3],[8.8,34.3],[8.9,34.2],[9.0,34.2],[9.1,34.2],[9.2,34.2],[9.2,34.2],[9.2,34.2],[9.1,34.1],[9.2,34.0],[9.3,34.0],[9.4,34.0],[9.5,34.0],[9.6,34.0],[9.6,34.0],[9.7,34.0],[9.8,34.0],[9.9,34.0],[9.9,34.1],[9.9,34.1],[10.0,34.2],[10.0,34.2],[10.1,34.2],[10.2,34.3],[10.2,34.4],[10.2,34.4],[10.3,34.5],[10.3,34.5],[10.4,34.6],[10.4,34.6],[10.5,34.7],[10.5,34.7],[10.6,34.8],[10.6,34.8],[10.7,34.9],[10.7,34.9],[10.8,35.0],[10.8,35.1],[10.8,35.1],[10.9,35.2],[10.9,35.2],[11.0,35.2],[11.1,35.3],[11.1,35.4],[11.1,35.5],[11.0,35.6],[11.0,35.6],[10.9,35.7],[10.8,35.7],[10.8,35.7],[10.7,35.8],[10.7,35.8],[10.7,35.9],[10.6,36.0],[10.6,36.0],[10.5,36.1],[10.5,36.1],[10.5,36.2],[10.5,36.3],[10.5,36.4],[10.5,36.4],[10.6,36.4],[10.7,36.5],[10.7,36.5],[10.8,36.5],[10.9,36.6],[10.9,36.6],[11.0,36.7],[10.9,36.8],[10.9,36.8],[10.8,36.9],[10.7,36.8],[10.7,36.8],[10.6,36.8],[10.5,36.8],[10.4,36.8],[10.3,36.8],[10.3,36.8],[10.3,36.8],[10.4,36.9],[10.3,37.0],[10.2,37.0],[10.2,37.0],[10.2,37.1],[10.1,37.2],[10.1,37.2],[10.0,37.3],[9.9,37.2],[9.9,37.2],[9.9,37.2],[9.9,37.3],[9.8,37.4],[9.7,37.4],[9.6,37.4],[9.5,37.4],[9.4,37.3],[9.4,37.3],[9.3,37.3],[9.2,37.2],[9.2,37.2],[9.1,37.2],[9.0,37.2],[8.9,37.1],[8.9,37.1],[8.8,37.0],[8.8,37.0],[8.7,37.0],[8.6,37.0],[8.5,37.0],[8.4,37.0],[8.3,37.0],[8.2,36.9],[8.2,36.9],[8.1,36.9],[8.1,36.9],[8.0,37.0],[7.9,36.9],[7.9,36.9],[7.8,36.9],[7.8,36.9],[7.7,37.0],[7.6,37.0],[7.6,37.0],[7.5,37.1],[7.4,37.1],[7.3,37.0],[7.3,37.0],[7.2,37.0],[7.1,37.0],[7.0,37.0],[6.9,36.9],[6.9,36.9],[6.9,36.9],[6.8,37.0],[6.7,37.0],[6.6,37.0],[6.5,37.0],[6.5,37.0],[6.4,37.1],[6.3,37.1],[6.2,37.0],[6.2,36.9],[6.2,36.9],[6.1,36.9],[6.0,36.9],[5.9,36.9],[5.8,36.9],[5.7,36.9],[5.6,36.8],[5.6,36.7],[5.6,36.7],[5.6,36.7],[5.5,36.8],[5.4,36.7],[5.4,36.7],[5.3,36.7],[5.2,36.7],[5.2,36.7],[5.1,36.8],[5.1,36.8],[5.0,36.9],[4.9,36.9],[4.8,36.9],[4.8,36.9],[4.7,37.0],[4.6,37.0],[4.5,37.0],[4.4,37.0],[4.3,36.9],[4.3,36.9],[4.3,36.9],[4.2,37.0],[4.1,37.0],[4.0,37.0],[3.9,36.9],[3.9,36.9],[3.8,36.9],[3.7,36.9],[3.6,36.8],[3.6,36.8],[3.5,36.8],[3.4,36.8],[3.3,36.8],[3.2,36.8],[3.1,36.8],[3.1,36.8],[3.0,36.9],[2.9,36.9],[2.8,36.8],[2.8,36.8],[2.7,36.8],[2.6,36.7],[2.6,36.7],[2.5,36.7],[2.4,36.7],[2.3,36.7],[2.2,36.7],[2.1,36.7],[2.0,36.6],[2.0,36.6],[1.9,36.6],[1.8,36.6],[1.7,36.6],[1.6,36.6],[1.5,36.6],[1.4,36.6],[1.3,36.6],[1.2,36.5],[1.2,36.5],[1.1,36.5],[1.0,36.5],[0.9,36.5],[0.8,36.4],[0.8,36.4],[0.7,36.3],[0.7,36.3],[0.6,36.3],[0.5,36.3],[0.4,36.2],[0.4,36.2],[0.4,36.2],[0.3,36.3],[0.2,36.2],[0.2,36.1],[0.2,36.1],[0.1,36.0],[0.1,36.0],[0.0,35.9],[0.0,35.9],[-0.1,35.8],[-0.1,35.8],[-0.2,35.8],[-0.3,35.8],[-0.4,35.8],[-0.5,35.8],[-0.6,35.7],[-0.6,35.7],[-0.6,35.7],[-0.7,35.8],[-0.8,35.8],[-0.9,35.8],[-1.0,35.7],[-1.0,35.7],[-1.1,35.7],[-1.2,35.6],[-1.2,35.6],[-1.3,35.5],[-1.3,35.4],[-1.3,35.4],[-1.4,35.3],[-1.4,35.3],[-1.5,35.3],[-1.6,35.3],[-1.7,35.2],[-1.7,35.2],[-1.8,35.2],[-1.9,35.2],[-2.0,35.1],[-2.0,35.1],[-2.1,35.1],[-2.2,35.1],[-2.3,35.1],[-2.3,35.1],[-2.4,35.2],[-2.5,35.1],[-2.5,35.1],[-2.6,35.1],[-2.7,35.1],[-2.8,35.1],[-2.8,35.1],[-2.9,35.2],[-2.9,35.2],[-2.9,35.3],[-3.0,35.4],[-3.1,35.3],[-3.1,35.3],[-3.2,35.3],[-3.3,35.3],[-3.4,35.3],[-3.5,35.3],[-3.6,35.3],[-3.7,35.3],[-3.8,35.3],[-3.9,35.3],[-4.0,35.3],[-4.1,35.3],[-4.2,35.3],[-4.3,35.2],[-4.3,35.2],[-4.4,35.2],[-4.5,35.2],[-4.5,35.2],[-4.6,35.3],[-4.7,35.3],[-4.8,35.3],[-4.9,35.3],[-4.9,35.3],[-5.0,35.4],[-5.0,35.4],[-5.1,35.5],[-5.1,35.5],[-5.2,35.6],[-5.2,35.6],[-5.2,35.7],[-5.3,35.8],[-5.4,35.8],[-5.4,35.8],[-5.4,35.8],[-5.3,35.9],[-5.4,36.0],[-5.5,36.0],[-5.6,35.9],[-5.6,35.9],[-5.7,35.9],[-5.8,35.8],[-5.8,35.8],[-5.9,35.8],[-6.0,35.7],[-6.0,35.6],[-6.0,35.6],[-6.1,35.5],[-6.1,35.4],[-6.1,35.4],[-6.2,35.3],[-6.2,35.2],[-6.2,35.2],[-6.3,35.1],[-6.3,35.0],[-6.3,35.0],[-6.4,34.9],[-6.4,34.8],[-6.4,34.8],[-6.5,34.7],[-6.5,34.6],[-6.5,34.6],[-6.6,34.5],[-6.6,34.5],[-6.7,34.4],[-6.7,34.3],[-6.7,34.3],[-6.8,34.2],[-6.8,34.2],[-6.9,34.1],[-6.9,34.1],[-7.0,34.0],[-6.9,34.0]]]}},{"type":"Feature","properties":{"layer_id":"change_T20","layer_label":"Change, T>20\u00b0C","low":0.0,"high":10.0,"label":"0\u201310 pp","fill":"#fddbc7","fillOpacity":0.3,"stroke":"#fddbc7","strokeOpacity":0.42,"strokeWeight":0.35},"geometry":{"type":"Polygon","coordinates":[[[-6.8714,34.1],[-6.8,34.1714],[-6.7333,34.2],[-6.7,34.2333],[-6.6,34.3],[-6.6,34.3],[-6.6,34.3],[-6.66,34.4],[-6.6,34.46],[-6.55,34.5],[-6.5,34.55],[-6.45,34.6],[-6.4,34.7],[-6.4,34.7],[-6.3,34.75],[-6.2667,34.7],[-6.3,34.65],[-6.3333,34.6],[-6.35,34.5],[-6.4,34.4333],[-6.42,34.4],[-6.45,34.3],[-6.5,34.25],[-6.525,34.2],[-6.5667,34.1],[-6.6,34.0667],[-6.7,34.05],[-6.8,34.0],[-6.8714,34.1]]]}},{"type":"Feature","properties":{"layer_id":"change_T20","layer_label":"Change, T>20\u00b0C","low":0.0,"high":10.0,"label":"0\u201310 pp","fill":"#fddbc7","fillOpacity":0.3,"stroke":"#fddbc7","strokeOpacity":0.42,"strokeWeight":0.35},"geometry":{"type":"Polygon","coordinates":[[[9.35,34.2],[9.3,34.25],[9.2,34.25],[9.1,34.25],[9.0333,34.3],[9.0,34.35],[8.9,34.3333],[8.8,34.4],[8.8,34.4],[8.7,34.4667],[8.6,34.4],[8.5,34.5],[8.5,34.5],[8.4,34.5],[8.3,34.5],[8.2,34.5],[8.1,34.6],[8.1,34.6],[8.1,34.6],[8.0,34.55],[7.9,34.6],[7.9,34.6],[7.8,34.62],[7.7,34.7],[7.7,34.7],[7.6,34.7143],[7.5,34.7333],[7.4,34.8],[7.4,34.8],[7.3,34.82],[7.2,34.85],[7.1,34.85],[7.0,34.8286],[6.9,34.85],[6.8333,34.9],[6.8,34.9167],[6.7,34.9333],[6.6,34.94],[6.5,34.9667],[6.4,34.95],[6.3333,35.0],[6.3,35.0333],[6.2667,35.0],[6.2,34.95],[6.1333,35.0],[6.1,35.0167],[6.0,35.0667],[5.95,35.1],[5.9,35.1125],[5.8,35.1333],[5.72,35.2],[5.7,35.25],[5.65,35.3],[5.6,35.325],[5.5,35.4],[5.5,35.4],[5.5,35.4],[5.5,35.3],[5.4,35.2],[5.35,35.3],[5.3667,35.4],[5.3,35.4667],[5.2,35.5],[5.2,35.5],[5.12,35.6],[5.1,35.6333],[5.0,35.65],[4.9,35.64],[4.8,35.64],[4.725,35.7],[4.7,35.7333],[4.6,35.7333],[4.5,35.8],[4.525,35.9],[4.6,36.0],[4.7,36.0],[4.7,36.0],[4.8,36.1],[4.9,36.0],[4.8,35.95],[4.7667,35.9],[4.8,35.8667],[4.9,35.9],[4.9667,35.8],[5.0,35.7667],[5.1,35.8],[5.2,35.8],[5.3,35.8],[5.4,35.8],[5.5,35.8],[5.6,35.8],[5.7,35.8],[5.7,35.8],[5.7,35.8],[5.6,35.8],[5.5,35.8],[5.4,35.8],[5.3,35.9],[5.3,36.0],[5.3,36.1],[5.4,36.15],[5.45,36.1],[5.5,36.05],[5.6,36.1],[5.7,36.1],[5.7,36.1],[5.8,36.15],[5.9,36.15],[6.0,36.1],[5.9,36.0],[5.8,36.0],[5.8,36.0],[5.8,35.9],[5.8,35.9],[5.9,35.9],[5.95,35.8],[6.0,35.7],[5.9,35.6667],[5.8,35.6],[5.8,35.6],[5.8,35.5],[5.8,35.5],[5.9,35.475],[6.0,35.46],[6.06,35.4],[6.0667,35.3],[6.1,35.2667],[6.2,35.26],[6.3,35.2333],[6.4,35.25],[6.5,35.25],[6.6,35.25],[6.7,35.25],[6.8,35.2778],[6.9,35.2778],[7.0,35.275],[7.1,35.2667],[7.2,35.3],[7.3,35.3],[7.3,35.3],[7.4,35.35],[7.45,35.3],[7.5,35.275],[7.55,35.3],[7.5,35.4],[7.6,35.45],[7.65,35.4],[7.7,35.3],[7.7,35.3],[7.8,35.2],[7.8,35.2],[7.9,35.1],[7.9,35.1],[8.0,35.1],[8.1,35.1],[8.2,35.1],[8.3,35.1],[8.4,35.0333],[8.5,35.0333],[8.6,35.0333],[8.6667,35.1],[8.7,35.1333],[8.8,35.1333],[8.9,35.1667],[8.95,35.2],[9.0,35.25],[9.05,35.3],[9.1,35.35],[9.2,35.375],[9.225,35.4],[9.2,35.4333],[9.1,35.4333],[9.0333,35.5],[9.0,35.5333],[8.9,35.6],[8.9,35.6],[8.8,35.6333],[8.7,35.62],[8.6,35.625],[8.5,35.65],[8.4,35.65],[8.35,35.7],[8.3,35.75],[8.2,35.74],[8.1,35.75],[8.0,35.7],[7.9,35.7],[7.9,35.7],[7.9,35.6],[7.9,35.6],[7.9,35.6],[8.0,35.7],[8.05,35.6],[8.1,35.55],[8.1333,35.5],[8.1,35.45],[8.0,35.4],[7.9,35.45],[7.8,35.5],[7.8,35.5],[7.7,35.6],[7.7,35.7],[7.7,35.7],[7.7,35.7],[7.6,35.65],[7.5,35.7],[7.6,35.8],[7.6,35.8],[7.7,35.9],[7.7,35.9],[7.8,36.0],[7.9,35.9],[7.9,35.9],[7.9,35.9],[7.9,36.0],[7.9,36.1],[7.9,36.2],[8.0,36.3],[8.0,36.3],[8.1,36.35],[8.2,36.3667],[8.2333,36.4],[8.2,36.45],[8.1,36.5],[8.2,36.6],[8.3,36.55],[8.4,36.5667],[8.5,36.6],[8.5,36.6],[8.5,36.6],[8.4,36.6333],[8.3,36.65],[8.2,36.6],[8.1,36.6333],[8.05,36.6],[8.0,36.55],[7.9,36.6],[8.0,36.65],[8.0333,36.7],[8.0,36.725],[7.9,36.7],[7.9,36.7],[7.8,36.6],[7.7,36.7],[7.7,36.7],[7.7,36.7],[7.6,36.6],[7.5,36.6],[7.5,36.6],[7.5,36.6],[7.6,36.6],[7.7,36.6],[7.8,36.6],[7.9,36.5],[7.8,36.45],[7.7,36.4],[7.6,36.4],[7.5,36.45],[7.4,36.5],[7.4,36.5],[7.4,36.5],[7.3,36.45],[7.2,36.5],[7.2,36.5],[7.1,36.6],[7.2,36.65],[7.25,36.7],[7.2,36.725],[7.1,36.7167],[7.0,36.7333],[6.9,36.75],[6.8,36.8],[6.9,36.8333],[6.95,36.9],[7.0,36.95],[7.1,36.9667],[7.2,36.96],[7.3,36.95],[7.3667,37.0],[7.4,37.0333],[7.45,37.0],[7.5,36.9667],[7.6,36.96],[7.7,36.96],[7.76,36.9],[7.8,36.8667],[7.9,36.8714],[7.9667,36.9],[8.0,36.9333],[8.0333,36.9],[8.1,36.8667],[8.2,36.8667],[8.3,36.8667],[8.4,36.9],[8.4,36.9],[8.5,36.96],[8.6,36.9667],[8.7,36.9667],[8.8,36.95],[8.8667,37.0],[8.9,37.0333],[9.0,37.075],[9.025,37.1],[9.1,37.16],[9.2,37.1667],[9.25,37.2],[9.3,37.25],[9.4,37.25],[9.5,37.2],[9.5,37.2],[9.6,37.2],[9.68,37.1],[9.7,37.0875],[9.75,37.1],[9.75,37.2],[9.8,37.25],[9.8333,37.2],[9.9,37.1],[9.9,37.1],[10.0,37.1],[10.1,37.0],[10.1,37.0],[10.2,36.9],[10.2,36.9],[10.25,36.8],[10.3,36.7333],[10.4,36.7333],[10.45,36.7],[10.5,36.6667],[10.6,36.7],[10.6,36.7],[10.7,36.7333],[10.8,36.75],[10.85,36.7],[10.8333,36.6],[10.8,36.5667],[10.75,36.6],[10.7,36.65],[10.65,36.6],[10.6,36.55],[10.5667,36.5],[10.5,36.45],[10.475,36.4],[10.475,36.3],[10.46,36.2],[10.46,36.1],[10.5,36.0],[10.5,36.0],[10.6,35.9333],[10.6333,35.9],[10.66,35.8],[10.7,35.7667],[10.7667,35.7],[10.8,35.66],[10.9,35.6],[10.9,35.5],[10.8667,35.4],[10.8667,35.3],[10.8333,35.2],[10.8,35.1667],[10.7333,35.1],[10.7333,35.0],[10.7,34.9667],[10.6,34.9],[10.5,34.9],[10.5,34.9],[10.4,34.8],[10.3,34.9],[10.3,34.9],[10.2,34.9],[10.1,35.0],[10.1,35.0],[10.0,35.1],[10.1,35.2],[10.1,35.2],[10.1,35.2],[10.0,35.2],[10.0,35.2],[10.0,35.1],[9.9,35.0],[9.9,35.0],[9.9,34.9],[9.8,34.8],[9.7,34.8],[9.7,34.8],[9.7,34.8],[9.8,34.8],[9.9,34.8],[9.9,34.8],[9.9,34.9],[10.0,35.0],[10.1,34.9],[10.1,34.9],[10.2,34.9],[10.3,34.8],[10.3,34.8],[10.35,34.7],[10.3,34.6],[10.3,34.6],[10.2,34.5],[10.1,34.55],[10.075,34.5],[10.1,34.4],[10.0,34.3],[9.9,34.3],[9.8,34.4],[9.8,34.4],[9.7,34.45],[9.6,34.4],[9.6,34.4],[9.5,34.35],[9.4,34.3],[9.4,34.3],[9.4,34.3],[9.5,34.25],[9.6,34.2],[9.5,34.15],[9.4,34.15],[9.35,34.2]]]}},{"type":"Feature","properties":{"layer_id":"change_T20","layer_label":"Change, T>20\u00b0C","low":0.0,"high":10.0,"label":"0\u201310 pp","fill":"#fddbc7","fillOpacity":0.3,"stroke":"#fddbc7","strokeOpacity":0.42,"strokeWeight":0.35},"geometry":{"type":"Polygon","coordinates":[[[-4.1,34.5],[-4.2,34.6],[-4.2,34.6],[-4.2,34.6],[-4.1,34.7],[-4.2,34.7667],[-4.3,34.8],[-4.4,34.8],[-4.5,34.8],[-4.6,34.8],[-4.7,34.8],[-4.7,34.8],[-4.8,34.9],[-4.8,34.9],[-4.9,35.0],[-5.0,35.0],[-5.1,35.0],[-5.2,35.0],[-5.2,35.0],[-5.2,35.1],[-5.3,35.2],[-5.4,35.2],[-5.4,35.2],[-5.5,35.3],[-5.6,35.2],[-5.6,35.2],[-5.7,35.2],[-5.7,35.2],[-5.7,35.2],[-5.6,35.3],[-5.6,35.3],[-5.5,35.3],[-5.4,35.4],[-5.4,35.4],[-5.3,35.4],[-5.3,35.4],[-5.3,35.3],[-5.2,35.2],[-5.1,35.2],[-5.1,35.2],[-5.0,35.1],[-4.9,35.1],[-4.8,35.1],[-4.8,35.1],[-4.7,35.0],[-4.6,35.0],[-4.5,35.0],[-4.4,35.0],[-4.3,35.0],[-4.2,35.0],[-4.1,35.0],[-4.0,35.0],[-3.9,35.0],[-3.8,35.0],[-3.7,35.0],[-3.6,35.0],[-3.6,35.0],[-3.6,35.0],[-3.7,34.9],[-3.7,34.8],[-3.6,34.7],[-3.6,34.7],[-3.5,34.6],[-3.5,34.6],[-3.5,34.6],[-3.6,34.6],[-3.7,34.6],[-3.8,34.6],[-3.9,34.6],[-4.0,34.5],[-4.0,34.5],[-4.1,34.5],[-4.1,34.5]]]}},{"type":"Feature","properties":{"layer_id":"change_T20","layer_label":"Change, T>20\u00b0C","low":0.0,"high":10.0,"label":"0\u201310 pp","fill":"#fddbc7","fillOpacity":0.3,"stroke":"#fddbc7","strokeOpacity":0.42,"strokeWeight":0.35},"geometry":{"type":"Polygon","coordinates":[[[-6.36,34.9],[-6.3,34.96],[-6.2,34.98],[-6.12,34.9],[-6.2,34.8333],[-6.3,34.825],[-6.36,34.9]]]}},{"type":"Feature","properties":{"layer_id":"change_T20","layer_label":"Change, T>20\u00b0C","low":0.0,"high":10.0,"label":"0\u201310 pp","fill":"#fddbc7","fillOpacity":0.3,"stroke":"#fddbc7","strokeOpacity":0.42,"strokeWeight":0.35},"geometry":{"type":"Polygon","coordinates":[[[8.4,35.1],[8.3,35.2],[8.3,35.2],[8.2,35.3],[8.1,35.3],[8.0,35.3],[7.9,35.3],[7.9,35.3],[7.9,35.3],[8.0,35.3],[8.1,35.3],[8.2,35.3],[8.3,35.3],[8.4,35.3],[8.5,35.3],[8.5,35.3],[8.6,35.2],[8.7,35.2],[8.8,35.2],[8.8,35.2],[8.8,35.2],[8.7,35.2],[8.6,35.1],[8.6,35.1],[8.5,35.1],[8.4,35.1],[8.4,35.1]]]}},{"type":"Feature","properties":{"layer_id":"change_T20","layer_label":"Change, T>20\u00b0C","low":0.0,"high":10.0,"label":"0\u201310 pp","fill":"#fddbc7","fillOpacity":0.3,"stroke":"#fddbc7","strokeOpacity":0.42,"strokeWeight":0.35},"geometry":{"type":"Polygon","coordinates":[[[-4.9,35.2],[-4.8,35.2333],[-4.7,35.2714],[-4.6,35.26],[-4.54,35.2],[-4.6,35.1],[-4.7,35.1167],[-4.8,35.1667],[-4.9,35.2]]]}},{"type":"Feature","properties":{"layer_id":"change_T20","layer_label":"Change, T>20\u00b0C","low":0.0,"high":10.0,"label":"0\u201310 pp","fill":"#fddbc7","fillOpacity":0.3,"stroke":"#fddbc7","strokeOpacity":0.42,"strokeWeight":0.35},"geometry":{"type":"Polygon","coordinates":[[[-5.1,35.3],[-5.1,35.3],[-5.2,35.4],[-5.2,35.4],[-5.3,35.4286],[-5.4,35.5],[-5.4,35.5],[-5.5,35.55],[-5.55,35.6],[-5.6,35.7],[-5.6,35.7],[-5.7,35.725],[-5.75,35.7],[-5.8,35.6],[-5.8,35.6],[-5.9,35.5],[-5.9,35.5],[-5.9,35.4],[-6.0,35.3],[-6.05,35.4],[-6.05,35.5],[-6.0,35.55],[-5.9333,35.6],[-5.9,35.7],[-5.9,35.7],[-5.8,35.7333],[-5.76,35.8],[-5.7,35.86],[-5.6,35.8333],[-5.5778,35.9],[-5.5,35.9778],[-5.4,35.9778],[-5.3222,35.9],[-5.4,35.8222],[-5.425,35.8],[-5.4,35.76],[-5.3,35.775],[-5.225,35.7],[-5.2167,35.6],[-5.2,35.5846],[-5.1154,35.5],[-5.1,35.48],[-5.02,35.4],[-5.0,35.3714],[-4.9286,35.3],[-5.0,35.2],[-5.1,35.3]]]}},{"type":"Feature","properties":{"layer_id":"change_T20","layer_label":"Change, T>20\u00b0C","low":0.0,"high":10.0,"label":"0\u201310 pp","fill":"#fddbc7","fillOpacity":0.3,"stroke":"#fddbc7","strokeOpacity":0.42,"strokeWeight":0.35},"geometry":{"type":"Polygon","coordinates":[[[5.1,35.3],[5.0,35.4],[4.9,35.4],[4.8,35.4],[4.7,35.4],[4.6,35.4],[4.5,35.4],[4.4,35.4],[4.4,35.4],[4.3,35.5],[4.3,35.5],[4.3,35.5],[4.4,35.6],[4.4,35.6],[4.5,35.6],[4.6,35.7],[4.6,35.7],[4.6,35.7],[4.7,35.6],[4.8,35.6],[4.9,35.6],[5.0,35.6],[5.0,35.6],[5.0,35.5],[5.1,35.4],[5.2,35.4],[5.3,35.4],[5.3,35.4],[5.3,35.4],[5.2,35.4],[5.1,35.3],[5.1,35.3],[5.1,35.3]]]}},{"type":"Feature","properties":{"layer_id":"change_T20","layer_label":"Change, T>20\u00b0C","low":0.0,"high":10.0,"label":"0\u201310 pp","fill":"#fddbc7","fillOpacity":0.3,"stroke":"#fddbc7","strokeOpacity":0.42,"strokeWeight":0.35},"geometry":{"type":"Polygon","coordinates":[[[6.2,35.3],[6.1,35.4],[6.1,35.4],[6.0,35.5],[6.0,35.5],[5.9,35.6],[5.9,35.6],[5.9,35.6],[6.0,35.6],[6.1,35.6],[6.2,35.6],[6.3,35.6],[6.3,35.6],[6.3,35.5],[6.4,35.4],[6.5,35.4],[6.6,35.4],[6.7,35.4],[6.8,35.4],[6.9,35.4],[7.0,35.4],[7.1,35.4],[7.1,35.4],[7.1,35.4],[7.0,35.3],[7.0,35.3],[6.9,35.3],[6.8,35.3],[6.7,35.3],[6.6,35.3],[6.5,35.3],[6.4,35.3],[6.3,35.3],[6.2,35.3],[6.2,35.3]]]}},{"type":"Feature","properties":{"layer_id":"change_T20","layer_label":"Change, T>20\u00b0C","low":0.0,"high":10.0,"label":"0\u201310 pp","fill":"#fddbc7","fillOpacity":0.3,"stroke":"#fddbc7","strokeOpacity":0.42,"strokeWeight":0.35},"geometry":{"type":"Polygon","coordinates":[[[8.7,35.4],[8.6,35.5],[8.6,35.5],[8.6,35.5],[8.7,35.5],[8.8,35.5],[8.9,35.5],[8.9,35.5],[9.0,35.4],[9.0,35.4],[9.0,35.4],[8.9,35.4],[8.8,35.4],[8.7,35.4],[8.7,35.4]]]}},{"type":"Feature","properties":{"layer_id":"change_T20","layer_label":"Change, T>20\u00b0C","low":0.0,"high":10.0,"label":"0\u201310 pp","fill":"#fddbc7","fillOpacity":0.3,"stroke":"#fddbc7","strokeOpacity":0.42,"strokeWeight":0.35},"geometry":{"type":"Polygon","coordinates":[[[6.5,35.5],[6.5,35.5],[6.4,35.55],[6.3667,35.6],[6.3,35.6667],[6.2,35.6667],[6.1,35.7],[6.1,35.8],[6.1,35.9],[6.2,36.0],[6.3,36.0],[6.3,36.0],[6.3,36.0],[6.2,36.0],[6.1,36.0],[6.0,36.1],[6.1,36.2],[6.2,36.2],[6.3,36.2],[6.4,36.2],[6.5,36.1],[6.45,36.0],[6.5,35.9857],[6.6,35.95],[6.65,35.9],[6.7,35.875],[6.8,35.8667],[6.9,35.85],[7.0,35.9],[7.0,35.9],[7.1,35.95],[7.2,36.0],[7.3,36.0],[7.4,36.0],[7.5,35.9],[7.4,35.8],[7.4,35.8],[7.4,35.8],[7.5,35.7],[7.5,35.6],[7.4,35.5333],[7.3667,35.5],[7.3,35.4],[7.2,35.4333],[7.1,35.45],[7.0,35.4667],[6.9,35.4667],[6.8,35.45],[6.7,35.45],[6.6,35.45],[6.5,35.5]]]}},{"type":"Feature","properties":{"layer_id":"change_T20","layer_label":"Change, T>20\u00b0C","low":0.0,"high":10.0,"label":"0\u201310 pp","fill":"#fddbc7","fillOpacity":0.3,"stroke":"#fddbc7","strokeOpacity":0.42,"strokeWeight":0.35},"geometry":{"type":"Polygon","coordinates":[[[3.7333,36.2],[3.8,36.3],[3.8,36.3],[3.9,36.3857],[4.0,36.4],[4.1,36.4],[4.2,36.4],[4.3,36.4],[4.4,36.4],[4.5,36.3],[4.5,36.2],[4.4,36.1333],[4.3,36.1167],[4.2,36.15],[4.15,36.2],[4.1,36.2111],[4.075,36.2],[4.0,36.125],[3.9,36.1333],[3.8,36.1333],[3.7333,36.2]]]}},{"type":"Feature","properties":{"layer_id":"change_T20","layer_label":"Change, T>20\u00b0C","low":0.0,"high":10.0,"label":"0\u201310 pp","fill":"#fddbc7","fillOpacity":0.3,"stroke":"#fddbc7","strokeOpacity":0.42,"strokeWeight":0.35},"geometry":{"type":"Polygon","coordinates":[[[6.3,36.5],[6.4,36.6],[6.5,36.6],[6.6,36.6],[6.65,36.5],[6.6,36.4],[6.5,36.4],[6.4,36.4],[6.3,36.5]]]}},{"type":"Feature","properties":{"layer_id":"change_T20","layer_label":"Change, T>20\u00b0C","low":0.0,"high":10.0,"label":"0\u201310 pp","fill":"#fddbc7","fillOpacity":0.3,"stroke":"#fddbc7","strokeOpacity":0.42,"strokeWeight":0.35},"geometry":{"type":"Polygon","coordinates":[[[5.1,36.6],[5.1,36.6],[5.0,36.6333],[4.9,36.6667],[4.8667,36.7],[4.8,36.7667],[4.7,36.75],[4.65,36.8],[4.6,36.8333],[4.5333,36.9],[4.6,36.95],[4.7,36.95],[4.75,36.9],[4.8,36.8333],[4.9,36.86],[5.0,36.8333],[5.0333,36.8],[5.1,36.7333],[5.1333,36.7],[5.2,36.65],[5.3,36.6333],[5.4,36.65],[5.45,36.7],[5.5,36.75],[5.55,36.7],[5.5,36.6],[5.5,36.6],[5.4,36.5333],[5.3,36.5667],[5.2,36.5333],[5.1,36.6]]]}},{"type":"Feature","properties":{"layer_id":"change_T20","layer_label":"Change, T>20\u00b0C","low":0.0,"high":10.0,"label":"0\u201310 pp","fill":"#fddbc7","fillOpacity":0.3,"stroke":"#fddbc7","strokeOpacity":0.42,"strokeWeight":0.35},"geometry":{"type":"Polygon","coordinates":[[[5.65,36.8],[5.7,36.85],[5.8,36.8333],[5.9,36.8],[5.8,36.7],[5.7,36.7333],[5.65,36.8]]]}},{"type":"Feature","properties":{"layer_id":"change_T20","layer_label":"Change, T>20\u00b0C","low":0.0,"high":10.0,"label":"0\u201310 pp","fill":"#fddbc7","fillOpacity":0.3,"stroke":"#fddbc7","strokeOpacity":0.42,"strokeWeight":0.35},"geometry":{"type":"Polygon","coordinates":[[[6.1,36.8],[6.2,36.8667],[6.3,36.875],[6.325,36.9],[6.4,36.975],[6.5,36.96],[6.6,36.9],[6.6,36.9],[6.7,36.85],[6.75,36.9],[6.8,36.9333],[6.8333,36.9],[6.8,36.8],[6.8,36.8],[6.7,36.75],[6.6,36.75],[6.5,36.7],[6.4,36.7],[6.3,36.725],[6.2,36.7],[6.1,36.8]]]}},{"type":"Feature","properties":{"layer_id":"change_T20","layer_label":"Change, T>20\u00b0C","low":0.0,"high":10.0,"label":"0\u201310 pp","fill":"#fddbc7","fillOpacity":0.3,"stroke":"#fddbc7","strokeOpacity":0.42,"strokeWeight":0.35},"geometry":{"type":"Polygon","coordinates":[[[-4.4,34.0],[-4.3,34.0],[-4.3,34.0],[-4.2,34.0],[-4.1,34.1],[-4.1,34.1],[-4.0,34.1],[-4.0,34.1],[-4.0,34.0],[-3.9,34.0],[-3.8,34.0],[-3.7,34.0],[-3.68,34.0],[-3.7,34.025],[-3.8,34.02],[-3.9,34.0333],[-3.95,34.1],[-4.0,34.1667],[-4.1,34.1667],[-4.2,34.1333],[-4.25,34.1],[-4.3,34.0667],[-4.4,34.0],[-4.4,34.0],[-4.4,34.0]]]}},{"type":"Feature","properties":{"layer_id":"change_T20","layer_label":"Change, T>20\u00b0C","low":0.0,"high":10.0,"label":"0\u201310 pp","fill":"#fddbc7","fillOpacity":0.3,"stroke":"#fddbc7","strokeOpacity":0.42,"strokeWeight":0.35},"geometry":{"type":"Polygon","coordinates":[[[-3.1,34.0],[-3.0,34.0],[-2.9,34.0],[-2.8,34.0],[-2.8,34.0],[-2.7,34.0],[-2.7,34.0],[-2.6,34.0],[-2.5,34.0],[-2.5,34.0],[-2.5,34.0],[-2.4,34.0],[-2.3,34.0],[-2.2,34.0],[-2.1,34.0],[-2.1,34.0],[-2.05,34.1],[-2.0,34.15],[-1.9,34.1],[-1.9,34.0],[-1.9,34.0],[-1.8,34.0],[-1.7,34.0],[-1.6,34.0],[-1.5,34.0],[-1.4,34.0],[-1.3,34.0],[-1.2,34.0],[-1.1,34.0],[-1.0,34.0],[-1.0,34.0],[-1.0,34.1],[-0.9,34.1333],[-0.8,34.15],[-0.75,34.2],[-0.7,34.2333],[-0.6,34.2333],[-0.5,34.2333],[-0.4,34.25],[-0.3,34.3],[-0.2,34.3],[-0.2,34.3],[-0.1,34.4],[-0.1,34.4],[-0.1,34.5],[0.0,34.6],[0.1,34.6],[0.2,34.55],[0.25,34.6],[0.3,34.65],[0.4,34.7],[0.5,34.7],[0.6,34.7],[0.7,34.7],[0.75,34.6],[0.8,34.5667],[0.9,34.55],[0.9333,34.6],[0.9,34.6333],[0.8,34.7],[0.8,34.7],[0.7,34.8],[0.8,34.85],[0.9,34.85],[0.95,34.9],[0.9,34.95],[0.8,34.9333],[0.7,34.9333],[0.6,34.95],[0.5,34.9],[0.5,34.9],[0.4,34.8],[0.3,34.8],[0.3,34.8],[0.2,34.75],[0.1,34.7],[0.0,34.8],[0.025,34.9],[0.0,34.9333],[-0.1,34.95],[-0.2,34.9333],[-0.3,34.9333],[-0.4,34.9333],[-0.5,34.9333],[-0.6,34.95],[-0.7,34.9],[-0.8,34.95],[-0.9,34.9],[-1.0,34.9],[-1.1,34.925],[-1.2,34.94],[-1.3,34.9],[-1.3,34.9],[-1.4,34.8667],[-1.5,34.85],[-1.6,34.84],[-1.7,34.85],[-1.8,34.825],[-1.85,34.8],[-1.9,34.75],[-2.0,34.7],[-2.1,34.7],[-2.2,34.8],[-2.1,34.9],[-2.1,34.9],[-2.1,34.9],[-2.2,34.9],[-2.2,34.9],[-2.3,34.8],[-2.4,34.8],[-2.5,34.8],[-2.5,34.8],[-2.5,34.7],[-2.5,34.7],[-2.4,34.7],[-2.3,34.7],[-2.2,34.7],[-2.1,34.6],[-2.2,34.55],[-2.3,34.5],[-2.3,34.5],[-2.4,34.4333],[-2.5,34.4333],[-2.6,34.425],[-2.7,34.4],[-2.7,34.4],[-2.725,34.3],[-2.7,34.2667],[-2.6333,34.2],[-2.7,34.1333],[-2.8,34.1167],[-2.825,34.1],[-2.9,34.025],[-3.0,34.0125],[-3.1,34.0],[-3.1,34.0],[-3.1,34.0]]]}},{"type":"Feature","properties":{"layer_id":"change_T20","layer_label":"Change, T>20\u00b0C","low":0.0,"high":10.0,"label":"0\u201310 pp","fill":"#fddbc7","fillOpacity":0.3,"stroke":"#fddbc7","strokeOpacity":0.42,"strokeWeight":0.35},"geometry":{"type":"Polygon","coordinates":[[[-2.35,34.2],[-2.3,34.25],[-2.2,34.275],[-2.125,34.2],[-2.2,34.1],[-2.3,34.15],[-2.35,34.2]]]}},{"type":"Feature","properties":{"layer_id":"change_T20","layer_label":"Change, T>20\u00b0C","low":0.0,"high":10.0,"label":"0\u201310 pp","fill":"#fddbc7","fillOpacity":0.3,"stroke":"#fddbc7","strokeOpacity":0.42,"strokeWeight":0.35},"geometry":{"type":"Polygon","coordinates":[[[-1.2,34.2],[-1.2,34.2],[-1.1,34.3],[-1.1,34.3],[-1.0,34.3],[-0.9,34.3],[-0.8,34.4],[-0.8,34.5],[-0.8,34.5],[-0.8,34.5],[-0.7,34.4],[-0.6,34.4],[-0.5,34.4],[-0.4,34.4],[-0.3,34.4],[-0.3,34.4],[-0.3,34.4],[-0.4,34.3],[-0.4,34.3],[-0.5,34.3],[-0.6,34.3],[-0.7,34.3],[-0.8,34.3],[-0.9,34.2],[-0.9,34.2],[-1.0,34.2],[-1.1,34.2],[-1.2,34.2],[-1.2,34.2]]]}},{"type":"Feature","properties":{"layer_id":"change_T20","layer_label":"Change, T>20\u00b0C","low":0.0,"high":10.0,"label":"0\u201310 pp","fill":"#fddbc7","fillOpacity":0.3,"stroke":"#fddbc7","strokeOpacity":0.42,"strokeWeight":0.35},"geometry":{"type":"Polygon","coordinates":[[[-2.2,34.4],[-2.2,34.4],[-2.1,34.5],[-2.1,34.5],[-2.0,34.5],[-1.9,34.6],[-1.9,34.6],[-1.8,34.7],[-1.8,34.7],[-1.7,34.8],[-1.7,34.8],[-1.6,34.8],[-1.6,34.8],[-1.5,34.7],[-1.4,34.8],[-1.4,34.8],[-1.3,34.8],[-1.2,34.9],[-1.2,34.9],[-1.2,34.9],[-1.1,34.8],[-1.0,34.8],[-0.9,34.8],[-0.8,34.9],[-0.8,34.9],[-0.8,34.9],[-0.7,34.8],[-0.6,34.8],[-0.5,34.8],[-0.4,34.8],[-0.3,34.8],[-0.3,34.8],[-0.2,34.7],[-0.2,34.7],[-0.2,34.7],[-0.3,34.7],[-0.4,34.7],[-0.5,34.6],[-0.5,34.6],[-0.6,34.6],[-0.7,34.6],[-0.7,34.6],[-0.8,34.7],[-0.9,34.7],[-1.0,34.7],[-1.1,34.6],[-1.1,34.6],[-1.2,34.6],[-1.3,34.6],[-1.4,34.6],[-1.5,34.5],[-1.5,34.5],[-1.6,34.5],[-1.7,34.5],[-1.8,34.5],[-1.9,34.4],[-1.9,34.4],[-1.9,34.4],[-2.0,34.5],[-2.1,34.4],[-2.1,34.4],[-2.2,34.4],[-2.2,34.4]]]}},{"type":"Feature","properties":{"layer_id":"change_T20","layer_label":"Change, T>20\u00b0C","low":0.0,"high":10.0,"label":"0\u201310 pp","fill":"#fddbc7","fillOpacity":0.3,"stroke":"#fddbc7","strokeOpacity":0.42,"strokeWeight":0.35},"geometry":{"type":"Polygon","coordinates":[[[0.8,34.0],[0.85,34.1],[0.9,34.15],[1.0,34.2],[1.0,34.2],[1.0,34.2],[1.1,34.1],[1.2,34.1],[1.3,34.1],[1.3,34.1],[1.3,34.0],[1.4,34.0],[1.5,34.0],[1.5,34.0],[1.55,34.1],[1.55,34.2],[1.5,34.2333],[1.4,34.25],[1.3,34.3],[1.3,34.3],[1.2,34.4],[1.2,34.4],[1.2,34.4],[1.1,34.3333],[1.0,34.3],[0.9,34.3],[0.9,34.3],[0.85,34.2],[0.8,34.15],[0.75,34.1],[0.75,34.0],[0.8,34.0],[0.8,34.0]]]}},{"type":"Feature","properties":{"layer_id":"change_T20","layer_label":"Change, T>20\u00b0C","low":0.0,"high":10.0,"label":"0\u201310 pp","fill":"#fddbc7","fillOpacity":0.3,"stroke":"#fddbc7","strokeOpacity":0.42,"strokeWeight":0.35},"geometry":{"type":"Polygon","coordinates":[[[35.6,34.05],[35.65,34.1],[35.65,34.2],[35.7,34.25],[35.7333,34.3],[35.8,34.3667],[35.88,34.3],[35.8,34.22],[35.7667,34.2],[35.75,34.1],[35.7,34.0333],[35.6667,34.0],[35.7,34.0],[35.8,34.0],[35.8,34.1],[35.8,34.1],[35.9,34.2],[35.9,34.2],[36.0,34.3],[36.0,34.4],[36.0,34.4],[36.1,34.4],[36.2,34.4],[36.3,34.5],[36.3,34.5],[36.3,34.5],[36.3,34.4],[36.4,34.38],[36.48,34.3],[36.5,34.2],[36.6,34.3],[36.6,34.3],[36.7,34.4],[36.7,34.4],[36.8,34.5],[36.8,34.5],[36.9,34.6],[36.9,34.6],[36.9,34.6],[37.0,34.55],[37.05,34.5],[37.1,34.45],[37.1333,34.4],[37.2,34.3333],[37.3,34.3333],[37.4,34.35],[37.5,34.3],[37.5667,34.4],[37.6,34.45],[37.7,34.5],[37.7,34.5],[37.8,34.5],[37.8,34.5],[37.9,34.4],[37.9,34.4],[37.95,34.3],[37.9,34.26],[37.8,34.2],[37.8,34.1],[37.8,34.1],[37.75,34.0],[37.8,34.0],[37.8333,34.0],[37.8667,34.1],[37.8667,34.2],[37.9,34.22],[38.0,34.3],[38.0,34.3],[38.05,34.4],[38.02,34.5],[38.0,34.6],[38.0,34.6],[38.0,34.6],[38.0667,34.7],[38.1,34.75],[38.2,34.7667],[38.3,34.7857],[38.3333,34.8],[38.4,34.84],[38.475,34.9],[38.4,34.9375],[38.3,34.925],[38.2,34.9333],[38.1,34.9],[38.0,35.0],[38.0,35.0],[38.0,35.0],[37.9,34.95],[37.8,34.95],[37.7,34.9667],[37.6333,34.9],[37.6,34.8],[37.5,34.9],[37.5,34.9],[37.4,34.9],[37.4,34.9],[37.3,34.825],[37.2,34.8],[37.2,34.8],[37.2,34.7],[37.1,34.6],[37.0,34.65],[36.9,34.6667],[36.8333,34.6],[36.8,34.5667],[36.75,34.5],[36.7,34.45],[36.6333,34.4],[36.6,34.3667],[36.55,34.4],[36.5,34.4333],[36.4,34.5],[36.4,34.6],[36.4,34.6],[36.4,34.6],[36.3,34.54],[36.2,34.5167],[36.1667,34.5],[36.1,34.45],[36.0,34.4333],[35.9333,34.5],[36.0,34.5667],[36.1,34.55],[36.1286,34.6],[36.2,34.6714],[36.2286,34.7],[36.2,34.8],[36.2,34.8],[36.1,34.9],[36.1,34.9],[36.0143,35.0],[36.0,35.05],[35.9667,35.1],[35.9667,35.2],[36.0,35.2333],[36.0167,35.3],[36.0182,35.4],[36.0133,35.5],[36.0154,35.6],[36.0,35.6667],[35.9667,35.7],[35.9667,35.8],[36.0,35.85],[36.0083,35.9],[36.0,36.0],[36.1,36.1],[36.1,36.1],[36.2,36.1333],[36.3,36.1],[36.3,36.1],[36.3,36.1],[36.4,36.15],[36.45,36.2],[36.5,36.3],[36.5,36.3],[36.525,36.4],[36.5,36.4333],[36.4,36.4667],[36.3,36.4],[36.2,36.4],[36.2,36.4],[36.2,36.3],[36.1,36.2],[36.0,36.24],[35.925,36.3],[36.0,36.375],[36.0333,36.4],[36.1,36.45],[36.1667,36.5],[36.2,36.55],[36.21,36.6],[36.2083,36.7],[36.225,36.8],[36.2222,36.9],[36.22,37.0],[36.25,37.1],[36.3,37.1667],[36.3167,37.2],[36.3,37.3],[36.3,37.3],[36.2,37.3222],[36.1,37.325],[36.0,37.3667],[35.9,37.35],[35.8,37.3667],[35.7,37.35],[35.6,37.325],[35.55,37.3],[35.5,37.2667],[35.4,37.3],[35.4,37.3],[35.4,37.3],[35.3,37.2286],[35.2,37.225],[35.16,37.2],[35.1,37.14],[35.05,37.1],[35.0,37.0333],[34.9667,37.0],[34.9,36.95],[34.8,36.9333],[34.76,36.9],[34.7,36.84],[34.6,36.8167],[34.55,36.8],[34.5,36.75],[34.4333,36.7],[34.4,36.6667],[34.3,36.65],[34.275,36.6],[34.2,36.525],[34.1,36.5143],[34.09,36.5],[34.0,36.4182],[33.9,36.42],[33.8333,36.4],[33.8,36.3667],[33.7,36.3143],[33.6875,36.3],[33.6,36.2222],[33.5,36.2182],[33.4,36.2182],[33.3,36.22],[33.2,36.2667],[33.1,36.2667],[33.0,36.3],[33.1,36.3333],[33.2,36.3333],[33.3,36.38],[33.4,36.39],[33.4333,36.4],[33.4,36.4091],[33.3,36.4667],[33.2667,36.5],[33.2,36.5667],[33.1667,36.6],[33.1286,36.7],[33.14,36.8],[33.2,36.86],[33.3,36.85],[33.35,36.8],[33.4,36.7778],[33.5,36.7],[33.5,36.7],[33.6,36.6667],[33.7,36.6],[33.7,36.6],[33.8,36.5667],[33.9,36.58],[34.0,36.5818],[34.025,36.6],[34.1,36.675],[34.14,36.7],[34.2,36.76],[34.3,36.75],[34.3286,36.8],[34.4,36.8714],[34.4333,36.9],[34.5,36.9667],[34.5333,37.0],[34.6,37.0667],[34.7,37.1],[34.7,37.1],[34.8,37.1714],[34.9,37.2],[34.9,37.2],[35.0,37.3],[35.0,37.3],[35.1,37.38],[35.2,37.4],[35.2,37.4],[35.3,37.4778],[35.4,37.5],[35.4,37.5],[35.5,37.6],[35.6,37.5875],[35.6167,37.6],[35.7,37.6714],[35.8,37.7],[35.8,37.7],[35.9,37.8],[35.9333,37.7],[36.0,37.675],[36.1,37.6],[36.1,37.6],[36.2,37.59],[36.3,37.56],[36.4,37.55],[36.5,37.5333],[36.55,37.5],[36.5,37.4],[36.5,37.4],[36.5,37.4],[36.55,37.3],[36.5889,37.2],[36.6,37.175],[36.7,37.2],[36.7,37.2],[36.75,37.3],[36.7667,37.4],[36.725,37.5],[36.7,37.55],[36.6,37.5333],[36.55,37.6],[36.6,37.65],[36.65,37.7],[36.7,37.75],[36.74,37.8],[36.8,37.86],[36.9,37.8667],[36.98,37.8],[36.9857,37.7],[37.0,37.65],[37.0333,37.6],[37.1,37.5778],[37.2,37.5667],[37.3,37.56],[37.4,37.6],[37.4,37.6],[37.5,37.68],[37.6,37.7],[37.7,37.7],[37.7,37.7],[37.8,37.775],[37.85,37.8],[37.9,37.8333],[38.0,37.85],[38.1,37.8714],[38.2,37.8875],[38.22,37.9],[38.3,37.9667],[38.34,38.0],[38.4,38.06],[38.5,38.0714],[38.5667,38.1],[38.6,38.15],[38.62,38.2],[38.6,38.2167],[38.5,38.2667],[38.4,38.2667],[38.3,38.3],[38.3,38.3],[38.3,38.3],[38.2,38.2667],[38.1,38.2667],[38.05,38.3],[38.0667,38.4],[38.1,38.45],[38.12,38.5],[38.15,38.6],[38.2,38.65],[38.2333,38.7],[38.3,38.7667],[38.34,38.8],[38.4,38.86],[38.5,38.8667],[38.55,38.9],[38.6,39.0],[38.6,39.0],[38.7,39.1],[38.8,39.06],[38.9,39.05],[39.0,39.0333],[39.05,39.0],[39.1,38.98],[39.2,38.98],[39.3,38.9],[39.3,38.9],[39.4,38.875],[39.5,38.8889],[39.6,38.8818],[39.7,38.88],[39.8,38.8818],[39.9,38.89],[40.0,38.85],[40.05,38.8],[40.0,38.75],[39.9667,38.7],[39.9714,38.6],[40.0,38.56],[40.1,38.55],[40.2,38.56],[40.3,38.56],[40.4,38.55],[40.5,38.5333],[40.6,38.5333],[40.7,38.5333],[40.8,38.5818],[40.9,38.5818],[41.0,38.5818],[41.1,38.575],[41.2,38.56],[41.26,38.5],[41.3,38.46],[41.375,38.4],[41.4,38.3],[41.4,38.3],[41.5,38.2333],[41.6,38.2],[41.6,38.2],[41.6,38.2],[41.7,38.2333],[41.75,38.2],[41.7667,38.1],[41.7,38.0333],[41.675,38.0],[41.7,37.975],[41.8,37.9667],[41.9,38.0],[41.9,38.0],[42.0,38.0333],[42.0333,38.0],[42.1,37.9333],[42.2,37.9333],[42.2333,37.9],[42.2,37.8667],[42.1,37.8],[42.1,37.8],[42.0857,37.7],[42.1,37.6],[42.1,37.6],[42.1,37.6],[42.2,37.6333],[42.3,37.6333],[42.4,37.6],[42.4,37.6],[42.45,37.5],[42.4,37.4],[42.4,37.4],[42.4,37.4],[42.48,37.3],[42.5,37.28],[42.5125,37.3],[42.6,37.3875],[42.7,37.3714],[42.7833,37.3],[42.8,37.25],[42.9,37.2],[42.8,37.1],[42.8,37.1],[42.7,37.0],[42.6,37.0],[42.5,37.05],[42.45,37.1],[42.4,37.15],[42.3333,37.2],[42.3,37.22],[42.2,37.3],[42.2,37.3],[42.2,37.3],[42.1,37.2667],[42.0,37.2667],[41.9,37.225],[41.8,37.2],[41.7,37.2],[41.6,37.2],[41.5,37.3],[41.5,37.3],[41.5,37.3],[41.4,37.2],[41.3,37.2],[41.2,37.2667],[41.1,37.25],[41.0,37.2667],[40.9,37.24],[40.8,37.2667],[40.7,37.25],[40.6,37.24],[40.5,37.25],[40.4,37.25],[40.3,37.3],[40.3,37.3],[40.2,37.34],[40.1,37.3667],[40.0,37.4],[40.0,37.4],[40.0,37.4],[39.9,37.3667],[39.8,37.3667],[39.7,37.4],[39.8,37.5],[39.8,37.5],[39.8,37.5],[39.7,37.6],[39.7,37.6],[39.6,37.6],[39.5,37.6667],[39.4,37.65],[39.3,37.65],[39.2,37.6667],[39.1,37.6],[39.0,37.7],[39.0,37.8],[39.0,37.9],[39.0,37.9],[39.0,37.9],[39.0,37.8],[38.9,37.7],[38.8,37.7],[38.7,37.8],[38.7,37.8],[38.6,37.8],[38.6,37.8],[38.6,37.8],[38.7,37.7],[38.6,37.6667],[38.5,37.6667],[38.4333,37.6],[38.4,37.5667],[38.3667,37.6],[38.3,37.65],[38.2,37.6],[38.2,37.6],[38.1667,37.5],[38.1,37.4333],[38.05,37.4],[38.05,37.3],[38.1,37.25],[38.15,37.2],[38.1,37.1],[38.0,37.15],[37.9,37.1667],[37.8333,37.1],[37.8,37.0667],[37.75,37.0],[37.7,36.95],[37.6,36.925],[37.55,36.9],[37.5,36.85],[37.48,36.8],[37.4,36.72],[37.375,36.7],[37.3,36.6],[37.3,36.6],[37.3,36.6],[37.4,36.575],[37.5,36.575],[37.6,36.5667],[37.7,36.5],[37.6,36.4],[37.6,36.4],[37.5333,36.3],[37.5,36.2667],[37.4,36.2333],[37.3,36.2333],[37.2,36.2333],[37.1,36.2333],[37.0,36.2],[37.0,36.2],[36.9,36.15],[36.8,36.125],[36.7667,36.1],[36.7,36.0333],[36.6857,36.0],[36.7,35.9889],[36.7889,35.9],[36.8,35.88],[36.8667,35.8],[36.9,35.7667],[37.0,35.7667],[37.1,35.75],[37.2,35.7333],[37.2333,35.7],[37.2333,35.6],[37.3,35.5],[37.3,35.5],[37.4,35.4833],[37.5,35.4714],[37.6,35.4833],[37.6333,35.5],[37.7,35.55],[37.8,35.55],[37.9,35.5333],[38.0,35.5],[38.0,35.5],[38.05,35.4],[38.1,35.3],[38.1,35.3],[38.2,35.25],[38.3,35.2333],[38.3333,35.2],[38.4,35.1333],[38.5,35.1],[38.5,35.1],[38.6,35.1],[38.7,35.0],[38.6667,34.9],[38.6333,34.8],[38.6,34.75],[38.5,34.7],[38.5,34.7],[38.5,34.7],[38.6,34.65],[38.7,34.6],[38.7,34.6],[38.75,34.5],[38.75,34.4],[38.8,34.3],[38.8,34.3],[38.9,34.2667],[39.0,34.25],[39.1,34.25],[39.15,34.2],[39.2,34.15],[39.2333,34.1],[39.2,34.0],[39.2,34.0],[39.2,34.0],[39.3,34.0],[39.3,34.1],[39.3,34.2],[39.2,34.3],[39.2,34.3],[39.1,34.4],[39.1,34.4],[39.0,34.5],[39.0,34.5],[38.9,34.6],[38.9,34.6],[38.8,34.7],[38.8,34.7],[38.7,34.8],[38.7,34.8],[38.7,34.8],[38.8,34.9],[38.8,35.0],[38.8,35.1],[38.7,35.2],[38.6,35.2],[38.5,35.2],[38.4,35.2],[38.4,35.2],[38.3,35.3],[38.2,35.3],[38.2,35.3],[38.1,35.4],[38.1,35.4],[38.1,35.5],[38.0,35.6],[37.9,35.6],[37.8,35.6],[37.7,35.6],[37.6,35.6],[37.5,35.5],[37.5,35.5],[37.5,35.5],[37.4,35.6],[37.3,35.6],[37.3,35.6],[37.3,35.7],[37.2,35.8],[37.1,35.8],[37.0,35.8],[36.9,35.8],[36.9,35.8],[36.9,35.9],[36.8,36.0],[36.8,36.0],[36.8,36.0],[36.9,36.1],[36.9,36.1],[37.0,36.1],[37.1,36.1],[37.2,36.1],[37.3,36.1],[37.4,36.2],[37.4,36.2],[37.5,36.2],[37.6,36.3],[37.6,36.3],[37.7,36.3],[37.8,36.3],[37.9,36.3],[38.0,36.3],[38.1,36.4],[38.1,36.5],[38.0,36.6],[37.9,36.6],[37.9,36.6],[37.8,36.7],[37.8,36.7],[37.7,36.8],[37.7,36.8],[37.7,36.9],[37.7,36.9],[37.8,37.0],[37.8,37.0],[37.9,37.1],[37.9,37.1],[37.9,37.1],[38.0,37.0],[38.0,37.0],[38.1,36.9],[38.2,36.9],[38.3,37.0],[38.3,37.1],[38.3,37.2],[38.2,37.3],[38.2,37.3],[38.2,37.4],[38.2,37.4],[38.3,37.5],[38.3,37.6],[38.3,37.6],[38.3,37.6],[38.4,37.5],[38.5,37.6],[38.5,37.6],[38.6,37.6],[38.6,37.6],[38.7,37.5],[38.7,37.5],[38.7,37.5],[38.6,37.4],[38.6,37.3],[38.6,37.3],[38.5,37.3],[38.4,37.2],[38.5,37.1],[38.6,37.1],[38.7,37.1],[38.8,37.2],[38.8,37.2],[38.9,37.2],[39.0,37.2],[39.1,37.2],[39.2,37.2],[39.2,37.2],[39.3,37.1],[39.4,37.2],[39.4,37.2],[39.5,37.3],[39.5,37.3],[39.6,37.3],[39.7,37.3],[39.8,37.3],[39.9,37.3],[40.0,37.3],[40.1,37.3],[40.2,37.3],[40.2,37.3],[40.3,37.2],[40.4,37.2],[40.5,37.2],[40.6,37.2],[40.7,37.2],[40.8,37.2],[40.9,37.2],[41.0,37.2],[41.1,37.2],[41.2,37.2],[41.2,37.2],[41.3,37.1],[41.4,37.1],[41.5,37.1],[41.6,37.1],[41.7,37.1],[41.8,37.1],[41.9,37.1],[42.0,37.2],[42.0,37.2],[42.1,37.2],[42.2,37.2],[42.2,37.2],[42.2,37.2],[42.1,37.2],[42.0,37.1],[42.1,37.0],[42.1,37.0],[42.2,36.9],[42.3,37.0],[42.3,37.1],[42.3,37.1],[42.4,37.1],[42.4,37.1],[42.5,37.0],[42.5,37.0],[42.6,36.9],[42.7,36.9],[42.8,36.9],[42.8,36.9],[42.9,36.8],[42.9,36.8],[43.0,36.7],[43.1,36.7],[43.2,36.7],[43.3,36.7],[43.4,36.7],[43.5,36.7],[43.6,36.7],[43.6,36.7],[43.6,36.6],[43.6,36.6],[43.5,36.5],[43.6,36.4],[43.7,36.4],[43.8,36.4],[43.9,36.5],[43.8,36.6],[43.8,36.6],[43.8,36.6],[43.9,36.6],[43.9,36.6],[43.9,36.5],[44.0,36.4],[44.0,36.4],[44.1,36.3],[44.1,36.3],[44.2,36.2],[44.2,36.2],[44.3,36.1],[44.4,36.1],[44.4,36.1],[44.5,36.0],[44.6,36.0],[44.7,36.0],[44.7,36.0],[44.7,35.9],[44.7,35.9],[44.6,35.9],[44.5,35.8],[44.6,35.7],[44.7,35.7],[44.8,35.7],[44.9,35.8],[44.9,35.8],[44.9,35.8],[44.9,35.7],[45.0,35.6],[45.0,35.7],[45.0,35.8],[45.0,35.8167],[44.9167,35.9],[44.9,35.9333],[44.8,35.95],[44.7667,36.0],[44.8,36.0333],[44.9,36.05],[45.0,36.0667],[45.0,36.1],[44.9,36.1],[44.8,36.1],[44.8,36.1],[44.8,36.1],[44.9,36.2],[44.9,36.2],[45.0,36.2],[45.0,36.25],[44.9,36.25],[44.8,36.2],[44.7,36.2],[44.6,36.3],[44.6,36.3],[44.5,36.32],[44.4,36.3],[44.3,36.4],[44.4,36.45],[44.4333,36.5],[44.425,36.6],[44.4,36.62],[44.3,36.62],[44.2,36.6333],[44.1333,36.7],[44.1,36.7143],[44.0,36.72],[43.9,36.725],[43.875,36.7],[43.8,36.64],[43.725,36.7],[43.7,36.7333],[43.6,36.7333],[43.5,36.7333],[43.4,36.74],[43.3,36.75],[43.2,36.75],[43.1,36.7667],[43.05,36.8],[43.0,36.825],[42.9,36.85],[42.85,36.9],[42.8,37.0],[42.9,37.1],[42.9,37.1],[42.9,37.2],[43.0,37.2333],[43.025,37.2],[43.1,37.125],[43.2,37.15],[43.25,37.1],[43.2333,37.0],[43.225,36.9],[43.3,36.84],[43.35,36.9],[43.4,36.96],[43.5,36.96],[43.6,36.98],[43.625,37.0],[43.7,37.06],[43.8,37.0833],[43.9,37.0],[43.9,37.0],[44.0,36.95],[44.1,36.9333],[44.2,36.9],[44.2,36.9],[44.2,36.9],[44.3,36.94],[44.3667,36.9],[44.4,36.8667],[44.4667,36.8],[44.5,36.75],[44.52,36.7],[44.6,36.65],[44.7,36.6667],[44.8,36.65],[44.85,36.6],[44.85,36.5],[44.8333,36.4],[44.9,36.35],[45.0,36.35],[45.0,36.4],[44.9,36.4],[44.9,36.4],[44.9,36.5],[44.9,36.6],[44.8,36.7],[44.7,36.7],[44.6,36.675],[44.56,36.7],[44.6,36.7667],[44.7,36.8],[44.6,36.85],[44.55,36.9],[44.5,37.0],[44.4,36.95],[44.3,36.98],[44.2,37.0],[44.1,37.0],[44.0,37.0],[44.0,37.0],[43.9,37.1],[43.9,37.1],[43.8,37.2],[43.7,37.1],[43.7,37.1],[43.7,37.1],[43.7,37.2],[43.6,37.3],[43.5,37.3],[43.4,37.2],[43.5,37.1],[43.5,37.1],[43.5,37.0],[43.5,37.0],[43.4,37.0],[43.3167,36.9],[43.3,36.88],[43.275,36.9],[43.3,37.0],[43.3,37.1],[43.2,37.2],[43.1,37.175],[43.075,37.2],[43.0,37.3],[42.9,37.3],[42.9,37.3],[42.8,37.4],[42.7,37.4],[42.7,37.4],[42.6,37.5],[42.6,37.5],[42.5,37.6],[42.5,37.6],[42.4,37.7],[42.3,37.7],[42.2,37.7],[42.2,37.7],[42.2,37.8],[42.2,37.8],[42.3,37.9],[42.2,38.0],[42.1,38.0],[42.1,38.0],[42.0,38.1],[42.0,38.1],[41.9,38.2],[41.9,38.2],[41.8,38.3],[41.7,38.3],[41.6,38.3],[41.5,38.3],[41.5,38.3],[41.5,38.4],[41.4,38.5],[41.3,38.5],[41.3,38.5],[41.2,38.6],[41.1,38.6],[41.0,38.6],[40.9,38.6],[40.8,38.6],[40.7,38.6],[40.6,38.6],[40.5,38.6],[40.5,38.6],[40.4,38.7],[40.3,38.6],[40.3,38.6],[40.2,38.6],[40.1,38.6],[40.0,38.6],[40.0,38.6],[40.0,38.7],[40.0,38.7],[40.1,38.8],[40.0,38.9],[40.0,38.9],[39.9,39.0],[39.8,38.9],[39.8,38.9],[39.7,38.9],[39.6,38.9],[39.6,38.9],[39.5,39.0],[39.4,38.9],[39.4,38.9],[39.4,38.9],[39.3,39.0],[39.2,39.0],[39.2,39.0],[39.1,39.1],[39.0,39.1],[38.9,39.1],[38.8,39.1],[38.8,39.1],[38.7,39.2],[38.6,39.2],[38.5,39.1],[38.5,39.0],[38.5,38.9],[38.5,38.9],[38.4,38.9],[38.3,38.8],[38.3,38.8],[38.2,38.7],[38.2,38.7],[38.1,38.6],[38.1,38.6],[38.0,38.5],[38.0,38.4],[38.0,38.4],[37.9,38.3],[37.9,38.2],[38.0,38.1],[38.1,38.2],[38.1,38.2],[38.2,38.2],[38.3,38.2],[38.4,38.2],[38.5,38.2],[38.5,38.2],[38.5,38.1],[38.5,38.1],[38.4,38.1],[38.3,38.0],[38.3,38.0],[38.2,38.0],[38.1,37.9],[38.1,37.9],[38.0,37.9],[37.9,37.9],[37.8,37.9],[37.7,37.8],[37.7,37.8],[37.6,37.8],[37.5,37.75],[37.4,37.7],[37.4,37.7],[37.3,37.6],[37.3,37.6],[37.2,37.6],[37.1,37.6],[37.1,37.6],[37.1,37.7],[37.1,37.8],[37.0,37.9],[36.9,37.9],[36.8,37.9],[36.7,37.8],[36.7,37.8],[36.6,37.7],[36.6,37.7],[36.5,37.6],[36.5,37.6],[36.4,37.6],[36.3,37.6],[36.3,37.6],[36.2,37.7],[36.1,37.7],[36.0,37.7],[36.0,37.7],[36.0,37.8],[35.9,37.9],[35.8,37.8],[35.8,37.8],[35.7,37.7],[35.7,37.7],[35.6,37.7],[35.5,37.7],[35.5,37.7],[35.4,37.8],[35.3,37.7],[35.3,37.6],[35.3,37.5],[35.3,37.5],[35.2,37.5],[35.1,37.4],[35.1,37.4],[35.0,37.4],[34.9,37.3],[34.9,37.3],[34.8,37.2],[34.8,37.2],[34.7,37.2],[34.6,37.1],[34.6,37.1],[34.5,37.0],[34.5,37.0],[34.4,36.9],[34.4,36.9],[34.3,36.8],[34.3,36.8],[34.2,36.8],[34.1,36.7],[34.1,36.7],[34.0,36.6],[34.0,36.6],[33.9,36.6],[33.8,36.6],[33.8,36.6],[33.7,36.7],[33.6,36.7],[33.6,36.7],[33.5,36.8],[33.4,36.8],[33.4,36.8],[33.3,36.9],[33.2,36.9],[33.1,36.8],[33.1,36.7],[33.1,36.6],[33.2,36.5],[33.2,36.5],[33.3,36.4],[33.3,36.4],[33.3,36.4],[33.2,36.4],[33.1,36.4],[33.0,36.4],[32.9,36.4],[32.8,36.3],[32.8,36.3],[32.7,36.3],[32.6,36.3],[32.6,36.3],[32.5,36.4],[32.5,36.4],[32.4,36.5],[32.4,36.5],[32.3,36.6],[32.2,36.6],[32.2,36.6],[32.1,36.7],[32.1,36.7],[32.0,36.8],[32.0,36.8],[31.9,36.9],[31.8,36.9],[31.8,36.9],[31.7,37.0],[31.6,37.0],[31.6,37.0],[31.5,37.1],[31.4,37.1],[31.4,37.1],[31.3,37.2],[31.3,37.2],[31.2,37.3],[31.1,37.3],[31.0,37.3],[31.0,37.3],[30.9,37.4],[30.9,37.4],[30.9,37.4],[31.0,37.5],[30.9,37.6],[30.8,37.6],[30.7,37.6],[30.6,37.5],[30.6,37.4],[30.6,37.3],[30.6,37.3],[30.5,37.2],[30.5,37.2],[30.4,37.1],[30.4,37.0],[30.4,36.9],[30.4,36.8],[30.4,36.7],[30.4,36.7],[30.3,36.6],[30.3,36.6],[30.2,36.6],[30.1,36.5],[30.1,36.5],[30.0,36.4],[30.0,36.4],[30.0,36.4],[29.9,36.5],[29.8,36.5],[29.7,36.5],[29.6,36.4],[29.6,36.4],[29.6,36.4],[29.5,36.5],[29.5,36.5],[29.5,36.6],[29.5,36.7],[29.4,36.8],[29.3,36.8],[29.2,36.8],[29.2,36.8],[29.1,36.9],[29.1,36.9],[29.1,36.9],[29.2,37.0],[29.2,37.0],[29.3,37.1],[29.2,37.2],[29.1,37.2],[29.1,37.2],[29.0,37.3],[29.0,37.3],[29.0,37.4],[29.0,37.4],[29.1,37.5],[29.0,37.6],[29.0,37.6],[28.9,37.7],[28.8,37.7],[28.8,37.7],[28.8,37.7],[28.9,37.7],[29.0,37.7],[29.1,37.7],[29.1,37.7],[29.2,37.6],[29.3,37.7],[29.3,37.7],[29.4,37.7],[29.5,37.7],[29.5,37.7],[29.6,37.6],[29.7,37.6],[29.7,37.6],[29.7,37.5],[29.8,37.4],[29.8,37.4],[29.9,37.3],[30.0,37.3],[30.1,37.4],[30.1,37.4],[30.2,37.5],[30.2,37.6],[30.2,37.6],[30.3,37.7],[30.3,37.8],[30.2,37.9],[30.1,37.8],[30.1,37.8],[30.0,37.7],[30.0,37.7],[29.9,37.7],[29.9,37.7],[29.9,37.7],[30.0,37.8],[30.0,37.9],[30.0,37.9],[30.1,38.0],[30.0,38.1],[30.0,38.1],[29.9,38.2],[29.9,38.2],[29.8,38.3],[29.8,38.3],[29.7,38.4],[29.6,38.4],[29.5,38.3],[29.5,38.3],[29.5,38.3],[29.4,38.4],[29.4,38.4],[29.3,38.5],[29.2,38.5],[29.2,38.5],[29.2,38.6],[29.2,38.6],[29.2,38.6],[29.3,38.5],[29.4,38.6],[29.3,38.7],[29.3,38.7],[29.2,38.8],[29.2,38.8],[29.1,38.9],[29.0,38.8],[29.0,38.8],[28.9,38.8],[28.9,38.8],[28.8,38.9],[28.8,38.9],[28.7,39.0],[28.6,39.0],[28.5,39.0],[28.4,39.0],[28.3,39.0],[28.3,39.0],[28.2,39.1],[28.1,39.1],[28.1,39.1],[28.0,39.2],[28.0,39.2],[27.9,39.3],[27.9,39.3],[27.9,39.3],[28.0,39.3],[28.1,39.3],[28.2,39.4],[28.2,39.4],[28.3,39.5],[28.3,39.6],[28.3,39.7],[28.3,39.8],[28.3,39.8],[28.4,39.9],[28.4,39.9],[28.5,39.9],[28.6,39.9],[28.7,40.0],[28.7,40.1],[28.7,40.1],[28.8,40.1],[28.9,40.1],[29.0,40.1],[29.1,40.1],[29.2,40.2],[29.2,40.2],[29.3,40.2],[29.3,40.2],[29.4,40.1],[29.4,40.1],[29.5,40.0],[29.6,40.0],[29.7,40.1],[29.7,40.2],[29.7,40.2],[29.8,40.3],[29.8,40.3],[29.9,40.4],[29.8,40.5],[29.7,40.5],[29.7,40.5],[29.6,40.6],[29.6,40.6],[29.6,40.6],[29.7,40.6],[29.8,40.6],[29.9,40.6],[30.0,40.6],[30.1,40.6],[30.2,40.7],[30.2,40.7],[30.3,40.7],[30.3,40.7],[30.4,40.6],[30.5,40.6],[30.6,40.7],[30.6,40.8],[30.6,40.8],[30.7,40.9],[30.7,40.9],[30.8,41.0],[30.8,41.1],[30.7,41.2],[30.6,41.2],[30.5,41.2],[30.4,41.2],[30.3,41.2],[30.2,41.2],[30.1,41.2],[30.0,41.2],[29.9,41.2],[29.8,41.2],[29.7,41.2],[29.7,41.2],[29.6,41.3],[29.5,41.2],[29.5,41.2],[29.4,41.2],[29.4,41.2],[29.3,41.3],[29.2,41.3],[29.1,41.3],[29.0,41.3],[28.9,41.3],[28.9,41.3],[28.8,41.4],[28.7,41.4],[28.6,41.4],[28.5,41.4],[28.5,41.4],[28.4,41.5],[28.3,41.5],[28.3,41.5],[28.2,41.6],[28.2,41.6],[28.1,41.7],[28.1,41.7],[28.0,41.8],[28.0,41.8],[28.0,41.8],[28.1,41.9],[28.0,42.0],[28.0,42.0],[28.0,42.1],[27.9,42.2],[27.9,42.2],[27.8,42.3],[27.8,42.3],[27.8,42.4],[27.7,42.5],[27.6,42.5],[27.5,42.5],[27.5,42.5],[27.5,42.5],[27.6,42.5],[27.7,42.6],[27.7,42.6],[27.8,42.6],[27.9,42.7],[27.9,42.8],[27.9,42.9],[27.9,43.0],[27.9,43.0],[28.0,43.1],[28.0,43.1],[28.1,43.2],[28.1,43.3],[28.1,43.3],[28.2,43.3],[28.3,43.3],[28.4,43.3],[28.5,43.3],[28.6,43.4],[28.6,43.5],[28.6,43.6],[28.6,43.7],[28.6,43.8],[28.6,43.9],[28.6,43.9],[28.7,44.0],[28.7,44.0],[28.8,44.1],[28.7,44.2],[28.6,44.2],[28.6,44.2],[28.6,44.2],[28.7,44.2],[28.8,44.3],[28.8,44.4],[28.8,44.4],[28.9,44.5],[28.8,44.6],[28.8,44.6],[28.8,44.7],[28.8,44.7],[28.9,44.8],[28.9,44.8],[29.0,44.9],[29.0,45.0],[29.0,45.0],[29.0,45.0],[29.0,44.9],[29.1,44.8],[29.1,44.8],[29.2,44.7],[29.3,44.7],[29.4,44.7],[29.5,44.8],[29.5,44.8],[29.6,44.8],[29.7,44.9],[29.7,45.0],[29.7,45.1],[29.7,45.2],[29.7,45.2],[29.8,45.3],[29.8,45.4],[29.7,45.5],[29.7,45.5],[29.7,45.6],[29.7,45.6],[29.8,45.7],[29.8,45.7],[29.9,45.7],[30.0,45.8],[30.0,45.8],[30.1,45.8],[30.2,45.8],[30.3,45.9],[30.3,45.9],[30.4,46.0],[30.4,46.1],[30.4,46.1],[30.5,46.1],[30.6,46.1],[30.7,46.2],[30.7,46.3],[30.7,46.3],[30.8,46.4],[30.7,46.5],[30.7,46.5],[30.7,46.5],[30.8,46.5],[30.9,46.6],[30.9,46.6],[31.0,46.6],[31.1,46.6],[31.2,46.6],[31.3,46.6],[31.4,46.6],[31.5,46.6],[31.6,46.6],[31.7,46.6],[31.8,46.6],[31.9,46.6],[32.0,46.6],[32.1,46.6],[32.2,46.6],[32.3,46.6],[32.3,46.6],[32.3,46.6],[32.2,46.5],[32.2,46.5],[32.1,46.5],[32.0,46.4],[32.0,46.4],[31.9,46.3],[32.0,46.2],[32.0,46.2],[32.1,46.1],[32.2,46.1],[32.3,46.1],[32.4,46.1],[32.5,46.1],[32.6,46.1],[32.7,46.1],[32.8,46.1],[32.9,46.1],[33.0,46.1],[33.1,46.1],[33.2,46.1],[33.3,46.1],[33.4,46.1],[33.4,46.1],[33.5,46.0],[33.6,46.1],[33.6,46.1],[33.6,46.1],[33.6,46.0],[33.6,46.0],[33.5,45.9],[33.5,45.9],[33.4,45.9],[33.3,45.8],[33.3,45.8],[33.2,45.8],[33.1,45.7],[33.1,45.7],[33.1,45.7],[33.0,45.8],[32.9,45.7],[32.9,45.7],[32.8,45.6],[32.8,45.6],[32.7,45.5],[32.7,45.5],[32.6,45.5],[32.5,45.5],[32.4,45.4],[32.5,45.3],[32.6,45.3],[32.7,45.3],[32.8,45.4],[32.8,45.4],[32.8,45.4],[32.9,45.3],[33.0,45.3],[33.1,45.3],[33.1,45.3],[33.2,45.2],[33.2,45.2],[33.3,45.1],[33.4,45.1],[33.5,45.2],[33.5,45.2],[33.5,45.2],[33.5,45.1],[33.6,45.0],[33.6,45.0],[33.6,44.9],[33.6,44.9],[33.5,44.8],[33.5,44.8],[33.4,44.7],[33.4,44.6],[33.5,44.5],[33.5,44.5],[33.6,44.4],[33.7,44.4],[33.8,44.4],[33.9,44.4],[34.0,44.4],[34.1,44.4],[34.2,44.5],[34.2,44.5],[34.3,44.5],[34.4,44.5],[34.5,44.6],[34.5,44.7],[34.5,44.8],[34.5,44.8],[34.5,44.8],[34.6,44.7],[34.7,44.7],[34.8,44.8],[34.8,44.8],[34.9,44.8],[35.0,44.8],[35.1,44.8],[35.2,44.9],[35.2,44.9],[35.3,45.0],[35.3,45.0],[35.3,45.0],[35.4,44.9],[35.5,45.0],[35.5,45.1],[35.5,45.1],[35.6,45.1],[35.7,45.1],[35.7,45.1],[35.8,45.0],[35.9,45.0],[36.0,45.0],[36.1,45.0],[36.2,45.0],[36.3,45.0],[36.4,45.0],[36.5,45.1],[36.5,45.2],[36.5,45.3],[36.5,45.4],[36.4,45.5],[36.3,45.5],[36.2,45.5],[36.1,45.5],[36.0,45.5],[35.9,45.4],[35.9,45.4],[35.8,45.4],[35.7,45.4],[35.6,45.4],[35.5,45.3],[35.5,45.3],[35.5,45.3],[35.4,45.4],[35.4,45.4],[35.3,45.5],[35.3,45.5],[35.2,45.6],[35.2,45.6],[35.1,45.7],[35.1,45.7],[35.1,45.8],[35.1,45.9],[35.1,45.9],[35.2,45.9],[35.3,45.9],[35.4,46.0],[35.4,46.0],[35.5,46.0],[35.6,46.0],[35.7,46.0],[35.8,46.0],[35.9,46.0],[36.0,46.0],[36.1,46.1],[36.1,46.1],[36.2,46.1],[36.3,46.1],[36.4,46.2],[36.4,46.2],[36.5,46.2],[36.5,46.2],[36.5,46.1],[36.6,46.0],[36.7,46.0],[36.8,46.1],[36.8,46.1],[36.9,46.1],[37.0,46.1],[37.1,46.2],[37.1,46.2],[37.2,46.2],[37.3,46.3],[37.2,46.4],[37.1,46.4],[37.0,46.4],[36.9,46.4],[36.9,46.4],[36.8,46.5],[36.8,46.5],[36.8,46.5],[36.9,46.5],[37.0,46.6],[37.0,46.6],[37.0,46.6],[37.1,46.5],[37.1,46.5],[37.2,46.4],[37.3,46.4],[37.4,46.4],[37.5,46.4],[37.6,46.5],[37.5,46.6],[37.5,46.6],[37.5,46.6],[37.6,46.6],[37.7,46.6],[37.7,46.6],[37.7,46.5],[37.8,46.4],[37.8,46.4],[37.9,46.3],[38.0,46.3],[38.1,46.3],[38.2,46.3],[38.2,46.3],[38.3,46.2],[38.3,46.2],[38.3,46.2],[38.2,46.2],[38.1,46.1],[38.1,46.1],[38.0,46.1],[37.9,46.0],[38.0,45.9],[38.0,45.9],[38.0,45.9],[37.9,45.8],[37.9,45.8],[37.8,45.7],[37.8,45.7],[37.7,45.7],[37.6,45.6],[37.6,45.5],[37.6,45.5],[37.5,45.4],[37.5,45.4],[37.4,45.4],[37.3,45.4],[37.2,45.3],[37.2,45.3],[37.1,45.2],[37.1,45.1],[37.2,45.0],[37.2,45.0],[37.2,44.9],[37.3,44.8],[37.3,44.8],[37.4,44.7],[37.5,44.7],[37.6,44.7],[37.6,44.7],[37.7,44.6],[37.8,44.7],[37.8,44.7],[37.9,44.7],[37.9,44.7],[38.0,44.6],[38.0,44.6],[38.1,44.5],[38.1,44.5],[38.2,44.4],[38.3,44.4],[38.3,44.4],[38.4,44.3],[38.5,44.3],[38.6,44.3],[38.7,44.3],[38.7,44.3],[38.8,44.2],[38.9,44.2],[39.0,44.2],[39.0,44.2],[39.1,44.1],[39.1,44.1],[39.2,44.0],[39.2,44.0],[39.3,43.9],[39.3,43.9],[39.4,43.8],[39.4,43.8],[39.5,43.7],[39.5,43.7],[39.6,43.6],[39.6,43.6],[39.7,43.5],[39.8,43.5],[39.9,43.5],[39.9,43.5],[40.0,43.4],[40.0,43.4],[40.1,43.3],[40.2,43.4],[40.1,43.5],[40.1,43.5],[40.0,43.6],[40.0,43.6],[39.9,43.7],[39.8,43.7],[39.8,43.7],[39.7,43.8],[39.7,43.8],[39.7,43.9],[39.6,44.0],[39.5,44.0],[39.5,44.0],[39.4,44.1],[39.4,44.1],[39.4,44.2],[39.4,44.3],[39.4,44.4],[39.4,44.4],[39.5,44.4],[39.6,44.4],[39.7,44.4],[39.8,44.4],[39.9,44.5],[39.9,44.5],[40.0,44.5],[40.1,44.5],[40.2,44.5],[40.3,44.5],[40.4,44.5],[40.5,44.5],[40.6,44.5],[40.7,44.5],[40.8,44.5],[40.9,44.5],[41.0,44.5],[41.1,44.5],[41.2,44.5],[41.3,44.5],[41.4,44.5],[41.5,44.5],[41.6,44.6],[41.6,44.6],[41.7,44.6],[41.8,44.6],[41.9,44.6],[42.0,44.7],[42.0,44.7],[42.1,44.8],[42.1,44.9],[42.1,44.9],[42.1,44.9],[42.2,44.8],[42.2,44.8],[42.2,44.8],[42.1,44.7],[42.2,44.6],[42.2,44.6],[42.3,44.5],[42.4,44.5],[42.4,44.5],[42.5,44.4],[42.6,44.4],[42.6,44.4],[42.6,44.4],[42.5,44.3],[42.6,44.2],[42.6,44.2],[42.7,44.1],[42.8,44.1],[42.9,44.1],[43.0,44.1],[43.1,44.1],[43.1,44.1],[43.2,44.0],[43.3,44.0],[43.3,44.0],[43.4,43.9],[43.4,43.9],[43.5,43.8],[43.5,43.8],[43.6,43.7],[43.6,43.7],[43.7,43.6],[43.8,43.6],[43.8,43.6],[43.9,43.5],[43.9,43.5],[44.0,43.4],[44.1,43.4],[44.2,43.4],[44.2,43.4],[44.3,43.3],[44.4,43.3],[44.5,43.4],[44.5,43.4],[44.6,43.4],[44.6,43.4],[44.7,43.3],[44.8,43.3],[44.9,43.3],[45.0,43.3],[45.0,43.4],[45.0,43.4],[44.9,43.5],[44.9,43.5],[44.9,43.5],[44.8,43.4],[44.75,43.5],[44.7,43.525],[44.6,43.5],[44.5,43.5],[44.4,43.525],[44.3,43.5],[44.3,43.5],[44.2,43.44],[44.125,43.5],[44.1,43.52],[44.0,43.6],[44.0,43.6],[43.92,43.7],[43.9,43.725],[43.8,43.75],[43.7,43.8],[43.7,43.8],[43.6,43.9],[43.6,43.9],[43.5,44.0],[43.5,44.0],[43.4,44.0333],[43.3,44.1],[43.3,44.1],[43.2,44.1],[43.1,44.1667],[43.0,44.2],[43.0,44.2],[42.9,44.25],[42.8,44.25],[42.7,44.25],[42.65,44.3],[42.7,44.4],[42.7,44.4],[42.8,44.5],[42.9,44.5],[42.9,44.5],[42.9,44.5],[42.8,44.6],[42.8,44.6],[42.7,44.7],[42.7,44.7],[42.7,44.7],[42.7,44.6],[42.6,44.5],[42.5,44.55],[42.4,44.5667],[42.35,44.6],[42.35,44.7],[42.4,44.8],[42.4,44.8],[42.4,44.9],[42.4,44.9],[42.3,44.9],[42.2,45.0],[42.2,45.0],[42.1,45.1],[42.1,45.2],[42.1,45.2],[42.0,45.2],[41.9,45.2],[41.8,45.2],[41.8,45.2],[41.75,45.1],[41.7,45.0],[41.6,45.0],[41.5,45.0],[41.5,45.0],[41.5,44.9],[41.5,44.8],[41.4,44.7],[41.4,44.7],[41.3,44.6],[41.2,44.6],[41.1,44.6],[41.1,44.6],[41.0,44.5667],[40.9,44.6],[40.9,44.6],[40.8,44.625],[40.75,44.6],[40.7,44.5667],[40.6,44.5667],[40.5,44.6],[40.5,44.6],[40.4,44.6],[40.4,44.6],[40.3,44.55],[40.2,44.55],[40.1,44.55],[40.0,44.55],[39.9,44.55],[39.8,44.5],[39.7,44.5],[39.6,44.5],[39.6,44.5],[39.5,44.45],[39.4,44.45],[39.3,44.425],[39.2,44.4333],[39.15,44.4],[39.15,44.3],[39.2,44.2667],[39.2667,44.2],[39.3,44.18],[39.3667,44.1],[39.4,44.06],[39.46,44.0],[39.5,43.95],[39.5667,43.9],[39.6,43.88],[39.6667,43.8],[39.7,43.7667],[39.7667,43.7],[39.8,43.6778],[39.9,43.6333],[39.9333,43.6],[40.0,43.58],[40.08,43.5],[40.1,43.475],[40.175,43.4],[40.1,43.325],[40.025,43.4],[40.0,43.42],[39.92,43.5],[39.9,43.5667],[39.8,43.5222],[39.7,43.5143],[39.6143,43.6],[39.6,43.6154],[39.5154,43.7],[39.5,43.7154],[39.4154,43.8],[39.4,43.8222],[39.3222,43.9],[39.3,43.92],[39.22,44.0],[39.2,44.02],[39.12,44.1],[39.1,44.1286],[39.0286,44.2],[39.0,44.2333],[38.9,44.2133],[38.8,44.2167],[38.7167,44.3],[38.7,44.3118],[38.6,44.3133],[38.5,44.3143],[38.4,44.3133],[38.3133,44.4],[38.3,44.4154],[38.2,44.4133],[38.1133,44.5],[38.1,44.5154],[38.0154,44.6],[38.0,44.62],[37.92,44.7],[37.9,44.7286],[37.8,44.7286],[37.7857,44.7],[37.7,44.6143],[37.6143,44.7],[37.6,44.7167],[37.5,44.7154],[37.4,44.7167],[37.3167,44.8],[37.3,44.84],[37.24,44.9],[37.2333,45.0],[37.2,45.0667],[37.1667,45.1],[37.2,45.2],[37.3,45.2],[37.3,45.2],[37.3,45.3],[37.4,45.3333],[37.5,45.36],[37.6,45.4],[37.6,45.4],[37.64,45.5],[37.7,45.575],[37.7167,45.6],[37.8,45.6714],[37.825,45.7],[37.9,45.775],[37.9286,45.8],[38.0,45.8714],[38.1,45.9],[38.1,45.9],[38.2,46.0],[38.2,46.0],[38.2,46.0],[38.1667,46.1],[38.2,46.1333],[38.3,46.1667],[38.3667,46.2],[38.3,46.25],[38.25,46.3],[38.2,46.3286],[38.1,46.35],[38.0,46.3667],[37.95,46.4],[37.9,46.4167],[37.8,46.4667],[37.7667,46.5],[37.8,46.55],[37.8333,46.6],[37.9,46.65],[38.0,46.6667],[38.1,46.6714],[38.2,46.6857],[38.3,46.7],[38.3,46.7],[38.4,46.8],[38.4,46.8],[38.4,46.8],[38.35,46.9],[38.3,46.9333],[38.2,46.95],[38.1,46.9],[38.0,46.9],[37.9,46.9],[37.8,46.9],[37.7,46.9],[37.6,46.9],[37.6,46.9],[37.5,46.85],[37.4,46.85],[37.3,46.825],[37.2,46.8],[37.2,46.8],[37.1,46.75],[37.0,46.75],[36.9,46.72],[36.8,46.7],[36.8,46.7],[36.7,46.65],[36.6,46.625],[36.5,46.62],[36.45,46.6],[36.4,46.55],[36.3,46.5333],[36.25,46.5],[36.2,46.45],[36.1,46.4333],[36.0,46.4],[36.0,46.4],[35.9,46.3333],[35.8,46.3333],[35.7,46.3333],[35.6,46.3333],[35.5,46.3],[35.5,46.3],[35.4,46.25],[35.3,46.2333],[35.2,46.2],[35.1,46.2],[35.1,46.2],[35.0,46.1],[35.0,46.1],[34.9,46.05],[34.8,46.05],[34.75,46.0],[34.7,45.9],[34.7,45.9],[34.7,45.9],[34.8,45.85],[34.85,45.8],[34.9,45.775],[35.0,45.75],[35.0333,45.7],[35.1,45.6],[35.1,45.6],[35.2,45.5],[35.2,45.5],[35.3,45.4],[35.3,45.3],[35.3,45.3],[35.4,45.3],[35.5,45.2667],[35.5667,45.3],[35.6,45.3333],[35.7,45.3333],[35.8,45.3333],[35.9,45.36],[36.0,45.4],[36.0,45.4],[36.1,45.4667],[36.2,45.4667],[36.3,45.45],[36.4,45.45],[36.45,45.4],[36.4333,45.3],[36.4333,45.2],[36.4,45.15],[36.3,45.1],[36.2,45.1],[36.2,45.1],[36.1,45.0667],[36.0,45.0667],[35.9,45.0667],[35.8,45.05],[35.75,45.1],[35.7,45.1667],[35.6,45.1667],[35.5,45.1333],[35.475,45.1],[35.475,45.0],[35.4,44.925],[35.325,45.0],[35.3,45.0154],[35.2846,45.0],[35.2,44.9154],[35.1833,44.9],[35.1,44.8167],[35.0,44.8167],[34.9,44.8143],[34.8,44.8222],[34.7778,44.8],[34.7,44.7222],[34.6,44.725],[34.525,44.8],[34.6,44.9],[34.6,44.9],[34.6333,45.0],[34.6,45.05],[34.5,45.05],[34.4,45.05],[34.3,45.1],[34.3,45.1],[34.2,45.1],[34.1,45.1],[34.1,45.1],[34.0,45.0333],[33.9,45.0],[33.9,45.0],[33.85,44.9],[33.9,44.8],[33.9,44.8],[33.975,44.7],[33.9,44.625],[33.85,44.6],[33.8,44.5],[33.8,44.5],[33.7,44.4222],[33.6,44.4154],[33.5154,44.5],[33.5,44.5133],[33.4133,44.6],[33.4222,44.7],[33.5,44.7778],[33.5222,44.8],[33.6,44.8778],[33.6286,44.9],[33.625,45.0],[33.6,45.0154],[33.5154,45.1],[33.5222,45.2],[33.5,45.2222],[33.4833,45.2],[33.4,45.1167],[33.3,45.125],[33.225,45.2],[33.2,45.2182],[33.1182,45.3],[33.1,45.3167],[33.0,45.3167],[32.9,45.3167],[32.8167,45.4],[32.8,45.4167],[32.7857,45.4],[32.7,45.3143],[32.6,45.3182],[32.5,45.32],[32.42,45.4],[32.5,45.48],[32.6,45.4818],[32.7,45.4857],[32.7167,45.5],[32.8,45.5833],[32.8154,45.6],[32.9,45.6846],[32.9154,45.7],[33.0,45.7846],[33.0846,45.7],[33.1,45.6818],[33.1167,45.7],[33.2,45.7833],[33.3,45.7818],[33.3167,45.8],[33.4,45.8833],[33.5,45.8846],[33.5154,45.9],[33.6,45.9846],[33.6143,46.0],[33.6133,46.1],[33.6,46.1143],[33.5867,46.1],[33.5,46.0133],[33.4133,46.1],[33.4,46.1143],[33.3,46.1133],[33.2,46.1154],[33.1,46.1154],[33.0,46.1154],[32.9,46.1143],[32.8,46.1143],[32.7,46.1143],[32.6,46.1154],[32.5,46.1182],[32.4,46.1154],[32.3,46.1154],[32.2,46.1167],[32.1,46.1167],[32.0167,46.2],[32.0,46.2167],[31.9167,46.3],[32.0,46.3833],[32.0154,46.4],[32.1,46.4846],[32.2,46.4857],[32.22,46.5],[32.3,46.58],[32.3222,46.6],[32.3,46.6333],[32.2,46.625],[32.1,46.62],[32.0,46.6182],[31.9,46.6154],[31.8,46.6167],[31.7,46.6154],[31.6,46.6182],[31.5,46.62],[31.4,46.62],[31.3,46.62],[31.2,46.6222],[31.1,46.6222],[31.0,46.625],[30.9,46.625],[30.8714,46.6],[30.8,46.5286],[30.7,46.5286],[30.6714,46.5],[30.7,46.4818],[30.7818,46.4],[30.7,46.3182],[30.6846,46.3],[30.6867,46.2],[30.6,46.1133],[30.5,46.1154],[30.4,46.1182],[30.3846,46.1],[30.3833,46.0],[30.3,45.9167],[30.2833,45.9],[30.2,45.8167],[30.1,45.8154],[30.0,45.8167],[29.9846,45.8],[29.9,45.7154],[29.8,45.7143],[29.7818,45.7],[29.7,45.6182],[29.6833,45.6],[29.68,45.5],[29.7,45.4818],[29.7818,45.4],[29.7818,45.3],[29.7,45.2182],[29.6833,45.2],[29.6846,45.1],[29.68,45.0],[29.6833,44.9],[29.6,44.8167],[29.5,44.8167],[29.48,44.8],[29.4,44.72],[29.3,44.72],[29.2,44.7167],[29.1167,44.8],[29.1,44.8182],[29.0182,44.9],[29.0182,45.0],[29.0,45.0333],[28.9667,45.0],[28.96,44.9],[28.9,44.84],[28.8667,44.8],[28.8,44.7333],[28.76,44.7],[28.78,44.6],[28.8,44.58],[28.88,44.5],[28.8,44.42],[28.7818,44.4],[28.78,44.3],[28.7,44.22],[28.6,44.2182],[28.5667,44.2],[28.6,44.18],[28.7,44.18],[28.78,44.1],[28.7,44.02],[28.68,44.0],[28.6,43.92],[28.5714,43.9],[28.5778,43.8],[28.5778,43.7],[28.5818,43.6],[28.575,43.5],[28.575,43.4],[28.5,43.325],[28.4,43.325],[28.3,43.3182],[28.2,43.32],[28.1,43.3333],[28.0778,43.3],[28.0818,43.2],[28.0,43.1182],[27.98,43.1],[27.9,43.02],[27.86,43.0],[27.86,42.9],[27.8846,42.8],[27.8818,42.7],[27.8,42.6182],[27.7,42.6143],[27.6857,42.6],[27.6,42.5143],[27.5,42.5222],[27.4667,42.5],[27.5,42.4714],[27.6,42.4846],[27.7,42.4857],[27.7857,42.4],[27.7833,42.3],[27.8,42.2833],[27.8833,42.2],[27.9,42.1857],[27.9857,42.1],[27.9833,42.0],[28.0,41.9833],[28.0833,41.9],[28.0,41.8167],[27.9778,41.8],[28.0,41.7714],[28.0714,41.7],[28.1,41.6714],[28.1714,41.6],[28.2,41.5818],[28.2818,41.5],[28.3,41.4818],[28.4,41.4714],[28.4714,41.4],[28.5,41.375],[28.6,41.3714],[28.7,41.3667],[28.8,41.3714],[28.8714,41.3],[28.9,41.2778],[29.0,41.2778],[29.1,41.28],[29.2,41.28],[29.3,41.26],[29.36,41.2],[29.4,41.1818],[29.5,41.1833],[29.52,41.2],[29.6,41.28],[29.68,41.2],[29.7,41.1833],[29.8,41.1846],[29.9,41.1818],[30.0,41.1833],[30.1,41.1833],[30.2,41.1846],[30.3,41.1846],[30.4,41.1846],[30.5,41.1857],[30.6,41.1833],[30.7,41.1846],[30.7846,41.1],[30.7,41.0083],[30.65,41.0],[30.6,40.95],[30.5,40.9],[30.4,40.9333],[30.3,40.9333],[30.2,40.9167],[30.15,40.9],[30.2,40.875],[30.3,40.85],[30.4,40.8667],[30.5,40.8],[30.4,40.7333],[30.3,40.75],[30.2,40.74],[30.1,40.7333],[30.0,40.72],[29.9,40.7167],[29.8,40.7167],[29.7,40.7],[29.7,40.7],[29.6,40.6667],[29.5667,40.7],[29.5,40.7182],[29.4714,40.7],[29.5,40.6333],[29.5333,40.6],[29.6,40.575],[29.675,40.5],[29.7,40.45],[29.7667,40.4],[29.7,40.3333],[29.6,40.3],[29.5,40.3],[29.4,40.4],[29.4,40.4],[29.3,40.5],[29.3,40.5],[29.2,40.5],[29.1,40.5],[29.1,40.5],[29.1,40.5],[29.2,40.5],[29.3,40.4],[29.3,40.3],[29.2,40.25],[29.1,40.2111],[29.0,40.21],[28.9,40.2],[28.8,40.2],[28.8,40.2],[28.7,40.1286],[28.6,40.11],[28.58,40.1],[28.5,40.02],[28.4,40.0],[28.4,40.0],[28.3,39.925],[28.2,39.9],[28.2,39.9],[28.2,39.8],[28.1667,39.7],[28.15,39.6],[28.1,39.5],[28.0,39.5],[27.9,39.5],[27.9,39.5],[27.8,39.4667],[27.7,39.5],[27.7,39.5],[27.6,39.5],[27.5667,39.6],[27.6,39.7],[27.6,39.7],[27.6,39.8],[27.6,39.8],[27.5,39.9],[27.5667,40.0],[27.5,40.05],[27.4333,40.1],[27.4,40.1143],[27.3,40.1125],[27.2667,40.1],[27.2,40.0333],[27.1,40.0],[27.0,40.0],[27.0,40.0],[26.9,39.9333],[26.875,39.9],[26.8,39.84],[26.7333,39.8],[26.7,39.75],[26.6833,39.7],[26.7,39.68],[26.8,39.6667],[26.9,39.675],[27.0,39.6857],[27.1,39.6857],[27.2,39.65],[27.3,39.65],[27.3333,39.6],[27.3,39.55],[27.2667,39.5],[27.2,39.4333],[27.1,39.4],[27.1,39.4],[27.1,39.3],[27.1,39.3],[27.2,39.3],[27.2,39.3],[27.3,39.4],[27.4,39.375],[27.5,39.4],[27.6,39.3],[27.6,39.3],[27.7,39.2],[27.7,39.2],[27.8,39.2],[27.9,39.175],[28.0,39.1],[28.0,39.1],[28.05,39.0],[28.1,38.95],[28.2,38.95],[28.3,38.9333],[28.4,38.9333],[28.5,38.9],[28.5,38.9],[28.6,38.88],[28.7,38.88],[28.8,38.8],[28.8,38.8],[28.9,38.7333],[29.0,38.75],[29.1,38.75],[29.15,38.7],[29.1,38.6],[29.1,38.6],[29.1,38.5],[29.1,38.5],[29.2,38.4714],[29.3,38.4333],[29.3333,38.4],[29.4,38.35],[29.45,38.3],[29.5,38.2333],[29.55,38.2],[29.575,38.1],[29.56,38.0],[29.6,37.9],[29.6,37.9],[29.7,37.8875],[29.8,37.9],[29.8,37.9],[29.9,37.975],[29.96,37.9],[29.9,37.8],[29.9,37.8],[29.85,37.7],[29.8,37.6333],[29.7,37.6286],[29.6,37.7],[29.6,37.7],[29.5,37.725],[29.4,37.72],[29.3,37.7182],[29.2,37.7],[29.1,37.7167],[29.0,37.7182],[28.9,37.75],[28.8,37.75],[28.75,37.7],[28.8,37.6333],[28.85,37.6],[28.9,37.5],[28.9,37.4],[28.9,37.4],[28.9333,37.3],[28.9,37.2667],[28.8,37.225],[28.76,37.2],[28.7333,37.1],[28.8,37.0667],[28.9,37.0333],[29.0,37.1],[29.0,37.1],[29.1,37.175],[29.2,37.175],[29.275,37.1],[29.2,37.025],[29.15,37.0],[29.1,36.95],[29.0667,36.9],[29.1,36.86],[29.16,36.8],[29.2,36.7818],[29.3,36.7833],[29.4,36.7778],[29.4778,36.7],[29.48,36.6],[29.4714,36.5],[29.4909,36.4],[29.5,36.3875],[29.6,36.38],[29.64,36.4],[29.7,36.46],[29.8,36.4778],[29.9,36.475],[29.975,36.4],[30.0,36.375],[30.025,36.4],[30.1,36.475],[30.1333,36.5],[30.2,36.5667],[30.3,36.5778],[30.34,36.6],[30.4,36.66],[30.44,36.7],[30.45,36.8],[30.4333,36.9],[30.44,37.0],[30.5,37.075],[30.5167,37.1],[30.6,37.2],[30.6,37.2],[30.6667,37.3],[30.7,37.35],[30.75,37.4],[30.7167,37.5],[30.8,37.5714],[30.8833,37.5],[30.8333,37.4],[30.9,37.375],[30.975,37.3],[31.0,37.2778],[31.1,37.2],[31.1,37.2],[31.2,37.2],[31.3,37.1714],[31.3714,37.1],[31.4,37.0818],[31.5,37.0333],[31.5333,37.0],[31.6,36.9846],[31.7,36.9667],[31.7667,36.9],[31.8,36.875],[31.9,36.8],[31.9,36.8],[32.0,36.7],[32.0,36.7],[32.1,36.6],[32.1,36.6],[32.2,36.5714],[32.3,36.5],[32.3,36.5],[32.4,36.475],[32.475,36.4],[32.5,36.36],[32.56,36.3],[32.6,36.275],[32.7,36.275],[32.8,36.2333],[32.8333,36.2],[32.8,36.1667],[32.7,36.125],[32.6,36.125],[32.5,36.1667],[32.4667,36.2],[32.4,36.25],[32.35,36.3],[32.3,36.3286],[32.2286,36.4],[32.2,36.4286],[32.1,36.425],[32.025,36.5],[32.0,36.52],[31.9,36.525],[31.825,36.6],[31.8,36.625],[31.725,36.7],[31.7,36.7286],[31.6286,36.8],[31.6,36.8154],[31.5,36.85],[31.45,36.9],[31.4,36.9182],[31.3,37.0],[31.3,37.0],[31.2,37.0333],[31.1,37.05],[31.0,37.1],[31.0,37.1],[31.0,37.1],[30.9,37.0667],[30.8,37.05],[30.7,37.0],[30.7,37.0],[30.6,36.9],[30.6,36.9],[30.55,36.8],[30.56,36.7],[30.5,36.64],[30.46,36.6],[30.4667,36.5],[30.4,36.45],[30.3,36.4222],[30.2,36.4333],[30.175,36.4],[30.1,36.325],[30.075,36.3],[30.0,36.225],[29.9143,36.3],[29.9,36.3143],[29.8,36.3222],[29.7333,36.3],[29.7,36.2667],[29.6,36.22],[29.5,36.2222],[29.4222,36.3],[29.4,36.3167],[29.3,36.35],[29.2333,36.4],[29.2,36.4077],[29.1143,36.5],[29.1,36.5222],[29.0222,36.6],[29.0182,36.7],[29.0,36.7222],[28.9,36.8],[28.9,36.8],[28.8,36.9],[28.8,36.9],[28.7,36.925],[28.6,37.0],[28.6,37.0],[28.5,37.0222],[28.4,37.05],[28.3,37.05],[28.2,37.05],[28.1,37.04],[28.0,37.05],[27.9333,37.1],[27.9,37.1111],[27.8,37.2],[27.8,37.3],[27.8,37.3],[27.7,37.3333],[27.6,37.3667],[27.55,37.4],[27.5,37.45],[27.4667,37.5],[27.5,37.5333],[27.5154,37.6],[27.5,37.64],[27.4,37.7],[27.4,37.7],[27.325,37.8],[27.3,37.8333],[27.25,37.9],[27.2286,38.0],[27.2,38.0333],[27.1,38.04],[27.04,38.1],[27.0,38.125],[26.9143,38.2],[26.9,38.2167],[26.8286,38.3],[26.9,38.3714],[27.0,38.375],[27.1,38.38],[27.12,38.4],[27.1,38.42],[27.0,38.45],[26.95,38.5],[26.9,38.6],[26.9,38.7],[26.9286,38.8],[27.0,38.8714],[27.025,38.9],[27.0,38.95],[26.95,39.0],[26.9,39.04],[26.84,39.1],[26.8,39.1333],[26.7333,39.2],[26.8,39.28],[26.8091,39.3],[26.8,39.35],[26.7667,39.4],[26.8,39.4333],[26.9,39.5],[26.9,39.5],[26.9,39.5],[26.8,39.5333],[26.7,39.5333],[26.6,39.5182],[26.5,39.5167],[26.4,39.5167],[26.3,39.5182],[26.2,39.5],[26.1286,39.6],[26.1182,39.7],[26.14,39.8],[26.125,39.9],[26.2,39.975],[26.3,39.9833],[26.3182,40.0],[26.3,40.0222],[26.2,40.05],[26.15,40.1],[26.15,40.2],[26.2,40.25],[26.2667,40.3],[26.24,40.4],[26.3,40.46],[26.4,40.4667],[26.5,40.4818],[26.6,40.4867],[26.7,40.4867],[26.7222,40.5],[26.74,40.6],[26.7,40.6133],[26.6,40.6143],[26.5,40.6143],[26.4,40.6154],[26.3,40.6154],[26.2,40.62],[26.1,40.64],[26.04,40.7],[26.0167,40.8],[26.0,40.82],[25.9,40.8222],[25.8,40.8222],[25.7,40.8154],[25.6,40.82],[25.52,40.9],[25.5,40.9182],[25.4,40.92],[25.3,40.9182],[25.2,40.94],[25.1,40.925],[25.0,40.92],[24.9,40.92],[24.8,40.9154],[24.7,40.9154],[24.6,40.925],[24.5,41.0],[24.6,41.075],[24.7,41.1],[24.7,41.1],[24.8,41.1333],[24.9,41.16],[25.0,41.1667],[25.1,41.1667],[25.2,41.1714],[25.3,41.16],[25.4,41.16],[25.5,41.1833],[25.6,41.1778],[25.7,41.15],[25.7667,41.1],[25.8,41.0833],[25.9,41.0667],[26.0,41.0778],[26.0667,41.1],[26.1,41.1333],[26.1333,41.2],[26.1,41.25],[26.05,41.3],[26.05,41.4],[26.1,41.45],[26.1667,41.5],[26.1667,41.6],[26.1,41.7],[26.1,41.7],[26.0,41.7],[25.9,41.7333],[25.8,41.75],[25.7,41.7333],[25.6,41.8],[25.6,41.8],[25.55,41.9],[25.5,41.9333],[25.4,41.95],[25.35,42.0],[25.3,42.05],[25.2,42.0667],[25.1,42.1],[25.2,42.2],[25.3,42.2],[25.3,42.2],[25.3,42.3],[25.4,42.3333],[25.5,42.3333],[25.6,42.35],[25.6667,42.4],[25.7,42.4333],[25.8,42.45],[25.85,42.5],[25.9,42.55],[26.0,42.5],[26.0,42.5],[26.1,42.4],[26.1,42.4],[26.2,42.4],[26.3,42.3],[26.2,42.2],[26.1,42.2],[26.1,42.2],[26.1,42.1],[26.0333,42.0],[26.1,41.9333],[26.1333,41.9],[26.2,41.85],[26.3,41.8333],[26.4,41.85],[26.5,41.9],[26.5,41.9],[26.6,42.0],[26.7,41.9],[26.7,41.9],[26.8,41.85],[26.9,41.9],[27.0,41.9],[27.1,41.8667],[27.2,41.85],[27.3,41.8],[27.3,41.8],[27.4,41.8],[27.5,41.7],[27.5,41.7],[27.6,41.6],[27.6,41.5],[27.6,41.5],[27.6,41.5],[27.7,41.6],[27.7,41.6],[27.7,41.7],[27.8,41.8],[27.8,41.8],[27.8,41.8],[27.7333,41.9],[27.725,42.0],[27.7,42.025],[27.6,42.1],[27.6,42.1],[27.5,42.2],[27.5,42.2],[27.4,42.3],[27.4,42.3],[27.3,42.4],[27.3,42.4],[27.2,42.5],[27.2,42.6],[27.3,42.65],[27.4,42.7],[27.4,42.7],[27.5,42.7667],[27.55,42.8],[27.6,42.85],[27.7,42.9],[27.7,42.9],[27.7,43.0],[27.7,43.1],[27.8,43.2],[27.8,43.2],[27.85,43.3],[27.9,43.35],[28.0,43.4],[28.0,43.4],[28.1,43.48],[28.12,43.5],[28.15,43.6],[28.2,43.7],[28.2,43.7],[28.2,43.8],[28.25,43.9],[28.25,44.0],[28.2,44.1],[28.2,44.2],[28.2,44.3],[28.2,44.3],[28.2,44.3],[28.1,44.25],[28.0,44.3],[28.0,44.3],[28.0,44.3],[27.9,44.25],[27.8,44.2333],[27.7,44.2],[27.7,44.2],[27.6,44.15],[27.5,44.15],[27.4,44.15],[27.3,44.1],[27.2,44.1],[27.2,44.1],[27.1,44.0],[27.0,44.0],[26.9,44.0],[26.8,44.0],[26.7,44.0],[26.7,44.0],[26.6,43.9],[26.5,43.9],[26.4,44.0],[26.4,44.0],[26.3,44.0],[26.3,44.0],[26.3,44.0],[26.4,43.9],[26.4,43.8],[26.3,43.75],[26.25,43.7],[26.2,43.65],[26.1,43.65],[26.0,43.6],[25.9,43.65],[25.85,43.7],[25.8,43.7333],[25.7667,43.7],[25.7667,43.6],[25.7,43.5],[25.7,43.5],[25.6,43.4333],[25.5,43.4],[25.4,43.5],[25.4,43.5],[25.3,43.5],[25.2,43.5],[25.2,43.5],[25.1667,43.4],[25.1,43.3333],[25.0,43.35],[24.9,43.35],[24.85,43.4],[24.9,43.5],[24.9,43.5],[24.9,43.5],[24.8,43.5],[24.8,43.5],[24.7,43.4333],[24.6,43.4333],[24.5,43.4333],[24.4,43.4],[24.3,43.4],[24.3,43.4],[24.2,43.3667],[24.1,43.4],[24.15,43.5],[24.2,43.6],[24.2,43.6],[24.2,43.6],[24.1,43.7],[24.1,43.7],[24.0,43.7],[24.0,43.7],[23.9,43.6],[23.8,43.6333],[23.7,43.6333],[23.6333,43.7],[23.6,43.75],[23.5,43.7667],[23.4,43.7],[23.4,43.7],[23.3,43.65],[23.2,43.7],[23.2,43.7],[23.1,43.8],[23.1,43.8],[23.1,43.8],[23.0,43.75],[22.9,43.8],[22.9,43.9],[22.9,43.9],[22.9,43.9],[22.9,43.8],[22.8,43.75],[22.75,43.8],[22.75,43.9],[22.8,44.0],[22.8,44.0],[22.8,44.0],[22.7,44.0],[22.6,44.1],[22.6,44.1],[22.525,44.2],[22.525,44.3],[22.55,44.4],[22.6,44.5],[22.7,44.4],[22.7,44.4],[22.8,44.3667],[22.9,44.4],[23.0,44.35],[23.1,44.3],[23.1,44.3],[23.2,44.3],[23.2,44.3],[23.3,44.3667],[23.4,44.4],[23.5,44.4],[23.5,44.4],[23.6,44.5],[23.6,44.5],[23.7,44.55],[23.8,44.5],[23.8,44.5],[23.9,44.4],[23.9,44.4],[24.0,44.4],[24.1,44.4],[24.1,44.4],[24.2,44.5],[24.2,44.5],[24.3,44.6],[24.4,44.6],[24.5,44.6],[24.6,44.6],[24.7,44.5],[24.7,44.4],[24.7,44.4],[24.7,44.4],[24.8,44.5],[24.9,44.4],[24.9,44.4],[25.0,44.4],[25.1,44.4],[25.2,44.3],[25.2,44.3],[25.3,44.3],[25.4,44.3],[25.5,44.3],[25.5,44.3],[25.5,44.3],[25.4,44.3],[25.3,44.3],[25.2,44.4],[25.2,44.5],[25.3,44.55],[25.4,44.55],[25.5,44.55],[25.6,44.55],[25.7,44.55],[25.8,44.6],[25.9,44.6],[25.9,44.6],[26.0,44.7],[26.0,44.7],[26.1,44.8],[26.1,44.8],[26.2,44.9],[26.3,44.9],[26.3,44.9],[26.4,44.95],[26.5,45.0],[26.5,45.0],[26.6,45.0333],[26.7,45.0667],[26.7333,45.1],[26.8,45.2],[26.8,45.2],[26.9,45.3],[26.9,45.3],[26.95,45.4],[26.95,45.5],[27.0,45.6],[27.0,45.6],[27.1,45.7],[27.2,45.6],[27.2,45.6],[27.2,45.6],[27.2,45.7],[27.25,45.8],[27.3,45.9],[27.3,45.9],[27.3,46.0],[27.3,46.0],[27.2667,46.1],[27.3,46.1333],[27.3667,46.2],[27.4,46.3],[27.4,46.3],[27.5,46.35],[27.6,46.3],[27.6,46.3],[27.7,46.3],[27.75,46.2],[27.7,46.1],[27.7,46.1],[27.7,46.0],[27.7,46.0],[27.8,45.9],[27.8,45.9],[27.8,45.9],[27.9,46.0],[27.9,46.0],[27.9,46.0],[27.8,46.1],[27.85,46.2],[27.9,46.3],[27.9,46.3],[27.9,46.3],[27.8,46.3],[27.7,46.3],[27.65,46.4],[27.7,46.45],[27.8,46.5],[27.9,46.5],[27.9,46.5],[28.0,46.6],[28.0,46.6],[28.0,46.7],[28.1,46.75],[28.1333,46.8],[28.1,46.9],[28.1,46.9],[28.0,47.0],[28.1,47.05],[28.2,47.0],[28.2,47.0],[28.3,46.9667],[28.4,46.9],[28.4,46.8],[28.4,46.8],[28.5,46.8],[28.5,46.8],[28.6,46.9],[28.7,46.9],[28.8,46.8],[28.8,46.7],[28.8,46.7],[28.8,46.7],[28.9,46.8],[28.9,46.8],[28.9,46.9],[29.0,47.0],[29.1,46.9],[29.1,46.9],[29.2,46.9],[29.2,46.9],[29.2,46.9],[29.1,47.0],[29.2,47.1],[29.2,47.1],[29.2,47.2],[29.2,47.2],[29.1,47.3],[29.1,47.3],[29.0,47.4],[29.0,47.5],[29.0,47.6],[29.05,47.7],[29.0,47.75],[28.95,47.8],[29.0,47.9],[29.1,47.9],[29.2,47.85],[29.25,47.8],[29.3,47.7],[29.3,47.7],[29.35,47.6],[29.4,47.55],[29.5,47.6],[29.5,47.6],[29.55,47.7],[29.6,47.8],[29.6,47.8],[29.7,47.9],[29.8,47.9],[29.9,47.9],[30.0,47.9],[30.1,47.8],[30.1,47.7],[30.1,47.7],[30.2,47.7],[30.3,47.7],[30.3,47.7],[30.4,47.8],[30.5,47.8],[30.6,47.8],[30.6,47.8],[30.6,47.8],[30.5,47.9],[30.6,48.0],[30.6,48.0],[30.7,48.1],[30.7,48.1],[30.7,48.2],[30.8,48.3],[30.9,48.3],[31.0,48.3],[31.1,48.3],[31.2,48.3],[31.3,48.3],[31.3,48.3],[31.4,48.4],[31.5,48.4],[31.6,48.4],[31.7,48.35],[31.8,48.3],[31.8,48.3],[31.9,48.3],[32.0,48.2],[32.0,48.2],[32.0,48.2],[32.1,48.3],[32.2,48.3],[32.3,48.3],[32.3,48.3],[32.3,48.4],[32.4,48.45],[32.5,48.5],[32.6,48.5],[32.7,48.5],[32.8,48.5],[32.9,48.5],[33.0,48.5],[33.0,48.5],[33.1,48.6],[33.2,48.6],[33.3,48.6],[33.4,48.6],[33.5,48.5],[33.5,48.5],[33.6,48.5],[33.6,48.5],[33.6,48.5],[33.5,48.6],[33.6,48.7],[33.6,48.7],[33.7,48.8],[33.8,48.8],[33.8,48.8],[33.8,48.9],[33.9,49.0],[33.95,48.9],[34.0,48.85],[34.1,48.9],[34.1,48.9],[34.1,49.0],[34.1,49.1],[34.2,49.2],[34.3,49.2],[34.4,49.1],[34.4,49.1],[34.4,49.1],[34.5,49.2],[34.6,49.2],[34.6,49.2],[34.7,49.25],[34.8,49.25],[34.9,49.25],[35.0,49.3],[35.1,49.3],[35.2,49.3],[35.3,49.2],[35.3,49.1],[35.2,49.0],[35.1,49.0],[35.0,49.0],[35.0,49.0],[34.9,48.9],[34.9,48.9],[34.9,48.9],[35.0,48.8],[35.0,48.8],[35.1,48.8],[35.2,48.8],[35.3,48.8],[35.4,48.8],[35.5,48.8],[35.6,48.7],[35.6,48.7],[35.7,48.6],[35.6,48.5],[35.5,48.5],[35.5,48.5],[35.4,48.4],[35.3,48.4],[35.3,48.4],[35.2,48.3],[35.1,48.4],[35.1,48.4],[35.0,48.4],[34.9,48.4],[34.8,48.4],[34.7,48.4],[34.6,48.5],[34.6,48.5],[34.5,48.6],[34.5,48.6],[34.4,48.6],[34.4,48.6],[34.4,48.6],[34.5,48.5],[34.4,48.4],[34.3,48.4],[34.3,48.4],[34.3,48.3],[34.2,48.2],[34.2,48.2],[34.2,48.2],[34.3,48.1],[34.3,48.1],[34.4,48.0],[34.4,48.0],[34.5,48.0],[34.6,48.0],[34.7,48.0],[34.8,48.0],[34.9,48.0],[34.9,48.0],[35.0,48.1],[35.1,48.0],[35.1,48.0],[35.2,48.0],[35.2,48.0],[35.2,48.0],[35.1,48.1],[35.2,48.2],[35.2,48.2],[35.3,48.3],[35.4,48.2],[35.4,48.2],[35.5,48.1],[35.4,48.0],[35.4,48.0],[35.4,48.0],[35.5,47.9],[35.5,47.9],[35.5,47.9],[35.6,48.0],[35.6,48.0],[35.7,48.1],[35.8,48.1],[35.8,48.1],[35.9,48.2],[36.0,48.2],[36.1,48.2],[36.2,48.2],[36.3,48.2],[36.4,48.2],[36.5,48.2],[36.55,48.1],[36.5,48.0],[36.4,48.0],[36.3,48.0],[36.2,48.0],[36.2,48.0],[36.2,48.0],[36.3,48.0],[36.4,47.9],[36.3,47.8],[36.2,47.8],[36.1,47.8],[36.0,47.9],[36.0,47.9],[36.0,47.9],[35.9,47.8],[35.9,47.8],[35.9,47.8],[36.0,47.7],[36.0,47.7],[36.1,47.7],[36.2,47.6],[36.1,47.5],[36.0,47.5],[35.9,47.5],[35.8,47.5],[35.8,47.5],[35.8,47.5],[35.9,47.4],[35.9,47.4],[36.0,47.4],[36.1,47.4],[36.2,47.4],[36.3,47.3],[36.3,47.3],[36.4,47.3],[36.5,47.3],[36.6,47.3],[36.7,47.3],[36.7,47.3],[36.8,47.35],[36.9,47.35],[37.0,47.35],[37.1,47.3667],[37.2,47.3667],[37.2333,47.4],[37.3,47.4667],[37.4,47.4667],[37.5,47.48],[37.6,47.5],[37.7,47.5],[37.7,47.5],[37.8,47.55],[37.9,47.55],[38.0,47.5333],[38.1,47.55],[38.2,47.6],[38.3,47.6],[38.3,47.6],[38.4,47.6333],[38.5,47.6333],[38.6,47.6],[38.6,47.6],[38.6,47.6],[38.7,47.675],[38.8,47.7],[38.8,47.7],[38.9,47.7667],[39.0,47.75],[39.1,47.7667],[39.2,47.8],[39.3,47.7667],[39.4,47.7667],[39.5,47.7667],[39.6,47.75],[39.7,47.75],[39.8,47.8],[39.9,47.8],[40.0,47.75],[40.1,47.8],[40.2,47.8],[40.3,47.8],[40.4,47.8],[40.5,47.8],[40.6,47.8],[40.6,47.8],[40.6,47.8],[40.5,47.9],[40.5,47.9],[40.4,48.0],[40.5,48.1],[40.6,48.1],[40.6,48.1],[40.6,48.2],[40.7,48.3],[40.8,48.3],[40.8,48.3],[40.9,48.4],[40.9,48.4],[40.9,48.5],[40.9,48.5],[40.85,48.6],[40.9,48.7],[41.0,48.7],[41.0,48.7],[41.1,48.8],[41.2,48.8],[41.3,48.8],[41.4,48.8],[41.5,48.7],[41.5,48.7],[41.6,48.7],[41.7,48.7],[41.7,48.7],[41.8,48.8],[41.9,48.8],[42.0,48.8],[42.1,48.7],[42.0,48.6],[42.0,48.6],[41.9,48.5],[41.8,48.5],[41.8,48.5],[41.7,48.4],[41.6,48.4],[41.6,48.4],[41.5,48.3],[41.5,48.3],[41.4,48.2],[41.4,48.2],[41.3,48.1],[41.3,48.1],[41.2,48.0],[41.2,48.0],[41.2,48.0],[41.3,48.0],[41.4,48.0],[41.4,48.0],[41.5,48.1],[41.6,48.05],[41.7,48.05],[41.8,48.05],[41.9,48.05],[42.0,48.0667],[42.025,48.1],[42.1,48.2],[42.2,48.2],[42.2,48.2],[42.3,48.3],[42.3,48.3],[42.4,48.4],[42.4,48.4],[42.4,48.5],[42.4,48.6],[42.5,48.7],[42.6,48.7],[42.7,48.7],[42.7,48.7],[42.7,48.7],[42.6,48.7],[42.5,48.7],[42.4,48.7],[42.3,48.8],[42.4,48.9],[42.4,48.9],[42.4,48.9],[42.3,48.9],[42.3,48.9],[42.2,48.8],[42.1,48.8],[42.0,48.9],[42.0,48.9],[41.9,49.0],[41.9,49.1],[42.0,49.2],[42.1,49.2],[42.2,49.2],[42.2,49.2],[42.2,49.2],[42.1,49.2],[42.0,49.2],[41.9,49.2],[41.9,49.2],[41.9,49.1],[41.9,49.0],[41.8,48.95],[41.7,49.0],[41.7,49.0],[41.6,49.0],[41.5,49.1],[41.5,49.1],[41.4,49.2],[41.4,49.2],[41.4,49.2],[41.3,49.15],[41.2,49.1],[41.2,49.1],[41.2,49.0],[41.2,49.0],[41.3,48.9],[41.2,48.8],[41.1,48.8],[41.0,48.8],[40.9,48.8],[40.8,48.9],[40.8,48.9],[40.8,48.9],[40.7,48.8],[40.7,48.8],[40.6,48.7],[40.5,48.7],[40.4,48.8],[40.4,48.8],[40.3,48.9],[40.3,48.9],[40.2,48.9],[40.1,48.9],[40.05,49.0],[40.1,49.1],[40.2,49.1],[40.3,49.1],[40.4,49.1],[40.4,49.1],[40.4,49.2],[40.5,49.3],[40.5,49.3],[40.6,49.4],[40.7,49.4],[40.7,49.4],[40.7,49.5],[40.8,49.6],[40.9,49.6],[41.0,49.6],[41.1,49.6],[41.1,49.6],[41.2,49.7],[41.3,49.6],[41.3,49.5],[41.3,49.5],[41.3,49.5],[41.4,49.6],[41.5,49.6],[41.6,49.6],[41.7,49.55],[41.8,49.55],[41.9,49.6],[42.0,49.6],[42.05,49.5],[42.1,49.45],[42.2,49.4],[42.2,49.4],[42.2,49.4],[42.3,49.45],[42.4,49.5],[42.5,49.4],[42.5,49.3],[42.5,49.3],[42.5,49.3],[42.6,49.4],[42.6,49.4],[42.7,49.45],[42.8,49.4],[42.8,49.4],[42.8,49.4],[42.8,49.5],[42.9,49.6],[42.9,49.6],[43.0,49.7],[43.0,49.7],[43.0,49.8],[43.0,49.8],[42.9,49.9],[43.0,50.0],[43.1,50.0],[43.2,49.9],[43.2,49.9],[43.3,49.8],[43.3,49.8],[43.4,49.8],[43.4,49.8],[43.5,49.9],[43.5,49.9],[43.6,50.0],[43.7,50.0],[43.7,50.0],[43.7,50.0],[43.6,50.1],[43.6,50.1],[43.5,50.2],[43.6,50.3],[43.7,50.3],[43.7,50.3],[43.8,50.4],[43.9,50.4],[44.0,50.4],[44.0,50.4],[44.1,50.5],[44.2,50.5],[44.3,50.5],[44.4,50.5],[44.4,50.5],[44.5,50.6],[44.6,50.6],[44.6,50.6],[44.6,50.7],[44.6,50.8],[44.7,50.9],[44.8,50.9],[44.8,50.9],[44.9,51.0],[45.0,51.0],[45.0,51.0],[45.0,51.1],[45.0,51.2],[45.0,51.3],[45.0,51.4],[45.0,51.5],[45.0,51.6],[45.0,51.7],[45.0,51.8],[45.0,51.9],[45.0,52.0],[45.0,52.1],[45.0,52.2],[45.0,52.3],[45.0,52.4],[45.0,52.5],[45.0,52.6],[45.0,52.7],[45.0,52.8],[45.0,52.9],[45.0,53.0],[45.0,53.1],[45.0,53.2],[45.0,53.3],[45.0,53.4],[45.0,53.5],[45.0,53.6],[45.0,53.7],[45.0,53.8],[45.0,53.9],[45.0,54.0],[45.0,54.1],[45.0,54.2],[45.0,54.3],[45.0,54.4],[45.0,54.5],[45.0,54.6],[45.0,54.7],[45.0,54.8],[45.0,54.9],[45.0,55.0],[45.0,55.1],[45.0,55.2],[45.0,55.3],[45.0,55.4],[45.0,55.5],[45.0,55.6],[45.0,55.7],[45.0,55.8],[45.0,55.9],[45.0,56.0],[45.0,56.1],[45.0,56.2],[45.0,56.3],[45.0,56.4],[45.0,56.5],[45.0,56.6],[45.0,56.7],[45.0,56.8],[45.0,56.9],[45.0,57.0],[45.0,57.1],[45.0,57.2],[45.0,57.3],[45.0,57.4],[45.0,57.5],[45.0,57.6],[45.0,57.7],[45.0,57.8],[45.0,57.9],[44.9,57.8],[44.9,57.8],[44.8,57.8],[44.7,57.8],[44.7,57.8],[44.6,57.9],[44.5,57.8],[44.5,57.8],[44.4,57.8],[44.4,57.8],[44.3,57.9],[44.2,57.9],[44.2,57.9],[44.1,58.0],[44.0,57.9],[44.0,57.9],[43.9,57.8],[43.9,57.8],[43.8,57.8],[43.7,57.8],[43.6,57.8],[43.6,57.8],[43.5,57.9],[43.4,57.9],[43.3,57.9],[43.2,57.9],[43.1,57.9],[43.0,57.9],[43.0,57.9],[42.9,58.0],[42.8,57.9],[42.8,57.9],[42.8,57.9],[42.7,58.0],[42.6,58.0],[42.5,57.9],[42.5,57.8],[42.5,57.8],[42.4,57.8],[42.3,57.8],[42.2,57.8],[42.1,57.8],[42.1,57.8],[42.0,57.9],[41.9,57.9],[41.8,57.9],[41.7,57.8],[41.7,57.7],[41.7,57.7],[41.6,57.7],[41.5,57.7],[41.4,57.6],[41.5,57.5],[41.5,57.5],[41.5,57.5],[41.4,57.5],[41.3,57.5],[41.2,57.4],[41.2,57.3],[41.2,57.2],[41.2,57.2],[41.1,57.2],[41.0,57.2],[40.9,57.1],[40.9,57.1],[40.8,57.1],[40.7,57.0],[40.8,56.9],[40.9,56.9],[40.9,56.9],[40.9,56.9],[40.8,56.8],[40.8,56.8],[40.7,56.7],[40.7,56.7],[40.6,56.7],[40.5,56.6],[40.5,56.5],[40.5,56.5],[40.4,56.4],[40.4,56.3],[40.4,56.3],[40.3,56.2],[40.3,56.2],[40.2,56.2],[40.1,56.2],[40.0,56.2],[39.9,56.1],[39.9,56.1],[39.8,56.1],[39.7,56.1],[39.6,56.1],[39.6,56.1],[39.5,56.2],[39.4,56.2],[39.4,56.2],[39.4,56.3],[39.3,56.4],[39.2,56.4],[39.1,56.4],[39.0,56.4],[38.9,56.4],[38.9,56.4],[38.8,56.5],[38.7,56.5],[38.7,56.5],[38.6,56.6],[38.5,56.6],[38.5,56.6],[38.5,56.7],[38.4,56.8],[38.4,56.8],[38.4,56.9],[38.3,57.0],[38.3,57.0],[38.3,57.1],[38.2,57.2],[38.2,57.2],[38.2,57.2],[38.3,57.3],[38.3,57.3],[38.4,57.4],[38.3,57.5],[38.3,57.5],[38.2,57.6],[38.1,57.6],[38.0,57.5],[38.0,57.4],[38.0,57.4],[37.9,57.3],[37.9,57.3],[37.8,57.2],[37.8,57.2],[37.7,57.2],[37.6,57.2],[37.5,57.2],[37.4,57.1],[37.5,57.0],[37.6,57.0],[37.6,57.0],[37.7,56.9],[37.8,56.9],[37.9,56.9],[37.9,56.9],[37.9,56.8],[38.0,56.7],[38.0,56.7],[38.1,56.6],[38.1,56.6],[38.2,56.5],[38.2,56.5],[38.3,56.4],[38.3,56.4],[38.3,56.3],[38.3,56.2],[38.3,56.2],[38.2,56.2],[38.1,56.2],[38.0,56.2],[37.9,56.2],[37.8,56.2],[37.7,56.2],[37.6,56.2],[37.5,56.2],[37.4,56.2],[37.3,56.2],[37.2,56.2],[37.1,56.2],[37.0,56.2],[36.9,56.2],[36.8,56.2],[36.8,56.2],[36.7,56.3],[36.7,56.3],[36.7,56.4],[36.6,56.5],[36.6,56.5],[36.6,56.6],[36.6,56.7],[36.6,56.7],[36.7,56.8],[36.7,56.8],[36.8,56.8],[36.9,56.8],[37.0,56.9],[36.9,57.0],[36.8,57.0],[36.7,57.0],[36.6,57.0],[36.5,57.0],[36.4,56.9],[36.4,56.9],[36.3,56.9],[36.2,56.8],[36.3,56.7],[36.3,56.7],[36.3,56.7],[36.2,56.7],[36.1,56.7],[36.0,56.7],[36.0,56.7],[36.0,56.8],[36.0,56.8],[36.1,56.8],[36.2,56.9],[36.1,57.0],[36.0,57.0],[35.9,56.9],[35.9,56.9],[35.8,56.9],[35.7,56.9],[35.6,56.8],[35.6,56.7],[35.6,56.7],[35.5,56.7],[35.4,56.7],[35.3,56.6],[35.3,56.5],[35.3,56.4],[35.4,56.3],[35.4,56.3],[35.5,56.2],[35.6,56.2],[35.7,56.2],[35.8,56.2],[35.8,56.2],[35.9,56.1],[35.9,56.1],[35.9,56.0],[35.9,56.0],[35.8,56.0],[35.7,56.0],[35.6,56.0],[35.5,55.9],[35.5,55.9],[35.4,55.9],[35.3,55.9],[35.3,55.9],[35.2,56.0],[35.2,56.0],[35.1,56.1],[35.0,56.1],[34.9,56.1],[34.8,56.1],[34.7,56.1],[34.6,56.0],[34.7,55.9],[34.7,55.9],[34.7,55.9],[34.6,55.9],[34.5,55.8],[34.6,55.7],[34.7,55.7],[34.8,55.8],[34.8,55.8],[34.8,55.8],[34.8,55.7],[34.8,55.7],[34.7,55.6],[34.8,55.5],[34.9,55.6],[34.9,55.6],[35.0,55.6],[35.0,55.6],[35.0,55.6],[34.9,55.5],[34.9,55.4],[34.9,55.3],[34.9,55.2],[35.0,55.1],[35.1,55.1],[35.2,55.1],[35.2,55.1],[35.3,55.0],[35.3,55.0],[35.4,54.9],[35.5,54.9],[35.6,55.0],[35.6,55.0],[35.7,55.0],[35.8,55.0],[35.9,55.0],[36.0,55.1],[36.0,55.1],[36.1,55.1],[36.2,55.1],[36.3,55.2],[36.2,55.3],[36.2,55.3],[36.2,55.3],[36.3,55.3],[36.3,55.3],[36.4,55.2],[36.5,55.2],[36.6,55.2],[36.6,55.2],[36.6,55.2],[36.5,55.2],[36.4,55.1],[36.4,55.1],[36.3,55.1],[36.2,55.1],[36.1,55.0],[36.1,55.0],[36.0,54.9],[36.0,54.9],[35.9,54.9],[35.8,54.9],[35.7,54.9],[35.6,54.9],[35.5,54.9],[35.4,54.8],[35.4,54.8],[35.3,54.8],[35.2,54.7],[35.2,54.6],[35.3,54.5],[35.4,54.5],[35.5,54.5],[35.5,54.5],[35.6,54.4],[35.7,54.4],[35.7,54.4],[35.7,54.3],[35.7,54.2],[35.8,54.1],[35.8,54.1],[35.8,54.1],[35.7,54.0],[35.7,54.0],[35.6,53.9],[35.7,53.8],[35.8,53.8],[35.8,53.8],[35.9,53.7],[35.9,53.7],[36.0,53.6],[36.0,53.6],[36.0,53.5],[36.1,53.4],[36.1,53.4],[36.1,53.4],[36.0,53.3],[36.0,53.3],[35.9,53.3],[35.8,53.2],[35.8,53.2],[35.7,53.2],[35.6,53.1],[35.6,53.0],[35.6,52.9],[35.6,52.8],[35.6,52.7],[35.6,52.7],[35.5,52.6],[35.5,52.5],[35.5,52.5],[35.4,52.5],[35.3,52.4],[35.3,52.4],[35.2,52.3],[35.2,52.3],[35.2,52.3],[35.2,52.4],[35.2,52.5],[35.2,52.6],[35.1,52.7],[35.1,52.7],[35.1,52.8],[35.1,52.9],[35.1,53.0],[35.0,53.1],[34.9,53.1],[34.9,53.1],[34.9,53.2],[34.8,53.3],[34.7,53.3],[34.6,53.3],[34.5,53.3],[34.4,53.3],[34.3,53.2],[34.3,53.2],[34.2,53.2],[34.1,53.1],[34.1,53.1],[34.0,53.1],[33.9,53.1],[33.8,53.1],[33.7,53.1],[33.6,53.0],[33.6,53.0],[33.5,53.0],[33.4,53.0],[33.3,53.0],[33.2,52.9],[33.2,52.9],[33.2,52.9],[33.1,53.0],[33.0,53.0],[32.9,53.0],[32.8,53.0],[32.7,53.0],[32.6,53.0],[32.5,53.0],[32.4,53.0],[32.3,53.0],[32.2,53.0],[32.1,53.0],[32.0,53.0],[31.9,53.0],[31.8,53.0],[31.7,53.0],[31.7,53.0],[31.7,53.0],[31.8,53.0],[31.9,53.1],[31.9,53.1],[32.0,53.1],[32.1,53.2],[32.0,53.3],[31.9,53.3],[31.8,53.2],[31.8,53.2],[31.7,53.2],[31.6,53.2],[31.5,53.1],[31.5,53.1],[31.4,53.0],[31.5,52.9],[31.6,52.9],[31.6,52.9],[31.7,52.8],[31.7,52.8],[31.8,52.7],[31.8,52.7],[31.8,52.7],[31.7,52.6],[31.7,52.6],[31.6,52.6],[31.5,52.6],[31.4,52.6],[31.3,52.5],[31.4,52.4],[31.4,52.4],[31.5,52.3],[31.6,52.3],[31.6,52.3],[31.6,52.2],[31.6,52.2],[31.5,52.2],[31.4,52.2],[31.3,52.1],[31.4,52.0],[31.5,52.0],[31.5,52.0],[31.5,52.0],[31.4,52.0],[31.3,52.0],[31.3,52.0],[31.2,52.1],[31.1,52.1],[31.1,52.1],[31.0,52.2],[31.0,52.2],[30.9,52.3],[30.8,52.3],[30.7,52.3],[30.6,52.2],[30.6,52.1],[30.6,52.0],[30.6,51.9],[30.6,51.9],[30.5,51.9],[30.4,51.9],[30.3,51.8],[30.3,51.8],[30.2,51.7],[30.2,51.7],[30.1,51.7],[30.0,51.6],[30.0,51.6],[29.9,51.5],[29.9,51.5],[29.8,51.4],[29.8,51.4],[29.7,51.3],[29.7,51.2],[29.7,51.1],[29.7,51.0],[29.7,51.0],[29.6,50.9],[29.6,50.9],[29.5,50.9],[29.4,50.9],[29.3,50.8],[29.3,50.7],[29.3,50.6],[29.3,50.6],[29.2,50.5],[29.2,50.4],[29.2,50.4],[29.1,50.3],[29.1,50.2],[29.1,50.1],[29.2,50.0],[29.3,50.1],[29.3,50.2],[29.3,50.2],[29.4,50.3],[29.4,50.3],[29.4,50.3],[29.5,50.2],[29.5,50.2],[29.5,50.2],[29.4,50.1],[29.5,50.0],[29.5,50.0],[29.5,50.0],[29.4,49.9],[29.4,49.8],[29.4,49.7],[29.4,49.7],[29.3,49.7],[29.2,49.7],[29.1,49.7],[29.0,49.6],[29.0,49.6],[28.9,49.5],[29.0,49.4],[29.0,49.4],[29.0,49.4],[28.9,49.3],[29.0,49.2],[29.1,49.2],[29.2,49.2],[29.3,49.2],[29.4,49.2],[29.4,49.2],[29.4,49.2],[29.3,49.2],[29.2,49.2],[29.1,49.2],[29.0,49.1],[29.0,49.1],[28.9,49.1],[28.8,49.1],[28.7,49.1],[28.6,49.0],[28.7,48.9],[28.8,48.9],[28.8,48.9],[28.9,48.8],[28.9,48.8],[29.0,48.7],[29.1,48.7],[29.1,48.7],[29.1,48.7],[29.0,48.7],[28.9,48.7],[28.8,48.7],[28.8,48.7],[28.8,48.8],[28.7,48.9],[28.6,48.8],[28.6,48.8],[28.5,48.7],[28.5,48.6],[28.5,48.5],[28.6,48.4],[28.7,48.4],[28.8,48.4],[28.9,48.4],[28.9,48.4],[29.0,48.3],[29.1,48.3],[29.2,48.3],[29.2,48.3],[29.2,48.2],[29.2,48.2],[29.1,48.2],[29.0,48.1],[29.0,48.1],[28.9,48.1],[28.8,48.1],[28.8,48.1],[28.7,48.2],[28.6,48.2],[28.5,48.2],[28.5,48.2],[28.4,48.3],[28.3,48.2],[28.3,48.2],[28.2,48.1],[28.2,48.1],[28.1,48.0],[28.1,48.0],[28.0,48.0],[27.9,48.0],[27.8,47.9],[27.8,47.9],[27.7,47.9],[27.6,47.8],[27.6,47.8],[27.6,47.8],[27.5,47.9],[27.4,47.9],[27.3,47.8],[27.3,47.8],[27.2,47.8],[27.1,47.7],[27.1,47.7],[27.0,47.6],[27.0,47.5],[27.0,47.4],[27.0,47.3],[27.1,47.2],[27.1,47.2],[27.2,47.1],[27.3,47.1],[27.3,47.1],[27.4,47.0],[27.4,47.0],[27.4,47.0],[27.3,46.9],[27.3,46.8],[27.4,46.7],[27.4,46.7],[27.5,46.6],[27.5,46.6],[27.5,46.6],[27.4,46.6],[27.3,46.5],[27.4,46.4],[27.4,46.4],[27.4,46.4],[27.3,46.4],[27.2,46.3],[27.3,46.2],[27.3,46.2],[27.3,46.2],[27.2,46.1],[27.2,46.0],[27.2,46.0],[27.1,45.9],[27.1,45.8],[27.1,45.8],[27.0,45.7],[27.0,45.7],[26.9,45.6],[26.9,45.5],[26.9,45.5],[26.8,45.4],[26.8,45.3],[26.8,45.3],[26.7,45.3],[26.6,45.3],[26.5,45.2],[26.5,45.2],[26.4,45.2],[26.3,45.1],[26.3,45.1],[26.2,45.1],[26.1,45.0],[26.1,45.0],[26.0,45.0],[25.9,45.0],[25.8,44.9],[25.8,44.9],[25.7,44.9],[25.6,44.9],[25.5,44.8],[25.5,44.8],[25.4,44.8],[25.3,44.8],[25.2,44.8],[25.1,44.8],[25.0,44.8],[24.9,44.8],[24.8,44.8],[24.7,44.8],[24.6,44.8],[24.5,44.8],[24.4,44.8],[24.3,44.8],[24.2,44.8],[24.1,44.8],[24.0,44.8],[24.0,44.8],[23.9,44.9],[23.8,44.9],[23.7,44.9],[23.6,44.8],[23.6,44.8],[23.5,44.8],[23.5,44.8],[23.4,44.9],[23.3,44.8],[23.3,44.8],[23.2,44.7],[23.2,44.7],[23.1,44.7],[23.0,44.7],[22.9,44.7],[22.8,44.7],[22.7,44.7],[22.6,44.7],[22.5,44.7],[22.4,44.6],[22.4,44.6],[22.3,44.5],[22.3,44.5],[22.2,44.5],[22.1,44.4],[22.1,44.3],[22.1,44.2],[22.1,44.1],[22.1,44.1],[22.0,44.0],[22.0,43.9],[22.1,43.8],[22.2,43.8],[22.2,43.8],[22.2,43.8],[22.1,43.7],[22.2,43.6],[22.3,43.6],[22.4,43.6],[22.5,43.6],[22.5,43.6],[22.6,43.5],[22.7,43.5],[22.8,43.5],[22.8,43.5],[22.9,43.4],[22.9,43.4],[23.0,43.3],[23.0,43.3],[23.1,43.2],[23.2,43.2],[23.3,43.3],[23.3,43.4],[23.2,43.5],[23.1,43.5],[23.1,43.5],[23.1,43.5],[23.2,43.5],[23.3,43.5],[23.4,43.5],[23.5,43.5],[23.5,43.5],[23.6,43.4],[23.7,43.4],[23.8,43.5],[23.8,43.5],[23.8,43.5],[23.9,43.4],[23.9,43.4],[24.0,43.3],[24.1,43.3],[24.2,43.3],[24.3,43.3],[24.4,43.3],[24.5,43.3],[24.6,43.3],[24.7,43.3],[24.8,43.3],[24.8,43.3],[24.9,43.2],[25.0,43.2],[25.1,43.2],[25.2,43.2],[25.3,43.2],[25.4,43.2],[25.4,43.2],[25.5,43.1],[25.6,43.1],[25.7,43.1],[25.8,43.2],[25.8,43.3],[25.8,43.4],[25.8,43.4],[25.9,43.4],[26.0,43.4],[26.1,43.4],[26.1,43.4],[26.1,43.3],[26.2,43.2],[26.2,43.2],[26.2,43.2],[26.1,43.2],[26.0,43.1],[26.0,43.1],[25.9,43.1],[25.8,43.1],[25.7,43.1],[25.6,43.0],[25.6,42.9],[25.7,42.8],[25.8,42.8],[25.9,42.9],[25.9,42.9],[26.0,42.9],[26.1,42.9],[26.2,42.9],[26.3,42.9],[26.4,43.0],[26.4,43.0],[26.5,43.0],[26.6,43.0],[26.7,43.0],[26.8,43.0],[26.9,43.0],[27.0,43.0],[27.0,43.0],[27.1,42.9],[27.2,42.9],[27.3,42.9],[27.4,42.9],[27.5,42.9],[27.5,42.9],[27.5,42.9],[27.4,42.9],[27.3,42.8],[27.3,42.8],[27.2,42.8],[27.1,42.8],[27.1,42.8],[27.0,42.9],[26.9,42.9],[26.8,42.9],[26.7,42.9],[26.6,42.8],[26.6,42.8],[26.5,42.7],[26.5,42.7],[26.4,42.7],[26.3,42.7],[26.2,42.7],[26.1,42.7],[26.0,42.7],[25.9,42.7],[25.8,42.6],[25.8,42.6],[25.7,42.5],[25.7,42.5],[25.6,42.4],[25.6,42.4],[25.5,42.4],[25.4,42.4],[25.3,42.4],[25.2,42.4],[25.1,42.4],[25.0,42.4],[25.0,42.4],[24.9,42.5],[24.9,42.5],[24.8,42.6],[24.7,42.6],[24.6,42.5],[24.6,42.5],[24.5,42.5],[24.4,42.5],[24.3,42.5],[24.2,42.5],[24.1,42.5],[24.0,42.5],[23.9,42.4],[24.0,42.3],[24.0,42.3],[24.1,42.2],[24.1,42.2],[24.2,42.1],[24.2,42.1],[24.3,42.0],[24.4,42.0],[24.5,42.0],[24.6,42.0],[24.7,42.1],[24.7,42.1],[24.7,42.1],[24.8,42.0],[24.9,42.0],[25.0,42.0],[25.1,42.0],[25.2,42.0],[25.2,42.0],[25.3,41.9],[25.3,41.9],[25.4,41.8],[25.4,41.8],[25.4,41.7],[25.4,41.6],[25.5,41.5],[25.6,41.5],[25.7,41.5],[25.8,41.5],[25.9,41.6],[25.9,41.6],[26.0,41.6],[26.1,41.6],[26.1,41.6],[26.1,41.5],[26.1,41.5],[26.0,41.4],[26.0,41.3],[26.1,41.2],[26.1,41.2],[26.1,41.2],[26.0,41.1],[26.0,41.1],[25.9,41.1],[25.9,41.1],[25.8,41.2],[25.7,41.2],[25.6,41.2],[25.6,41.2],[25.5,41.3],[25.4,41.2],[25.4,41.2],[25.3,41.2],[25.2,41.2],[25.1,41.2],[25.0,41.2],[24.9,41.2],[24.8,41.2],[24.7,41.2],[24.6,41.1],[24.6,41.1],[24.5,41.1],[24.4,41.1],[24.4,41.1],[24.3,41.2],[24.2,41.2],[24.1,41.2],[24.0,41.2],[23.9,41.2],[23.8,41.2],[23.7,41.2],[23.6,41.2],[23.6,41.2],[23.5,41.3],[23.5,41.3],[23.5,41.4],[23.5,41.5],[23.4,41.6],[23.4,41.6],[23.3,41.7],[23.3,41.7],[23.2,41.8],[23.1,41.7],[23.1,41.7],[23.0,41.6],[23.0,41.5],[23.0,41.5],[22.9,41.5],[22.9,41.5],[22.8,41.6],[22.8,41.6],[22.7,41.7],[22.6,41.7],[22.5,41.7],[22.4,41.7],[22.3,41.7],[22.3,41.7],[22.3,41.8],[22.3,41.8],[22.4,41.8],[22.5,41.8],[22.6,41.8],[22.7,41.8],[22.8,41.9],[22.7,42.0],[22.7,42.0],[22.6,42.1],[22.5,42.1],[22.4,42.0],[22.4,42.0],[22.3,42.0],[22.2,42.0],[22.1,42.0],[22.0,42.0],[21.9,42.0],[21.9,42.0],[21.9,42.1],[21.8,42.2],[21.7,42.2],[21.6,42.1],[21.6,42.1],[21.5,42.1],[21.4,42.1],[21.3,42.0],[21.4,41.9],[21.5,41.9],[21.5,41.9],[21.6,41.8],[21.6,41.8],[21.6,41.7],[21.6,41.7],[21.5,41.6],[21.5,41.6],[21.4,41.5],[21.4,41.5],[21.3,41.4],[21.3,41.4],[21.2,41.3],[21.2,41.2],[21.2,41.1],[21.3,41.0],[21.3,41.0],[21.3,40.9],[21.3,40.8],[21.4,40.7],[21.4,40.7],[21.5,40.6],[21.5,40.6],[21.5,40.5],[21.6,40.4],[21.7,40.4],[21.7,40.4],[21.7,40.3],[21.7,40.3],[21.6,40.2],[21.6,40.2],[21.6,40.2],[21.5,40.3],[21.5,40.3],[21.4,40.4],[21.4,40.4],[21.4,40.5],[21.3,40.6],[21.2,40.6],[21.1,40.5],[21.1,40.4],[21.2,40.3],[21.2,40.3],[21.2,40.2],[21.2,40.1],[21.3,40.0],[21.3,40.0],[21.4,39.9],[21.4,39.9],[21.4,39.8],[21.4,39.7],[21.5,39.6],[21.5,39.6],[21.5,39.5],[21.5,39.4],[21.6,39.3],[21.7,39.3],[21.7,39.3],[21.8,39.2],[21.8,39.2],[21.9,39.1],[21.9,39.1],[21.9,39.0],[21.9,38.9],[22.0,38.8],[22.1,38.8],[22.2,38.8],[22.2,38.8],[22.3,38.7],[22.4,38.7],[22.4,38.7],[22.5,38.6],[22.6,38.6],[22.6,38.6],[22.6,38.6],[22.5,38.6],[22.4,38.6],[22.3,38.6],[22.2,38.6],[22.1,38.6],[22.0,38.6],[21.9,38.6],[21.9,38.6],[21.8,38.7],[21.7,38.7],[21.7,38.7],[21.6,38.8],[21.6,38.8],[21.6,38.8],[21.7,38.9],[21.7,39.0],[21.6,39.1],[21.5,39.1],[21.4,39.1],[21.3,39.1],[21.3,39.1],[21.2,39.2],[21.2,39.2],[21.2,39.3],[21.1,39.4],[21.0,39.4],[20.9,39.4],[20.8,39.4],[20.7,39.4],[20.7,39.4],[20.6,39.5],[20.6,39.5],[20.6,39.5],[20.7,39.6],[20.7,39.6],[20.8,39.6],[20.8,39.6],[20.9,39.5],[21.0,39.6],[21.0,39.7],[20.9,39.8],[20.8,39.8],[20.7,39.8],[20.7,39.8],[20.6,39.9],[20.5,39.9],[20.4,39.8],[20.4,39.8],[20.3,39.8],[20.3,39.8],[20.3,39.9],[20.3,40.0],[20.2,40.1],[20.1,40.1],[20.1,40.1],[20.0,40.2],[19.9,40.2],[19.9,40.2],[19.8,40.3],[19.7,40.2],[19.7,40.1],[19.8,40.0],[19.8,40.0],[19.9,39.9],[20.0,39.9],[20.0,39.9],[20.0,39.8],[20.0,39.7],[20.1,39.6],[20.1,39.6],[20.2,39.5],[20.2,39.5],[20.2,39.4],[20.3,39.3],[20.3,39.3],[20.4,39.2],[20.4,39.2],[20.5,39.1],[20.5,39.1],[20.6,39.0],[20.7,39.0],[20.8,39.0],[20.9,39.0],[21.0,39.0],[21.1,39.0],[21.1,39.0],[21.1,38.9],[21.1,38.9],[21.0,38.9],[20.9,38.8],[20.9,38.7],[20.9,38.6],[21.0,38.5],[21.0,38.5],[21.1,38.4],[21.1,38.4],[21.2,38.3],[21.3,38.3],[21.4,38.3],[21.5,38.3],[21.6,38.3],[21.6,38.3],[21.6,38.2],[21.6,38.2],[21.5,38.2],[21.4,38.2],[21.3,38.1],[21.3,38.1],[21.2,38.0],[21.2,38.0],[21.1,38.0],[21.0,37.9],[21.1,37.8],[21.2,37.8],[21.2,37.8],[21.3,37.7],[21.3,37.7],[21.4,37.6],[21.5,37.6],[21.5,37.6],[21.6,37.5],[21.6,37.5],[21.6,37.4],[21.6,37.3],[21.6,37.2],[21.6,37.2],[21.5,37.1],[21.6,37.0],[21.6,37.0],[21.7,36.9],[21.7,36.9],[21.8,36.8],[21.8,36.8],[21.9,36.7],[22.0,36.8],[22.0,36.9],[22.0,37.0],[22.0,37.0],[22.1,37.0],[22.1,37.0],[22.1,36.9],[22.2,36.8],[22.2,36.8],[22.3,36.7],[22.4,36.7],[22.5,36.7],[22.6,36.7],[22.7,36.8],[22.7,36.8],[22.7,36.8],[22.8,36.7],[22.8,36.7],[22.9,36.6],[23.0,36.6],[23.1,36.7],[23.1,36.8],[23.1,36.9],[23.0,37.0],[23.0,37.0],[23.0,37.1],[22.9,37.2],[22.9,37.2],[22.9,37.3],[22.8,37.4],[22.8,37.4],[22.8,37.5],[22.8,37.5],[22.9,37.5],[22.9,37.5],[23.0,37.4],[23.1,37.5],[23.1,37.5],[23.2,37.6],[23.2,37.7],[23.1,37.8],[23.1,37.8],[23.1,37.9],[23.0,38.0],[22.9,38.0],[22.9,38.0],[22.8,38.1],[22.7,38.1],[22.6,38.1],[22.6,38.1],[22.5,38.2],[22.4,38.2],[22.3,38.2],[22.2,38.2],[22.2,38.2],[22.1,38.3],[22.1,38.3],[22.1,38.3],[22.2,38.3],[22.3,38.3],[22.4,38.4],[22.4,38.4],[22.5,38.4],[22.5,38.4],[22.6,38.3],[22.7,38.3],[22.7,38.3],[22.8,38.2],[22.9,38.2],[23.0,38.2],[23.0,38.2],[23.1,38.1],[23.2,38.1],[23.2,38.1],[23.2,38.1],[23.1,38.0],[23.2,37.9],[23.3,37.9],[23.4,38.0],[23.4,38.0],[23.5,38.0],[23.6,38.0],[23.6,38.0],[23.7,37.9],[23.8,37.9],[23.8,37.9],[23.9,37.8],[23.9,37.8],[24.0,37.7],[24.1,37.8],[24.0,37.9],[24.0,37.9],[24.0,37.9],[24.1,38.0],[24.1,38.1],[24.1,38.1],[24.2,38.2],[24.1,38.3],[24.1,38.3],[24.1,38.4],[24.1,38.4],[24.2,38.5],[24.2,38.6],[24.1,38.7],[24.0,38.7],[23.9,38.7],[23.9,38.7],[23.8,38.8],[23.7,38.8],[23.7,38.8],[23.6,38.9],[23.5,38.9],[23.5,38.9],[23.4,39.0],[23.4,39.0],[23.3,39.1],[23.2,39.1],[23.1,39.0],[23.1,39.0],[23.0,38.9],[23.1,38.8],[23.2,38.8],[23.2,38.8],[23.3,38.7],[23.3,38.7],[23.3,38.7],[23.2,38.7],[23.2,38.7],[23.1,38.8],[23.0,38.8],[22.9,38.8],[22.9,38.8],[22.9,38.9],[22.9,38.9],[23.0,39.0],[23.0,39.1],[22.9,39.2],[22.8,39.2],[22.8,39.2],[22.7,39.3],[22.7,39.3],[22.7,39.3],[22.8,39.3],[22.9,39.3],[23.0,39.3],[23.0,39.3],[23.1,39.2],[23.2,39.3],[23.2,39.4],[23.1,39.5],[23.1,39.5],[23.0,39.6],[23.0,39.6],[23.0,39.7],[22.9,39.8],[22.9,39.8],[22.8,39.9],[22.8,39.9],[22.7,40.0],[22.7,40.0],[22.6,40.1],[22.6,40.1],[22.6,40.2],[22.6,40.2],[22.7,40.3],[22.7,40.4],[22.7,40.5],[22.7,40.5],[22.8,40.5],[22.9,40.6],[22.9,40.6],[22.9,40.6],[22.9,40.5],[23.0,40.4],[23.1,40.4],[23.1,40.4],[23.2,40.3],[23.2,40.3],[23.3,40.2],[23.4,40.2],[23.5,40.2],[23.6,40.2],[23.7,40.2],[23.8,40.3],[23.8,40.3],[23.9,40.4],[23.9,40.5],[23.8,40.6],[23.8,40.6],[23.8,40.7],[23.8,40.7],[23.9,40.7],[24.0,40.7],[24.1,40.7],[24.2,40.7],[24.3,40.8],[24.3,40.8],[24.4,40.9],[24.4,40.9],[24.5,40.9],[24.6,40.9],[24.7,40.9],[24.8,40.9],[24.9,40.9],[25.0,40.9],[25.1,40.9],[25.2,40.9],[25.3,40.9],[25.4,40.9],[25.5,40.9],[25.5,40.9],[25.6,40.8],[25.7,40.8],[25.8,40.8],[25.9,40.8],[26.0,40.8],[26.0,40.8],[26.0,40.7],[26.1,40.6],[26.2,40.6],[26.3,40.6],[26.4,40.6],[26.5,40.6],[26.6,40.6],[26.7,40.6],[26.7,40.6],[26.7,40.5],[26.7,40.5],[26.6,40.5],[26.5,40.5],[26.4,40.5],[26.3,40.5],[26.2,40.4],[26.2,40.3],[26.2,40.3],[26.1,40.2],[26.1,40.1],[26.2,40.0],[26.3,40.0],[26.3,40.0],[26.3,40.0],[26.2,40.0],[26.1,39.9],[26.1,39.8],[26.1,39.7],[26.1,39.6],[26.1,39.6],[26.0,39.5],[26.1,39.4],[26.2,39.4],[26.3,39.5],[26.3,39.5],[26.4,39.5],[26.5,39.5],[26.6,39.5],[26.7,39.5],[26.8,39.5],[26.8,39.5],[26.8,39.5],[26.7,39.4],[26.7,39.3],[26.7,39.2],[26.8,39.1],[26.8,39.1],[26.9,39.0],[26.9,39.0],[27.0,38.9],[27.0,38.9],[27.0,38.9],[26.9,38.8],[26.9,38.8],[26.8,38.8],[26.7,38.7],[26.7,38.6],[26.8,38.5],[26.9,38.5],[26.9,38.5],[27.0,38.4],[27.1,38.4],[27.1,38.4],[27.1,38.4],[27.0,38.4],[26.9,38.4],[26.8,38.3],[26.8,38.2],[26.9,38.1],[27.0,38.1],[27.0,38.1],[27.1,38.0],[27.2,38.0],[27.2,38.0],[27.2,37.9],[27.2,37.8],[27.2,37.7],[27.3,37.6],[27.4,37.6],[27.5,37.6],[27.5,37.6],[27.5,37.6],[27.4,37.5],[27.4,37.4],[27.5,37.3],[27.6,37.3],[27.7,37.3],[27.7,37.3],[27.7,37.2],[27.8,37.1],[27.8,37.1],[27.9,37.0],[28.0,37.0],[28.1,37.0],[28.2,37.0],[28.3,37.0],[28.3,37.0],[28.3,36.9],[28.4,36.8],[28.5,36.8],[28.6,36.9],[28.6,36.9],[28.7,36.9],[28.7,36.9],[28.8,36.8],[28.8,36.8],[28.9,36.7],[29.0,36.7],[29.0,36.7],[29.0,36.6],[29.1,36.5],[29.1,36.5],[29.1,36.4],[29.2,36.3],[29.3,36.3],[29.4,36.3],[29.4,36.3],[29.5,36.2],[29.6,36.2],[29.7,36.2],[29.8,36.3],[29.8,36.3],[29.8,36.3],[29.9,36.2],[30.0,36.2],[30.1,36.3],[30.1,36.3],[30.2,36.4],[30.2,36.4],[30.3,36.4],[30.4,36.4],[30.5,36.4],[30.6,36.5],[30.5,36.6],[30.5,36.6],[30.5,36.6],[30.6,36.7],[30.6,36.8],[30.6,36.8],[30.7,36.9],[30.7,36.9],[30.8,36.9],[30.9,37.0],[30.9,37.0],[31.0,37.0],[31.1,37.0],[31.2,37.0],[31.2,37.0],[31.3,36.9],[31.4,36.9],[31.4,36.9],[31.5,36.8],[31.6,36.8],[31.6,36.8],[31.7,36.7],[31.7,36.7],[31.8,36.6],[31.8,36.6],[31.9,36.5],[32.0,36.5],[32.0,36.5],[32.1,36.4],[32.2,36.4],[32.2,36.4],[32.3,36.3],[32.3,36.3],[32.4,36.2],[32.4,36.2],[32.5,36.1],[32.6,36.1],[32.7,36.1],[32.8,36.1],[32.9,36.2],[32.9,36.2],[32.9,36.2],[33.0,36.1],[33.1,36.2],[33.1,36.2],[33.2,36.2],[33.3,36.2],[33.4,36.2],[33.5,36.2],[33.6,36.2],[33.7,36.2],[33.8,36.3],[33.8,36.3],[33.9,36.4],[33.9,36.4],[34.0,36.4],[34.1,36.4],[34.2,36.5],[34.2,36.5],[34.3,36.6],[34.3,36.6],[34.4,36.6],[34.5,36.7],[34.5,36.7],[34.6,36.8],[34.6,36.8],[34.7,36.8],[34.8,36.9],[34.8,36.9],[34.9,36.9],[35.0,36.9],[35.1,37.0],[35.1,37.1],[35.1,37.1],[35.2,37.2],[35.2,37.2],[35.3,37.2],[35.4,37.2],[35.5,37.2],[35.6,37.2],[35.7,37.3],[35.7,37.3],[35.8,37.3],[35.9,37.3],[36.0,37.3],[36.0,37.3],[36.1,37.2],[36.2,37.3],[36.2,37.3],[36.2,37.3],[36.2,37.2],[36.2,37.1],[36.2,37.0],[36.2,36.9],[36.2,36.8],[36.2,36.8],[36.1,36.7],[36.1,36.6],[36.1,36.5],[36.1,36.5],[36.0,36.5],[35.9,36.4],[35.9,36.4],[35.8,36.3],[35.9,36.2],[36.0,36.2],[36.0,36.2],[36.0,36.1],[36.0,36.1],[35.9,36.0],[35.9,35.9],[35.9,35.8],[35.9,35.7],[36.0,35.6],[36.0,35.6],[36.0,35.5],[36.0,35.4],[36.0,35.3],[36.0,35.3],[35.9,35.2],[35.9,35.1],[35.9,35.0],[35.9,34.9],[36.0,34.8],[36.1,34.8],[36.1,34.8],[36.2,34.7],[36.2,34.7],[36.2,34.7],[36.1,34.6],[36.1,34.6],[36.0,34.6],[35.9,34.5],[35.9,34.5],[35.8,34.4],[35.8,34.4],[35.7,34.3],[35.7,34.3],[35.6,34.2],[35.6,34.1],[35.6,34.1],[35.5,34.0],[35.55,34.0],[35.6,34.05]]]}},{"type":"Feature","properties":{"layer_id":"change_T20","layer_label":"Change, T>20\u00b0C","low":0.0,"high":10.0,"label":"0\u201310 pp","fill":"#fddbc7","fillOpacity":0.3,"stroke":"#fddbc7","strokeOpacity":0.42,"strokeWeight":0.35},"geometry":{"type":"Polygon","coordinates":[[[37.65,34.7],[37.6,34.8],[37.7,34.8333],[37.8,34.8],[37.75,34.7],[37.7,34.6],[37.65,34.7]]]}},{"type":"Feature","properties":{"layer_id":"change_T20","layer_label":"Change, T>20\u00b0C","low":0.0,"high":10.0,"label":"0\u201310 pp","fill":"#fddbc7","fillOpacity":0.3,"stroke":"#fddbc7","strokeOpacity":0.42,"strokeWeight":0.35},"geometry":{"type":"Polygon","coordinates":[[[22.9,36.7],[22.9,36.7],[22.8,36.7667],[22.7667,36.8],[22.7,36.9],[22.7,36.9],[22.6,36.9182],[22.5857,36.9],[22.5833,36.8],[22.5,36.7286],[22.4,36.7154],[22.3,36.7182],[22.2182,36.8],[22.2,36.8167],[22.1167,36.9],[22.2,37.0],[22.3,36.9],[22.3,36.9],[22.4,36.9],[22.4,36.9],[22.4,37.0],[22.4,37.0],[22.3,37.1],[22.3,37.2],[22.4,37.3],[22.5,37.2],[22.5,37.2],[22.6,37.15],[22.6333,37.1],[22.7,37.0818],[22.8,37.0667],[22.8111,37.1],[22.8,37.1143],[22.725,37.2],[22.7143,37.3],[22.7,37.3111],[22.6,37.4],[22.6,37.4],[22.5,37.5],[22.5,37.6],[22.5,37.7],[22.5667,37.8],[22.5667,37.9],[22.55,38.0],[22.5,38.04],[22.4,38.1],[22.5,38.16],[22.56,38.1],[22.6,38.05],[22.7,38.0667],[22.8,38.05],[22.85,38.0],[22.9,37.9667],[22.98,37.9],[23.0,37.8917],[23.0846,37.8],[23.1,37.7333],[23.1333,37.7],[23.1333,37.6],[23.1,37.5667],[23.0667,37.5],[23.0,37.4333],[22.9333,37.5],[22.9,37.5286],[22.8,37.5286],[22.7667,37.5],[22.78,37.4],[22.8,37.375],[22.875,37.3],[22.875,37.2],[22.9,37.18],[22.98,37.1],[22.98,37.0],[23.0,36.9846],[23.0846,36.9],[23.0,36.8083],[22.9875,36.8],[23.0,36.78],[23.0667,36.7],[23.0,36.6333],[22.9,36.7]]]}},{"type":"Feature","properties":{"layer_id":"change_T20","layer_label":"Change, T>20\u00b0C","low":0.0,"high":10.0,"label":"0\u201310 pp","fill":"#fddbc7","fillOpacity":0.3,"stroke":"#fddbc7","strokeOpacity":0.42,"strokeWeight":0.35},"geometry":{"type":"Polygon","coordinates":[[[21.6667,37.0],[21.6,37.04],[21.54,37.1],[21.6,37.16],[21.6167,37.2],[21.6222,37.3],[21.6167,37.4],[21.6182,37.5],[21.6,37.5143],[21.5143,37.6],[21.5,37.62],[21.4,37.6286],[21.3286,37.7],[21.3,37.725],[21.225,37.8],[21.2,37.8667],[21.1,37.8667],[21.0667,37.9],[21.1,37.9333],[21.2,37.9333],[21.25,38.0],[21.3,38.05],[21.3286,38.1],[21.4,38.1714],[21.5,38.16],[21.6,38.1833],[21.6286,38.2],[21.625,38.3],[21.6,38.3667],[21.5,38.4],[21.5,38.4],[21.5,38.4],[21.4,38.35],[21.3333,38.4],[21.34,38.5],[21.3111,38.6],[21.3,38.61],[21.2,38.625],[21.1,38.61],[21.0,38.62],[20.9333,38.7],[20.9222,38.8],[21.0,38.8778],[21.1,38.8818],[21.1167,38.9],[21.1333,39.0],[21.1,39.0667],[21.0,39.02],[20.9,39.0182],[20.8,39.04],[20.7,39.0167],[20.6,39.0154],[20.5154,39.1],[20.5,39.1154],[20.4154,39.2],[20.4,39.24],[20.34,39.3],[20.3,39.35],[20.25,39.4],[20.2143,39.5],[20.2,39.5182],[20.1182,39.6],[20.1,39.65],[20.05,39.7],[20.0286,39.8],[20.0182,39.9],[20.0,39.9333],[19.9,39.92],[19.82,40.0],[19.8,40.0167],[19.7167,40.1],[19.8,40.1909],[19.9,40.1],[19.9,40.1],[20.0,40.08],[20.1,40.0333],[20.15,40.0],[20.2,39.9],[20.2,39.8],[20.2,39.8],[20.2857,39.7],[20.3,39.6875],[20.4,39.6],[20.4,39.6],[20.48,39.5],[20.5,39.45],[20.55,39.4],[20.6,39.3833],[20.6833,39.3],[20.7,39.2833],[20.8,39.275],[20.9,39.275],[21.0,39.275],[21.075,39.2],[21.1,39.15],[21.15,39.1],[21.2,39.08],[21.3,39.0],[21.3,39.0],[21.4,39.0],[21.5,38.9],[21.5,38.8],[21.5,38.7],[21.5,38.7],[21.6,38.65],[21.65,38.6],[21.7,38.5667],[21.8,38.55],[21.9,38.5],[21.9,38.5],[21.9,38.5],[22.0,38.5333],[22.1,38.5],[22.1,38.5],[22.2,38.4667],[22.3,38.5],[22.3,38.5],[22.4,38.5333],[22.5,38.5],[22.4,38.4667],[22.375,38.4],[22.3,38.325],[22.2,38.35],[22.1,38.32],[22.05,38.3],[22.1,38.2667],[22.1667,38.2],[22.1,38.12],[22.0,38.2],[22.0,38.2],[21.9,38.225],[21.8,38.2],[21.8,38.2],[21.7857,38.1],[21.7,38.0],[21.7,38.0],[21.65,37.9],[21.6667,37.8],[21.7,37.7889],[21.8,37.75],[21.8333,37.7],[21.8667,37.6],[21.8,37.5],[21.8,37.5],[21.8,37.5],[21.875,37.4],[21.9,37.35],[22.0,37.3],[22.0,37.3],[22.1,37.2],[22.1,37.2],[22.2,37.1],[22.1,37.0286],[22.0,37.04],[21.95,37.0],[21.9,36.9333],[21.8,36.9],[21.7,36.9667],[21.6667,37.0]]]}},{"type":"Feature","properties":{"layer_id":"change_T20","layer_label":"Change, T>20\u00b0C","low":0.0,"high":10.0,"label":"0\u201310 pp","fill":"#fddbc7","fillOpacity":0.3,"stroke":"#fddbc7","strokeOpacity":0.42,"strokeWeight":0.35},"geometry":{"type":"Polygon","coordinates":[[[29.84,37.4],[29.82,37.5],[29.9,37.6],[29.9,37.6],[30.0,37.66],[30.1,37.65],[30.1143,37.7],[30.15,37.8],[30.2,37.85],[30.25,37.8],[30.275,37.7],[30.2,37.625],[30.1333,37.6],[30.1,37.55],[30.08,37.5],[30.0,37.4],[30.0,37.4],[29.9,37.34],[29.84,37.4]]]}},{"type":"Feature","properties":{"layer_id":"change_T20","layer_label":"Change, T>20\u00b0C","low":0.0,"high":10.0,"label":"0\u201310 pp","fill":"#fddbc7","fillOpacity":0.3,"stroke":"#fddbc7","strokeOpacity":0.42,"strokeWeight":0.35},"geometry":{"type":"Polygon","coordinates":[[[38.9,37.4],[38.9,37.5],[39.0,37.6],[39.1,37.6],[39.15,37.5],[39.1,37.4],[39.1,37.4],[39.0,37.35],[38.9,37.4]]]}},{"type":"Feature","properties":{"layer_id":"change_T20","layer_label":"Change, T>20\u00b0C","low":0.0,"high":10.0,"label":"0\u201310 pp","fill":"#fddbc7","fillOpacity":0.3,"stroke":"#fddbc7","strokeOpacity":0.42,"strokeWeight":0.35},"geometry":{"type":"Polygon","coordinates":[[[22.3,37.5],[22.2,37.6],[22.1,37.6],[22.1,37.6],[22.1,37.7],[22.1,37.7],[22.2,37.7],[22.3,37.7],[22.4,37.8],[22.3,37.9],[22.3,37.9],[22.2,38.0],[22.2,38.0],[22.2,38.0],[22.3,38.0],[22.4,38.0],[22.5,38.0],[22.5,38.0],[22.5,37.9],[22.5,37.8],[22.5,37.8],[22.4,37.7],[22.4,37.6],[22.4,37.5],[22.4,37.5],[22.3,37.5],[22.3,37.5]]]}},{"type":"Feature","properties":{"layer_id":"change_T20","layer_label":"Change, T>20\u00b0C","low":0.0,"high":10.0,"label":"0\u201310 pp","fill":"#fddbc7","fillOpacity":0.3,"stroke":"#fddbc7","strokeOpacity":0.42,"strokeWeight":0.35},"geometry":{"type":"Polygon","coordinates":[[[39.4,37.5],[39.5,37.5333],[39.6,37.6],[39.7,37.5],[39.6,37.4],[39.5,37.4],[39.4,37.5]]]}},{"type":"Feature","properties":{"layer_id":"change_T20","layer_label":"Change, T>20\u00b0C","low":0.0,"high":10.0,"label":"0\u201310 pp","fill":"#fddbc7","fillOpacity":0.3,"stroke":"#fddbc7","strokeOpacity":0.42,"strokeWeight":0.35},"geometry":{"type":"Polygon","coordinates":[[[23.65,38.0],[23.6,38.0154],[23.5,38.0167],[23.4,38.02],[23.3,38.0143],[23.225,38.1],[23.2,38.12],[23.1,38.1286],[23.0286,38.2],[23.0,38.225],[22.9,38.2333],[22.8,38.225],[22.725,38.3],[22.7,38.35],[22.6,38.325],[22.525,38.4],[22.6,38.5],[22.6,38.5],[22.6667,38.6],[22.6,38.6333],[22.5,38.6667],[22.4667,38.7],[22.4,38.75],[22.3333,38.8],[22.3,38.8111],[22.2,38.8333],[22.1,38.84],[22.0,38.85],[21.95,38.9],[21.9667,39.0],[22.0,39.05],[22.1,39.1],[22.2,39.1],[22.2,39.1],[22.2,39.1],[22.1,39.2],[22.1,39.2],[22.0,39.2],[21.9,39.2111],[21.8,39.3],[21.8,39.3],[21.7,39.3333],[21.62,39.4],[21.6,39.5],[21.6,39.5],[21.54,39.6],[21.5167,39.7],[21.5,39.8],[21.55,39.9],[21.55,40.0],[21.6,40.1],[21.7,40.0],[21.65,39.9],[21.68,39.8],[21.7,39.7667],[21.8,39.7],[21.8,39.7],[21.9,39.7],[22.0,39.7],[22.0,39.7],[22.05,39.8],[22.0,39.85],[21.95,39.9],[21.9,40.0],[22.0,40.1],[22.1,40.1],[22.2,40.0333],[22.2333,40.0],[22.3,39.9667],[22.4,39.9],[22.4,39.9],[22.4,39.9],[22.4667,40.0],[22.5,40.05],[22.6,40.075],[22.675,40.0],[22.7,39.9714],[22.7714,39.9],[22.8,39.88],[22.88,39.8],[22.9,39.775],[22.975,39.7],[22.975,39.6],[23.0,39.5857],[23.0857,39.5],[23.1,39.4778],[23.1778,39.4],[23.1333,39.3],[23.1,39.2667],[23.0667,39.3],[23.0,39.3167],[22.9,39.3167],[22.8,39.35],[22.7,39.35],[22.6714,39.3],[22.7,39.2867],[22.7867,39.2],[22.8,39.16],[22.9,39.1],[22.9,39.1],[22.9667,39.0],[22.9,38.9333],[22.875,38.9],[22.8778,38.8],[22.9,38.7846],[23.0,38.7833],[23.1,38.7778],[23.1778,38.7],[23.2,38.6833],[23.3,38.6818],[23.3182,38.7],[23.3,38.7333],[23.2333,38.8],[23.2,38.8182],[23.11,38.9],[23.15,39.0],[23.2,39.05],[23.3,39.0667],[23.3667,39.0],[23.4,38.9333],[23.4333,38.9],[23.5,38.8],[23.5,38.8],[23.5,38.8],[23.6,38.8714],[23.6714,38.8],[23.7,38.7778],[23.8,38.7818],[23.8818,38.7],[23.9,38.6667],[24.0,38.6857],[24.0923,38.6],[24.09,38.5],[24.0333,38.4],[24.0667,38.3],[24.1,38.2778],[24.1778,38.2],[24.1,38.1222],[24.0846,38.1],[24.0667,38.0],[24.0,37.9333],[23.9,37.9],[23.8,37.925],[23.7,37.95],[23.65,38.0]]]}},{"type":"Feature","properties":{"layer_id":"change_T20","layer_label":"Change, T>20\u00b0C","low":0.0,"high":10.0,"label":"0\u201310 pp","fill":"#fddbc7","fillOpacity":0.3,"stroke":"#fddbc7","strokeOpacity":0.42,"strokeWeight":0.35},"geometry":{"type":"Polygon","coordinates":[[[27.4,39.6],[27.4,39.7],[27.3,39.8],[27.2,39.8],[27.1,39.8],[27.0,39.8],[26.9,39.7],[26.9,39.7],[26.8,39.7],[26.8,39.7],[26.8,39.8],[26.8,39.8],[26.9,39.8],[27.0,39.9],[27.0,39.9],[27.0,39.9],[27.1,39.8],[27.2,39.8],[27.3,39.8],[27.4,39.8],[27.5,39.8],[27.5,39.8],[27.5,39.7],[27.5,39.6],[27.5,39.6],[27.4,39.6],[27.4,39.6]]]}},{"type":"Feature","properties":{"layer_id":"change_T20","layer_label":"Change, T>20\u00b0C","low":0.0,"high":10.0,"label":"0\u201310 pp","fill":"#fddbc7","fillOpacity":0.3,"stroke":"#fddbc7","strokeOpacity":0.42,"strokeWeight":0.35},"geometry":{"type":"Polygon","coordinates":[[[22.3,40.0],[22.2,40.1],[22.2,40.1],[22.2,40.2],[22.2,40.3],[22.1,40.4],[22.0,40.4],[22.0,40.4],[21.9,40.5],[21.8,40.5],[21.8,40.5],[21.8,40.6],[21.8,40.6],[21.9,40.7],[21.9,40.7],[22.0,40.7],[22.0,40.7],[22.1,40.6],[22.1,40.6],[22.1,40.5],[22.2,40.4],[22.2,40.4],[22.2,40.3],[22.3,40.2],[22.3,40.2],[22.4,40.1],[22.4,40.1],[22.4,40.0],[22.4,40.0],[22.3,40.0],[22.3,40.0]]]}},{"type":"Feature","properties":{"layer_id":"change_T20","layer_label":"Change, T>20\u00b0C","low":0.0,"high":10.0,"label":"0\u201310 pp","fill":"#fddbc7","fillOpacity":0.3,"stroke":"#fddbc7","strokeOpacity":0.42,"strokeWeight":0.35},"geometry":{"type":"Polygon","coordinates":[[[21.75,40.1],[21.8,40.2],[21.8,40.2],[21.8,40.2],[21.74,40.3],[21.8,40.4],[21.9,40.3889],[22.0,40.36],[22.075,40.3],[22.1,40.2],[22.0,40.1],[21.9,40.1],[21.9,40.1],[21.8,40.0],[21.75,40.1]]]}},{"type":"Feature","properties":{"layer_id":"change_T20","layer_label":"Change, T>20\u00b0C","low":0.0,"high":10.0,"label":"0\u201310 pp","fill":"#fddbc7","fillOpacity":0.3,"stroke":"#fddbc7","strokeOpacity":0.42,"strokeWeight":0.35},"geometry":{"type":"Polygon","coordinates":[[[22.35,40.2],[22.3167,40.3],[22.32,40.4],[22.3,40.4333],[22.2333,40.5],[22.2,40.5333],[22.15,40.6],[22.1,40.6667],[22.0667,40.7],[22.0,40.8],[22.0,40.8],[21.94,40.9],[21.95,41.0],[22.0,41.05],[22.1,41.0833],[22.2,41.0],[22.2,41.0],[22.25,40.9],[22.3,40.8667],[22.4,40.85],[22.45,40.9],[22.4,41.0],[22.4,41.1],[22.4,41.1],[22.3667,41.2],[22.4,41.3],[22.4,41.3],[22.5,41.35],[22.6,41.4],[22.6,41.4],[22.6667,41.5],[22.7,41.55],[22.8,41.5333],[22.8333,41.5],[22.9,41.4333],[23.0,41.4],[23.0,41.4],[23.1,41.3667],[23.2,41.4],[23.2,41.4],[23.2,41.4],[23.1167,41.5],[23.1,41.6],[23.2,41.7],[23.3,41.65],[23.35,41.6],[23.4,41.5],[23.4,41.5],[23.4333,41.4],[23.4,41.3],[23.4,41.3],[23.4,41.3],[23.48,41.2],[23.5,41.1875],[23.6,41.1667],[23.7,41.1333],[23.8,41.15],[23.9,41.1714],[24.0,41.1778],[24.1,41.1818],[24.2,41.1667],[24.28,41.1],[24.3,41.0857],[24.4,41.0333],[24.5,41.0],[24.4,40.9667],[24.3667,40.9],[24.3,40.8333],[24.2818,40.8],[24.2,40.7182],[24.1,40.72],[24.0,40.7182],[23.9,40.725],[23.8,40.725],[23.7833,40.7],[23.78,40.6],[23.8,40.5778],[23.8778,40.5],[23.8333,40.4],[23.8,40.3667],[23.7,40.3],[23.6,40.3],[23.6,40.3],[23.5,40.2667],[23.4,40.3],[23.4,40.3],[23.3,40.3],[23.2,40.34],[23.14,40.4],[23.1,40.4286],[23.0,40.4667],[22.9667,40.5],[22.9222,40.6],[22.9,40.625],[22.8667,40.6],[22.8,40.5333],[22.7,40.54],[22.675,40.5],[22.675,40.4],[22.6,40.3143],[22.5,40.3125],[22.4833,40.3],[22.5,40.25],[22.5333,40.2],[22.5,40.15],[22.4,40.15],[22.35,40.2]]]}},{"type":"Feature","properties":{"layer_id":"change_T20","layer_label":"Change, T>20\u00b0C","low":0.0,"high":10.0,"label":"0\u201310 pp","fill":"#fddbc7","fillOpacity":0.3,"stroke":"#fddbc7","strokeOpacity":0.42,"strokeWeight":0.35},"geometry":{"type":"Polygon","coordinates":[[[21.5667,40.6],[21.55,40.7],[21.6,40.8],[21.7,40.75],[21.7667,40.7],[21.7333,40.6],[21.7,40.55],[21.6,40.55],[21.5667,40.6]]]}},{"type":"Feature","properties":{"layer_id":"change_T20","layer_label":"Change, T>20\u00b0C","low":0.0,"high":10.0,"label":"0\u201310 pp","fill":"#fddbc7","fillOpacity":0.3,"stroke":"#fddbc7","strokeOpacity":0.42,"strokeWeight":0.35},"geometry":{"type":"Polygon","coordinates":[[[21.7,40.8],[21.7,40.9],[21.7,41.0],[21.7,41.1],[21.7,41.2],[21.6,41.3],[21.6,41.3],[21.6,41.4],[21.6,41.4],[21.7,41.4],[21.7,41.4],[21.7,41.3],[21.8,41.2],[21.9,41.2],[22.0,41.2],[22.1,41.2],[22.2,41.2],[22.3,41.2],[22.3,41.2],[22.3,41.1],[22.3,41.0],[22.3,41.0],[22.3,41.0],[22.2,41.1],[22.2,41.1],[22.1,41.2],[22.0,41.1],[22.0,41.1],[21.9,41.0],[21.9,40.9],[21.9,40.9],[21.8,40.8],[21.8,40.8],[21.7,40.8],[21.7,40.8]]]}},{"type":"Feature","properties":{"layer_id":"change_T20","layer_label":"Change, T>20\u00b0C","low":0.0,"high":10.0,"label":"0\u201310 pp","fill":"#fddbc7","fillOpacity":0.3,"stroke":"#fddbc7","strokeOpacity":0.42,"strokeWeight":0.35},"geometry":{"type":"Polygon","coordinates":[[[21.4333,40.9],[21.45,41.0],[21.5,41.1],[21.55,41.0],[21.5667,40.9],[21.5,40.8],[21.4333,40.9]]]}},{"type":"Feature","properties":{"layer_id":"change_T20","layer_label":"Change, T>20\u00b0C","low":0.0,"high":10.0,"label":"0\u201310 pp","fill":"#fddbc7","fillOpacity":0.3,"stroke":"#fddbc7","strokeOpacity":0.42,"strokeWeight":0.35},"geometry":{"type":"Polygon","coordinates":[[[21.9167,41.4],[21.96,41.5],[22.0,41.5667],[22.0333,41.6],[22.0,41.7],[22.1,41.8],[22.2,41.7],[22.2,41.6],[22.15,41.5],[22.1,41.4],[22.1,41.4],[22.0,41.3],[21.9167,41.4]]]}},{"type":"Feature","properties":{"layer_id":"change_T20","layer_label":"Change, T>20\u00b0C","low":0.0,"high":10.0,"label":"0\u201310 pp","fill":"#fddbc7","fillOpacity":0.3,"stroke":"#fddbc7","strokeOpacity":0.42,"strokeWeight":0.35},"geometry":{"type":"Polygon","coordinates":[[[21.6333,41.6],[21.7,41.7],[21.7,41.7],[21.7,41.8],[21.7,41.8],[21.6,41.8667],[21.5667,41.9],[21.5,41.9667],[21.45,42.0],[21.5,42.0333],[21.6,42.05],[21.7,42.1],[21.8,42.0],[21.8,41.9],[21.8,41.9],[21.9,41.8],[21.9,41.8],[22.0,41.7],[21.9,41.65],[21.8,41.6],[21.8,41.6],[21.7,41.5],[21.6333,41.6]]]}},{"type":"Feature","properties":{"layer_id":"change_T20","layer_label":"Change, T>20\u00b0C","low":0.0,"high":10.0,"label":"0\u201310 pp","fill":"#fddbc7","fillOpacity":0.3,"stroke":"#fddbc7","strokeOpacity":0.42,"strokeWeight":0.35},"geometry":{"type":"Polygon","coordinates":[[[26.2,41.9],[26.1,42.0],[26.1,42.0],[26.1,42.0],[26.2,42.0],[26.3,42.0],[26.4,42.0],[26.4,42.0],[26.4,42.0],[26.3,41.9],[26.3,41.9],[26.2,41.9],[26.2,41.9]]]}},{"type":"Feature","properties":{"layer_id":"change_T20","layer_label":"Change, T>20\u00b0C","low":0.0,"high":10.0,"label":"0\u201310 pp","fill":"#fddbc7","fillOpacity":0.3,"stroke":"#fddbc7","strokeOpacity":0.42,"strokeWeight":0.35},"geometry":{"type":"Polygon","coordinates":[[[24.8,42.2],[24.8,42.2],[24.7,42.3],[24.8,42.4],[24.9,42.3],[24.9,42.3],[25.0,42.2],[24.9,42.1],[24.8,42.2]]]}},{"type":"Feature","properties":{"layer_id":"change_T20","layer_label":"Change, T>20\u00b0C","low":0.0,"high":10.0,"label":"0\u201310 pp","fill":"#fddbc7","fillOpacity":0.3,"stroke":"#fddbc7","strokeOpacity":0.42,"strokeWeight":0.35},"geometry":{"type":"Polygon","coordinates":[[[26.6,42.2],[26.6,42.2],[26.5,42.2],[26.4,42.3],[26.5,42.35],[26.6,42.35],[26.7,42.35],[26.75,42.3],[26.75,42.2],[26.7,42.15],[26.6,42.2]]]}},{"type":"Feature","properties":{"layer_id":"change_T20","layer_label":"Change, T>20\u00b0C","low":0.0,"high":10.0,"label":"0\u201310 pp","fill":"#fddbc7","fillOpacity":0.3,"stroke":"#fddbc7","strokeOpacity":0.42,"strokeWeight":0.35},"geometry":{"type":"Polygon","coordinates":[[[26.8,43.3],[26.7,43.4],[26.6,43.4],[26.6,43.4],[26.6,43.5],[26.6,43.6],[26.6,43.7],[26.6,43.7],[26.7,43.7],[26.7,43.7],[26.8,43.6],[26.9,43.6],[26.9,43.6],[26.9,43.5],[26.9,43.4],[26.9,43.4],[26.8,43.3],[26.8,43.3],[26.8,43.3]]]}},{"type":"Feature","properties":{"layer_id":"change_T20","layer_label":"Change, T>20\u00b0C","low":0.0,"high":10.0,"label":"0\u201310 pp","fill":"#fddbc7","fillOpacity":0.3,"stroke":"#fddbc7","strokeOpacity":0.42,"strokeWeight":0.35},"geometry":{"type":"Polygon","coordinates":[[[34.2333,44.6],[34.3,44.7],[34.3,44.7],[34.4,44.7833],[34.4714,44.7],[34.4778,44.6],[34.4,44.5222],[34.3,44.55],[34.2333,44.6]]]}},{"type":"Feature","properties":{"layer_id":"change_T20","layer_label":"Change, T>20\u00b0C","low":0.0,"high":10.0,"label":"0\u201310 pp","fill":"#fddbc7","fillOpacity":0.3,"stroke":"#fddbc7","strokeOpacity":0.42,"strokeWeight":0.35},"geometry":{"type":"Polygon","coordinates":[[[41.5,44.8],[41.6,44.9],[41.7,44.8],[41.6,44.7],[41.5,44.8]]]}},{"type":"Feature","properties":{"layer_id":"change_T20","layer_label":"Change, T>20\u00b0C","low":0.0,"high":10.0,"label":"0\u201310 pp","fill":"#fddbc7","fillOpacity":0.3,"stroke":"#fddbc7","strokeOpacity":0.42,"strokeWeight":0.35},"geometry":{"type":"Polygon","coordinates":[[[27.9,46.8],[27.8,46.9],[27.7,46.9],[27.7,46.9],[27.7,46.9],[27.8,47.0],[27.8,47.0],[27.9,47.0],[27.9,47.0],[28.0,46.9],[28.0,46.9],[28.0,46.9],[27.9,46.8],[27.9,46.8],[27.9,46.8]]]}},{"type":"Feature","properties":{"layer_id":"change_T20","layer_label":"Change, T>20\u00b0C","low":0.0,"high":10.0,"label":"0\u201310 pp","fill":"#fddbc7","fillOpacity":0.3,"stroke":"#fddbc7","strokeOpacity":0.42,"strokeWeight":0.35},"geometry":{"type":"Polygon","coordinates":[[[27.6,47.3],[27.7,47.4],[27.8,47.3],[27.7,47.2],[27.6,47.3]]]}},{"type":"Feature","properties":{"layer_id":"change_T20","layer_label":"Change, T>20\u00b0C","low":0.0,"high":10.0,"label":"0\u201310 pp","fill":"#fddbc7","fillOpacity":0.3,"stroke":"#fddbc7","strokeOpacity":0.42,"strokeWeight":0.35},"geometry":{"type":"Polygon","coordinates":[[[37.6,47.6],[37.5,47.7],[37.4,47.7],[37.3,47.7],[37.3,47.7],[37.3,47.8],[37.2,47.9],[37.2,47.9],[37.1,48.0],[37.0,48.0],[36.9,48.0],[36.9,48.0],[36.9,48.0],[37.0,48.1],[37.0,48.1],[37.1,48.1],[37.2,48.1],[37.3,48.1],[37.4,48.2],[37.4,48.2],[37.4,48.2],[37.4,48.1],[37.5,48.0],[37.6,48.0],[37.7,48.0],[37.8,48.1],[37.8,48.1],[37.9,48.1],[38.0,48.1],[38.1,48.1],[38.2,48.2],[38.2,48.2],[38.3,48.2],[38.4,48.2],[38.4,48.2],[38.5,48.1],[38.6,48.1],[38.7,48.1],[38.8,48.1],[38.9,48.1],[39.0,48.1],[39.1,48.1],[39.2,48.1],[39.3,48.1],[39.4,48.1],[39.5,48.1],[39.6,48.1],[39.7,48.1],[39.7,48.1],[39.8,48.0],[39.9,48.0],[39.9,48.0],[39.9,48.0],[39.8,47.9],[39.8,47.9],[39.7,47.9],[39.6,47.9],[39.5,47.9],[39.5,47.9],[39.4,48.0],[39.3,48.0],[39.2,48.0],[39.1,48.0],[39.0,47.9],[39.0,47.9],[38.9,47.9],[38.8,47.9],[38.7,47.8],[38.7,47.8],[38.6,47.7],[38.6,47.7],[38.5,47.7],[38.4,47.7],[38.3,47.7],[38.2,47.7],[38.1,47.7],[38.0,47.6],[38.0,47.6],[38.0,47.6],[37.9,47.7],[37.8,47.7],[37.7,47.6],[37.7,47.6],[37.6,47.6],[37.6,47.6]]]}},{"type":"Feature","properties":{"layer_id":"change_T20","layer_label":"Change, T>20\u00b0C","low":0.0,"high":10.0,"label":"0\u201310 pp","fill":"#fddbc7","fillOpacity":0.3,"stroke":"#fddbc7","strokeOpacity":0.42,"strokeWeight":0.35},"geometry":{"type":"Polygon","coordinates":[[[39.8,48.5],[39.8,48.5],[39.7,48.5],[39.6,48.6],[39.6,48.7],[39.7,48.75],[39.8,48.7],[39.8,48.7],[39.9,48.6],[39.9,48.6],[40.0,48.5],[39.9,48.45],[39.8,48.5]]]}},{"type":"Feature","properties":{"layer_id":"change_T20","layer_label":"Change, T>20\u00b0C","low":0.0,"high":10.0,"label":"0\u201310 pp","fill":"#fddbc7","fillOpacity":0.3,"stroke":"#fddbc7","strokeOpacity":0.42,"strokeWeight":0.35},"geometry":{"type":"Polygon","coordinates":[[[32.4,48.7],[32.4,48.7],[32.5,48.8],[32.5,48.8],[32.6,48.8],[32.7,48.8],[32.8,48.8],[32.9,48.8],[32.9,48.8],[32.9,48.7],[32.9,48.7],[32.8,48.7],[32.7,48.7],[32.6,48.7],[32.5,48.7],[32.4,48.7],[32.4,48.7]]]}},{"type":"Feature","properties":{"layer_id":"change_T20","layer_label":"Change, T>20\u00b0C","low":0.0,"high":10.0,"label":"0\u201310 pp","fill":"#fddbc7","fillOpacity":0.3,"stroke":"#fddbc7","strokeOpacity":0.42,"strokeWeight":0.35},"geometry":{"type":"Polygon","coordinates":[[[32.45,49.0],[32.4,49.0333],[32.3,49.05],[32.2,49.1],[32.2,49.1],[32.1,49.1],[32.0,49.15],[31.9,49.15],[31.85,49.2],[31.9,49.3],[31.9,49.3],[31.9,49.4],[31.9,49.5],[32.0,49.575],[32.1,49.575],[32.2,49.6],[32.3,49.6],[32.4,49.6],[32.5,49.6],[32.6,49.6],[32.7,49.6],[32.8,49.6],[32.9,49.6],[33.0,49.6],[33.1,49.5],[33.1,49.5],[33.2,49.5],[33.3,49.4],[33.3,49.3],[33.3,49.2],[33.3,49.2],[33.4,49.1],[33.3,49.0],[33.3,49.0],[33.2,48.9],[33.1,48.9],[33.0,48.9],[32.9,48.9],[32.8,48.9],[32.7,48.9],[32.6,48.9],[32.5,48.95],[32.45,49.0]]]}},{"type":"Feature","properties":{"layer_id":"change_T20","layer_label":"Change, T>20\u00b0C","low":0.0,"high":10.0,"label":"0\u201310 pp","fill":"#fddbc7","fillOpacity":0.3,"stroke":"#fddbc7","strokeOpacity":0.42,"strokeWeight":0.35},"geometry":{"type":"Polygon","coordinates":[[[40.9,49.8],[40.9,49.8],[40.8,49.9],[40.9,50.0],[41.0,50.0],[41.1,49.9],[41.1,49.9],[41.2,49.8],[41.1,49.7],[41.0,49.7],[40.9,49.8]]]}},{"type":"Feature","properties":{"layer_id":"change_T20","layer_label":"Change, T>20\u00b0C","low":0.0,"high":10.0,"label":"0\u201310 pp","fill":"#fddbc7","fillOpacity":0.3,"stroke":"#fddbc7","strokeOpacity":0.42,"strokeWeight":0.35},"geometry":{"type":"Polygon","coordinates":[[[31.35,49.9],[31.3,49.95],[31.2,50.0],[31.3,50.05],[31.4,50.05],[31.5,50.05],[31.55,50.0],[31.6,49.9],[31.5,49.8],[31.4,49.85],[31.35,49.9]]]}},{"type":"Feature","properties":{"layer_id":"change_T20","layer_label":"Change, T>20\u00b0C","low":0.0,"high":10.0,"label":"0\u201310 pp","fill":"#fddbc7","fillOpacity":0.3,"stroke":"#fddbc7","strokeOpacity":0.42,"strokeWeight":0.35},"geometry":{"type":"Polygon","coordinates":[[[42.1,50.0],[42.0,50.1],[41.9,50.1],[41.9,50.1],[41.8,50.2],[41.7,50.2],[41.6,50.2],[41.6,50.2],[41.5,50.3],[41.4,50.3],[41.4,50.3],[41.4,50.4],[41.3,50.5],[41.2,50.4],[41.2,50.4],[41.1,50.3],[41.1,50.3],[41.1,50.3],[41.1,50.4],[41.1,50.5],[41.1,50.6],[41.1,50.7],[41.1,50.7],[41.2,50.7],[41.3,50.7],[41.4,50.8],[41.4,50.8],[41.5,50.8],[41.6,50.9],[41.5,51.0],[41.5,51.0],[41.5,51.1],[41.5,51.1],[41.6,51.2],[41.6,51.2],[41.7,51.2],[41.8,51.3],[41.8,51.3],[41.9,51.3],[41.9,51.3],[42.0,51.2],[42.1,51.3],[42.1,51.3],[42.2,51.3],[42.2,51.3],[42.2,51.2],[42.2,51.1],[42.3,51.0],[42.3,51.0],[42.3,50.9],[42.4,50.8],[42.4,50.8],[42.5,50.7],[42.5,50.7],[42.5,50.7],[42.4,50.6],[42.4,50.5],[42.5,50.4],[42.5,50.4],[42.5,50.3],[42.5,50.2],[42.5,50.2],[42.4,50.1],[42.5,50.0],[42.5,50.0],[42.5,50.0],[42.4,50.0],[42.4,50.0],[42.3,50.1],[42.2,50.0],[42.2,50.0],[42.1,50.0],[42.1,50.0]]]}},{"type":"Feature","properties":{"layer_id":"change_T20","layer_label":"Change, T>20\u00b0C","low":0.0,"high":10.0,"label":"0\u201310 pp","fill":"#fddbc7","fillOpacity":0.3,"stroke":"#fddbc7","strokeOpacity":0.42,"strokeWeight":0.35},"geometry":{"type":"Polygon","coordinates":[[[30.325,50.8],[30.4,50.875],[30.45,50.9],[30.4,50.9333],[30.3333,51.0],[30.4,51.0667],[30.45,51.1],[30.5,51.15],[30.55,51.1],[30.5,51.0],[30.5,51.0],[30.5,51.0],[30.6,50.9],[30.55,50.8],[30.5,50.75],[30.4,50.725],[30.325,50.8]]]}},{"type":"Feature","properties":{"layer_id":"change_T20","layer_label":"Change, T>20\u00b0C","low":0.0,"high":10.0,"label":"0\u201310 pp","fill":"#fddbc7","fillOpacity":0.3,"stroke":"#fddbc7","strokeOpacity":0.42,"strokeWeight":0.35},"geometry":{"type":"Polygon","coordinates":[[[35.0,51.4],[35.0,51.5],[35.0,51.6],[35.0,51.6],[35.1,51.6],[35.2,51.6],[35.2,51.6],[35.3,51.5],[35.4,51.5],[35.4,51.5],[35.5,51.4],[35.5,51.4],[35.5,51.4],[35.4,51.4],[35.3,51.4],[35.2,51.4],[35.1,51.4],[35.0,51.4],[35.0,51.4]]]}},{"type":"Feature","properties":{"layer_id":"change_T20","layer_label":"Change, T>20\u00b0C","low":0.0,"high":10.0,"label":"0\u201310 pp","fill":"#fddbc7","fillOpacity":0.3,"stroke":"#fddbc7","strokeOpacity":0.42,"strokeWeight":0.35},"geometry":{"type":"Polygon","coordinates":[[[32.0,51.5],[31.9,51.6],[31.8,51.6],[31.8,51.6],[31.8,51.7],[31.8,51.7],[31.9,51.8],[31.9,51.8],[32.0,51.8],[32.0,51.8],[32.0,51.7],[32.0,51.6],[32.0,51.5],[32.0,51.5],[32.0,51.5]]]}},{"type":"Feature","properties":{"layer_id":"change_T20","layer_label":"Change, T>20\u00b0C","low":0.0,"high":10.0,"label":"0\u201310 pp","fill":"#fddbc7","fillOpacity":0.3,"stroke":"#fddbc7","strokeOpacity":0.42,"strokeWeight":0.35},"geometry":{"type":"Polygon","coordinates":[[[34.7,51.7],[34.7,51.8],[34.7,51.8],[34.8,51.9],[34.8,51.9],[34.9,51.9],[35.0,51.9],[35.1,51.9],[35.2,51.9],[35.2,51.9],[35.2,51.9],[35.1,51.9],[35.0,51.9],[34.9,51.8],[34.9,51.8],[34.8,51.8],[34.7,51.7],[34.7,51.7],[34.7,51.7]]]}},{"type":"Feature","properties":{"layer_id":"change_T20","layer_label":"Change, T>20\u00b0C","low":0.0,"high":10.0,"label":"0\u201310 pp","fill":"#fddbc7","fillOpacity":0.3,"stroke":"#fddbc7","strokeOpacity":0.42,"strokeWeight":0.35},"geometry":{"type":"Polygon","coordinates":[[[1.3,34.5],[1.4,34.45],[1.45,34.5],[1.5,34.5333],[1.6,34.55],[1.7,34.6],[1.7,34.6],[1.8,34.65],[1.85,34.7],[1.9,34.8],[1.9,34.8],[1.9,34.8],[1.8,34.8],[1.7,34.9],[1.8,34.95],[1.8333,35.0],[1.8,35.05],[1.7,35.1],[1.7,35.2],[1.7,35.3],[1.7,35.4],[1.7,35.4],[1.6,35.45],[1.5,35.45],[1.4,35.425],[1.35,35.4],[1.3,35.3],[1.3,35.3],[1.2,35.2667],[1.1333,35.2],[1.1,35.1],[1.1,35.1],[1.1,35.1],[1.1,35.1],[1.2,35.1333],[1.3,35.2],[1.3,35.2],[1.4,35.25],[1.5,35.2667],[1.6,35.25],[1.7,35.2],[1.7,35.1],[1.6,35.0],[1.5,35.0],[1.4,35.0],[1.4,35.0],[1.4,35.0],[1.5,35.0],[1.55,34.9],[1.5,34.8667],[1.4333,34.8],[1.4,34.75],[1.3,34.7667],[1.2,34.75],[1.1,34.7333],[1.075,34.7],[1.1,34.65],[1.2,34.6],[1.2,34.6],[1.3,34.5],[1.3,34.5]]]}},{"type":"Feature","properties":{"layer_id":"change_T20","layer_label":"Change, T>20\u00b0C","low":0.0,"high":10.0,"label":"0\u201310 pp","fill":"#fddbc7","fillOpacity":0.3,"stroke":"#fddbc7","strokeOpacity":0.42,"strokeWeight":0.35},"geometry":{"type":"Polygon","coordinates":[[[2.7,34.5],[2.8,34.5],[2.8,34.5],[2.9,34.55],[2.95,34.6],[2.9,34.6333],[2.8,34.62],[2.7,34.65],[2.6,34.6],[2.6,34.6],[2.6,34.6],[2.7,34.5],[2.7,34.5]]]}},{"type":"Feature","properties":{"layer_id":"change_T20","layer_label":"Change, T>20\u00b0C","low":0.0,"high":10.0,"label":"0\u201310 pp","fill":"#fddbc7","fillOpacity":0.3,"stroke":"#fddbc7","strokeOpacity":0.42,"strokeWeight":0.35},"geometry":{"type":"Polygon","coordinates":[[[32.9,34.7],[33.0,34.7],[33.1,34.8],[33.1,34.8],[33.2,34.8],[33.3,34.9],[33.3,35.0],[33.2,35.1],[33.1,35.1],[33.0,35.1],[32.9,35.1],[32.8,35.1],[32.7,35.1],[32.6,35.1],[32.5,35.0],[32.5,34.9],[32.6,34.8],[32.7,34.8],[32.8,34.8],[32.8,34.8],[32.9,34.7]]]}},{"type":"Feature","properties":{"layer_id":"change_T20","layer_label":"Change, T>20\u00b0C","low":0.0,"high":10.0,"label":"0\u201310 pp","fill":"#fddbc7","fillOpacity":0.3,"stroke":"#fddbc7","strokeOpacity":0.42,"strokeWeight":0.35},"geometry":{"type":"Polygon","coordinates":[[[32.8667,34.8],[32.8,34.82],[32.7,34.82],[32.6,34.9],[32.6,34.9],[32.54,35.0],[32.6,35.06],[32.7,35.075],[32.8,35.0667],[32.9,35.0714],[33.0,35.08],[33.1,35.0818],[33.19,35.0],[33.2,34.9667],[33.25,34.9],[33.2,34.85],[33.1,34.8167],[33.0,34.8167],[32.95,34.8],[32.9,34.7667],[32.8667,34.8]]]}},{"type":"Feature","properties":{"layer_id":"change_T20","layer_label":"Change, T>20\u00b0C","low":0.0,"high":10.0,"label":"0\u201310 pp","fill":"#fddbc7","fillOpacity":0.3,"stroke":"#fddbc7","strokeOpacity":0.42,"strokeWeight":0.35},"geometry":{"type":"Polygon","coordinates":[[[24.9,34.9],[25.0,34.9],[25.1,34.9],[25.2,34.9],[25.3,35.0],[25.3,35.0],[25.4,35.0],[25.5,35.0],[25.6,35.0],[25.7,35.1],[25.7,35.2],[25.6,35.3],[25.6,35.3],[25.5,35.4],[25.4,35.3],[25.4,35.3],[25.4,35.3],[25.3,35.4],[25.2,35.4],[25.1,35.4],[25.0,35.4],[24.9,35.4],[24.9,35.4],[24.8,35.5],[24.7,35.5],[24.6,35.4],[24.6,35.4],[24.5,35.4],[24.4,35.4],[24.3,35.4],[24.3,35.4],[24.2,35.5],[24.2,35.5],[24.1,35.6],[24.0,35.6],[23.9,35.6],[23.8,35.5],[23.8,35.5],[23.7,35.5],[23.6,35.5],[23.5,35.4],[23.5,35.3],[23.6,35.2],[23.7,35.2],[23.8,35.2],[23.9,35.2],[24.0,35.3],[23.9889,35.4],[24.0,35.4167],[24.1,35.4],[24.1,35.4],[24.1,35.3],[24.2,35.2],[24.3,35.2],[24.3,35.2],[24.4,35.1],[24.5,35.1],[24.5,35.1],[24.6,35.0],[24.7,35.0],[24.8,35.0],[24.8,35.0],[24.9,34.9]]]}},{"type":"Feature","properties":{"layer_id":"change_T20","layer_label":"Change, T>20\u00b0C","low":0.0,"high":10.0,"label":"0\u201310 pp","fill":"#fddbc7","fillOpacity":0.3,"stroke":"#fddbc7","strokeOpacity":0.42,"strokeWeight":0.35},"geometry":{"type":"Polygon","coordinates":[[[24.9167,35.0],[24.9,35.0091],[24.8,35.1],[24.8,35.1],[24.7,35.1],[24.6,35.1],[24.5,35.1143],[24.4,35.1182],[24.3182,35.2],[24.3,35.2143],[24.2,35.3],[24.2,35.3],[24.12,35.4],[24.1,35.4667],[24.0,35.45],[23.9667,35.4],[23.9333,35.3],[23.9,35.2667],[23.8,35.2222],[23.7,35.2286],[23.6,35.25],[23.55,35.3],[23.52,35.4],[23.6,35.48],[23.7,35.4818],[23.8,35.4846],[23.9,35.4857],[23.925,35.5],[24.0,35.56],[24.1,35.5333],[24.1333,35.5],[24.2,35.48],[24.28,35.4],[24.3,35.3857],[24.4,35.3867],[24.5,35.3846],[24.6,35.3778],[24.7,35.4],[24.8,35.4],[24.9,35.35],[25.0,35.3833],[25.1,35.36],[25.2,35.3333],[25.3,35.3667],[25.3667,35.3],[25.4,35.2333],[25.4222,35.3],[25.5,35.3778],[25.5778,35.3],[25.6,35.2667],[25.6667,35.2],[25.66,35.1],[25.6,35.04],[25.5,35.04],[25.4,35.05],[25.3,35.0182],[25.2778,35.0],[25.2,34.9222],[25.1,34.9222],[25.0,34.9286],[24.9167,35.0]]]}},{"type":"Feature","properties":{"layer_id":"change_T20","layer_label":"Change, T>20\u00b0C","low":0.0,"high":10.0,"label":"0\u201310 pp","fill":"#fddbc7","fillOpacity":0.3,"stroke":"#fddbc7","strokeOpacity":0.42,"strokeWeight":0.35},"geometry":{"type":"Polygon","coordinates":[[[39.1,35.2],[39.2,35.2],[39.3,35.2],[39.4,35.3],[39.4,35.4],[39.3,35.5],[39.2,35.5],[39.1,35.4],[39.1,35.4],[39.0,35.3],[39.1,35.2]]]}},{"type":"Feature","properties":{"layer_id":"change_T20","layer_label":"Change, T>20\u00b0C","low":0.0,"high":10.0,"label":"0\u201310 pp","fill":"#fddbc7","fillOpacity":0.3,"stroke":"#fddbc7","strokeOpacity":0.42,"strokeWeight":0.35},"geometry":{"type":"Polygon","coordinates":[[[10.4,35.4],[10.4,35.4],[10.45,35.5],[10.4,35.6],[10.4,35.6],[10.3,35.6],[10.3,35.6],[10.25,35.5],[10.3,35.45],[10.4,35.4],[10.4,35.4]]]}},{"type":"Feature","properties":{"layer_id":"change_T20","layer_label":"Change, T>20\u00b0C","low":0.0,"high":10.0,"label":"0\u201310 pp","fill":"#fddbc7","fillOpacity":0.3,"stroke":"#fddbc7","strokeOpacity":0.42,"strokeWeight":0.35},"geometry":{"type":"Polygon","coordinates":[[[2.1,35.55],[2.1333,35.6],[2.2,35.7],[2.3,35.6667],[2.4,35.675],[2.5,35.6],[2.5,35.6],[2.6,35.6],[2.6,35.6],[2.6,35.6],[2.5333,35.7],[2.5,35.72],[2.4,35.75],[2.3,35.75],[2.2,35.8],[2.3,35.85],[2.4,35.8333],[2.5,35.8667],[2.54,35.9],[2.6,36.0],[2.6,36.0],[2.6,36.0],[2.5,36.05],[2.4,36.02],[2.3,36.1],[2.3,36.1],[2.3,36.1],[2.2,36.0],[2.1,36.0333],[2.0,36.025],[1.95,36.0],[1.9,35.95],[1.8,35.9333],[1.7667,35.9],[1.7,35.8],[1.7,35.8],[1.7,35.8],[1.8,35.8],[1.9,35.7667],[1.9667,35.7],[2.0,35.675],[2.075,35.6],[2.1,35.55]]]}},{"type":"Feature","properties":{"layer_id":"change_T20","layer_label":"Change, T>20\u00b0C","low":0.0,"high":10.0,"label":"0\u201310 pp","fill":"#fddbc7","fillOpacity":0.3,"stroke":"#fddbc7","strokeOpacity":0.42,"strokeWeight":0.35},"geometry":{"type":"Polygon","coordinates":[[[37.4,35.7],[37.5,35.7],[37.6,35.7],[37.7,35.7],[37.8,35.8],[37.7,35.9],[37.6,35.9],[37.6,35.9],[37.5,36.0],[37.4,36.0],[37.4,36.0],[37.3,36.1],[37.2,36.1],[37.1,36.0],[37.1,35.9],[37.2,35.8],[37.3,35.8],[37.3,35.8],[37.4,35.7]]]}},{"type":"Feature","properties":{"layer_id":"change_T20","layer_label":"Change, T>20\u00b0C","low":0.0,"high":10.0,"label":"0\u201310 pp","fill":"#fddbc7","fillOpacity":0.3,"stroke":"#fddbc7","strokeOpacity":0.42,"strokeWeight":0.35},"geometry":{"type":"Polygon","coordinates":[[[-5.7,36.0],[-5.6,36.0],[-5.5,36.0],[-5.4,36.1],[-5.4,36.1],[-5.3,36.2],[-5.3,36.2],[-5.2,36.3],[-5.2,36.4],[-5.2,36.4],[-5.1,36.4],[-5.0,36.4],[-4.9,36.4],[-4.8,36.4],[-4.7,36.4],[-4.6,36.5],[-4.6,36.5],[-4.5,36.6],[-4.5,36.6],[-4.4,36.6],[-4.3,36.6],[-4.2,36.7],[-4.2,36.7],[-4.1,36.7],[-4.0,36.7],[-3.9,36.7],[-3.8,36.7],[-3.7,36.7],[-3.6,36.7],[-3.5,36.7],[-3.4,36.7],[-3.3,36.7],[-3.2,36.7],[-3.1,36.7],[-3.0,36.7],[-2.9,36.7],[-2.8,36.7],[-2.7,36.7],[-2.6,36.8],[-2.6,36.8],[-2.5,36.8],[-2.4,36.8],[-2.3,36.8],[-2.2,36.8],[-2.1,36.9],[-2.1,36.9],[-2.0,36.9],[-1.9,37.0],[-1.9,37.0],[-1.8,37.1],[-1.8,37.2],[-1.8,37.2],[-1.7,37.3],[-1.7,37.3],[-1.6,37.3],[-1.5,37.4],[-1.5,37.4],[-1.4,37.4],[-1.3,37.5],[-1.3,37.5],[-1.2,37.6],[-1.2,37.6],[-1.1,37.6],[-1.0,37.7],[-1.0,37.7],[-0.9,37.8],[-0.9,37.8],[-0.8,37.8],[-0.7,37.9],[-0.7,37.9],[-0.6,38.0],[-0.6,38.1],[-0.6,38.1],[-0.5,38.2],[-0.6,38.3],[-0.6,38.3],[-0.6,38.3],[-0.5,38.3],[-0.4,38.4],[-0.4,38.4],[-0.3,38.4],[-0.2,38.5],[-0.2,38.5],[-0.1,38.5],[0.0,38.6],[0.0,38.6],[0.1,38.6],[0.2,38.7],[0.1,38.8],[0.1,38.8],[0.0,38.9],[-0.1,38.9],[-0.1,38.9],[-0.1,39.0],[-0.2,39.1],[-0.2,39.1],[-0.2,39.2],[-0.3,39.3],[-0.3,39.3],[-0.3,39.4],[-0.3,39.4],[-0.2,39.5],[-0.3,39.6],[-0.3,39.6],[-0.3,39.6],[-0.2,39.6],[-0.1,39.7],[-0.1,39.7],[0.0,39.8],[0.0,39.9],[0.0,40.0],[0.0,40.0],[0.1,40.0],[0.2,40.1],[0.2,40.2],[0.2,40.2],[0.3,40.2],[0.4,40.3],[0.4,40.3],[0.5,40.4],[0.5,40.4],[0.6,40.5],[0.6,40.6],[0.6,40.6],[0.7,40.7],[0.7,40.7],[0.8,40.8],[0.8,40.8],[0.9,40.9],[0.9,40.9],[1.0,41.0],[1.0,41.0],[1.1,41.0],[1.2,41.0],[1.3,41.1],[1.3,41.1],[1.4,41.1],[1.5,41.2],[1.5,41.2],[1.5,41.2],[1.6,41.1],[1.7,41.1],[1.8,41.2],[1.8,41.2],[1.9,41.2],[2.0,41.2],[2.1,41.2],[2.2,41.3],[2.2,41.4],[2.2,41.4],[2.3,41.4],[2.4,41.4],[2.5,41.5],[2.5,41.5],[2.6,41.6],[2.6,41.6],[2.7,41.6],[2.8,41.6],[2.9,41.6],[3.0,41.7],[3.0,41.7],[3.1,41.8],[3.1,41.8],[3.2,41.8],[3.3,41.9],[3.3,42.0],[3.2,42.1],[3.2,42.1],[3.2,42.2],[3.2,42.2],[3.3,42.3],[3.2,42.4],[3.2,42.4],[3.2,42.5],[3.1,42.6],[3.1,42.6],[3.0,42.7],[3.0,42.7],[3.0,42.8],[3.0,42.8],[3.1,42.9],[3.0,43.0],[3.0,43.0],[3.0,43.0],[3.1,43.0],[3.2,43.1],[3.2,43.2],[3.2,43.2],[3.3,43.3],[3.3,43.3],[3.3,43.3],[3.4,43.2],[3.5,43.3],[3.5,43.3],[3.6,43.4],[3.6,43.4],[3.7,43.4],[3.8,43.4],[3.9,43.5],[3.9,43.5],[4.0,43.5],[4.1,43.5],[4.2,43.5],[4.2,43.5],[4.3,43.4],[4.4,43.5],[4.4,43.5],[4.5,43.5],[4.5,43.5],[4.6,43.4],[4.6,43.4],[4.7,43.3],[4.8,43.3],[4.9,43.3],[5.0,43.3],[5.1,43.4],[5.1,43.5],[5.1,43.5],[5.1,43.5],[5.2,43.4],[5.2,43.4],[5.3,43.3],[5.3,43.3],[5.4,43.2],[5.5,43.2],[5.5,43.2],[5.6,43.1],[5.7,43.1],[5.8,43.1],[5.8,43.1],[5.9,43.0],[6.0,43.1],[6.0,43.1],[6.0,43.1],[6.1,43.0],[6.2,43.0],[6.3,43.0],[6.4,43.1],[6.4,43.1],[6.5,43.1],[6.6,43.1],[6.7,43.2],[6.7,43.3],[6.7,43.3],[6.8,43.3],[6.9,43.4],[6.9,43.4],[7.0,43.5],[7.0,43.5],[7.1,43.5],[7.2,43.6],[7.2,43.6],[7.3,43.7],[7.3,43.7],[7.4,43.7],[7.5,43.7],[7.6,43.8],[7.5,43.9],[7.4,43.9],[7.3,43.9],[7.2,43.8],[7.2,43.8],[7.1,43.8],[7.0,43.7],[7.0,43.7],[6.9,43.7],[6.8,43.7],[6.7,43.6],[6.7,43.6],[6.6,43.6],[6.5,43.6],[6.4,43.6],[6.3,43.5],[6.3,43.5],[6.2,43.5],[6.1,43.4],[6.1,43.4],[6.0,43.3],[6.0,43.3],[5.9,43.3],[5.8,43.3],[5.7,43.3],[5.7,43.3],[5.6,43.4],[5.6,43.4],[5.6,43.5],[5.5,43.6],[5.5,43.6],[5.4,43.7],[5.4,43.7],[5.3,43.8],[5.2,43.8],[5.2,43.8],[5.2,43.9],[5.2,44.0],[5.1,44.1],[5.1,44.1],[5.1,44.2],[5.0,44.3],[5.0,44.3],[4.9,44.4],[4.9,44.4],[4.9,44.5],[4.8,44.6],[4.7,44.6],[4.6,44.5],[4.6,44.5],[4.5,44.5],[4.4,44.4],[4.4,44.4],[4.3,44.3],[4.3,44.3],[4.2,44.2],[4.3,44.1],[4.4,44.1],[4.4,44.1],[4.4,44.1],[4.3,44.1],[4.2,44.0],[4.2,44.0],[4.1,44.0],[4.0,43.9],[4.0,43.8],[4.0,43.8],[3.9,43.8],[3.8,43.7],[3.8,43.7],[3.8,43.7],[3.7,43.8],[3.6,43.7],[3.6,43.7],[3.5,43.7],[3.4,43.7],[3.3,43.6],[3.3,43.6],[3.2,43.6],[3.1,43.5],[3.1,43.5],[3.0,43.5],[2.9,43.5],[2.8,43.5],[2.7,43.5],[2.6,43.4],[2.6,43.4],[2.5,43.4],[2.4,43.4],[2.3,43.4],[2.2,43.3],[2.3,43.2],[2.3,43.2],[2.4,43.1],[2.4,43.1],[2.5,43.0],[2.6,43.0],[2.6,43.0],[2.6,42.9],[2.6,42.8],[2.6,42.8],[2.5,42.7],[2.6,42.6],[2.6,42.6],[2.7,42.5],[2.8,42.5],[2.8,42.5],[2.8,42.4],[2.8,42.4],[2.7,42.3],[2.7,42.3],[2.6,42.2],[2.6,42.1],[2.6,42.0],[2.6,41.9],[2.6,41.9],[2.5,41.8],[2.5,41.8],[2.4,41.7],[2.4,41.7],[2.3,41.7],[2.2,41.7],[2.1,41.7],[2.0,41.7],[1.9,41.7],[1.8,41.7],[1.7,41.7],[1.6,41.7],[1.5,41.6],[1.5,41.5],[1.5,41.5],[1.4,41.5],[1.3,41.5],[1.3,41.5],[1.2,41.6],[1.2,41.6],[1.2,41.6],[1.3,41.7],[1.3,41.7],[1.4,41.8],[1.4,41.9],[1.3,42.0],[1.2,42.0],[1.1,42.0],[1.0,42.0],[0.9,41.9],[0.9,41.9],[0.8,41.9],[0.8,41.9],[0.7,42.0],[0.6,41.9],[0.6,41.9],[0.6,41.9],[0.5,42.0],[0.4,42.0],[0.4,42.0],[0.3,42.1],[0.2,42.1],[0.1,42.1],[0.1,42.1],[0.0,42.2],[-0.1,42.2],[-0.2,42.2],[-0.3,42.2],[-0.4,42.2],[-0.5,42.2],[-0.5,42.2],[-0.6,42.3],[-0.7,42.3],[-0.8,42.3],[-0.9,42.3],[-1.0,42.3],[-1.1,42.3],[-1.2,42.2],[-1.1,42.1],[-1.1,42.1],[-1.0,42.0],[-1.0,42.0],[-1.0,42.0],[-1.1,41.9],[-1.1,41.9],[-1.2,41.9],[-1.3,41.8],[-1.3,41.7],[-1.2,41.6],[-1.1,41.6],[-1.1,41.6],[-1.0,41.5],[-0.9,41.5],[-0.9,41.5],[-0.8,41.4],[-0.8,41.4],[-0.8,41.3],[-0.7,41.2],[-0.7,41.2],[-0.6,41.1],[-0.5,41.1],[-0.5,41.1],[-0.4,41.0],[-0.4,41.0],[-0.3,40.9],[-0.2,40.9],[-0.2,40.9],[-0.1,40.8],[0.0,40.8],[0.1,40.9],[0.1,40.9],[0.1,40.9],[0.2,40.8],[0.2,40.8],[0.2,40.7],[0.2,40.6],[0.2,40.6],[0.1,40.5],[0.1,40.4],[0.1,40.4],[0.0,40.3],[0.0,40.3],[-0.1,40.3],[-0.2,40.2],[-0.2,40.2],[-0.3,40.2],[-0.4,40.1],[-0.4,40.0],[-0.4,40.0],[-0.5,39.9],[-0.5,39.8],[-0.5,39.8],[-0.6,39.8],[-0.7,39.7],[-0.7,39.7],[-0.8,39.6],[-0.8,39.5],[-0.8,39.4],[-0.8,39.4],[-0.9,39.4],[-0.9,39.4],[-1.0,39.5],[-1.1,39.5],[-1.2,39.5],[-1.3,39.5],[-1.4,39.4],[-1.4,39.4],[-1.5,39.4],[-1.5,39.4],[-1.6,39.5],[-1.7,39.4],[-1.7,39.4],[-1.8,39.4],[-1.8,39.4],[-1.8,39.5],[-1.9,39.6],[-1.9,39.6],[-2.0,39.7],[-2.0,39.7],[-2.1,39.8],[-2.1,39.8],[-2.1,39.9],[-2.1,40.0],[-2.1,40.1],[-2.2,40.2],[-2.2,40.2],[-2.2,40.3],[-2.3,40.4],[-2.3,40.4],[-2.4,40.5],[-2.5,40.5],[-2.6,40.5],[-2.7,40.5],[-2.8,40.5],[-2.9,40.5],[-3.0,40.5],[-3.1,40.4],[-3.1,40.4],[-3.2,40.4],[-3.2,40.4],[-3.2,40.5],[-3.3,40.6],[-3.4,40.6],[-3.5,40.6],[-3.6,40.6],[-3.7,40.6],[-3.7,40.6],[-3.8,40.7],[-3.9,40.7],[-4.0,40.7],[-4.1,40.6],[-4.1,40.6],[-4.2,40.6],[-4.3,40.6],[-4.4,40.5],[-4.4,40.5],[-4.5,40.5],[-4.6,40.4],[-4.6,40.4],[-4.7,40.4],[-4.8,40.4],[-4.9,40.4],[-5.0,40.3],[-5.0,40.3],[-5.1,40.3],[-5.2,40.3],[-5.3,40.3],[-5.4,40.2],[-5.4,40.2],[-5.5,40.2],[-5.6,40.2],[-5.7,40.2],[-5.8,40.2],[-5.9,40.2],[-5.9,40.2],[-5.9,40.3],[-5.9,40.4],[-5.9,40.4],[-5.8,40.5],[-5.9,40.6],[-6.0,40.5],[-6.0,40.5],[-6.1,40.4],[-6.1,40.4],[-6.2,40.4],[-6.3,40.3],[-6.3,40.3],[-6.4,40.3],[-6.5,40.3],[-6.6,40.2],[-6.6,40.2],[-6.7,40.2],[-6.8,40.2],[-6.9,40.2],[-7.0,40.1],[-7.0,40.1],[-7.1,40.0],[-7.1,40.0],[-7.2,40.0],[-7.3,40.0],[-7.4,39.9],[-7.4,39.9],[-7.5,39.8],[-7.5,39.8],[-7.6,39.7],[-7.5,39.65],[-7.4,39.6],[-7.3,39.6],[-7.2,39.7],[-7.2,39.8],[-7.2,39.8],[-7.2,39.8],[-7.2,39.7],[-7.1,39.6],[-7.0,39.6],[-7.0,39.6],[-7.0,39.5],[-7.0,39.5],[-7.0,39.5],[-7.1,39.6],[-7.2,39.6],[-7.3,39.5],[-7.2,39.4],[-7.2,39.4],[-7.2,39.4],[-7.3,39.3],[-7.3,39.3],[-7.4,39.2],[-7.4,39.2],[-7.5,39.1],[-7.4,39.0],[-7.3,39.1],[-7.3,39.1],[-7.2,39.1],[-7.2,39.1],[-7.2,39.0],[-7.1,38.9],[-7.1,38.9],[-7.1,38.8],[-7.1,38.8],[-7.2,38.8],[-7.3,38.8],[-7.4,38.7],[-7.4,38.6],[-7.4,38.6],[-7.5,38.5],[-7.4,38.4],[-7.3,38.4],[-7.2,38.4],[-7.1,38.5],[-7.1,38.5],[-7.1,38.5],[-7.0,38.4],[-6.9,38.4],[-6.8,38.4],[-6.8,38.4],[-6.8,38.3],[-6.8,38.2],[-6.8,38.2],[-6.9,38.2],[-7.0,38.1],[-7.0,38.1],[-7.1,38.1],[-7.2,38.0],[-7.2,38.0],[-7.3,37.9],[-7.3,37.9],[-7.4,37.9],[-7.5,37.8],[-7.5,37.7],[-7.4,37.6333],[-7.35,37.6],[-7.4,37.5],[-7.4,37.5],[-7.5,37.5],[-7.55,37.4],[-7.6,37.3],[-7.6,37.3],[-7.7,37.3],[-7.8,37.2],[-7.8,37.2],[-7.9,37.2],[-8.0,37.2],[-8.1,37.2],[-8.2,37.1],[-8.1,37.0],[-8.1,37.0],[-8.0,36.9],[-7.9,36.9],[-7.8,36.9],[-7.7,37.0],[-7.7,37.0],[-7.6,37.1],[-7.6,37.1],[-7.5,37.1],[-7.4,37.1],[-7.3,37.1],[-7.2,37.1],[-7.1,37.1],[-7.0,37.1],[-6.9,37.1],[-6.8,37.1],[-6.8,37.1],[-6.7,37.0],[-6.6,37.0],[-6.6,37.0],[-6.5,36.9],[-6.5,36.9],[-6.5,36.8],[-6.5,36.7],[-6.4,36.6],[-6.3,36.6],[-6.3,36.6],[-6.2,36.5],[-6.2,36.5],[-6.2,36.4],[-6.2,36.3],[-6.1,36.2],[-6.1,36.2],[-6.0,36.1],[-5.9,36.2],[-5.9,36.2],[-5.9,36.2],[-5.8,36.1],[-5.8,36.1],[-5.7,36.0]]]}},{"type":"Feature","properties":{"layer_id":"change_T20","layer_label":"Change, T>20\u00b0C","low":0.0,"high":10.0,"label":"0\u201310 pp","fill":"#fddbc7","fillOpacity":0.3,"stroke":"#fddbc7","strokeOpacity":0.42,"strokeWeight":0.35},"geometry":{"type":"Polygon","coordinates":[[[-5.7714,36.1],[-5.8,36.1286],[-5.8714,36.2],[-5.9,36.2333],[-5.9333,36.2],[-6.0,36.1333],[-6.0667,36.2],[-6.1,36.2333],[-6.1667,36.3],[-6.16,36.4],[-6.1714,36.5],[-6.2,36.525],[-6.275,36.6],[-6.3,36.6286],[-6.4,36.6222],[-6.4778,36.7],[-6.46,36.8],[-6.45,36.9],[-6.5,36.9222],[-6.5778,37.0],[-6.6,37.02],[-6.7,37.02],[-6.78,37.1],[-6.8,37.12],[-6.9,37.1333],[-7.0,37.125],[-7.1,37.1182],[-7.2,37.125],[-7.3,37.1286],[-7.4,37.125],[-7.5,37.125],[-7.6,37.14],[-7.625,37.1],[-7.7,37.025],[-7.7222,37.0],[-7.8,36.9222],[-7.9,36.925],[-8.0,36.9286],[-8.0714,37.0],[-8.0,37.0833],[-7.975,37.1],[-7.9,37.16],[-7.8,37.1714],[-7.7,37.1857],[-7.675,37.2],[-7.6,37.26],[-7.56,37.3],[-7.5,37.375],[-7.4667,37.4],[-7.4,37.45],[-7.3333,37.5],[-7.3,37.55],[-7.25,37.6],[-7.3,37.7],[-7.2,37.74],[-7.1,37.7667],[-7.0,37.775],[-6.9,37.8],[-6.9,37.8],[-6.8,37.85],[-6.7,37.85],[-6.6,37.85],[-6.55,37.9],[-6.5,37.95],[-6.4,37.9857],[-6.3,37.9857],[-6.2,37.9857],[-6.1667,38.0],[-6.1,38.1],[-6.1,38.1],[-6.05,38.2],[-6.0,38.25],[-5.9,38.28],[-5.8,38.2833],[-5.775,38.3],[-5.8,38.4],[-5.8,38.4],[-5.9,38.5],[-5.9,38.5],[-6.0,38.5],[-6.1,38.5],[-6.2,38.5286],[-6.3,38.5286],[-6.4,38.5],[-6.45,38.6],[-6.5,38.6333],[-6.6,38.6667],[-6.65,38.7],[-6.7,38.8],[-6.7,38.8],[-6.8,38.9],[-6.8,38.9],[-6.9,38.95],[-6.95,39.0],[-7.0,39.05],[-7.1,39.0],[-7.1333,39.1],[-7.1,39.15],[-7.0,39.2],[-7.0,39.2],[-6.9,39.25],[-6.8,39.275],[-6.7667,39.3],[-6.75,39.4],[-6.8,39.45],[-6.85,39.5],[-6.8,39.6],[-6.8,39.6],[-6.7,39.7],[-6.7,39.7],[-6.7,39.7],[-6.8,39.8],[-6.7,39.9],[-6.6,39.8],[-6.6,39.8],[-6.5,39.7667],[-6.4857,39.8],[-6.5,39.85],[-6.6,39.9],[-6.6,39.9],[-6.7,40.0],[-6.7,40.0],[-6.8,40.0],[-6.8,40.0],[-6.8,39.9],[-6.8,39.8],[-6.8,39.7],[-6.9,39.6],[-6.95,39.7],[-7.0,39.8],[-6.95,39.9],[-7.0,40.0],[-6.9,40.05],[-6.8667,40.1],[-6.8,40.15],[-6.7,40.1333],[-6.6,40.15],[-6.5,40.175],[-6.45,40.2],[-6.4,40.2333],[-6.3,40.2333],[-6.2,40.2],[-6.2,40.2],[-6.1,40.1],[-6.1,40.1],[-6.0,40.08],[-5.9,40.05],[-5.8,40.05],[-5.7,40.0],[-5.7,40.0],[-5.7,40.0],[-5.65,40.1],[-5.6,40.1333],[-5.5,40.16],[-5.4,40.16],[-5.3,40.175],[-5.2,40.18],[-5.1,40.2],[-5.1,40.2],[-5.0,40.25],[-4.9,40.28],[-4.8,40.2833],[-4.7,40.3],[-4.6,40.3],[-4.5,40.3],[-4.5,40.3],[-4.4,40.4],[-4.4,40.4],[-4.3,40.4667],[-4.2,40.5],[-4.2,40.5],[-4.1,40.5333],[-4.0,40.6],[-3.9667,40.5],[-3.9,40.4333],[-3.8,40.4667],[-3.7,40.4833],[-3.6,40.4833],[-3.575,40.5],[-3.5,40.56],[-3.4,40.55],[-3.3333,40.5],[-3.3,40.4],[-3.3,40.3],[-3.3,40.3],[-3.3,40.3],[-3.2,40.35],[-3.1,40.36],[-3.0,40.3667],[-2.9,40.3],[-3.0,40.2],[-3.0,40.2],[-3.0,40.1],[-3.1,40.0],[-3.1,40.0],[-3.1,39.9],[-3.1,39.9],[-3.0,39.9],[-2.9,39.8],[-2.9,39.7],[-2.9,39.7],[-2.8,39.6],[-2.8,39.6],[-2.7,39.6],[-2.6,39.6],[-2.5,39.6],[-2.4,39.6],[-2.3,39.5],[-2.3,39.5],[-2.2,39.5],[-2.1,39.4],[-2.1,39.3],[-2.2,39.2],[-2.3,39.2],[-2.3,39.2],[-2.35,39.1],[-2.4,39.0667],[-2.4333,39.1],[-2.5,39.15],[-2.6,39.1333],[-2.6333,39.1],[-2.64,39.0],[-2.65,38.9],[-2.6,38.8],[-2.65,38.7],[-2.7,38.6],[-2.8,38.6],[-2.9,38.7],[-2.9,38.7],[-3.0,38.7],[-3.0,38.7],[-3.0,38.6],[-3.0,38.5],[-3.0,38.5],[-2.9,38.5],[-2.8,38.5],[-2.8,38.5],[-2.7,38.6],[-2.6,38.5],[-2.7,38.4],[-2.7,38.4],[-2.7333,38.3],[-2.8,38.22],[-2.82,38.2],[-2.8667,38.1],[-2.9,38.0667],[-3.0,38.0],[-3.0,38.0],[-3.025,37.9],[-3.0667,37.8],[-3.0,37.7],[-3.0,37.7],[-2.9,37.6667],[-2.8,37.65],[-2.75,37.7],[-2.7,37.7333],[-2.65,37.7],[-2.65,37.6],[-2.7,37.5667],[-2.8,37.5667],[-2.9,37.55],[-3.0,37.5286],[-3.1,37.5333],[-3.2,37.55],[-3.2667,37.6],[-3.26,37.7],[-3.3,37.7333],[-3.38,37.8],[-3.4,37.82],[-3.5,37.85],[-3.55,37.8],[-3.6,37.75],[-3.7,37.75],[-3.8,37.725],[-3.8333,37.7],[-3.9,37.65],[-3.9286,37.6],[-4.0,37.5286],[-4.0667,37.5],[-4.1,37.4],[-4.2,37.4],[-4.3,37.5],[-4.3,37.5],[-4.4,37.5],[-4.4,37.5],[-4.4,37.5],[-4.35,37.4],[-4.3,37.3],[-4.3,37.3],[-4.3,37.3],[-4.2,37.4],[-4.1,37.3],[-4.1,37.3],[-4.0,37.275],[-3.9,37.2714],[-3.8,37.275],[-3.75,37.3],[-3.7,37.35],[-3.6,37.3333],[-3.5667,37.3],[-3.5333,37.2],[-3.54,37.1],[-3.6,37.025],[-3.7,37.0111],[-3.8,37.025],[-3.9,37.0333],[-4.0,37.04],[-4.06,37.1],[-4.1,37.1667],[-4.2,37.1667],[-4.3,37.15],[-4.4,37.14],[-4.5,37.1],[-4.6,37.1],[-4.6,37.1],[-4.7,37.0667],[-4.8,37.05],[-4.9,37.05],[-5.0,37.025],[-5.1,37.0143],[-5.15,37.0],[-5.1,36.9667],[-5.05,36.9],[-5.1,36.8333],[-5.12,36.8],[-5.2,36.72],[-5.2333,36.7],[-5.2,36.65],[-5.1,36.6333],[-5.0,36.6667],[-4.9,36.7],[-4.9,36.7],[-4.9,36.7],[-4.96,36.8],[-4.9,36.86],[-4.85,36.9],[-4.8,36.9667],[-4.7,36.95],[-4.6,36.9333],[-4.5667,36.9],[-4.5,36.86],[-4.4,36.875],[-4.35,36.9],[-4.3,36.9333],[-4.25,36.9],[-4.2,36.89],[-4.1,36.9],[-4.0,36.8778],[-3.9,36.8714],[-3.8,36.8714],[-3.7,36.8889],[-3.6667,36.9],[-3.6,36.9667],[-3.5,36.95],[-3.4,36.9],[-3.4,36.9],[-3.3,36.9],[-3.3,36.9],[-3.2,36.96],[-3.15,37.0],[-3.1,37.05],[-3.0333,37.0],[-3.0,36.9857],[-2.9,36.9],[-2.9,36.9],[-2.8,36.88],[-2.7333,36.9],[-2.7,36.95],[-2.6875,37.0],[-2.7,37.0167],[-2.8,37.1],[-2.7,37.1714],[-2.6,37.1714],[-2.5,37.1714],[-2.4,37.175],[-2.3,37.1667],[-2.2,37.1833],[-2.175,37.2],[-2.1667,37.3],[-2.2,37.32],[-2.3,37.4],[-2.2,37.4667],[-2.1,37.4667],[-2.0,37.4833],[-1.9667,37.5],[-1.9,37.55],[-1.8,37.6],[-1.8,37.6],[-1.8,37.6],[-1.85,37.7],[-1.8,37.7667],[-1.7,37.8],[-1.6,37.8],[-1.6,37.8],[-1.6,37.9],[-1.6,38.0],[-1.6,38.0],[-1.7,38.0667],[-1.7333,38.1],[-1.775,38.2],[-1.8,38.2333],[-1.8667,38.3],[-1.9,38.325],[-2.0,38.4],[-1.95,38.5],[-1.9,38.5333],[-1.8,38.5667],[-1.7,38.6],[-1.6,38.56],[-1.5,38.55],[-1.4,38.55],[-1.3,38.5667],[-1.2,38.5667],[-1.15,38.6],[-1.1,38.7],[-1.1,38.7],[-1.0,38.8],[-1.0,38.8],[-0.9,38.85],[-0.8,38.9],[-0.8,38.9],[-0.8,38.9],[-0.85,39.0],[-0.8,39.1],[-0.8,39.1],[-0.8,39.2],[-0.7,39.3],[-0.7,39.3],[-0.6667,39.4],[-0.675,39.5],[-0.6667,39.6],[-0.6,39.6667],[-0.55,39.7],[-0.5,39.7333],[-0.4,39.8],[-0.4,39.8],[-0.4,39.8],[-0.4333,39.9],[-0.4,39.9333],[-0.3333,40.0],[-0.3,40.05],[-0.25,40.1],[-0.2,40.1333],[-0.1,40.1833],[-0.05,40.2],[0.0,40.2333],[0.1,40.3],[0.1,40.3],[0.15,40.4],[0.15,40.5],[0.2,40.55],[0.25,40.6],[0.3,40.6667],[0.32,40.7],[0.325,40.8],[0.35,40.9],[0.3,41.0],[0.3,41.0],[0.2,41.0],[0.1,41.0],[0.1,41.0],[0.0,40.95],[-0.05,41.0],[-0.1,41.1],[-0.1,41.1],[-0.1,41.1],[-0.2,41.025],[-0.3,41.0333],[-0.4,41.0667],[-0.4333,41.1],[-0.5,41.1667],[-0.55,41.2],[-0.6,41.3],[-0.6,41.3],[-0.7,41.4],[-0.7,41.4],[-0.8,41.5],[-0.8,41.5],[-0.9,41.6],[-0.9,41.6],[-1.0,41.65],[-1.1,41.7],[-1.0,41.75],[-0.95,41.8],[-0.9,41.85],[-0.8,41.9],[-0.7,41.9],[-0.7,41.9],[-0.7,42.0],[-0.7,42.0],[-0.8,42.1],[-0.7,42.2],[-0.6,42.1],[-0.6,42.1],[-0.5,42.1],[-0.4,42.1],[-0.3,42.1],[-0.2,42.0],[-0.2,42.0],[-0.1,42.0],[0.0,42.0],[0.0,42.0],[0.1,42.0333],[0.2,42.0],[0.2,42.0],[0.3,41.95],[0.35,41.9],[0.4,41.8833],[0.5,41.8875],[0.6,41.86],[0.7,41.875],[0.8,41.86],[0.9,41.85],[1.0,41.8667],[1.1,41.85],[1.15,41.8],[1.1667,41.7],[1.1,41.6333],[1.05,41.6],[1.0,41.5],[0.9,41.5],[0.9,41.5],[0.8,41.4],[0.8,41.4],[0.7,41.3],[0.7,41.3],[0.7,41.3],[0.8,41.2667],[0.9,41.2667],[1.0,41.25],[1.1,41.3],[1.1,41.3],[1.2,41.4],[1.3,41.4],[1.4,41.375],[1.45,41.4],[1.5,41.4333],[1.6,41.5],[1.7,41.5],[1.8,41.5],[1.8,41.5],[1.9,41.5667],[1.95,41.6],[2.0,41.6333],[2.1,41.6333],[2.2,41.65],[2.3,41.6714],[2.4,41.6714],[2.5,41.7],[2.5,41.7],[2.6,41.8],[2.6,41.8],[2.6667,41.9],[2.6667,42.0],[2.7,42.05],[2.75,42.1],[2.8,42.15],[2.8333,42.2],[2.8333,42.3],[2.9,42.3667],[2.9333,42.4],[2.9333,42.5],[2.9,42.52],[2.8,42.5667],[2.75,42.6],[2.7,42.7],[2.7,42.8],[2.8,42.8667],[2.8333,42.9],[2.8,43.0],[2.8,43.1],[2.9,43.2],[2.9,43.2],[3.0,43.3],[3.1,43.3],[3.1,43.3],[3.15,43.4],[3.2,43.45],[3.25,43.5],[3.3,43.5333],[3.4,43.55],[3.5,43.6],[3.6,43.6],[3.6,43.6],[3.7,43.65],[3.8,43.65],[3.9,43.6667],[3.95,43.7],[4.0,43.7333],[4.0667,43.8],[4.1,43.9],[4.1,43.9],[4.2,43.9333],[4.3,43.95],[4.4,43.95],[4.4333,44.0],[4.45,44.1],[4.4333,44.2],[4.425,44.3],[4.5,44.375],[4.6,44.3667],[4.65,44.4],[4.7,44.5],[4.75,44.4],[4.8,44.3667],[4.8667,44.3],[4.9,44.275],[4.975,44.2],[5.0,44.1],[5.0,44.1],[5.1,44.0],[5.0667,43.9],[5.05,43.8],[5.1,43.75],[5.2,43.7333],[5.3,43.7],[5.3,43.7],[5.4,43.6],[5.4,43.6],[5.5,43.5],[5.5,43.5],[5.5333,43.4],[5.6,43.35],[5.65,43.3],[5.7,43.2667],[5.8,43.2667],[5.9,43.2333],[6.0,43.25],[6.1,43.3],[6.2,43.3],[6.2,43.3],[6.25,43.4],[6.3,43.4333],[6.4,43.4667],[6.4333,43.5],[6.5,43.55],[6.6,43.5333],[6.7,43.5667],[6.8,43.58],[6.8333,43.6],[6.9,43.65],[7.0,43.65],[7.0667,43.7],[7.1,43.7333],[7.2,43.7667],[7.2667,43.7],[7.2,43.6333],[7.15,43.6],[7.1,43.55],[7.0,43.55],[6.9714,43.5],[6.9,43.4286],[6.8333,43.4],[6.8,43.3667],[6.7,43.34],[6.6667,43.3],[6.675,43.2],[6.6,43.125],[6.5,43.14],[6.4,43.14],[6.35,43.1],[6.3,43.05],[6.2,43.1],[6.2,43.1],[6.2,43.1],[6.1,43.05],[6.05,43.1],[6.0,43.15],[5.9333,43.1],[5.9,43.0667],[5.8667,43.1],[5.8,43.1333],[5.7,43.1333],[5.6,43.15],[5.55,43.2],[5.5,43.24],[5.4,43.2333],[5.3333,43.3],[5.3,43.35],[5.25,43.4],[5.2,43.45],[5.15,43.5],[5.1,43.54],[5.05,43.5],[5.0667,43.4],[5.0,43.3333],[4.9,43.3286],[4.8,43.3286],[4.7,43.3286],[4.6286,43.4],[4.6,43.4222],[4.5222,43.5],[4.5,43.5333],[4.4,43.5286],[4.3714,43.5],[4.3,43.4286],[4.2286,43.5],[4.2,43.525],[4.1,43.5286],[4.0,43.55],[3.9,43.55],[3.8667,43.5],[3.8,43.4333],[3.7,43.44],[3.6,43.45],[3.5333,43.4],[3.5,43.3667],[3.45,43.3],[3.4,43.25],[3.35,43.3],[3.3,43.35],[3.25,43.3],[3.2,43.25],[3.15,43.2],[3.1667,43.1],[3.1,43.0333],[3.0,43.05],[2.95,43.0],[3.0,42.9667],[3.0667,42.9],[3.0,42.8333],[2.975,42.8],[2.9667,42.7],[3.0,42.66],[3.06,42.6],[3.1,42.56],[3.16,42.5],[3.16,42.4],[3.2,42.3333],[3.2333,42.3],[3.2,42.2667],[3.175,42.2],[3.16,42.1],[3.2,42.06],[3.26,42.0],[3.2,41.925],[3.1833,41.9],[3.1,41.8286],[3.0778,41.8],[3.0,41.7222],[2.96,41.7],[2.9,41.64],[2.8,41.64],[2.7,41.64],[2.6,41.65],[2.55,41.6],[2.5,41.55],[2.4,41.5],[2.3,41.5],[2.3,41.5],[2.2,41.4286],[2.15,41.4],[2.15,41.3],[2.1,41.25],[2.0,41.25],[1.9,41.2333],[1.8,41.2333],[1.75,41.2],[1.7,41.15],[1.6,41.1286],[1.5286,41.2],[1.5,41.2286],[1.475,41.2],[1.4,41.125],[1.3,41.14],[1.2667,41.1],[1.2,41.0333],[1.1,41.04],[1.0,41.025],[0.96,41.0],[0.9,40.94],[0.85,40.9],[0.8,40.85],[0.7,40.8],[0.7,40.8],[0.6333,40.7],[0.6,40.6667],[0.55,40.6],[0.5333,40.5],[0.5,40.4667],[0.45,40.4],[0.4,40.35],[0.3714,40.3],[0.3,40.2286],[0.2,40.2333],[0.1714,40.2],[0.15,40.1],[0.1,40.05],[0.0,40.02],[-0.0333,40.0],[-0.1,39.92],[-0.1111,39.9],[-0.2,39.8],[-0.2,39.8],[-0.22,39.7],[-0.3,39.6333],[-0.3333,39.6],[-0.4,39.52],[-0.4125,39.5],[-0.4,39.48],[-0.3333,39.4],[-0.3333,39.3],[-0.3143,39.2],[-0.3,39.1],[-0.3,39.1],[-0.2,39.06],[-0.14,39.0],[-0.15,38.9],[-0.1,38.8667],[0.0,38.8],[0.0,38.8],[0.05,38.7],[0.0,38.6667],[-0.02,38.6],[-0.1,38.52],[-0.2,38.52],[-0.3,38.5],[-0.3,38.5],[-0.4,38.45],[-0.5,38.4],[-0.5,38.4],[-0.6,38.3333],[-0.6333,38.3],[-0.65,38.2],[-0.65,38.1],[-0.6667,38.0],[-0.7,37.9667],[-0.8,37.925],[-0.8125,37.9],[-0.9,37.8222],[-0.9222,37.8],[-1.0,37.7222],[-1.05,37.7],[-1.1,37.65],[-1.2,37.625],[-1.3,37.6125],[-1.35,37.6],[-1.3667,37.5],[-1.4,37.4667],[-1.5,37.4667],[-1.6,37.4143],[-1.6125,37.4],[-1.7,37.3222],[-1.7333,37.3],[-1.8,37.2333],[-1.82,37.2],[-1.8286,37.1],[-1.9,37.0286],[-2.0,37.0],[-2.0,37.0],[-2.1,36.9167],[-2.15,36.9],[-2.2,36.85],[-2.3,36.8286],[-2.4,36.8222],[-2.5,36.8222],[-2.6,36.8222],[-2.62,36.8],[-2.7,36.72],[-2.8,36.72],[-2.9,36.7182],[-3.0,36.7182],[-3.1,36.7222],[-3.2,36.725],[-3.3,36.725],[-3.4,36.7154],[-3.5,36.7182],[-3.6,36.72],[-3.7,36.72],[-3.8,36.7286],[-3.9,36.7286],[-4.0,36.7222],[-4.1,36.7222],[-4.2,36.7182],[-4.24,36.7],[-4.3,36.64],[-4.4,36.6222],[-4.5,36.6222],[-4.5333,36.6],[-4.6,36.5333],[-4.6182,36.5],[-4.7,36.4182],[-4.8,36.42],[-4.9,36.4182],[-5.0,36.425],[-5.1,36.42],[-5.2,36.4182],[-5.225,36.4],[-5.2333,36.3],[-5.3,36.2333],[-5.3333,36.2],[-5.4,36.1333],[-5.45,36.1],[-5.5,36.05],[-5.6,36.0286],[-5.7,36.0286],[-5.7714,36.1]]]}},{"type":"Feature","properties":{"layer_id":"change_T20","layer_label":"Change, T>20\u00b0C","low":0.0,"high":10.0,"label":"0\u201310 pp","fill":"#fddbc7","fillOpacity":0.3,"stroke":"#fddbc7","strokeOpacity":0.42,"strokeWeight":0.35},"geometry":{"type":"Polygon","coordinates":[[[-4.5,36.9],[-4.6,37.0],[-4.7,37.0],[-4.7,37.0],[-4.7,37.0],[-4.6,37.0],[-4.5,37.0],[-4.4,37.1],[-4.4,37.1],[-4.3,37.1],[-4.2,37.1],[-4.1,37.1],[-4.1,37.1],[-4.0,37.0],[-3.9,37.0],[-3.8,37.0],[-3.8,37.0],[-3.8,36.9],[-3.8,36.9],[-3.9,36.9],[-4.0,36.9],[-4.0,36.9],[-4.1,37.0],[-4.2,37.0],[-4.3,37.0],[-4.4,37.0],[-4.5,36.9],[-4.5,36.9],[-4.5,36.9]]]}},{"type":"Feature","properties":{"layer_id":"change_T20","layer_label":"Change, T>20\u00b0C","low":0.0,"high":10.0,"label":"0\u201310 pp","fill":"#fddbc7","fillOpacity":0.3,"stroke":"#fddbc7","strokeOpacity":0.42,"strokeWeight":0.35},"geometry":{"type":"Polygon","coordinates":[[[-2.8,36.9],[-2.9,37.0],[-2.9,37.0],[-3.0,37.1],[-3.1,37.1],[-3.2,37.0],[-3.2,37.0],[-3.3,37.0],[-3.4,37.0],[-3.5,37.0],[-3.5,37.0],[-3.5,37.1],[-3.5,37.2],[-3.5,37.3],[-3.6,37.4],[-3.7,37.4],[-3.8,37.3],[-3.8,37.3],[-3.9,37.3],[-3.9,37.3],[-4.0,37.4],[-4.0,37.4],[-4.0,37.5],[-4.0,37.5],[-3.9,37.6],[-3.9,37.6],[-3.8,37.6],[-3.7,37.7],[-3.7,37.7],[-3.6,37.7],[-3.5,37.8],[-3.5,37.8],[-3.5,37.8],[-3.4,37.7],[-3.3,37.7],[-3.3,37.7],[-3.3,37.7],[-3.4,37.6],[-3.3,37.5],[-3.2,37.5],[-3.1,37.5],[-3.0,37.5],[-2.9,37.5],[-2.8,37.5],[-2.7,37.5],[-2.7,37.5],[-2.6,37.4],[-2.6,37.4],[-2.5,37.3],[-2.4,37.4],[-2.5,37.5],[-2.5,37.5],[-2.5,37.6],[-2.5,37.7],[-2.6,37.8],[-2.7,37.8],[-2.8,37.8],[-2.9,37.8],[-3.0,37.8],[-3.0,37.8],[-3.0,37.9],[-3.0,37.9],[-2.9,38.0],[-2.9,38.0],[-2.8,38.1],[-2.8,38.1],[-2.7,38.2],[-2.7,38.3],[-2.7,38.3],[-2.6,38.3],[-2.5,38.4],[-2.5,38.5],[-2.5,38.6],[-2.6,38.7],[-2.6,38.7],[-2.6,38.7],[-2.5,38.7],[-2.4,38.7],[-2.3,38.8],[-2.3,38.8],[-2.2,38.8],[-2.1,38.9],[-2.1,38.9],[-2.1,38.9],[-2.1,38.8],[-2.0,38.7],[-1.9,38.7],[-1.8,38.7],[-1.7,38.8],[-1.7,38.9],[-1.7,38.9],[-1.6,38.9],[-1.5,39.0],[-1.5,39.1],[-1.5,39.1],[-1.4,39.2],[-1.4,39.2],[-1.3,39.2],[-1.3,39.2],[-1.2,39.1],[-1.1,39.1],[-1.0,39.1],[-1.0,39.1],[-0.9,39.0],[-0.9,39.0],[-0.9,38.9],[-0.9,38.9],[-1.0,38.9],[-1.1,38.8],[-1.1,38.8],[-1.2,38.7],[-1.2,38.7],[-1.3,38.7],[-1.4,38.6],[-1.4,38.6],[-1.5,38.6],[-1.6,38.6],[-1.6,38.6],[-1.7,38.7],[-1.8,38.7],[-1.9,38.6],[-1.9,38.6],[-2.0,38.6],[-2.1,38.5],[-2.1,38.5],[-2.2,38.5],[-2.3,38.5],[-2.4,38.4],[-2.4,38.4],[-2.5,38.3],[-2.4,38.2],[-2.3,38.2],[-2.2,38.3],[-2.2,38.3],[-2.1,38.3],[-2.0,38.3],[-2.0,38.3],[-1.9,38.2],[-1.9,38.2],[-1.8,38.1],[-1.8,38.1],[-1.7,38.0],[-1.7,38.0],[-1.7,37.9],[-1.7,37.9],[-1.8,37.9],[-1.9,37.8],[-1.9,37.7],[-1.9,37.6],[-1.9,37.6],[-2.0,37.6],[-2.1,37.5],[-2.1,37.5],[-2.2,37.5],[-2.3,37.5],[-2.4,37.4],[-2.3,37.3],[-2.3,37.3],[-2.3,37.2],[-2.3,37.2],[-2.4,37.2],[-2.5,37.2],[-2.6,37.2],[-2.7,37.2],[-2.8,37.2],[-2.9,37.1],[-2.8,37.0],[-2.8,37.0],[-2.8,36.9],[-2.8,36.9],[-2.8,36.9]]]}},{"type":"Feature","properties":{"layer_id":"change_T20","layer_label":"Change, T>20\u00b0C","low":0.0,"high":10.0,"label":"0\u201310 pp","fill":"#fddbc7","fillOpacity":0.3,"stroke":"#fddbc7","strokeOpacity":0.42,"strokeWeight":0.35},"geometry":{"type":"Polygon","coordinates":[[[-2.35,38.4],[-2.3,38.45],[-2.2,38.4333],[-2.1,38.4333],[-2.0,38.4],[-2.1,38.3667],[-2.2,38.3667],[-2.3,38.3],[-2.35,38.4]]]}},{"type":"Feature","properties":{"layer_id":"change_T20","layer_label":"Change, T>20\u00b0C","low":0.0,"high":10.0,"label":"0\u201310 pp","fill":"#fddbc7","fillOpacity":0.3,"stroke":"#fddbc7","strokeOpacity":0.42,"strokeWeight":0.35},"geometry":{"type":"Polygon","coordinates":[[[-2.5,38.9],[-2.4,38.9333],[-2.3333,39.0],[-2.3,39.05],[-2.2667,39.0],[-2.2,38.95],[-2.15,38.9],[-2.2,38.85],[-2.3,38.85],[-2.4,38.85],[-2.5,38.9]]]}},{"type":"Feature","properties":{"layer_id":"change_T20","layer_label":"Change, T>20\u00b0C","low":0.0,"high":10.0,"label":"0\u201310 pp","fill":"#fddbc7","fillOpacity":0.3,"stroke":"#fddbc7","strokeOpacity":0.42,"strokeWeight":0.35},"geometry":{"type":"Polygon","coordinates":[[[-2.1,39.3],[-2.1,39.4],[-2.0,39.5],[-1.9333,39.4],[-1.9,39.3],[-2.0,39.2],[-2.1,39.3]]]}},{"type":"Feature","properties":{"layer_id":"change_T20","layer_label":"Change, T>20\u00b0C","low":0.0,"high":10.0,"label":"0\u201310 pp","fill":"#fddbc7","fillOpacity":0.3,"stroke":"#fddbc7","strokeOpacity":0.42,"strokeWeight":0.35},"geometry":{"type":"Polygon","coordinates":[[[7.325,43.8],[7.4,43.86],[7.5,43.8667],[7.5667,43.8],[7.5,43.7333],[7.4,43.74],[7.325,43.8]]]}},{"type":"Feature","properties":{"layer_id":"change_T20","layer_label":"Change, T>20\u00b0C","low":0.0,"high":10.0,"label":"0\u201310 pp","fill":"#fddbc7","fillOpacity":0.3,"stroke":"#fddbc7","strokeOpacity":0.42,"strokeWeight":0.35},"geometry":{"type":"Polygon","coordinates":[[[32.8,36.4],[32.9,36.4],[33.0,36.5],[33.0,36.6],[32.9,36.7],[32.8,36.7],[32.7,36.6],[32.7,36.5],[32.8,36.4]]]}},{"type":"Feature","properties":{"layer_id":"change_T20","layer_label":"Change, T>20\u00b0C","low":0.0,"high":10.0,"label":"0\u201310 pp","fill":"#fddbc7","fillOpacity":0.3,"stroke":"#fddbc7","strokeOpacity":0.42,"strokeWeight":0.35},"geometry":{"type":"Polygon","coordinates":[[[29.8,36.5],[29.9,36.6],[29.9,36.6],[30.0,36.7],[30.0,36.8],[29.9,36.9],[29.8,36.9],[29.7,36.8],[29.7,36.7],[29.7,36.6],[29.8,36.5]]]}},{"type":"Feature","properties":{"layer_id":"change_T20","layer_label":"Change, T>20\u00b0C","low":0.0,"high":10.0,"label":"0\u201310 pp","fill":"#fddbc7","fillOpacity":0.3,"stroke":"#fddbc7","strokeOpacity":0.42,"strokeWeight":0.35},"geometry":{"type":"Polygon","coordinates":[[[29.7333,36.7],[29.8,36.78],[29.8333,36.8],[29.9,36.85],[29.95,36.8],[29.9714,36.7],[29.9,36.6286],[29.8,36.6],[29.7333,36.7]]]}},{"type":"Feature","properties":{"layer_id":"change_T20","layer_label":"Change, T>20\u00b0C","low":0.0,"high":10.0,"label":"0\u201310 pp","fill":"#fddbc7","fillOpacity":0.3,"stroke":"#fddbc7","strokeOpacity":0.42,"strokeWeight":0.35},"geometry":{"type":"Polygon","coordinates":[[[8.7,36.7],[8.8,36.7],[8.8,36.7],[8.9,36.75],[9.0,36.7],[9.0,36.7],[9.0,36.7],[9.1,36.7667],[9.15,36.8],[9.1,36.85],[9.0,36.825],[8.9,36.82],[8.8,36.8333],[8.7,36.8],[8.7,36.8],[8.7,36.7],[8.7,36.7]]]}},{"type":"Feature","properties":{"layer_id":"change_T20","layer_label":"Change, T>20\u00b0C","low":0.0,"high":10.0,"label":"0\u201310 pp","fill":"#fddbc7","fillOpacity":0.3,"stroke":"#fddbc7","strokeOpacity":0.42,"strokeWeight":0.35},"geometry":{"type":"Polygon","coordinates":[[[14.7,36.7],[14.8,36.7],[14.9,36.8],[14.9,36.8],[14.9,36.8],[15.0,36.7],[15.1,36.8],[15.1,36.9],[15.1,36.9],[15.2,36.9],[15.3,37.0],[15.3,37.1],[15.3,37.2],[15.3,37.3],[15.2,37.4],[15.2,37.4],[15.1,37.5],[15.1,37.5],[15.1,37.5],[15.2,37.6],[15.2,37.6],[15.3,37.7],[15.3,37.8],[15.3,37.9],[15.3,37.9],[15.3,37.9],[15.4,37.8],[15.5,37.9],[15.5,38.0],[15.5,38.1],[15.5,38.1],[15.6,38.1],[15.6,38.1],[15.6,38.0],[15.7,37.9],[15.8,37.9],[15.9,37.9],[16.0,37.9],[16.1,37.9],[16.2,38.0],[16.2,38.1],[16.2,38.1],[16.3,38.2],[16.3,38.2],[16.4,38.3],[16.4,38.3],[16.5,38.3],[16.6,38.4],[16.6,38.5],[16.6,38.6],[16.5,38.7],[16.5,38.7],[16.5,38.7],[16.6,38.8],[16.6,38.8],[16.7,38.8],[16.8,38.8],[16.9,38.9],[16.9,38.9],[17.0,38.9],[17.1,38.9],[17.2,39.0],[17.2,39.1],[17.2,39.2],[17.2,39.3],[17.1,39.4],[17.1,39.4],[17.0,39.5],[17.0,39.5],[16.9,39.6],[16.8,39.6],[16.7,39.6],[16.7,39.6],[16.6,39.7],[16.5,39.7],[16.5,39.7],[16.5,39.8],[16.5,39.8],[16.6,39.9],[16.6,39.9],[16.7,40.0],[16.6,40.1],[16.6,40.1],[16.6,40.1],[16.7,40.1],[16.8,40.2],[16.8,40.3],[16.8,40.4],[16.8,40.4],[16.9,40.4],[17.0,40.4],[17.1,40.5],[17.1,40.5],[17.1,40.5],[17.2,40.4],[17.3,40.4],[17.4,40.4],[17.5,40.4],[17.5,40.4],[17.6,40.3],[17.6,40.3],[17.7,40.2],[17.8,40.2],[17.9,40.3],[17.9,40.3],[17.9,40.3],[18.0,40.2],[18.0,40.2],[18.1,40.1],[18.2,40.1],[18.3,40.1],[18.4,40.2],[18.4,40.2],[18.5,40.3],[18.4,40.4],[18.4,40.4],[18.3,40.5],[18.2,40.5],[18.2,40.5],[18.1,40.6],[18.1,40.6],[18.0,40.7],[17.9,40.7],[17.9,40.7],[17.8,40.8],[17.7,40.8],[17.6,40.8],[17.6,40.8],[17.5,40.9],[17.5,40.9],[17.4,41.0],[17.3,41.0],[17.2,41.0],[17.2,41.0],[17.1,41.1],[17.1,41.1],[17.0,41.2],[16.9,41.2],[16.8,41.2],[16.8,41.2],[16.7,41.3],[16.6,41.3],[16.5,41.3],[16.4,41.3],[16.4,41.3],[16.3,41.4],[16.2,41.4],[16.2,41.4],[16.1,41.5],[16.0,41.5],[15.9,41.5],[15.9,41.5],[15.9,41.6],[15.9,41.6],[16.0,41.6],[16.1,41.7],[16.1,41.7],[16.2,41.7],[16.3,41.8],[16.2,41.9],[16.2,41.9],[16.1,42.0],[16.0,42.0],[15.9,42.0],[15.8,42.0],[15.7,41.9],[15.7,41.9],[15.6,41.9],[15.6,41.9],[15.5,42.0],[15.4,42.0],[15.3,41.9],[15.3,41.9],[15.2,41.9],[15.2,41.9],[15.1,42.0],[15.1,42.0],[15.0,42.1],[14.9,42.1],[14.8,42.1],[14.8,42.1],[14.7,42.2],[14.6,42.2],[14.6,42.2],[14.5,42.3],[14.5,42.3],[14.4,42.4],[14.4,42.4],[14.3,42.5],[14.3,42.5],[14.2,42.6],[14.1,42.6],[14.1,42.6],[14.1,42.7],[14.0,42.8],[13.9,42.8],[13.9,42.8],[13.9,42.8],[14.0,42.9],[13.9,43.0],[13.9,43.0],[13.9,43.1],[13.8,43.2],[13.8,43.2],[13.8,43.3],[13.8,43.4],[13.7,43.5],[13.6,43.5],[13.6,43.5],[13.6,43.6],[13.5,43.7],[13.4,43.7],[13.3,43.7],[13.3,43.7],[13.2,43.8],[13.1,43.8],[13.1,43.8],[13.0,43.9],[12.9,43.9],[12.9,43.9],[12.8,44.0],[12.8,44.0],[12.7,44.1],[12.6,44.1],[12.6,44.1],[12.5,44.2],[12.5,44.2],[12.4,44.3],[12.4,44.3],[12.4,44.4],[12.3,44.5],[12.3,44.5],[12.2,44.6],[12.2,44.6],[12.2,44.6],[12.3,44.7],[12.3,44.7],[12.4,44.8],[12.4,44.8],[12.5,44.9],[12.4,45.0],[12.4,45.0],[12.3,45.1],[12.3,45.1],[12.3,45.2],[12.2,45.3],[12.2,45.3],[12.2,45.4],[12.2,45.4],[12.3,45.4],[12.4,45.5],[12.4,45.5],[12.5,45.5],[12.6,45.5],[12.7,45.5],[12.8,45.6],[12.8,45.6],[12.9,45.6],[13.0,45.6],[13.1,45.6],[13.2,45.7],[13.2,45.7],[13.3,45.7],[13.4,45.7],[13.4,45.7],[13.5,45.6],[13.6,45.7],[13.6,45.7],[13.7,45.7],[13.7,45.7],[13.7,45.6],[13.7,45.6],[13.6,45.5],[13.6,45.5],[13.5,45.4],[13.5,45.3],[13.6,45.2],[13.6,45.2],[13.6,45.1],[13.7,45.0],[13.7,45.0],[13.8,44.9],[13.8,44.9],[13.9,44.8],[14.0,44.9],[14.0,44.9],[14.1,44.9],[14.2,45.0],[14.2,45.0],[14.3,45.1],[14.3,45.2],[14.3,45.3],[14.2,45.4],[14.1,45.4],[14.1,45.4],[14.0,45.5],[14.0,45.5],[14.0,45.6],[13.9,45.7],[13.9,45.7],[13.9,45.8],[13.8,45.9],[13.8,45.9],[13.7,46.0],[13.6,46.0],[13.6,46.0],[13.5,46.1],[13.4,46.1],[13.3,46.1],[13.2,46.1],[13.1,46.1],[13.0,46.0],[13.0,46.0],[12.9,46.0],[12.8,46.0],[12.7,46.0],[12.6,46.0],[12.5,46.0],[12.4,45.9],[12.4,45.9],[12.3,45.9],[12.2,45.9],[12.1,45.8],[12.1,45.8],[12.0,45.8],[11.9,45.8],[11.8,45.8],[11.7,45.7],[11.7,45.7],[11.6,45.7],[11.5,45.7],[11.4,45.7],[11.3,45.6],[11.3,45.6],[11.2,45.6],[11.1,45.6],[11.0,45.6],[10.9,45.6],[10.9,45.6],[10.8,45.7],[10.7,45.7],[10.7,45.7],[10.6,45.8],[10.5,45.7],[10.5,45.7],[10.4,45.7],[10.3,45.6],[10.3,45.6],[10.2,45.6],[10.1,45.6],[10.1,45.6],[10.0,45.7],[9.9,45.6],[9.9,45.6],[9.8,45.6],[9.7,45.6],[9.7,45.6],[9.6,45.7],[9.5,45.7],[9.4,45.7],[9.4,45.7],[9.3,45.8],[9.2,45.7],[9.2,45.7],[9.2,45.7],[9.1,45.8],[9.0,45.8],[8.9,45.8],[8.8,45.8],[8.7,45.8],[8.6,45.8],[8.5,45.7],[8.5,45.6],[8.5,45.5],[8.5,45.5],[8.4,45.5],[8.3,45.5],[8.2,45.5],[8.1,45.5],[8.0,45.4],[8.0,45.3],[8.0,45.3],[8.0,45.3],[7.9,45.4],[7.8,45.3],[7.8,45.3],[7.7,45.2],[7.7,45.2],[7.6,45.1],[7.6,45.0],[7.6,44.9],[7.6,44.8],[7.7,44.7],[7.7,44.7],[7.8,44.6],[7.8,44.6],[7.8,44.5],[7.9,44.4],[8.0,44.5],[8.0,44.6],[8.0,44.6],[8.1,44.6],[8.2,44.6],[8.3,44.6],[8.4,44.6],[8.5,44.6],[8.6,44.6],[8.7,44.6],[8.8,44.6],[8.9,44.6],[9.0,44.7],[9.0,44.7],[9.1,44.8],[9.1,44.8],[9.2,44.9],[9.2,44.9],[9.3,44.9],[9.4,44.9],[9.5,44.9],[9.5,44.9],[9.6,44.8],[9.7,44.8],[9.8,44.8],[9.8,44.8],[9.9,44.7],[10.0,44.7],[10.1,44.7],[10.1,44.7],[10.2,44.6],[10.3,44.6],[10.4,44.6],[10.5,44.6],[10.6,44.6],[10.6,44.6],[10.7,44.5],[10.8,44.5],[10.8,44.5],[10.9,44.4],[10.9,44.4],[11.0,44.3],[11.0,44.3],[11.1,44.2],[11.2,44.3],[11.2,44.3],[11.2,44.3],[11.3,44.2],[11.4,44.3],[11.4,44.3],[11.4,44.3],[11.5,44.2],[11.5,44.2],[11.6,44.1],[11.7,44.1],[11.8,44.1],[11.9,44.1],[11.9,44.1],[12.0,44.0],[12.1,44.0],[12.2,44.0],[12.3,44.0],[12.3,44.0],[12.4,43.9],[12.4,43.9],[12.4,43.8],[12.5,43.7],[12.5,43.7],[12.6,43.6],[12.6,43.6],[12.7,43.5],[12.7,43.5],[12.8,43.4],[12.9,43.4],[13.0,43.4],[13.1,43.4],[13.1,43.4],[13.2,43.3],[13.2,43.3],[13.2,43.3],[13.1,43.3],[13.0,43.2],[13.1,43.1],[13.2,43.1],[13.3,43.1],[13.4,43.1],[13.4,43.1],[13.5,43.0],[13.5,43.0],[13.6,42.9],[13.6,42.9],[13.7,42.8],[13.7,42.8],[13.7,42.7],[13.8,42.6],[13.8,42.6],[13.9,42.5],[13.9,42.5],[14.0,42.4],[14.0,42.4],[14.1,42.3],[14.1,42.3],[14.2,42.2],[14.3,42.2],[14.3,42.2],[14.4,42.1],[14.4,42.1],[14.5,42.0],[14.6,42.0],[14.6,42.0],[14.6,41.9],[14.7,41.8],[14.7,41.8],[14.8,41.7],[14.9,41.7],[14.9,41.7],[14.9,41.7],[14.8,41.6],[14.9,41.5],[15.0,41.5],[15.0,41.5],[15.1,41.4],[15.2,41.4],[15.2,41.4],[15.2,41.3],[15.3,41.2],[15.4,41.2],[15.4,41.2],[15.5,41.1],[15.5,41.1],[15.5,41.1],[15.4,41.1],[15.3,41.1],[15.3,41.1],[15.2,41.2],[15.1,41.2],[15.1,41.2],[15.0,41.3],[14.9,41.3],[14.8,41.3],[14.7,41.3],[14.6,41.3],[14.5,41.3],[14.4,41.3],[14.3,41.3],[14.3,41.3],[14.2,41.4],[14.1,41.4],[14.0,41.4],[14.0,41.4],[13.9,41.5],[13.9,41.5],[13.8,41.6],[13.7,41.6],[13.7,41.6],[13.6,41.7],[13.5,41.7],[13.4,41.7],[13.4,41.7],[13.3,41.8],[13.2,41.8],[13.2,41.8],[13.1,41.9],[13.0,41.9],[13.0,41.9],[12.9,42.0],[12.9,42.0],[12.9,42.1],[12.8,42.2],[12.8,42.2],[12.8,42.3],[12.7,42.4],[12.7,42.4],[12.6,42.5],[12.6,42.5],[12.6,42.5],[12.7,42.6],[12.6,42.7],[12.5,42.7],[12.4,42.7],[12.4,42.7],[12.4,42.8],[12.4,42.8],[12.5,42.8],[12.6,42.8],[12.7,42.9],[12.7,43.0],[12.7,43.1],[12.7,43.2],[12.6,43.3],[12.5,43.3],[12.4,43.3],[12.3,43.3],[12.2,43.3],[12.1,43.3],[12.0,43.3],[12.0,43.3],[11.9,43.4],[11.9,43.4],[11.9,43.4],[12.0,43.4],[12.1,43.4],[12.2,43.4],[12.3,43.5],[12.2,43.6],[12.1,43.6],[12.0,43.6],[12.0,43.6],[11.9,43.7],[11.8,43.7],[11.7,43.7],[11.6,43.7],[11.5,43.7],[11.4,43.6],[11.4,43.5],[11.5,43.4],[11.5,43.4],[11.5,43.4],[11.4,43.4],[11.3,43.4],[11.3,43.4],[11.2,43.5],[11.2,43.5],[11.2,43.6],[11.2,43.6],[11.3,43.7],[11.3,43.7],[11.4,43.7],[11.5,43.8],[11.4,43.9],[11.4,43.9],[11.3,44.0],[11.2,44.0],[11.1,44.0],[11.0,44.0],[10.9,44.0],[10.8,44.0],[10.7,44.0],[10.6,44.0],[10.5,44.0],[10.5,44.0],[10.4,44.1],[10.3,44.1],[10.2,44.1],[10.2,44.1],[10.1,44.2],[10.1,44.2],[10.0,44.3],[9.9,44.3],[9.8,44.3],[9.8,44.3],[9.7,44.4],[9.6,44.4],[9.6,44.4],[9.5,44.5],[9.4,44.5],[9.3,44.5],[9.2,44.5],[9.1,44.5],[9.0,44.4],[9.1,44.3],[9.2,44.3],[9.3,44.3],[9.3,44.3],[9.4,44.2],[9.5,44.2],[9.5,44.2],[9.6,44.1],[9.7,44.1],[9.8,44.1],[9.8,44.1],[9.9,44.0],[10.0,44.0],[10.1,44.0],[10.1,44.0],[10.1,43.9],[10.2,43.8],[10.2,43.8],[10.2,43.7],[10.3,43.6],[10.3,43.6],[10.3,43.5],[10.4,43.4],[10.4,43.4],[10.5,43.3],[10.5,43.3],[10.5,43.2],[10.5,43.1],[10.5,43.0],[10.6,42.9],[10.7,43.0],[10.7,43.0],[10.7,43.0],[10.8,42.9],[10.8,42.9],[10.8,42.8],[10.9,42.7],[11.0,42.71],[11.05,42.7],[11.0,42.6],[11.1,42.5],[11.1,42.5],[11.2,42.4],[11.3,42.4],[11.3,42.4],[11.4,42.3],[11.5,42.3],[11.6,42.3],[11.6,42.3],[11.7,42.2],[11.7,42.2],[11.8,42.1],[11.9,42.1],[11.9,42.1],[11.9,42.0],[12.0,41.9],[12.1,41.9],[12.1,41.9],[12.1,41.8],[12.2,41.7],[12.3,41.7],[12.3,41.7],[12.4,41.6],[12.5,41.6],[12.5,41.6],[12.5,41.5],[12.6,41.4],[12.7,41.4],[12.8,41.4],[12.9,41.4],[13.0,41.4],[13.0,41.4],[13.0,41.4],[12.9,41.3],[13.0,41.2],[13.1,41.2],[13.2,41.2],[13.3,41.3],[13.3,41.3],[13.3,41.3],[13.4,41.2],[13.5,41.2],[13.6,41.2],[13.7,41.2],[13.7,41.2],[13.8,41.1],[13.9,41.1],[13.9,41.1],[13.9,41.0],[14.0,40.9],[14.0,40.9],[14.1,40.8],[14.2,40.8],[14.3,40.8],[14.3,40.8],[14.4,40.7],[14.4,40.7],[14.5,40.6],[14.6,40.6],[14.7,40.6],[14.8,40.6],[14.8,40.6],[14.9,40.5],[14.9,40.5],[15.0,40.4],[15.0,40.4],[15.0,40.3],[15.0,40.2],[15.1,40.1],[15.1,40.1],[15.2,40.0],[15.3,40.0],[15.3,40.0],[15.4,39.9],[15.5,40.0],[15.5,40.0],[15.6,40.0],[15.7,40.1],[15.6,40.2],[15.5,40.2],[15.4,40.2],[15.4,40.2],[15.3,40.3],[15.3,40.3],[15.2,40.4],[15.2,40.4],[15.2,40.4],[15.3,40.5],[15.3,40.5],[15.4,40.5],[15.5,40.5],[15.5,40.5],[15.5,40.4],[15.6,40.3],[15.6,40.3],[15.7,40.2],[15.8,40.2],[15.9,40.3],[15.8,40.4],[15.8,40.4],[15.7,40.5],[15.7,40.5],[15.7,40.6],[15.7,40.7],[15.6,40.8],[15.5,40.7],[15.5,40.7],[15.5,40.7],[15.4,40.8],[15.4,40.8],[15.4,40.8],[15.5,40.9],[15.5,40.9],[15.6,40.9],[15.7,40.9],[15.7,40.9],[15.8,40.8],[15.9,40.8],[15.9,40.8],[16.0,40.7],[16.0,40.7],[16.1,40.6],[16.1,40.6],[16.2,40.5],[16.2,40.5],[16.2,40.4],[16.2,40.4],[16.1,40.3],[16.1,40.3],[16.0,40.3],[15.9,40.2],[16.0,40.1],[16.0,40.1],[16.1,40.0],[16.2,40.0],[16.3,40.0],[16.4,40.0],[16.4,40.0],[16.4,40.0],[16.3,39.9],[16.3,39.9],[16.2,39.9],[16.1,39.8],[16.1,39.8],[16.0,39.7],[16.0,39.7],[16.0,39.7],[16.0,39.8],[16.0,39.9],[15.9,40.0],[15.8,40.0],[15.7,39.9],[15.7,39.8],[15.8,39.7],[15.8,39.7],[15.9,39.6],[15.9,39.6],[15.9,39.5],[15.9,39.4],[16.0,39.3],[16.0,39.3],[16.0,39.2],[16.1,39.1],[16.1,39.1],[16.1,39.1],[16.0,39.0],[16.1,38.9],[16.1,38.9],[16.1,38.8],[16.1,38.8],[16.0,38.8],[15.9,38.8],[15.8,38.7],[15.8,38.6],[15.9,38.5],[15.9,38.5],[15.9,38.4],[15.9,38.4],[15.8,38.4],[15.7,38.3],[15.7,38.3],[15.7,38.3],[15.6,38.4],[15.5,38.4],[15.4,38.3],[15.4,38.3],[15.3,38.3],[15.2,38.2],[15.2,38.2],[15.1167,38.1],[15.1,38.0875],[15.0,38.1],[15.0,38.1],[14.9,38.2],[14.8,38.2],[14.7,38.1],[14.7,38.1],[14.6,38.1],[14.5,38.1],[14.4,38.1],[14.3,38.1],[14.2,38.1],[14.1,38.1],[14.0,38.1],[13.9,38.1],[13.8,38.0],[13.8,38.0],[13.8,38.0],[13.7,38.1],[13.6,38.1],[13.5,38.1],[13.5,38.1],[13.4,38.2],[13.3,38.2],[13.2,38.2],[13.1,38.2],[13.0,38.1],[13.0,38.1],[12.9,38.1],[12.9,38.1],[12.8,38.2],[12.7,38.2],[12.6,38.2],[12.5,38.1],[12.5,38.0],[12.5,37.9],[12.5,37.8],[12.5,37.8],[12.4,37.7],[12.5,37.6],[12.6,37.6],[12.7,37.6],[12.8,37.6],[12.8,37.6],[12.9,37.5],[13.0,37.5],[13.1,37.5],[13.1,37.5],[13.2,37.4],[13.2,37.4],[13.3,37.3],[13.4,37.3],[13.5,37.3],[13.5,37.3],[13.6,37.2],[13.6,37.2],[13.7,37.1],[13.8,37.1],[13.9,37.1],[14.0,37.1],[14.1,37.1],[14.1,37.1],[14.2,37.0],[14.3,37.0],[14.3,37.0],[14.4,36.9],[14.4,36.9],[14.5,36.8],[14.6,36.8],[14.6,36.8],[14.7,36.7]]]}},{"type":"Feature","properties":{"layer_id":"change_T20","layer_label":"Change, T>20\u00b0C","low":0.0,"high":10.0,"label":"0\u201310 pp","fill":"#fddbc7","fillOpacity":0.3,"stroke":"#fddbc7","strokeOpacity":0.42,"strokeWeight":0.35},"geometry":{"type":"Polygon","coordinates":[[[14.55,36.9],[14.5,37.0],[14.5,37.0],[14.4,37.025],[14.3,37.0333],[14.2,37.04],[14.14,37.1],[14.1,37.1286],[14.0,37.1286],[13.9,37.1286],[13.8,37.1222],[13.7,37.125],[13.625,37.2],[13.6,37.225],[13.525,37.3],[13.5,37.325],[13.4,37.3222],[13.3125,37.4],[13.3,37.425],[13.2,37.45],[13.15,37.5],[13.1,37.54],[13.0,37.55],[12.9,37.6],[12.9,37.6],[12.8,37.6333],[12.7,37.6667],[12.65,37.7],[12.6,37.725],[12.54,37.8],[12.5333,37.9],[12.5222,38.0],[12.5286,38.1],[12.6,38.1714],[12.7,38.18],[12.8,38.1778],[12.8778,38.1],[12.9,38.0778],[13.0,38.0714],[13.0667,38.1],[13.1,38.1333],[13.2,38.1333],[13.3,38.1333],[13.4,38.1],[13.4,38.1],[13.475,38.0],[13.5,37.9857],[13.6,37.9667],[13.6667,37.9],[13.7,37.85],[13.7143,37.9],[13.8,37.975],[13.9,38.0],[14.0,38.0],[14.1,37.9],[14.0,37.8667],[13.9,37.8143],[13.85,37.8],[13.9,37.75],[14.0,37.7333],[14.1,37.7],[14.0,37.65],[13.9,37.65],[13.8,37.65],[13.7,37.7],[13.7,37.7],[13.6,37.75],[13.5,37.8],[13.5,37.8],[13.4,37.8],[13.4,37.8],[13.35,37.7],[13.4,37.65],[13.45,37.6],[13.5,37.5667],[13.5667,37.5],[13.6,37.4],[13.6,37.4],[13.7,37.3667],[13.7667,37.3],[13.8,37.2875],[13.9,37.2833],[14.0,37.3],[14.1,37.3],[14.2,37.28],[14.3,37.275],[14.4,37.28],[14.5,37.2833],[14.5333,37.3],[14.6,37.3667],[14.6333,37.4],[14.6,37.45],[14.55,37.5],[14.5,37.55],[14.45,37.6],[14.5,37.65],[14.55,37.7],[14.6,37.7333],[14.7,37.8],[14.8,37.75],[14.85,37.7],[14.9,37.6778],[15.0,37.6667],[15.0667,37.7],[15.0667,37.8],[15.04,37.9],[15.0,37.9667],[14.9,37.9667],[14.8,38.0],[14.8,38.1],[14.9,38.1333],[14.9333,38.1],[15.0,38.0333],[15.1,38.0625],[15.15,38.1],[15.2,38.16],[15.2667,38.2],[15.3,38.2333],[15.4,38.2333],[15.4667,38.3],[15.5,38.3333],[15.6,38.3333],[15.6333,38.3],[15.7,38.2778],[15.7222,38.3],[15.8,38.3778],[15.9,38.3667],[15.9667,38.4],[15.9667,38.5],[15.9,38.6],[16.0,38.7],[16.1,38.7],[16.1,38.7],[16.2,38.775],[16.22,38.8],[16.2,38.85],[16.1667,38.9],[16.1,39.0],[16.125,39.1],[16.1,39.1286],[16.0286,39.2],[16.0286,39.3],[16.0,39.3286],[15.9286,39.4],[15.9333,39.5],[16.0,39.58],[16.0333,39.6],[16.1,39.7],[16.1,39.7],[16.2,39.7857],[16.225,39.8],[16.3,39.86],[16.3667,39.9],[16.4,39.9333],[16.4222,40.0],[16.4,40.0333],[16.3,40.0667],[16.25,40.1],[16.2,40.15],[16.1,40.1],[16.0,40.2],[16.1,40.2333],[16.2,40.3],[16.2,40.3],[16.3,40.4],[16.3,40.4],[16.3,40.5],[16.3,40.6],[16.3,40.6],[16.2,40.65],[16.1,40.7],[16.1,40.7],[16.05,40.8],[16.0,40.85],[15.9,40.9],[15.9,40.9],[15.8,40.925],[15.7,40.95],[15.6,40.9667],[15.5,41.0],[15.55,41.1],[15.5,41.15],[15.45,41.2],[15.4,41.25],[15.3333,41.3],[15.3,41.3333],[15.25,41.4],[15.2,41.4667],[15.15,41.5],[15.1,41.5333],[15.0,41.6],[15.0143,41.7],[15.0,41.7167],[14.9167,41.8],[14.9,41.8167],[14.8,41.8333],[14.7333,41.9],[14.7,41.95],[14.6667,42.0],[14.6,42.0667],[14.5,42.1],[14.5,42.1],[14.4,42.1667],[14.3667,42.2],[14.3,42.2667],[14.25,42.3],[14.2,42.325],[14.1,42.3667],[14.0667,42.4],[14.0,42.4667],[13.9667,42.5],[13.9,42.54],[13.84,42.6],[13.8,42.65],[13.75,42.7],[13.75,42.8],[13.7,42.9],[13.7,42.9],[13.625,43.0],[13.6,43.05],[13.55,43.1],[13.5,43.15],[13.45,43.2],[13.4,43.2333],[13.3333,43.3],[13.3,43.4],[13.3,43.4],[13.2,43.4333],[13.1,43.45],[13.0,43.5],[13.0,43.5],[12.9,43.55],[12.8,43.6],[12.8,43.6],[12.7,43.65],[12.6,43.7],[12.6,43.7],[12.5,43.8],[12.5,43.9],[12.5,43.9],[12.4,43.95],[12.35,44.0],[12.3,44.05],[12.2333,44.1],[12.2,44.1333],[12.1,44.2],[12.1,44.3],[12.1,44.3],[12.0,44.3],[12.0,44.3],[11.9,44.25],[11.8,44.225],[11.7,44.2333],[11.6333,44.3],[11.6,44.3333],[11.5,44.35],[11.4,44.3667],[11.3,44.35],[11.2,44.3667],[11.15,44.4],[11.1,44.45],[11.0,44.5],[11.0,44.5],[10.9,44.5333],[10.8,44.5667],[10.75,44.6],[10.7,44.625],[10.6,44.65],[10.5,44.6667],[10.4,44.7],[10.4,44.7],[10.3,44.725],[10.2,44.725],[10.1,44.75],[10.0,44.7667],[9.95,44.8],[9.9,44.8333],[9.8,44.85],[9.7,44.9],[9.7,44.9],[9.6,44.9],[9.5,44.94],[9.4,44.95],[9.3,44.95],[9.2,44.94],[9.1,44.925],[9.0,44.9],[9.0,44.9],[8.95,44.8],[8.9,44.75],[8.875,44.7],[8.8,44.64],[8.7,44.6333],[8.6,44.65],[8.5,44.65],[8.4,44.6667],[8.35,44.7],[8.3,44.725],[8.2,44.725],[8.15,44.7],[8.1,44.6667],[8.0,44.6667],[7.9,44.6333],[7.8,44.7],[7.8,44.8],[7.8,44.9],[7.8333,45.0],[7.9,45.0667],[8.0,45.1],[8.1,45.0],[8.1,45.0],[8.1,45.0],[8.2,45.05],[8.2667,45.1],[8.25,45.2],[8.3,45.3],[8.3,45.3],[8.4,45.3667],[8.5,45.38],[8.525,45.4],[8.6,45.5],[8.6,45.5],[8.7,45.5667],[8.8,45.5667],[8.8333,45.6],[8.9,45.6667],[9.0,45.7],[9.1,45.7],[9.2,45.6],[9.2,45.6],[9.3,45.6],[9.4,45.6],[9.5,45.6],[9.6,45.55],[9.7,45.5333],[9.8,45.5333],[9.9,45.55],[10.0,45.575],[10.1,45.5667],[10.2,45.56],[10.3,45.56],[10.4,45.6],[10.4,45.6],[10.5,45.6667],[10.6,45.6875],[10.7,45.6714],[10.8,45.65],[10.85,45.6],[10.9,45.5667],[11.0,45.5333],[11.1,45.5],[11.1,45.5],[11.2,45.48],[11.3,45.5],[11.3,45.5],[11.4,45.55],[11.4333,45.6],[11.5,45.65],[11.5667,45.6],[11.6,45.55],[11.7,45.55],[11.8,45.55],[11.9,45.6],[11.9,45.6],[12.0,45.65],[12.1,45.7],[12.1,45.7],[12.2,45.75],[12.3,45.75],[12.4,45.8],[12.5,45.8],[12.6,45.8],[12.6,45.8],[12.7,45.9],[12.8,45.9],[12.9,45.9],[13.0,45.9],[13.0,45.9],[13.1,46.0],[13.2,46.0],[13.3,45.9667],[13.4,45.9667],[13.5,45.9667],[13.6,45.9],[13.6,45.9],[13.7,45.8667],[13.8,45.8],[13.7,45.75],[13.6,45.74],[13.5667,45.7],[13.5,45.6333],[13.4333,45.7],[13.4,45.7286],[13.3,45.7286],[13.2,45.725],[13.16,45.7],[13.1,45.64],[13.0,45.64],[12.9,45.6333],[12.8,45.64],[12.775,45.6],[12.7,45.525],[12.6,45.5286],[12.5,45.5333],[12.4,45.54],[12.3818,45.5],[12.3,45.4182],[12.2,45.4286],[12.1778,45.4],[12.175,45.3],[12.2,45.2714],[12.2714,45.2],[12.2714,45.1],[12.3,45.05],[12.35,45.0],[12.4,44.9],[12.3333,44.8],[12.3,44.7667],[12.25,44.7],[12.2,44.65],[12.1778,44.6],[12.2,44.575],[12.275,44.5],[12.3,44.48],[12.38,44.4],[12.375,44.3],[12.4,44.25],[12.45,44.2],[12.5,44.1714],[12.5714,44.1],[12.6,44.075],[12.7,44.0667],[12.7667,44.0],[12.8,43.9778],[12.8778,43.9],[12.9,43.8667],[13.0,43.86],[13.06,43.8],[13.1,43.775],[13.2,43.775],[13.275,43.7],[13.3,43.6714],[13.4,43.675],[13.5,43.675],[13.575,43.6],[13.5818,43.5],[13.6,43.48],[13.7,43.4778],[13.7778,43.4],[13.7667,43.3],[13.78,43.2],[13.8,43.1778],[13.8778,43.1],[13.8333,43.0],[13.9,42.9667],[13.9667,42.9],[13.9,42.8333],[13.85,42.8],[13.9,42.7667],[14.0,42.775],[14.075,42.7],[14.0667,42.6],[14.1,42.5333],[14.2,42.5714],[14.2714,42.5],[14.3,42.4667],[14.3667,42.4],[14.4,42.35],[14.45,42.3],[14.5,42.25],[14.55,42.2],[14.6,42.1333],[14.7,42.16],[14.76,42.1],[14.8,42.075],[14.9,42.06],[15.0,42.05],[15.05,42.0],[15.1,41.9],[15.1,41.9],[15.2,41.88],[15.3,41.8778],[15.35,41.9],[15.4,41.95],[15.5,41.9],[15.5,41.9],[15.6,41.88],[15.7,41.8778],[15.725,41.9],[15.8,41.975],[15.9,41.9333],[16.0,41.9],[16.0,41.9],[16.1,41.8],[16.0667,41.7],[16.0,41.6333],[15.9,41.625],[15.8714,41.6],[15.86,41.5],[15.9,41.4667],[16.0,41.4667],[16.1,41.46],[16.16,41.4],[16.2,41.3714],[16.3,41.3667],[16.3667,41.3],[16.4,41.28],[16.5,41.2778],[16.6,41.2714],[16.7,41.2333],[16.7333,41.2],[16.8,41.16],[16.9,41.16],[17.0,41.1333],[17.0333,41.1],[17.1,41.0714],[17.1714,41.0],[17.2,40.9714],[17.3,40.96],[17.375,40.9],[17.4,40.8833],[17.5,40.8714],[17.5714,40.8],[17.6,40.7667],[17.7,40.7],[17.7,40.7],[17.7,40.7],[17.8,40.7333],[17.8333,40.7],[17.9,40.6778],[18.0,40.6818],[18.0818,40.6],[18.1,40.5333],[18.1333,40.5],[18.2,40.4],[18.2,40.4],[18.3,40.3],[18.2,40.25],[18.1,40.25],[18.0,40.3],[18.0,40.3],[17.95,40.4],[17.9,40.45],[17.8,40.5],[17.8,40.5],[17.7,40.5],[17.7,40.5],[17.6,40.45],[17.5,40.45],[17.4,40.5],[17.4,40.5],[17.3,40.5077],[17.2,40.5083],[17.1,40.5167],[17.05,40.5],[17.0,40.45],[16.9,40.44],[16.8,40.4333],[16.7667,40.4],[16.7333,40.3],[16.7,40.2],[16.7,40.2],[16.6,40.1667],[16.58,40.1],[16.6,40.0],[16.5667,39.9],[16.5,39.8333],[16.4333,39.8],[16.4,39.75],[16.3,39.7],[16.3,39.7],[16.3,39.7],[16.4,39.6833],[16.5,39.6778],[16.6,39.68],[16.68,39.6],[16.7,39.5667],[16.8,39.5333],[16.9,39.5],[16.9,39.5],[17.0,39.4],[17.0,39.4],[17.1,39.3],[17.1,39.2],[17.1,39.2],[17.1333,39.1],[17.1,39.0],[17.1,39.0],[17.0,38.95],[16.9,38.9333],[16.86,38.9],[16.8,38.84],[16.7,38.8333],[16.6,38.8286],[16.575,38.8],[16.5,38.725],[16.46,38.7],[16.5,38.6333],[16.5333,38.6],[16.5333,38.5],[16.5,38.4],[16.4,38.5],[16.4,38.5],[16.4,38.5],[16.4,38.4],[16.3,38.3],[16.3,38.3],[16.2333,38.2],[16.2,38.1667],[16.1333,38.1],[16.1,38.05],[16.05,38.0],[16.0,37.9667],[15.9,37.9286],[15.8,38.0],[15.9,38.0714],[15.9667,38.1],[15.95,38.2],[15.9,38.22],[15.85,38.2],[15.8,38.1],[15.8,38.1],[15.7,38.025],[15.64,38.1],[15.6,38.15],[15.5,38.15],[15.475,38.1],[15.4818,38.0],[15.4,37.9],[15.3,37.9222],[15.2333,37.9],[15.25,37.8],[15.275,37.7],[15.2,37.625],[15.1333,37.6],[15.1,37.5667],[15.0,37.52],[14.9,37.5125],[14.8875,37.5],[14.9,37.4667],[15.0,37.4],[15.0,37.4],[15.1,37.3],[15.1,37.2],[15.1,37.1],[15.1,37.0],[15.0,36.9],[15.0,36.9],[14.9,36.85],[14.8,36.8143],[14.7,36.8143],[14.6,36.8667],[14.55,36.9]]]}},{"type":"Feature","properties":{"layer_id":"change_T20","layer_label":"Change, T>20\u00b0C","low":0.0,"high":10.0,"label":"0\u201310 pp","fill":"#fddbc7","fillOpacity":0.3,"stroke":"#fddbc7","strokeOpacity":0.42,"strokeWeight":0.35},"geometry":{"type":"Polygon","coordinates":[[[14.9,37.7],[14.8,37.8],[14.8,37.8],[14.7,37.9],[14.6,37.8],[14.6,37.8],[14.5,37.8],[14.4,37.8],[14.3,37.8],[14.2,37.8],[14.1,37.8],[14.0,37.8],[14.0,37.8],[14.0,37.8],[14.1,37.8],[14.2,37.8],[14.3,37.8],[14.4,37.8],[14.5,37.9],[14.5,37.9],[14.6,37.9],[14.7,37.9],[14.8,37.9],[14.9,37.9],[15.0,37.9],[15.0,37.9],[15.0,37.8],[15.0,37.7],[15.0,37.7],[14.9,37.7],[14.9,37.7]]]}},{"type":"Feature","properties":{"layer_id":"change_T20","layer_label":"Change, T>20\u00b0C","low":0.0,"high":10.0,"label":"0\u201310 pp","fill":"#fddbc7","fillOpacity":0.3,"stroke":"#fddbc7","strokeOpacity":0.42,"strokeWeight":0.35},"geometry":{"type":"Polygon","coordinates":[[[14.1,37.9],[14.2,37.9667],[14.3,37.9833],[14.35,38.0],[14.4,38.0333],[14.5,38.0714],[14.6,38.06],[14.7,38.06],[14.8,38.0],[14.7,37.94],[14.6,37.94],[14.5,37.9286],[14.4,37.95],[14.3833,37.9],[14.3,37.8286],[14.2,37.85],[14.1,37.9]]]}},{"type":"Feature","properties":{"layer_id":"change_T20","layer_label":"Change, T>20\u00b0C","low":0.0,"high":10.0,"label":"0\u201310 pp","fill":"#fddbc7","fillOpacity":0.3,"stroke":"#fddbc7","strokeOpacity":0.42,"strokeWeight":0.35},"geometry":{"type":"Polygon","coordinates":[[[15.32,40.0],[15.3,40.0222],[15.2,40.025],[15.125,40.1],[15.1,40.1286],[15.0286,40.2],[15.02,40.3],[15.0333,40.4],[15.0,40.4333],[14.9333,40.5],[14.9,40.55],[14.85,40.6],[14.8,40.62],[14.7,40.625],[14.6,40.64],[14.5,40.65],[14.45,40.7],[14.4,40.7333],[14.3333,40.8],[14.3,40.8286],[14.2,40.84],[14.1,40.9],[14.1,40.9],[14.0,41.0],[14.0,41.0],[13.9182,41.1],[13.9,41.12],[13.8,41.1182],[13.7182,41.2],[13.7,41.25],[13.6,41.25],[13.5,41.2286],[13.4,41.22],[13.32,41.3],[13.3,41.35],[13.2,41.3143],[13.1,41.32],[13.0333,41.4],[13.0,41.4333],[12.9,41.4286],[12.8167,41.5],[12.8,41.52],[12.7,41.5],[12.6,41.6],[12.6,41.6],[12.5,41.64],[12.4,41.7],[12.4,41.7],[12.3,41.8],[12.3,41.8],[12.2,41.9],[12.2,42.0],[12.2,42.0],[12.1,42.0],[12.0,42.0],[11.9286,42.1],[11.9,42.2],[11.9,42.2],[11.8,42.2333],[11.7333,42.3],[11.7,42.32],[11.6,42.3286],[11.5167,42.4],[11.5,42.425],[11.4,42.4],[11.3333,42.5],[11.3,42.5125],[11.2,42.5],[11.1,42.5667],[11.0667,42.6],[11.1,42.65],[11.1111,42.7],[11.1,42.7167],[11.0,42.73],[10.9,42.75],[10.85,42.8],[10.8286,42.9],[10.8,42.9286],[10.7286,43.0],[10.7,43.04],[10.6,43.1],[10.6,43.1],[10.5286,43.2],[10.525,43.3],[10.5,43.32],[10.42,43.4],[10.4,43.4222],[10.3222,43.5],[10.325,43.6],[10.3,43.625],[10.225,43.7],[10.2222,43.8],[10.2,43.85],[10.15,43.9],[10.125,44.0],[10.1,44.05],[10.0,44.0222],[9.9,44.0222],[9.8222,44.1],[9.8,44.1333],[9.7,44.1333],[9.6,44.1286],[9.5286,44.2],[9.5,44.2333],[9.4,44.2333],[9.3333,44.3],[9.3,44.3667],[9.2,44.35],[9.1,44.3222],[9.0222,44.4],[9.1,44.4778],[9.2,44.45],[9.3,44.4333],[9.35,44.4],[9.4,44.38],[9.5,44.38],[9.58,44.3],[9.6,44.2833],[9.7,44.28],[9.8,44.2667],[9.9,44.2667],[10.0,44.25],[10.05,44.2],[10.1,44.15],[10.15,44.1],[10.2,44.075],[10.3,44.0],[10.3,44.0],[10.4,43.975],[10.5,43.9],[10.5,43.9],[10.6,43.9],[10.6,43.9],[10.7,43.9333],[10.8,43.95],[10.9,43.95],[11.0,43.9333],[11.1,43.95],[11.2,43.9333],[11.3,43.9333],[11.3333,43.9],[11.3667,43.8],[11.3,43.75],[11.2,43.75],[11.1,43.7],[11.0,43.7],[11.0,43.7],[11.0,43.6],[11.0,43.5],[11.0,43.5],[11.1,43.5],[11.15,43.4],[11.2,43.3667],[11.3,43.36],[11.4,43.36],[11.5,43.3333],[11.6,43.35],[11.7,43.4],[11.8,43.35],[11.85,43.3],[11.9,43.2667],[12.0,43.2333],[12.05,43.2],[12.1,43.1667],[12.2,43.1],[12.1,43.0],[12.1,43.0],[12.0,42.9],[11.9,42.9],[11.9,42.9],[11.9,42.9],[12.0,42.9],[12.1,42.85],[12.2,42.8],[12.2,42.8],[12.3,42.7],[12.2,42.6],[12.2,42.6],[12.2,42.6],[12.3,42.6],[12.4,42.6],[12.45,42.5],[12.5,42.45],[12.6,42.4],[12.6,42.4],[12.65,42.3],[12.7,42.2],[12.7,42.2],[12.75,42.1],[12.8,42.0],[12.8,41.9],[12.75,41.8],[12.8,41.7],[12.8,41.7],[12.9,41.675],[12.975,41.6],[13.0,41.58],[13.08,41.5],[13.1,41.48],[13.2,41.4857],[13.3,41.4667],[13.3667,41.4],[13.4,41.3889],[13.5,41.3833],[13.6,41.3667],[13.7,41.4],[13.8,41.4],[13.9,41.4],[14.0,41.3],[14.0,41.3],[14.1,41.28],[14.2,41.3],[14.3,41.25],[14.4,41.2333],[14.5,41.2],[14.4,41.1],[14.4,41.1],[14.4,41.1],[14.5,41.0],[14.5,41.0],[14.6,40.98],[14.7,40.9333],[14.75,40.9],[14.8,40.8667],[14.8667,40.8],[14.9,40.7833],[14.9833,40.7],[15.0,40.6875],[15.1,40.6667],[15.2,40.65],[15.25,40.6],[15.2333,40.5],[15.2,40.4667],[15.1667,40.4],[15.1889,40.3],[15.2,40.28],[15.28,40.2],[15.3,40.1875],[15.3875,40.1],[15.4,40.0889],[15.45,40.1],[15.5,40.1333],[15.55,40.1],[15.5,40.0667],[15.48,40.0],[15.4,39.92],[15.32,40.0]]]}},{"type":"Feature","properties":{"layer_id":"change_T20","layer_label":"Change, T>20\u00b0C","low":0.0,"high":10.0,"label":"0\u201310 pp","fill":"#fddbc7","fillOpacity":0.3,"stroke":"#fddbc7","strokeOpacity":0.42,"strokeWeight":0.35},"geometry":{"type":"Polygon","coordinates":[[[15.1,40.7],[15.0,40.8],[15.0,40.8],[14.9,40.9],[14.9,40.9],[14.9,40.9],[15.0,40.9],[15.1,40.9],[15.2,40.9],[15.3,40.9],[15.3,40.9],[15.3,40.9],[15.2,40.8],[15.2,40.8],[15.1,40.7],[15.1,40.7],[15.1,40.7]]]}},{"type":"Feature","properties":{"layer_id":"change_T20","layer_label":"Change, T>20\u00b0C","low":0.0,"high":10.0,"label":"0\u201310 pp","fill":"#fddbc7","fillOpacity":0.3,"stroke":"#fddbc7","strokeOpacity":0.42,"strokeWeight":0.35},"geometry":{"type":"Polygon","coordinates":[[[14.8333,41.0],[14.8,41.02],[14.72,41.1],[14.7,41.125],[14.625,41.2],[14.7,41.26],[14.8,41.2667],[14.9,41.2714],[15.0,41.2],[15.0,41.2],[15.1,41.1],[15.1,41.0],[15.0,40.95],[14.9,40.95],[14.8333,41.0]]]}},{"type":"Feature","properties":{"layer_id":"change_T20","layer_label":"Change, T>20\u00b0C","low":0.0,"high":10.0,"label":"0\u201310 pp","fill":"#fddbc7","fillOpacity":0.3,"stroke":"#fddbc7","strokeOpacity":0.42,"strokeWeight":0.35},"geometry":{"type":"Polygon","coordinates":[[[13.85,44.9],[13.8,44.9286],[13.7286,45.0],[13.7,45.04],[13.64,45.1],[13.65,45.2],[13.6,45.2286],[13.5286,45.3],[13.5286,45.4],[13.6,45.4714],[13.6333,45.5],[13.7,45.5667],[13.8,45.6],[13.9,45.5],[13.9,45.4],[13.9,45.4],[14.0,45.35],[14.1,45.3],[14.1,45.3],[14.2,45.3],[14.2667,45.2],[14.275,45.1],[14.2,45.025],[14.1714,45.0],[14.1,44.9286],[14.0,44.9333],[13.95,44.9],[13.9,44.85],[13.85,44.9]]]}},{"type":"Feature","properties":{"layer_id":"change_T20","layer_label":"Change, T>20\u00b0C","low":0.0,"high":10.0,"label":"0\u201310 pp","fill":"#fddbc7","fillOpacity":0.3,"stroke":"#fddbc7","strokeOpacity":0.42,"strokeWeight":0.35},"geometry":{"type":"Polygon","coordinates":[[[36.8,36.8],[36.9,36.8],[36.9,36.8],[36.9333,36.9],[37.0,36.95],[37.05,37.0],[37.1,37.0667],[37.2,37.08],[37.3,37.0833],[37.32,37.1],[37.34,37.2],[37.3,37.3],[37.3,37.4],[37.3,37.4],[37.3,37.4],[37.2,37.35],[37.15,37.3],[37.1,37.25],[37.0,37.2143],[36.9,37.2],[36.9,37.2],[36.8667,37.1],[36.88,37.0],[36.8667,36.9],[36.8,36.8],[36.8,36.8],[36.8,36.8]]]}},{"type":"Feature","properties":{"layer_id":"change_T20","layer_label":"Change, T>20\u00b0C","low":0.0,"high":10.0,"label":"0\u201310 pp","fill":"#fddbc7","fillOpacity":0.3,"stroke":"#fddbc7","strokeOpacity":0.42,"strokeWeight":0.35},"geometry":{"type":"Polygon","coordinates":[[[29.7,36.9],[29.8,37.0],[29.8,37.1],[29.8,37.2],[29.7,37.3],[29.7,37.3],[29.6,37.4],[29.6,37.4],[29.6,37.5],[29.5,37.6],[29.4,37.6],[29.3,37.6],[29.2,37.6],[29.1,37.5],[29.2,37.4],[29.2,37.4],[29.3,37.3],[29.3,37.3],[29.3,37.2],[29.4,37.1],[29.5,37.1],[29.5,37.1],[29.6,37.0],[29.6,37.0],[29.7,36.9]]]}},{"type":"Feature","properties":{"layer_id":"change_T20","layer_label":"Change, T>20\u00b0C","low":0.0,"high":10.0,"label":"0\u201310 pp","fill":"#fddbc7","fillOpacity":0.3,"stroke":"#fddbc7","strokeOpacity":0.42,"strokeWeight":0.35},"geometry":{"type":"Polygon","coordinates":[[[29.5667,37.1],[29.5,37.2],[29.5,37.2],[29.4,37.2],[29.3333,37.3],[29.3,37.3667],[29.2667,37.4],[29.2333,37.5],[29.3,37.55],[29.4,37.5778],[29.5,37.5333],[29.5333,37.5],[29.58,37.4],[29.5857,37.3],[29.6,37.25],[29.65,37.2],[29.65,37.1],[29.6,37.0667],[29.5667,37.1]]]}},{"type":"Feature","properties":{"layer_id":"change_T20","layer_label":"Change, T>20\u00b0C","low":0.0,"high":10.0,"label":"0\u201310 pp","fill":"#fddbc7","fillOpacity":0.3,"stroke":"#fddbc7","strokeOpacity":0.42,"strokeWeight":0.35},"geometry":{"type":"Polygon","coordinates":[[[-3.1,37.1],[-3.0,37.2],[-3.0,37.3],[-3.0,37.4],[-3.1,37.5],[-3.2,37.5],[-3.3,37.4],[-3.3,37.4],[-3.4,37.3],[-3.3,37.2],[-3.2,37.2],[-3.2,37.2],[-3.1,37.1]]]}},{"type":"Feature","properties":{"layer_id":"change_T20","layer_label":"Change, T>20\u00b0C","low":0.0,"high":10.0,"label":"0\u201310 pp","fill":"#fddbc7","fillOpacity":0.3,"stroke":"#fddbc7","strokeOpacity":0.42,"strokeWeight":0.35},"geometry":{"type":"Polygon","coordinates":[[[-3.275,37.3],[-3.25,37.4],[-3.2,37.45],[-3.1,37.45],[-3.05,37.4],[-3.04,37.3],[-3.1,37.225],[-3.2,37.24],[-3.275,37.3]]]}},{"type":"Feature","properties":{"layer_id":"change_T20","layer_label":"Change, T>20\u00b0C","low":0.0,"high":10.0,"label":"0\u201310 pp","fill":"#fddbc7","fillOpacity":0.3,"stroke":"#fddbc7","strokeOpacity":0.42,"strokeWeight":0.35},"geometry":{"type":"Polygon","coordinates":[[[32.9,37.3],[33.0,37.3],[33.1,37.4],[33.1,37.4],[33.2,37.4],[33.3,37.4],[33.4,37.4],[33.5,37.4],[33.6,37.5],[33.6,37.5],[33.7,37.6],[33.7,37.6],[33.8,37.7],[33.8,37.8],[33.8,37.8],[33.9,37.8],[33.9,37.8],[33.9,37.8],[33.8,37.7],[33.8,37.6],[33.9,37.5],[33.9,37.5],[34.0,37.4],[34.1,37.4],[34.2,37.4],[34.3,37.5],[34.3,37.5],[34.4,37.6],[34.3,37.7],[34.3,37.7],[34.2,37.8],[34.2,37.8],[34.2,37.8],[34.3,37.9],[34.2,38.0],[34.1,38.0],[34.1,38.0],[34.0,38.1],[34.0,38.1],[34.0,38.2],[34.0,38.2],[34.1,38.3],[34.1,38.4],[34.0,38.5],[33.9,38.5],[33.9,38.5],[33.9,38.6],[33.8,38.7],[33.8,38.7],[33.7,38.8],[33.7,38.8],[33.7,38.9],[33.7,39.0],[33.7,39.0],[33.8,39.0],[33.9,39.0],[33.9,39.0],[34.0,38.9],[34.1,39.0],[34.0,39.1],[34.0,39.1],[33.9,39.2],[33.8,39.2],[33.8,39.2],[33.7,39.3],[33.6,39.3],[33.6,39.3],[33.6,39.4],[33.6,39.5],[33.5,39.6],[33.4,39.6],[33.3,39.6],[33.2,39.5],[33.2,39.5],[33.1,39.5],[33.0,39.4],[33.0,39.4],[32.9,39.3],[32.9,39.2],[32.9,39.2],[32.8,39.1],[32.8,39.1],[32.7,39.0],[32.7,38.9],[32.7,38.8],[32.7,38.8],[32.6,38.7],[32.7,38.6],[32.7,38.6],[32.7,38.5],[32.7,38.5],[32.6,38.4],[32.6,38.3],[32.7,38.2],[32.8,38.2],[32.9,38.2],[33.0,38.2],[33.0,38.2],[33.0,38.1],[33.1,38.0],[33.1,38.0],[33.1,37.9],[33.1,37.9],[33.0,37.9],[32.9,37.9],[32.8,37.9],[32.7,37.8],[32.7,37.7],[32.8,37.6],[32.8,37.6],[32.8,37.5],[32.8,37.4],[32.9,37.3]]]}},{"type":"Feature","properties":{"layer_id":"change_T20","layer_label":"Change, T>20\u00b0C","low":0.0,"high":10.0,"label":"0\u201310 pp","fill":"#fddbc7","fillOpacity":0.3,"stroke":"#fddbc7","strokeOpacity":0.42,"strokeWeight":0.35},"geometry":{"type":"Polygon","coordinates":[[[34.0,37.6],[34.0,37.6],[33.95,37.7],[34.0,37.8],[34.1,37.7],[34.1,37.7],[34.2,37.65],[34.25,37.6],[34.2,37.55],[34.1,37.5333],[34.0,37.6]]]}},{"type":"Feature","properties":{"layer_id":"change_T20","layer_label":"Change, T>20\u00b0C","low":0.0,"high":10.0,"label":"0\u201310 pp","fill":"#fddbc7","fillOpacity":0.3,"stroke":"#fddbc7","strokeOpacity":0.42,"strokeWeight":0.35},"geometry":{"type":"Polygon","coordinates":[[[33.4,37.7],[33.4,37.8],[33.4,37.9],[33.5,38.0],[33.6,37.9],[33.6,37.9],[33.7,37.8],[33.7,37.7],[33.6,37.6],[33.5,37.6],[33.4,37.7]]]}},{"type":"Feature","properties":{"layer_id":"change_T20","layer_label":"Change, T>20\u00b0C","low":0.0,"high":10.0,"label":"0\u201310 pp","fill":"#fddbc7","fillOpacity":0.3,"stroke":"#fddbc7","strokeOpacity":0.42,"strokeWeight":0.35},"geometry":{"type":"Polygon","coordinates":[[[33.8,37.9],[33.8,37.9],[33.7,38.0],[33.8,38.1],[33.9,38.1],[34.0,38.0],[34.0,38.0],[34.1,37.96],[34.2,37.9],[34.1,37.8],[34.0,37.8],[33.9,37.8667],[33.8,37.9]]]}},{"type":"Feature","properties":{"layer_id":"change_T20","layer_label":"Change, T>20\u00b0C","low":0.0,"high":10.0,"label":"0\u201310 pp","fill":"#fddbc7","fillOpacity":0.3,"stroke":"#fddbc7","strokeOpacity":0.42,"strokeWeight":0.35},"geometry":{"type":"Polygon","coordinates":[[[33.1,38.3],[33.1,38.4],[33.1,38.4],[33.0,38.5],[33.0,38.5],[32.9,38.6],[32.9,38.6],[32.85,38.7],[32.9,38.8],[32.9,38.8],[32.9,38.9],[33.0,39.0],[33.0,39.0],[33.1,39.05],[33.2,39.075],[33.2333,39.1],[33.3,39.1667],[33.35,39.2],[33.4,39.3],[33.5,39.2857],[33.6,39.25],[33.6667,39.2],[33.6,39.1333],[33.5667,39.1],[33.58,39.0],[33.6,38.9],[33.6,38.9],[33.65,38.8],[33.7,38.7667],[33.7667,38.7],[33.8,38.6],[33.8,38.5],[33.7667,38.4],[33.7,38.3],[33.6,38.3],[33.6,38.3],[33.5,38.2],[33.4,38.2],[33.3,38.2],[33.2,38.2],[33.1,38.3]]]}},{"type":"Feature","properties":{"layer_id":"change_T20","layer_label":"Change, T>20\u00b0C","low":0.0,"high":10.0,"label":"0\u201310 pp","fill":"#fddbc7","fillOpacity":0.3,"stroke":"#fddbc7","strokeOpacity":0.42,"strokeWeight":0.35},"geometry":{"type":"Polygon","coordinates":[[[-3.6,37.4],[-3.5,37.4],[-3.4,37.5],[-3.5,37.6],[-3.6,37.6],[-3.7,37.5],[-3.6,37.4]]]}},{"type":"Feature","properties":{"layer_id":"change_T20","layer_label":"Change, T>20\u00b0C","low":0.0,"high":10.0,"label":"0\u201310 pp","fill":"#fddbc7","fillOpacity":0.3,"stroke":"#fddbc7","strokeOpacity":0.42,"strokeWeight":0.35},"geometry":{"type":"Polygon","coordinates":[[[40.9,37.5667],[40.92,37.6],[40.9,37.7],[41.0,37.75],[41.1,37.8],[41.1,37.8],[41.2,37.9],[41.2,37.9],[41.2,37.9],[41.1,37.9667],[41.0,38.0],[41.0,38.0],[40.9,38.0125],[40.8,38.0],[40.7,38.02],[40.6333,38.0],[40.6,37.9],[40.5,37.9],[40.4,38.0],[40.4,38.0],[40.4,38.0],[40.3,37.9],[40.3,37.9],[40.3,37.9],[40.4,37.9],[40.5,37.9],[40.5333,37.8],[40.5,37.7],[40.5,37.7],[40.5,37.7],[40.6,37.68],[40.7,37.7],[40.8,37.68],[40.88,37.6],[40.9,37.5667]]]}},{"type":"Feature","properties":{"layer_id":"change_T20","layer_label":"Change, T>20\u00b0C","low":0.0,"high":10.0,"label":"0\u201310 pp","fill":"#fddbc7","fillOpacity":0.3,"stroke":"#fddbc7","strokeOpacity":0.42,"strokeWeight":0.35},"geometry":{"type":"Polygon","coordinates":[[[41.8,37.5667],[41.9,37.58],[41.9111,37.6],[41.925,37.7],[41.9,37.7667],[41.8,37.8],[41.8,37.8],[41.7,37.8],[41.7,37.8],[41.6667,37.7],[41.7,37.68],[41.78,37.6],[41.8,37.5667]]]}},{"type":"Feature","properties":{"layer_id":"change_T20","layer_label":"Change, T>20\u00b0C","low":0.0,"high":10.0,"label":"0\u201310 pp","fill":"#fddbc7","fillOpacity":0.3,"stroke":"#fddbc7","strokeOpacity":0.42,"strokeWeight":0.35},"geometry":{"type":"Polygon","coordinates":[[[26.7,37.6],[26.8,37.6],[26.9,37.6],[27.0,37.6],[27.1,37.7],[27.0,37.8],[27.0,37.8],[26.9,37.9],[26.8,37.9],[26.7,37.8],[26.7,37.8],[26.6,37.7],[26.7,37.6]]]}},{"type":"Feature","properties":{"layer_id":"change_T20","layer_label":"Change, T>20\u00b0C","low":0.0,"high":10.0,"label":"0\u201310 pp","fill":"#fddbc7","fillOpacity":0.3,"stroke":"#fddbc7","strokeOpacity":0.42,"strokeWeight":0.35},"geometry":{"type":"Polygon","coordinates":[[[31.5,37.6],[31.6,37.6],[31.7,37.6],[31.8,37.7],[31.7,37.8],[31.7,37.8],[31.6,37.9],[31.5,37.9],[31.5,37.9],[31.4,38.0],[31.3,37.9],[31.3,37.8],[31.4,37.7],[31.4,37.7],[31.5,37.6]]]}},{"type":"Feature","properties":{"layer_id":"change_T20","layer_label":"Change, T>20\u00b0C","low":0.0,"high":10.0,"label":"0\u201310 pp","fill":"#fddbc7","fillOpacity":0.3,"stroke":"#fddbc7","strokeOpacity":0.42,"strokeWeight":0.35},"geometry":{"type":"Polygon","coordinates":[[[31.42,37.8],[31.5,37.8667],[31.6,37.85],[31.65,37.8],[31.6,37.7333],[31.5,37.7],[31.42,37.8]]]}},{"type":"Feature","properties":{"layer_id":"change_T20","layer_label":"Change, T>20\u00b0C","low":0.0,"high":10.0,"label":"0\u201310 pp","fill":"#fddbc7","fillOpacity":0.3,"stroke":"#fddbc7","strokeOpacity":0.42,"strokeWeight":0.35},"geometry":{"type":"Polygon","coordinates":[[[30.8,37.8],[30.9,37.9],[30.9,37.9],[31.0,38.0],[31.0,38.1],[31.0,38.2],[30.9,38.3],[30.8,38.3],[30.7,38.2],[30.8,38.1],[30.8,38.1],[30.8,38.1],[30.7,38.0],[30.7,37.9],[30.8,37.8]]]}},{"type":"Feature","properties":{"layer_id":"change_T20","layer_label":"Change, T>20\u00b0C","low":0.0,"high":10.0,"label":"0\u201310 pp","fill":"#fddbc7","fillOpacity":0.3,"stroke":"#fddbc7","strokeOpacity":0.42,"strokeWeight":0.35},"geometry":{"type":"Polygon","coordinates":[[[32.6,37.8],[32.7,37.9],[32.6,38.0],[32.5,37.9],[32.6,37.8]]]}},{"type":"Feature","properties":{"layer_id":"change_T20","layer_label":"Change, T>20\u00b0C","low":0.0,"high":10.0,"label":"0\u201310 pp","fill":"#fddbc7","fillOpacity":0.3,"stroke":"#fddbc7","strokeOpacity":0.42,"strokeWeight":0.35},"geometry":{"type":"Polygon","coordinates":[[[24.3,38.0],[24.4,38.0],[24.5,38.0],[24.6,38.1],[24.5,38.2],[24.4,38.2],[24.3,38.2],[24.2,38.1],[24.3,38.0]]]}},{"type":"Feature","properties":{"layer_id":"change_T20","layer_label":"Change, T>20\u00b0C","low":0.0,"high":10.0,"label":"0\u201310 pp","fill":"#fddbc7","fillOpacity":0.3,"stroke":"#fddbc7","strokeOpacity":0.42,"strokeWeight":0.35},"geometry":{"type":"Polygon","coordinates":[[[20.6,38.1],[20.7,38.1],[20.8,38.2],[20.7,38.3],[20.6,38.3],[20.5,38.2],[20.6,38.1]]]}},{"type":"Feature","properties":{"layer_id":"change_T20","layer_label":"Change, T>20\u00b0C","low":0.0,"high":10.0,"label":"0\u201310 pp","fill":"#fddbc7","fillOpacity":0.3,"stroke":"#fddbc7","strokeOpacity":0.42,"strokeWeight":0.35},"geometry":{"type":"Polygon","coordinates":[[[35.2,38.1],[35.3,38.1],[35.4,38.2],[35.4,38.2],[35.5,38.3],[35.4,38.4],[35.4,38.4],[35.3,38.5],[35.2,38.5],[35.1,38.4],[35.1,38.3],[35.1,38.2],[35.2,38.1]]]}},{"type":"Feature","properties":{"layer_id":"change_T20","layer_label":"Change, T>20\u00b0C","low":0.0,"high":10.0,"label":"0\u201310 pp","fill":"#fddbc7","fillOpacity":0.3,"stroke":"#fddbc7","strokeOpacity":0.42,"strokeWeight":0.35},"geometry":{"type":"Polygon","coordinates":[[[44.8,38.1],[44.9,38.1],[45.0,38.1],[45.0,38.125],[44.9,38.2],[45.0,38.2857],[45.0,38.3],[45.0,38.4],[44.9,38.4],[44.8,38.3],[44.8,38.3],[44.7,38.2],[44.8,38.1]]]}},{"type":"Feature","properties":{"layer_id":"change_T20","layer_label":"Change, T>20\u00b0C","low":0.0,"high":10.0,"label":"0\u201310 pp","fill":"#fddbc7","fillOpacity":0.3,"stroke":"#fddbc7","strokeOpacity":0.42,"strokeWeight":0.35},"geometry":{"type":"Polygon","coordinates":[[[-7.3,38.2],[-7.2,38.3],[-7.3,38.4],[-7.4,38.3],[-7.3,38.2]]]}},{"type":"Feature","properties":{"layer_id":"change_T20","layer_label":"Change, T>20\u00b0C","low":0.0,"high":10.0,"label":"0\u201310 pp","fill":"#fddbc7","fillOpacity":0.3,"stroke":"#fddbc7","strokeOpacity":0.42,"strokeWeight":0.35},"geometry":{"type":"Polygon","coordinates":[[[27.9,38.3],[28.0,38.3],[28.1,38.29],[28.2,38.2833],[28.3,38.275],[28.3333,38.3],[28.3,38.4],[28.3,38.4],[28.2,38.4167],[28.1,38.4286],[28.0,38.4286],[27.9,38.4286],[27.8,38.4222],[27.7,38.4],[27.7,38.4],[27.7,38.4],[27.8,38.3333],[27.9,38.3],[27.9,38.3]]]}},{"type":"Feature","properties":{"layer_id":"change_T20","layer_label":"Change, T>20\u00b0C","low":0.0,"high":10.0,"label":"0\u201310 pp","fill":"#fddbc7","fillOpacity":0.3,"stroke":"#fddbc7","strokeOpacity":0.42,"strokeWeight":0.35},"geometry":{"type":"Polygon","coordinates":[[[26.0,38.3],[26.1,38.3],[26.2,38.4],[26.2,38.5],[26.1,38.6],[26.0,38.6],[25.9,38.5],[25.9,38.4],[26.0,38.3]]]}},{"type":"Feature","properties":{"layer_id":"change_T20","layer_label":"Change, T>20\u00b0C","low":0.0,"high":10.0,"label":"0\u201310 pp","fill":"#fddbc7","fillOpacity":0.3,"stroke":"#fddbc7","strokeOpacity":0.42,"strokeWeight":0.35},"geometry":{"type":"Polygon","coordinates":[[[31.6,38.3],[31.7,38.4],[31.6,38.5],[31.6,38.5],[31.5,38.6],[31.5,38.6],[31.4,38.7],[31.3,38.6],[31.3,38.5],[31.4,38.4],[31.5,38.4],[31.5,38.4],[31.6,38.3]]]}},{"type":"Feature","properties":{"layer_id":"change_T20","layer_label":"Change, T>20\u00b0C","low":0.0,"high":10.0,"label":"0\u201310 pp","fill":"#fddbc7","fillOpacity":0.3,"stroke":"#fddbc7","strokeOpacity":0.42,"strokeWeight":0.35},"geometry":{"type":"Polygon","coordinates":[[[42.9,38.3],[43.0,38.3],[43.1,38.3],[43.2,38.3],[43.3,38.4],[43.3,38.5],[43.3,38.6],[43.3,38.7],[43.3,38.7],[43.4,38.8],[43.4,38.8],[43.5,38.9],[43.5,39.0],[43.4,39.1],[43.3,39.0],[43.3,39.0],[43.2,39.0],[43.1,39.0],[43.0,38.9],[43.0,38.9],[42.9,38.9],[42.8,38.8],[42.8,38.8],[42.8,38.8],[42.7,38.9],[42.6,38.8],[42.6,38.8],[42.5,38.8],[42.4,38.7],[42.4,38.7],[42.3,38.6],[42.4,38.5],[42.5,38.5],[42.6,38.5],[42.6,38.5],[42.7,38.4],[42.8,38.4],[42.8,38.4],[42.9,38.3]]]}},{"type":"Feature","properties":{"layer_id":"change_T20","layer_label":"Change, T>20\u00b0C","low":0.0,"high":10.0,"label":"0\u201310 pp","fill":"#fddbc7","fillOpacity":0.3,"stroke":"#fddbc7","strokeOpacity":0.42,"strokeWeight":0.35},"geometry":{"type":"Polygon","coordinates":[[[42.9,38.4],[42.9,38.4],[42.8,38.4167],[42.7,38.4286],[42.6286,38.5],[42.6,38.54],[42.5,38.5286],[42.4,38.5667],[42.3667,38.6],[42.4,38.6333],[42.4286,38.7],[42.5,38.7714],[42.6,38.775],[42.7,38.78],[42.8,38.7667],[42.85,38.8],[42.9,38.85],[43.0,38.86],[43.025,38.9],[43.1,38.975],[43.2,38.9778],[43.3,38.9778],[43.4,39.0],[43.4667,38.9],[43.4,38.8333],[43.3,38.8125],[43.29,38.8],[43.2667,38.7],[43.2,38.62],[43.19,38.6],[43.2,38.5917],[43.2846,38.5],[43.2667,38.4],[43.2,38.3333],[43.1,38.3154],[43.0,38.3167],[42.9,38.4]]]}},{"type":"Feature","properties":{"layer_id":"change_T20","layer_label":"Change, T>20\u00b0C","low":0.0,"high":10.0,"label":"0\u201310 pp","fill":"#fddbc7","fillOpacity":0.3,"stroke":"#fddbc7","strokeOpacity":0.42,"strokeWeight":0.35},"geometry":{"type":"Polygon","coordinates":[[[29.5,38.4],[29.6,38.5],[29.6,38.5],[29.7,38.6],[29.7,38.7],[29.6,38.8],[29.5,38.7],[29.5,38.6],[29.5,38.6],[29.4,38.5],[29.5,38.4]]]}},{"type":"Feature","properties":{"layer_id":"change_T20","layer_label":"Change, T>20\u00b0C","low":0.0,"high":10.0,"label":"0\u201310 pp","fill":"#fddbc7","fillOpacity":0.3,"stroke":"#fddbc7","strokeOpacity":0.42,"strokeWeight":0.35},"geometry":{"type":"Polygon","coordinates":[[[44.9,38.4],[44.9667,38.5],[44.95,38.6],[44.9,38.7],[44.8,38.6],[44.8,38.5],[44.9,38.4]]]}},{"type":"Feature","properties":{"layer_id":"change_T20","layer_label":"Change, T>20\u00b0C","low":0.0,"high":10.0,"label":"0\u201310 pp","fill":"#fddbc7","fillOpacity":0.3,"stroke":"#fddbc7","strokeOpacity":0.42,"strokeWeight":0.35},"geometry":{"type":"Polygon","coordinates":[[[41.8,38.5],[41.9,38.5],[42.0,38.5],[42.1,38.6],[42.0,38.7],[42.0,38.7],[41.9,38.8],[41.8,38.8],[41.7,38.8],[41.7,38.8],[41.6,38.9],[41.5,38.9],[41.4,38.8],[41.5,38.7],[41.6,38.7],[41.6,38.7],[41.7,38.6],[41.7,38.6],[41.8,38.5]]]}},{"type":"Feature","properties":{"layer_id":"change_T20","layer_label":"Change, T>20\u00b0C","low":0.0,"high":10.0,"label":"0\u201310 pp","fill":"#fddbc7","fillOpacity":0.3,"stroke":"#fddbc7","strokeOpacity":0.42,"strokeWeight":0.35},"geometry":{"type":"Polygon","coordinates":[[[41.8,38.6],[41.8,38.6],[41.7333,38.7],[41.8,38.75],[41.9,38.75],[41.95,38.7],[41.9667,38.6],[41.9,38.55],[41.8,38.6]]]}},{"type":"Feature","properties":{"layer_id":"change_T20","layer_label":"Change, T>20\u00b0C","low":0.0,"high":10.0,"label":"0\u201310 pp","fill":"#fddbc7","fillOpacity":0.3,"stroke":"#fddbc7","strokeOpacity":0.42,"strokeWeight":0.35},"geometry":{"type":"Polygon","coordinates":[[[31.8,38.7],[31.9,38.7],[32.0,38.7],[32.1,38.8],[32.0,38.9],[31.9,38.9],[31.8,38.9],[31.7,38.8],[31.8,38.7]]]}},{"type":"Feature","properties":{"layer_id":"change_T20","layer_label":"Change, T>20\u00b0C","low":0.0,"high":10.0,"label":"0\u201310 pp","fill":"#fddbc7","fillOpacity":0.3,"stroke":"#fddbc7","strokeOpacity":0.42,"strokeWeight":0.35},"geometry":{"type":"Polygon","coordinates":[[[8.9,38.8],[9.0,38.9],[9.0,39.0],[9.0,39.1],[9.0,39.2],[9.0,39.3],[9.0,39.3],[9.0,39.3],[9.1,39.2],[9.2,39.2],[9.3,39.2],[9.3,39.2],[9.4,39.1],[9.5,39.1],[9.6,39.2],[9.6,39.2],[9.7,39.3],[9.6,39.4],[9.6,39.4],[9.6,39.4],[9.7,39.5],[9.7,39.6],[9.7,39.7],[9.7,39.7],[9.8,39.8],[9.8,39.9],[9.8,40.0],[9.7,40.1],[9.7,40.1],[9.7,40.2],[9.7,40.3],[9.7,40.4],[9.7,40.4],[9.8,40.4],[9.9,40.5],[9.8,40.6],[9.8,40.6],[9.8,40.7],[9.7,40.8],[9.7,40.8],[9.7,40.9],[9.6,41.0],[9.6,41.0],[9.6,41.1],[9.5,41.2],[9.4,41.2],[9.3,41.2],[9.2,41.2],[9.2,41.2],[9.1,41.3],[9.0,41.2],[9.0,41.2],[8.9,41.1],[8.9,41.0],[8.9,41.0],[8.8,41.0],[8.7,41.0],[8.6,40.9],[8.6,40.9],[8.5,40.8],[8.5,40.8],[8.5,40.8],[8.4,40.9],[8.3,40.9],[8.2,40.9],[8.1,40.8],[8.1,40.7],[8.2,40.6],[8.2,40.6],[8.3,40.5],[8.3,40.5],[8.4,40.4],[8.4,40.4],[8.4,40.3],[8.5,40.2],[8.58,40.3],[8.575,40.4],[8.6,40.45],[8.65,40.5],[8.6667,40.6],[8.7,40.6333],[8.8,40.6],[8.8,40.6],[8.9,40.5],[9.0,40.6],[9.0,40.6],[9.0,40.6],[9.1,40.5],[9.15,40.6],[9.1,40.7],[9.1,40.7],[9.1,40.7],[9.2,40.7],[9.3,40.7],[9.3,40.7],[9.3,40.6],[9.35,40.5],[9.3,40.45],[9.2,40.45],[9.1,40.4],[9.1,40.4],[9.0333,40.3],[9.0,40.25],[8.9,40.2],[9.0,40.1],[9.1,40.1],[9.1667,40.2],[9.2,40.225],[9.3,40.25],[9.4,40.225],[9.4333,40.2],[9.5,40.1333],[9.5167,40.1],[9.5,40.0667],[9.4,40.0],[9.4,39.9],[9.4,39.9],[9.3,39.8],[9.3,39.8],[9.2,39.8],[9.1,39.8],[9.0,39.8],[9.0,39.8],[8.9,39.9],[8.9,39.9],[8.9,40.0],[8.9,40.1],[8.8,40.15],[8.7,40.15],[8.6,40.175],[8.5,40.1],[8.5,40.1],[8.4,40.1],[8.3,40.0],[8.4,39.9],[8.5,39.9],[8.5,39.9],[8.6,39.8],[8.6,39.8],[8.6,39.8],[8.5,39.8],[8.4,39.7],[8.4,39.6],[8.4,39.6],[8.3,39.5],[8.3,39.4],[8.3,39.3],[8.3,39.2],[8.4,39.1],[8.4,39.1],[8.5,39.0],[8.5,39.0],[8.6,38.9],[8.7,38.9],[8.8,38.9],[8.8,38.9],[8.9,38.8]]]}},{"type":"Feature","properties":{"layer_id":"change_T20","layer_label":"Change, T>20\u00b0C","low":0.0,"high":10.0,"label":"0\u201310 pp","fill":"#fddbc7","fillOpacity":0.3,"stroke":"#fddbc7","strokeOpacity":0.42,"strokeWeight":0.35},"geometry":{"type":"Polygon","coordinates":[[[8.5667,39.0],[8.5,39.0667],[8.4667,39.1],[8.4,39.2],[8.4,39.2],[8.3333,39.3],[8.35,39.4],[8.35,39.5],[8.4,39.55],[8.4286,39.6],[8.4286,39.7],[8.5,39.7714],[8.6,39.7714],[8.64,39.8],[8.6,39.8333],[8.5333,39.9],[8.5,39.95],[8.4,39.9333],[8.3333,40.0],[8.4,40.0667],[8.5,40.05],[8.5667,40.1],[8.6,40.125],[8.65,40.1],[8.7,40.05],[8.75,40.0],[8.7667,39.9],[8.775,39.8],[8.8,39.75],[8.85,39.7],[8.9,39.6],[8.9,39.6],[8.9,39.6],[9.0,39.65],[9.1,39.6],[9.1,39.6],[9.2,39.5],[9.2,39.5],[9.3,39.4],[9.3,39.4],[9.3,39.4],[9.3,39.5],[9.3,39.5],[9.2,39.6],[9.3,39.7],[9.4,39.7],[9.4,39.7],[9.4,39.8],[9.44,39.9],[9.5,40.0],[9.5,40.0],[9.55,40.1],[9.5,40.2],[9.5,40.2],[9.4,40.275],[9.35,40.3],[9.35,40.4],[9.4,40.45],[9.425,40.5],[9.45,40.6],[9.4333,40.7],[9.4,40.725],[9.325,40.8],[9.3,40.9],[9.3,40.9],[9.2,40.95],[9.1,40.95],[9.0,40.94],[8.94,41.0],[8.9333,41.1],[9.0,41.1667],[9.1,41.2],[9.2,41.175],[9.3,41.15],[9.3667,41.1],[9.4,41.075],[9.45,41.1],[9.5,41.1333],[9.5333,41.1],[9.5333,41.0],[9.6,40.95],[9.65,40.9],[9.6714,40.8],[9.7,40.7333],[9.7333,40.7],[9.7333,40.6],[9.7,40.5],[9.7,40.5],[9.6333,40.4],[9.66,40.3],[9.68,40.2],[9.66,40.1],[9.68,40.0],[9.6,39.9],[9.6,39.9],[9.6,39.9],[9.7,39.8],[9.6667,39.7],[9.6667,39.6],[9.6,39.52],[9.55,39.5],[9.55,39.4],[9.6,39.3],[9.5333,39.2],[9.5,39.1667],[9.4,39.15],[9.35,39.2],[9.3,39.2222],[9.2,39.2333],[9.12,39.3],[9.1,39.3143],[9.0,39.3333],[8.95,39.3],[8.9714,39.2],[8.975,39.1],[8.96,39.0],[8.9,38.9],[8.8,38.94],[8.7,39.0],[8.7,39.0],[8.7,39.0],[8.6,38.9667],[8.5667,39.0]]]}},{"type":"Feature","properties":{"layer_id":"change_T20","layer_label":"Change, T>20\u00b0C","low":0.0,"high":10.0,"label":"0\u201310 pp","fill":"#fddbc7","fillOpacity":0.3,"stroke":"#fddbc7","strokeOpacity":0.42,"strokeWeight":0.35},"geometry":{"type":"Polygon","coordinates":[[[8.45,40.3],[8.4667,40.4],[8.4,40.44],[8.34,40.5],[8.3,40.5667],[8.2667,40.6],[8.25,40.7],[8.3,40.8],[8.35,40.7],[8.35,40.6],[8.4,40.575],[8.4333,40.6],[8.425,40.7],[8.5,40.76],[8.5333,40.8],[8.6,40.8667],[8.64,40.9],[8.7,40.96],[8.8,40.95],[8.9,40.9333],[8.9333,40.9],[8.9333,40.8],[8.9,40.7],[8.8,40.7],[8.7,40.7],[8.7,40.7],[8.6,40.6],[8.6,40.6],[8.5667,40.5],[8.525,40.4],[8.54,40.3],[8.5,40.25],[8.45,40.3]]]}},{"type":"Feature","properties":{"layer_id":"change_T20","layer_label":"Change, T>20\u00b0C","low":0.0,"high":10.0,"label":"0\u201310 pp","fill":"#fddbc7","fillOpacity":0.3,"stroke":"#fddbc7","strokeOpacity":0.42,"strokeWeight":0.35},"geometry":{"type":"Polygon","coordinates":[[[16.5,39.0],[16.6,39.0],[16.7,39.0],[16.7,39.0],[16.75,39.1],[16.75,39.2],[16.75,39.3],[16.725,39.4],[16.7,39.42],[16.62,39.5],[16.6,39.5111],[16.5,39.5125],[16.4,39.5167],[16.38,39.5],[16.3833,39.4],[16.35,39.3],[16.3,39.2],[16.3,39.2],[16.3,39.2],[16.35,39.1],[16.4,39.0667],[16.5,39.0],[16.5,39.0]]]}},{"type":"Feature","properties":{"layer_id":"change_T20","layer_label":"Change, T>20\u00b0C","low":0.0,"high":10.0,"label":"0\u201310 pp","fill":"#fddbc7","fillOpacity":0.3,"stroke":"#fddbc7","strokeOpacity":0.42,"strokeWeight":0.35},"geometry":{"type":"Polygon","coordinates":[[[16.5,39.1],[16.4,39.2],[16.4,39.2],[16.4,39.2],[16.5,39.3],[16.5,39.4],[16.5,39.4],[16.6,39.4],[16.6,39.4],[16.7,39.3],[16.7,39.3],[16.7,39.2],[16.7,39.1],[16.7,39.1],[16.6,39.1],[16.5,39.1],[16.5,39.1]]]}},{"type":"Feature","properties":{"layer_id":"change_T20","layer_label":"Change, T>20\u00b0C","low":0.0,"high":10.0,"label":"0\u201310 pp","fill":"#fddbc7","fillOpacity":0.3,"stroke":"#fddbc7","strokeOpacity":0.42,"strokeWeight":0.35},"geometry":{"type":"Polygon","coordinates":[[[45.0,38.9333],[45.0,39.0],[45.0,39.0],[44.9,39.1],[44.9,39.1],[44.8,39.1286],[44.7,39.2],[44.7,39.2],[44.6,39.3],[44.7,39.3714],[44.75,39.4],[44.8,39.4667],[44.8143,39.5],[44.8,39.5125],[44.7,39.55],[44.6,39.6],[44.6,39.6],[44.52,39.7],[44.51,39.8],[44.5,39.8143],[44.4,39.8222],[44.3125,39.9],[44.3,39.92],[44.275,39.9],[44.2,39.84],[44.1,39.9],[44.15,40.0],[44.2,40.0333],[44.3,40.1],[44.3,40.1],[44.4,40.1333],[44.4333,40.1],[44.5,40.075],[44.5857,40.0],[44.6,39.9909],[44.7,39.96],[44.76,39.9],[44.7714,39.8],[44.8,39.7714],[44.9,39.775],[45.0,39.7],[45.0,39.7],[45.0,39.7],[45.0,39.8],[44.9,39.8],[44.8,39.8],[44.8,39.8],[44.8,39.9],[44.7,40.0],[44.7,40.0],[44.6,40.1],[44.5,40.1],[44.5,40.1],[44.4,40.2],[44.4,40.2],[44.3,40.3],[44.2,40.3],[44.1,40.2],[44.2,40.1],[44.2,40.1],[44.2,40.1],[44.1,40.1],[44.0,40.1],[43.9,40.0],[43.9,39.9],[44.0,39.8],[44.1,39.8],[44.2,39.8],[44.3,39.8],[44.4,39.8],[44.4,39.8],[44.5,39.7],[44.5,39.7],[44.5,39.6],[44.6,39.5],[44.7,39.5],[44.7,39.5],[44.7,39.4],[44.7,39.4],[44.6,39.4],[44.5,39.3],[44.6,39.2],[44.6,39.2],[44.7,39.1],[44.8,39.1],[44.8,39.1],[44.9,39.0],[44.9,39.0],[45.0,38.9333]]]}},{"type":"Feature","properties":{"layer_id":"change_T20","layer_label":"Change, T>20\u00b0C","low":0.0,"high":10.0,"label":"0\u201310 pp","fill":"#fddbc7","fillOpacity":0.3,"stroke":"#fddbc7","strokeOpacity":0.42,"strokeWeight":0.35},"geometry":{"type":"Polygon","coordinates":[[[26.1,39.0],[26.2,39.1],[26.2,39.2],[26.2,39.2],[26.3,39.2],[26.3,39.2],[26.3,39.2],[26.2,39.1],[26.3,39.0],[26.4,39.0],[26.5,39.1],[26.5,39.1],[26.6,39.2],[26.5,39.3],[26.5,39.3],[26.4,39.4],[26.3,39.4],[26.2,39.4],[26.1,39.3],[26.1,39.3],[26.1,39.3],[26.0,39.4],[25.9,39.4],[25.8,39.3],[25.8,39.2],[25.9,39.1],[26.0,39.1],[26.0,39.1],[26.1,39.0]]]}},{"type":"Feature","properties":{"layer_id":"change_T20","layer_label":"Change, T>20\u00b0C","low":0.0,"high":10.0,"label":"0\u201310 pp","fill":"#fddbc7","fillOpacity":0.3,"stroke":"#fddbc7","strokeOpacity":0.42,"strokeWeight":0.35},"geometry":{"type":"Polygon","coordinates":[[[25.95,39.2],[25.95,39.3],[26.0,39.3333],[26.0333,39.3],[26.1,39.25],[26.15,39.2],[26.1,39.1333],[26.0,39.1667],[25.95,39.2]]]}},{"type":"Feature","properties":{"layer_id":"change_T20","layer_label":"Change, T>20\u00b0C","low":0.0,"high":10.0,"label":"0\u201310 pp","fill":"#fddbc7","fillOpacity":0.3,"stroke":"#fddbc7","strokeOpacity":0.42,"strokeWeight":0.35},"geometry":{"type":"Polygon","coordinates":[[[-4.4,39.4],[-4.4,39.4],[-4.3,39.475],[-4.2,39.4667],[-4.1,39.5],[-4.0,39.5],[-4.0,39.5],[-4.0,39.6],[-4.0,39.6],[-4.1,39.7],[-4.1,39.7],[-4.1,39.7],[-4.2,39.6],[-4.2,39.6],[-4.3,39.55],[-4.4,39.6],[-4.4,39.6],[-4.475,39.7],[-4.5,39.75],[-4.6,39.72],[-4.7,39.7],[-4.8,39.7],[-4.9,39.7],[-5.0,39.7],[-5.0,39.7],[-5.0,39.7],[-4.9,39.7],[-4.8667,39.6],[-4.8,39.5667],[-4.7,39.6],[-4.6333,39.5],[-4.6,39.48],[-4.5,39.45],[-4.4,39.4],[-4.4,39.4]]]}},{"type":"Feature","properties":{"layer_id":"change_T20","layer_label":"Change, T>20\u00b0C","low":0.0,"high":10.0,"label":"0\u201310 pp","fill":"#fddbc7","fillOpacity":0.3,"stroke":"#fddbc7","strokeOpacity":0.42,"strokeWeight":0.35},"geometry":{"type":"Polygon","coordinates":[[[2.8,39.3],[2.9,39.3],[3.0,39.4],[3.0,39.4],[3.0,39.4],[3.1,39.3],[3.2,39.3],[3.3,39.4],[3.3,39.5],[3.3,39.5],[3.4,39.5],[3.5,39.6],[3.5,39.7],[3.4,39.8],[3.3,39.8],[3.2,39.8],[3.1,39.8],[3.1,39.8],[3.1,39.9],[3.0,40.0],[2.9,39.9],[2.9,39.9],[2.8,39.9],[2.7,39.8],[2.7,39.8],[2.6,39.8],[2.5,39.8],[2.4,39.7],[2.5,39.6],[2.6,39.6],[2.6,39.6],[2.7,39.5],[2.7,39.5],[2.7,39.4],[2.8,39.3]]]}},{"type":"Feature","properties":{"layer_id":"change_T20","layer_label":"Change, T>20\u00b0C","low":0.0,"high":10.0,"label":"0\u201310 pp","fill":"#fddbc7","fillOpacity":0.3,"stroke":"#fddbc7","strokeOpacity":0.42,"strokeWeight":0.35},"geometry":{"type":"Polygon","coordinates":[[[34.3,39.3],[34.4,39.3],[34.5,39.4],[34.4,39.5],[34.3,39.5],[34.2,39.4],[34.3,39.3]]]}},{"type":"Feature","properties":{"layer_id":"change_T20","layer_label":"Change, T>20\u00b0C","low":0.0,"high":10.0,"label":"0\u201310 pp","fill":"#fddbc7","fillOpacity":0.3,"stroke":"#fddbc7","strokeOpacity":0.42,"strokeWeight":0.35},"geometry":{"type":"Polygon","coordinates":[[[33.9,39.4],[34.0,39.5],[34.0,39.6],[34.0,39.6],[34.1,39.7],[34.1,39.7],[34.2,39.7],[34.3,39.8],[34.2,39.9],[34.2,39.9],[34.2,40.0],[34.2,40.0],[34.3,40.1],[34.3,40.2],[34.3,40.3],[34.3,40.4],[34.3,40.5],[34.2,40.6],[34.1,40.6],[34.0,40.5],[34.0,40.5],[33.9,40.5],[33.8,40.5],[33.7,40.4],[33.7,40.4],[33.6,40.3],[33.6,40.3],[33.5,40.2],[33.5,40.2],[33.4,40.1],[33.4,40.0],[33.4,40.0],[33.3,39.9],[33.3,39.8],[33.4,39.7],[33.5,39.7],[33.6,39.8],[33.6,39.8],[33.7,39.9],[33.7,40.0],[33.7,40.1],[33.7,40.2],[33.7,40.2],[33.8,40.2],[33.8,40.2],[33.9,40.1],[33.9,40.1],[33.9,40.1],[33.8,40.0],[33.8,40.0],[33.7,39.9],[33.8,39.8],[33.8,39.8],[33.8,39.7],[33.8,39.6],[33.8,39.5],[33.9,39.4]]]}},{"type":"Feature","properties":{"layer_id":"change_T20","layer_label":"Change, T>20\u00b0C","low":0.0,"high":10.0,"label":"0\u201310 pp","fill":"#fddbc7","fillOpacity":0.3,"stroke":"#fddbc7","strokeOpacity":0.42,"strokeWeight":0.35},"geometry":{"type":"Polygon","coordinates":[[[31.8,39.5],[31.9,39.6],[31.9,39.6],[32.0,39.7],[31.9,39.8],[31.8,39.8],[31.7,39.7],[31.7,39.6],[31.8,39.5]]]}},{"type":"Feature","properties":{"layer_id":"change_T20","layer_label":"Change, T>20\u00b0C","low":0.0,"high":10.0,"label":"0\u201310 pp","fill":"#fddbc7","fillOpacity":0.3,"stroke":"#fddbc7","strokeOpacity":0.42,"strokeWeight":0.35},"geometry":{"type":"Polygon","coordinates":[[[30.1,40.0],[30.2,40.0],[30.3,40.1],[30.3,40.2],[30.3,40.3],[30.3,40.4],[30.3,40.5],[30.2,40.6],[30.1,40.5],[30.1,40.5],[30.0,40.5],[29.9,40.4],[29.9,40.3],[29.9,40.2],[30.0,40.1],[30.0,40.1],[30.1,40.0]]]}},{"type":"Feature","properties":{"layer_id":"change_T20","layer_label":"Change, T>20\u00b0C","low":0.0,"high":10.0,"label":"0\u201310 pp","fill":"#fddbc7","fillOpacity":0.3,"stroke":"#fddbc7","strokeOpacity":0.42,"strokeWeight":0.35},"geometry":{"type":"Polygon","coordinates":[[[-7.4,40.1],[-7.3,40.2],[-7.4,40.3],[-7.5,40.2],[-7.4,40.1]]]}},{"type":"Feature","properties":{"layer_id":"change_T20","layer_label":"Change, T>20\u00b0C","low":0.0,"high":10.0,"label":"0\u201310 pp","fill":"#fddbc7","fillOpacity":0.3,"stroke":"#fddbc7","strokeOpacity":0.42,"strokeWeight":0.35},"geometry":{"type":"Polygon","coordinates":[[[19.5,40.2],[19.6,40.2],[19.7,40.3],[19.7,40.3],[19.8,40.3],[19.9,40.3],[20.0,40.3],[20.0,40.3],[20.1,40.2],[20.2,40.2],[20.3,40.3],[20.3,40.4],[20.2,40.5],[20.2,40.5],[20.1,40.6],[20.0,40.6],[20.0,40.6],[20.0,40.6],[20.1,40.7],[20.1,40.8],[20.1,40.8],[20.2,40.9],[20.1,41.0],[20.1,41.0],[20.1,41.0],[20.2,41.1],[20.1,41.2],[20.0,41.2],[20.0,41.2],[19.9,41.3],[19.9,41.3],[19.9,41.4],[19.8,41.5],[19.8,41.5],[19.8,41.6],[19.8,41.6],[19.9,41.6],[20.0,41.7],[20.0,41.8],[19.9,41.9],[19.9,41.9],[19.8,42.0],[19.8,42.0],[19.8,42.1],[19.7,42.2],[19.6,42.2],[19.6,42.2],[19.5,42.3],[19.5,42.3],[19.5,42.4],[19.4,42.5],[19.3,42.5],[19.3,42.5],[19.2,42.6],[19.1,42.5],[19.1,42.5],[19.0,42.4],[19.0,42.4],[18.9,42.4],[18.9,42.4],[18.8,42.5],[18.7,42.4],[18.7,42.3],[18.8,42.2],[18.8,42.2],[18.9,42.1],[19.0,42.1],[19.0,42.1],[19.1,42.0],[19.1,42.0],[19.2,41.9],[19.3,41.9],[19.3,41.9],[19.4,41.8],[19.5,41.8],[19.6,41.8],[19.6,41.8],[19.6,41.7],[19.6,41.7],[19.5,41.6],[19.5,41.5],[19.5,41.5],[19.4,41.4],[19.4,41.3],[19.5,41.2],[19.5,41.2],[19.5,41.2],[19.4,41.1],[19.4,41.0],[19.4,41.0],[19.3,40.9],[19.3,40.8],[19.3,40.7],[19.4,40.6],[19.4,40.6],[19.4,40.5],[19.4,40.4],[19.4,40.3],[19.5,40.2]]]}},{"type":"Feature","properties":{"layer_id":"change_T20","layer_label":"Change, T>20\u00b0C","low":0.0,"high":10.0,"label":"0\u201310 pp","fill":"#fddbc7","fillOpacity":0.3,"stroke":"#fddbc7","strokeOpacity":0.42,"strokeWeight":0.35},"geometry":{"type":"Polygon","coordinates":[[[19.4222,40.3],[19.42,40.4],[19.45,40.5],[19.4286,40.6],[19.4,40.625],[19.325,40.7],[19.3286,40.8],[19.3154,40.9],[19.4,40.9846],[19.4286,41.0],[19.4222,41.1],[19.5,41.1778],[19.5222,41.2],[19.5,41.3],[19.5,41.3],[19.44,41.4],[19.5,41.46],[19.5167,41.5],[19.5222,41.6],[19.6,41.6778],[19.7,41.6],[19.7,41.6],[19.7333,41.5],[19.8,41.4333],[19.8333,41.4],[19.8333,41.3],[19.85,41.2],[19.85,41.1],[19.9,41.05],[19.95,41.0],[20.0,40.9],[19.9,40.8],[19.9,40.8],[19.85,40.7],[19.8,40.6],[19.8,40.6],[19.8,40.6],[19.875,40.5],[19.9,40.4],[19.8,40.35],[19.7,40.325],[19.6,40.3111],[19.5875,40.3],[19.5,40.2222],[19.4222,40.3]]]}},{"type":"Feature","properties":{"layer_id":"change_T20","layer_label":"Change, T>20\u00b0C","low":0.0,"high":10.0,"label":"0\u201310 pp","fill":"#fddbc7","fillOpacity":0.3,"stroke":"#fddbc7","strokeOpacity":0.42,"strokeWeight":0.35},"geometry":{"type":"Polygon","coordinates":[[[19.6667,41.8],[19.6,41.8286],[19.5,41.825],[19.4,41.84],[19.34,41.9],[19.3,41.92],[19.2,41.92],[19.12,42.0],[19.1,42.0286],[19.0286,42.1],[19.0,42.1222],[18.9,42.12],[18.82,42.2],[18.8,42.225],[18.725,42.3],[18.8,42.4],[18.9,42.3714],[19.0,42.3667],[19.04,42.4],[19.1,42.46],[19.2,42.5],[19.3,42.4833],[19.4,42.4333],[19.4333,42.4],[19.4667,42.3],[19.5,42.2667],[19.5667,42.2],[19.6,42.1667],[19.68,42.1],[19.7,42.0667],[19.75,42.0],[19.75,41.9],[19.75,41.8],[19.7,41.7],[19.6667,41.8]]]}},{"type":"Feature","properties":{"layer_id":"change_T20","layer_label":"Change, T>20\u00b0C","low":0.0,"high":10.0,"label":"0\u201310 pp","fill":"#fddbc7","fillOpacity":0.3,"stroke":"#fddbc7","strokeOpacity":0.42,"strokeWeight":0.35},"geometry":{"type":"Polygon","coordinates":[[[27.5,40.2778],[27.6,40.2833],[27.7,40.2867],[27.7167,40.3],[27.8,40.3833],[27.825,40.4],[27.9,40.475],[27.975,40.4],[28.0,40.3818],[28.0333,40.4],[28.1,40.4667],[28.2,40.4714],[28.3,40.48],[28.4,40.48],[28.5,40.4778],[28.5778,40.4],[28.6,40.3818],[28.7,40.375],[28.7133,40.4],[28.8,40.4867],[28.82,40.5],[28.9,40.58],[28.9222,40.6],[29.0,40.6778],[29.1,40.68],[29.2,40.675],[29.22,40.7],[29.3,40.78],[29.32,40.8],[29.3,40.82],[29.22,40.9],[29.2,40.9182],[29.1,40.9182],[29.0,40.9167],[28.9,40.9333],[28.8,40.94],[28.7,40.9667],[28.6,41.0],[28.6,41.0],[28.5,41.0],[28.4,41.02],[28.3,41.02],[28.2,41.0182],[28.1,41.0222],[28.05,41.0],[28.0,40.95],[27.9,40.925],[27.8,40.9222],[27.7,40.9167],[27.6,40.9154],[27.5,40.9167],[27.4833,40.9],[27.4857,40.8],[27.4,40.7143],[27.3,40.7167],[27.2833,40.7],[27.2,40.6167],[27.1,40.6167],[27.0667,40.6],[27.0,40.5333],[26.9,40.54],[26.8778,40.5],[26.9,40.4857],[27.0,40.4875],[27.1,40.4867],[27.2,40.475],[27.3,40.475],[27.375,40.4],[27.4,40.3857],[27.4857,40.3],[27.5,40.2778]]]}},{"type":"Feature","properties":{"layer_id":"change_T20","layer_label":"Change, T>20\u00b0C","low":0.0,"high":10.0,"label":"0\u201310 pp","fill":"#fddbc7","fillOpacity":0.3,"stroke":"#fddbc7","strokeOpacity":0.42,"strokeWeight":0.35},"geometry":{"type":"Polygon","coordinates":[[[27.5,40.3],[27.4,40.4],[27.4,40.4],[27.3,40.5],[27.2,40.5],[27.1,40.5],[27.0,40.5],[26.9,40.5],[26.9,40.5],[26.9,40.5],[27.0,40.5],[27.1,40.6],[27.1,40.6],[27.2,40.6],[27.3,40.7],[27.3,40.7],[27.4,40.7],[27.5,40.8],[27.5,40.9],[27.5,40.9],[27.6,40.9],[27.7,40.9],[27.8,40.9],[27.9,40.9],[28.0,40.9],[28.1,41.0],[28.1,41.0],[28.2,41.0],[28.3,41.0],[28.4,41.0],[28.4,41.0],[28.5,40.9],[28.6,40.9],[28.7,40.9],[28.8,40.9],[28.9,40.9],[29.0,40.9],[29.1,40.9],[29.2,40.9],[29.2,40.9],[29.3,40.8],[29.3,40.8],[29.3,40.8],[29.2,40.7],[29.2,40.7],[29.1,40.7],[29.0,40.7],[28.9,40.6],[28.9,40.6],[28.8,40.5],[28.8,40.5],[28.7,40.4],[28.7,40.4],[28.6,40.4],[28.6,40.4],[28.5,40.5],[28.4,40.5],[28.3,40.5],[28.2,40.5],[28.1,40.5],[28.0,40.4],[28.0,40.4],[28.0,40.4],[27.9,40.5],[27.8,40.4],[27.8,40.4],[27.7,40.3],[27.7,40.3],[27.6,40.3],[27.5,40.3],[27.5,40.3]]]}},{"type":"Feature","properties":{"layer_id":"change_T20","layer_label":"Change, T>20\u00b0C","low":0.0,"high":10.0,"label":"0\u201310 pp","fill":"#fddbc7","fillOpacity":0.3,"stroke":"#fddbc7","strokeOpacity":0.42,"strokeWeight":0.35},"geometry":{"type":"Polygon","coordinates":[[[27.6,40.5],[27.7,40.6],[27.6,40.7],[27.5,40.6],[27.6,40.5]]]}},{"type":"Feature","properties":{"layer_id":"change_T20","layer_label":"Change, T>20\u00b0C","low":0.0,"high":10.0,"label":"0\u201310 pp","fill":"#fddbc7","fillOpacity":0.3,"stroke":"#fddbc7","strokeOpacity":0.42,"strokeWeight":0.35},"geometry":{"type":"Polygon","coordinates":[[[20.7,40.6],[20.8,40.6],[20.9,40.7],[20.9,40.7],[21.0,40.7],[21.1,40.8],[21.1,40.9],[21.0,41.0],[20.9,41.0],[20.9,41.0],[20.9,41.1],[20.8,41.2],[20.7,41.2],[20.6,41.2],[20.5,41.1],[20.5,41.0],[20.6,40.9],[20.6,40.9],[20.7,40.8],[20.7,40.8],[20.7,40.8],[20.6,40.7],[20.7,40.6]]]}},{"type":"Feature","properties":{"layer_id":"change_T20","layer_label":"Change, T>20\u00b0C","low":0.0,"high":10.0,"label":"0\u201310 pp","fill":"#fddbc7","fillOpacity":0.3,"stroke":"#fddbc7","strokeOpacity":0.42,"strokeWeight":0.35},"geometry":{"type":"Polygon","coordinates":[[[16.4,40.9],[16.5,40.9],[16.6,40.9],[16.6,40.9],[16.6,40.9],[16.5,40.9],[16.4,41.0],[16.4,41.0],[16.3,41.1],[16.3,41.1],[16.2,41.1],[16.2,41.1],[16.2,41.0],[16.2,41.0],[16.3,41.0],[16.4,40.9],[16.4,40.9]]]}},{"type":"Feature","properties":{"layer_id":"change_T20","layer_label":"Change, T>20\u00b0C","low":0.0,"high":10.0,"label":"0\u201310 pp","fill":"#fddbc7","fillOpacity":0.3,"stroke":"#fddbc7","strokeOpacity":0.42,"strokeWeight":0.35},"geometry":{"type":"Polygon","coordinates":[[[38.1,40.8],[38.2,40.8],[38.3,40.8],[38.4,40.8],[38.5,40.8],[38.6,40.8],[38.7,40.8],[38.8,40.8],[38.9,40.9],[38.9,40.9],[39.0,40.9],[39.1,40.9],[39.2,41.0],[39.1,41.1],[39.0,41.1],[38.9,41.1],[38.8,41.0],[38.8,41.0],[38.7,41.0],[38.6,41.0],[38.5,41.0],[38.4,41.0],[38.3,41.0],[38.2,41.0],[38.1,41.0],[38.0,40.9],[38.1,40.8]]]}},{"type":"Feature","properties":{"layer_id":"change_T20","layer_label":"Change, T>20\u00b0C","low":0.0,"high":10.0,"label":"0\u201310 pp","fill":"#fddbc7","fillOpacity":0.3,"stroke":"#fddbc7","strokeOpacity":0.42,"strokeWeight":0.35},"geometry":{"type":"Polygon","coordinates":[[[38.1,40.9],[38.2,40.9667],[38.3,40.95],[38.4,40.9667],[38.5,40.95],[38.6,40.9714],[38.7,40.9333],[38.8,40.9],[38.7,40.8667],[38.6,40.8286],[38.5,40.85],[38.4,40.8333],[38.3,40.85],[38.2,40.8333],[38.1,40.9]]]}},{"type":"Feature","properties":{"layer_id":"change_T20","layer_label":"Change, T>20\u00b0C","low":0.0,"high":10.0,"label":"0\u201310 pp","fill":"#fddbc7","fillOpacity":0.3,"stroke":"#fddbc7","strokeOpacity":0.42,"strokeWeight":0.35},"geometry":{"type":"Polygon","coordinates":[[[39.8,40.8],[39.9,40.8],[40.0,40.8],[40.1,40.8],[40.2,40.8],[40.3,40.8],[40.4,40.8],[40.5,40.9],[40.5,40.9],[40.6,40.9],[40.7,41.0],[40.7,41.0],[40.8,41.0],[40.9,41.0],[41.0,41.0],[41.1,41.1],[41.1,41.1],[41.2,41.1],[41.3,41.2],[41.3,41.2],[41.4,41.3],[41.4,41.3],[41.5,41.3],[41.6,41.3],[41.7,41.4],[41.7,41.5],[41.7,41.5],[41.8,41.6],[41.8,41.6],[41.9,41.7],[41.9,41.7],[42.0,41.8],[42.0,41.8],[42.1,41.9],[42.1,41.9],[42.2,41.9],[42.3,42.0],[42.3,42.0],[42.4,42.0],[42.5,42.0],[42.6,42.0],[42.7,42.0],[42.8,42.1],[42.8,42.1],[42.9,42.1],[43.0,42.1],[43.1,42.2],[43.0,42.3],[42.9,42.3],[42.9,42.3],[42.8,42.4],[42.7,42.4],[42.6,42.4],[42.6,42.4],[42.5,42.5],[42.4,42.5],[42.4,42.5],[42.3,42.6],[42.2,42.6],[42.2,42.6],[42.1,42.7],[42.0,42.7],[41.9,42.7],[41.8,42.7],[41.8,42.7],[41.7,42.8],[41.7,42.8],[41.6,42.9],[41.5,42.9],[41.5,42.9],[41.4,43.0],[41.3,43.0],[41.3,43.0],[41.2,43.1],[41.1,43.1],[41.1,43.1],[41.0,43.2],[40.9,43.2],[40.8,43.2],[40.7,43.1],[40.8,43.0],[40.9,43.0],[40.9,43.0],[41.0,42.9],[41.0,42.9],[41.1,42.8],[41.2,42.8],[41.3,42.8],[41.3,42.8],[41.4,42.7],[41.4,42.7],[41.5,42.6],[41.5,42.6],[41.5,42.6],[41.4,42.5],[41.5,42.4],[41.5,42.4],[41.5,42.3],[41.6,42.2],[41.6,42.2],[41.7,42.1],[41.7,42.1],[41.7,42.0],[41.7,41.9],[41.8,41.8],[41.8,41.8],[41.8,41.8],[41.7,41.7],[41.7,41.7],[41.6,41.6],[41.6,41.6],[41.5,41.5],[41.5,41.5],[41.4,41.5],[41.3,41.4],[41.3,41.4],[41.2,41.3],[41.2,41.3],[41.1,41.3],[41.0,41.2],[41.0,41.2],[40.9,41.2],[40.9,41.2],[40.8,41.3],[40.7,41.2],[40.7,41.2],[40.6,41.1],[40.6,41.1],[40.5,41.1],[40.4,41.1],[40.3,41.0],[40.3,41.0],[40.2,41.0],[40.1,41.0],[40.0,41.0],[39.9,41.0],[39.8,41.0],[39.7,40.9],[39.8,40.8]]]}},{"type":"Feature","properties":{"layer_id":"change_T20","layer_label":"Change, T>20\u00b0C","low":0.0,"high":10.0,"label":"0\u201310 pp","fill":"#fddbc7","fillOpacity":0.3,"stroke":"#fddbc7","strokeOpacity":0.42,"strokeWeight":0.35},"geometry":{"type":"Polygon","coordinates":[[[39.7667,40.9],[39.8,40.9333],[39.9,40.975],[40.0,40.9778],[40.1,40.9778],[40.2,40.975],[40.3,40.9667],[40.3286,41.0],[40.4,41.0714],[40.5,41.06],[40.575,41.0],[40.5,40.94],[40.4333,40.9],[40.4,40.8667],[40.3,40.8333],[40.2,40.825],[40.1,40.8222],[40.0,40.8222],[39.9,40.825],[39.8,40.8667],[39.7667,40.9]]]}},{"type":"Feature","properties":{"layer_id":"change_T20","layer_label":"Change, T>20\u00b0C","low":0.0,"high":10.0,"label":"0\u201310 pp","fill":"#fddbc7","fillOpacity":0.3,"stroke":"#fddbc7","strokeOpacity":0.42,"strokeWeight":0.35},"geometry":{"type":"Polygon","coordinates":[[[40.6222,41.1],[40.7,41.1778],[40.72,41.2],[40.8,41.28],[40.88,41.2],[40.9,41.1667],[41.0,41.1],[40.9,41.0333],[40.8,41.025],[40.7,41.0222],[40.6222,41.1]]]}},{"type":"Feature","properties":{"layer_id":"change_T20","layer_label":"Change, T>20\u00b0C","low":0.0,"high":10.0,"label":"0\u201310 pp","fill":"#fddbc7","fillOpacity":0.3,"stroke":"#fddbc7","strokeOpacity":0.42,"strokeWeight":0.35},"geometry":{"type":"Polygon","coordinates":[[[41.25,41.3],[41.3,41.35],[41.32,41.4],[41.4,41.48],[41.5,41.4],[41.4,41.32],[41.35,41.3],[41.3,41.25],[41.25,41.3]]]}},{"type":"Feature","properties":{"layer_id":"change_T20","layer_label":"Change, T>20\u00b0C","low":0.0,"high":10.0,"label":"0\u201310 pp","fill":"#fddbc7","fillOpacity":0.3,"stroke":"#fddbc7","strokeOpacity":0.42,"strokeWeight":0.35},"geometry":{"type":"Polygon","coordinates":[[[41.5333,41.5],[41.6,41.5667],[41.6286,41.6],[41.7,41.6714],[41.75,41.7],[41.8,41.75],[41.85,41.7],[41.8,41.65],[41.7714,41.6],[41.7,41.5286],[41.6667,41.5],[41.6,41.4],[41.5333,41.5]]]}},{"type":"Feature","properties":{"layer_id":"change_T20","layer_label":"Change, T>20\u00b0C","low":0.0,"high":10.0,"label":"0\u201310 pp","fill":"#fddbc7","fillOpacity":0.3,"stroke":"#fddbc7","strokeOpacity":0.42,"strokeWeight":0.35},"geometry":{"type":"Polygon","coordinates":[[[41.7167,41.9],[41.725,42.0],[41.72,42.1],[41.7,42.12],[41.62,42.2],[41.6,42.2333],[41.5333,42.3],[41.52,42.4],[41.5,42.425],[41.425,42.5],[41.5,42.575],[41.5154,42.6],[41.5,42.6182],[41.4182,42.7],[41.4,42.7154],[41.3154,42.8],[41.3,42.8333],[41.2,42.8182],[41.1,42.82],[41.02,42.9],[41.0,42.9167],[40.9167,43.0],[40.9,43.05],[40.8,43.025],[40.725,43.1],[40.8,43.175],[40.9,43.15],[40.9667,43.1],[41.0,43.0909],[41.1,43.08],[41.2,43.0],[41.2,43.0],[41.3,42.9667],[41.38,42.9],[41.4,42.8917],[41.5,42.8778],[41.6,42.8],[41.6,42.8],[41.7,42.75],[41.75,42.7],[41.8,42.66],[41.9,42.65],[41.9667,42.6],[42.0,42.575],[42.1,42.6],[42.2,42.5333],[42.25,42.5],[42.3,42.4857],[42.4,42.45],[42.5,42.4],[42.5,42.4],[42.6,42.38],[42.7,42.38],[42.8,42.3333],[42.8333,42.3],[42.9,42.2],[42.8,42.1222],[42.7,42.1125],[42.6,42.11],[42.5,42.1143],[42.45,42.1],[42.4,42.0667],[42.3,42.0667],[42.2,42.0167],[42.15,42.0],[42.1,41.9667],[42.0333,41.9],[42.0,41.8667],[41.9,41.8143],[41.8,41.8167],[41.7167,41.9]]]}},{"type":"Feature","properties":{"layer_id":"change_T20","layer_label":"Change, T>20\u00b0C","low":0.0,"high":10.0,"label":"0\u201310 pp","fill":"#fddbc7","fillOpacity":0.3,"stroke":"#fddbc7","strokeOpacity":0.42,"strokeWeight":0.35},"geometry":{"type":"Polygon","coordinates":[[[34.7,40.9],[34.8,40.9],[34.9,41.0],[34.8,41.1],[34.7,41.1],[34.6,41.0],[34.7,40.9]]]}},{"type":"Feature","properties":{"layer_id":"change_T20","layer_label":"Change, T>20\u00b0C","low":0.0,"high":10.0,"label":"0\u201310 pp","fill":"#fddbc7","fillOpacity":0.3,"stroke":"#fddbc7","strokeOpacity":0.42,"strokeWeight":0.35},"geometry":{"type":"Polygon","coordinates":[[[37.4,40.9],[37.5,40.9],[37.6,40.9],[37.7,40.9],[37.8,40.9],[37.9,41.0],[37.8,41.1],[37.8,41.1],[37.7,41.2],[37.6,41.1],[37.6,41.1],[37.5,41.1],[37.5,41.1],[37.4,41.2],[37.3,41.2],[37.2,41.2],[37.1,41.2],[37.1,41.2],[37.0,41.3],[37.0,41.3],[36.9,41.4],[36.8,41.4],[36.7,41.4],[36.6,41.3],[36.6,41.3],[36.5,41.3],[36.4,41.2],[36.5,41.1],[36.6,41.1],[36.7,41.1],[36.7,41.1],[36.8,41.0],[36.9,41.0],[37.0,41.0],[37.1,41.0],[37.2,41.0],[37.3,41.0],[37.3,41.0],[37.4,40.9]]]}},{"type":"Feature","properties":{"layer_id":"change_T20","layer_label":"Change, T>20\u00b0C","low":0.0,"high":10.0,"label":"0\u201310 pp","fill":"#fddbc7","fillOpacity":0.3,"stroke":"#fddbc7","strokeOpacity":0.42,"strokeWeight":0.35},"geometry":{"type":"Polygon","coordinates":[[[36.9,41.1],[36.9,41.1],[36.8,41.125],[36.7,41.15],[36.6,41.1667],[36.55,41.2],[36.6,41.2333],[36.62,41.3],[36.7,41.38],[36.8,41.3833],[36.9,41.38],[36.98,41.3],[37.0,41.2818],[37.0818,41.2],[37.1,41.16],[37.2,41.1667],[37.3,41.1714],[37.4,41.1846],[37.4846,41.1],[37.4,41.0],[37.3,41.0286],[37.2,41.0333],[37.1,41.04],[37.0,41.0667],[36.9,41.1]]]}},{"type":"Feature","properties":{"layer_id":"change_T20","layer_label":"Change, T>20\u00b0C","low":0.0,"high":10.0,"label":"0\u201310 pp","fill":"#fddbc7","fillOpacity":0.3,"stroke":"#fddbc7","strokeOpacity":0.42,"strokeWeight":0.35},"geometry":{"type":"Polygon","coordinates":[[[39.5,40.9],[39.6,40.9],[39.7,41.0],[39.6,41.1],[39.6,41.1],[39.5,41.2],[39.4,41.1],[39.4,41.0],[39.5,40.9]]]}},{"type":"Feature","properties":{"layer_id":"change_T20","layer_label":"Change, T>20\u00b0C","low":0.0,"high":10.0,"label":"0\u201310 pp","fill":"#fddbc7","fillOpacity":0.3,"stroke":"#fddbc7","strokeOpacity":0.42,"strokeWeight":0.35},"geometry":{"type":"Polygon","coordinates":[[[39.5,41.0],[39.5,41.0],[39.4222,41.1],[39.5,41.1778],[39.5778,41.1],[39.6,41.0333],[39.6333,41.0],[39.6,40.9667],[39.5,41.0]]]}},{"type":"Feature","properties":{"layer_id":"change_T20","layer_label":"Change, T>20\u00b0C","low":0.0,"high":10.0,"label":"0\u201310 pp","fill":"#fddbc7","fillOpacity":0.3,"stroke":"#fddbc7","strokeOpacity":0.42,"strokeWeight":0.35},"geometry":{"type":"Polygon","coordinates":[[[31.1,41.0],[31.2,41.0],[31.3,41.0],[31.4,41.1],[31.4,41.1],[31.5,41.1],[31.6,41.2],[31.6,41.2],[31.7,41.3],[31.7,41.3],[31.8,41.3],[31.9,41.3],[32.0,41.4],[32.0,41.4],[32.1,41.4],[32.2,41.4],[32.3,41.5],[32.3,41.5],[32.4,41.6],[32.4,41.6],[32.5,41.7],[32.4,41.8],[32.3,41.8],[32.2,41.7],[32.2,41.7],[32.1,41.7],[32.0,41.6],[32.0,41.6],[31.9,41.6],[31.8,41.5],[31.8,41.5],[31.7,41.5],[31.6,41.4],[31.6,41.4],[31.5,41.4],[31.4,41.3],[31.4,41.3],[31.3,41.2],[31.3,41.2],[31.2,41.2],[31.1,41.2],[31.0,41.1],[31.1,41.0]]]}},{"type":"Feature","properties":{"layer_id":"change_T20","layer_label":"Change, T>20\u00b0C","low":0.0,"high":10.0,"label":"0\u201310 pp","fill":"#fddbc7","fillOpacity":0.3,"stroke":"#fddbc7","strokeOpacity":0.42,"strokeWeight":0.35},"geometry":{"type":"Polygon","coordinates":[[[31.2,41.1],[31.3,41.1333],[31.325,41.2],[31.4,41.275],[31.4333,41.3],[31.5,41.3667],[31.6,41.3],[31.5,41.22],[31.4857,41.2],[31.4,41.125],[31.3333,41.1],[31.3,41.0667],[31.2,41.1]]]}},{"type":"Feature","properties":{"layer_id":"change_T20","layer_label":"Change, T>20\u00b0C","low":0.0,"high":10.0,"label":"0\u201310 pp","fill":"#fddbc7","fillOpacity":0.3,"stroke":"#fddbc7","strokeOpacity":0.42,"strokeWeight":0.35},"geometry":{"type":"Polygon","coordinates":[[[36.3,41.2],[36.4,41.3],[36.3,41.4],[36.3,41.4],[36.2,41.5],[36.2,41.5],[36.1,41.6],[36.1,41.6],[36.1,41.7],[36.0,41.8],[35.9,41.8],[35.8,41.7],[35.8,41.7],[35.7,41.7],[35.6,41.7],[35.5,41.6],[35.6,41.5],[35.6,41.5],[35.7,41.4],[35.8,41.4],[35.9,41.4],[35.9,41.4],[36.0,41.3],[36.1,41.3],[36.2,41.3],[36.2,41.3],[36.3,41.2]]]}},{"type":"Feature","properties":{"layer_id":"change_T20","layer_label":"Change, T>20\u00b0C","low":0.0,"high":10.0,"label":"0\u201310 pp","fill":"#fddbc7","fillOpacity":0.3,"stroke":"#fddbc7","strokeOpacity":0.42,"strokeWeight":0.35},"geometry":{"type":"Polygon","coordinates":[[[36.1,41.4],[36.1,41.4],[36.0,41.4125],[35.9,41.44],[35.8,41.4667],[35.75,41.5],[35.7,41.5167],[35.6167,41.6],[35.7,41.6714],[35.8,41.6857],[35.84,41.7],[35.9,41.76],[36.0,41.75],[36.05,41.7],[36.0818,41.6],[36.1,41.58],[36.18,41.5],[36.2,41.46],[36.26,41.4],[36.2,41.34],[36.1,41.4]]]}},{"type":"Feature","properties":{"layer_id":"change_T20","layer_label":"Change, T>20\u00b0C","low":0.0,"high":10.0,"label":"0\u201310 pp","fill":"#fddbc7","fillOpacity":0.3,"stroke":"#fddbc7","strokeOpacity":0.42,"strokeWeight":0.35},"geometry":{"type":"Polygon","coordinates":[[[44.9,41.2],[45.0,41.2],[45.0,41.25],[44.9333,41.3],[44.9,41.3111],[44.8,41.3667],[44.775,41.4],[44.75,41.5],[44.8,41.5667],[44.8333,41.6],[44.9,41.65],[45.0,41.65],[45.0,41.7],[44.9,41.7],[44.8,41.7],[44.7,41.6],[44.7,41.5],[44.725,41.4],[44.8,41.3],[44.8,41.3],[44.9,41.2]]]}},{"type":"Feature","properties":{"layer_id":"change_T20","layer_label":"Change, T>20\u00b0C","low":0.0,"high":10.0,"label":"0\u201310 pp","fill":"#fddbc7","fillOpacity":0.3,"stroke":"#fddbc7","strokeOpacity":0.42,"strokeWeight":0.35},"geometry":{"type":"Polygon","coordinates":[[[8.9,41.4],[9.0,41.4],[9.1,41.4],[9.2,41.4],[9.3,41.5],[9.3,41.6],[9.3,41.6],[9.4,41.6],[9.5,41.7],[9.5,41.8],[9.4,41.9],[9.4,41.9],[9.4,41.9],[9.5,41.9],[9.6,42.0],[9.6,42.1],[9.6,42.2],[9.6,42.3],[9.6,42.4],[9.6,42.5],[9.5,42.6],[9.5,42.6],[9.5,42.6],[9.6,42.7],[9.6,42.8],[9.5,42.9],[9.4,42.9],[9.3,42.8],[9.3,42.8],[9.2,42.8],[9.1,42.7],[9.1,42.7],[9.0,42.7],[8.9,42.6],[8.9,42.6],[8.8,42.6],[8.7,42.6],[8.6,42.5],[8.6,42.4],[8.6,42.3],[8.6,42.2],[8.6,42.1],[8.7,42.0],[8.7,42.0],[8.7,41.9],[8.7,41.9],[8.6,41.8],[8.7,41.7],[8.8,41.7],[8.8,41.7],[8.8,41.7],[8.7,41.6],[8.8,41.5],[8.8,41.5],[8.9,41.4]]]}},{"type":"Feature","properties":{"layer_id":"change_T20","layer_label":"Change, T>20\u00b0C","low":0.0,"high":10.0,"label":"0\u201310 pp","fill":"#fddbc7","fillOpacity":0.3,"stroke":"#fddbc7","strokeOpacity":0.42,"strokeWeight":0.35},"geometry":{"type":"Polygon","coordinates":[[[8.85,41.5],[8.9,41.6],[8.9,41.6],[8.9,41.6],[8.8222,41.7],[8.8,41.7333],[8.7,41.8],[8.7333,41.9],[8.74,42.0],[8.725,42.1],[8.7,42.1333],[8.65,42.2],[8.65,42.3],[8.65,42.4],[8.7,42.5],[8.7,42.5],[8.8,42.55],[8.9,42.5],[8.8,42.46],[8.74,42.4],[8.74,42.3],[8.8,42.2],[8.8,42.2],[8.9,42.1],[8.9,42.1],[8.95,42.0],[8.95,41.9],[8.96,41.8],[9.0,41.7],[9.0,41.7],[9.1,41.6875],[9.2,41.7],[9.2,41.7],[9.3,41.8],[9.3,41.8],[9.4,41.8778],[9.4778,41.8],[9.4,41.7125],[9.3667,41.7],[9.3,41.65],[9.2667,41.6],[9.2,41.52],[9.15,41.5],[9.1,41.4667],[9.0,41.45],[8.9,41.45],[8.85,41.5]]]}},{"type":"Feature","properties":{"layer_id":"change_T20","layer_label":"Change, T>20\u00b0C","low":0.0,"high":10.0,"label":"0\u201310 pp","fill":"#fddbc7","fillOpacity":0.3,"stroke":"#fddbc7","strokeOpacity":0.42,"strokeWeight":0.35},"geometry":{"type":"Polygon","coordinates":[[[9.0,41.8],[9.0,41.9],[8.9833,42.0],[8.9667,42.1],[8.9,42.1667],[8.8667,42.2],[8.8,42.2667],[8.78,42.3],[8.78,42.4],[8.8,42.42],[8.9,42.4],[9.0,42.4],[9.0,42.4],[9.1,42.35],[9.15,42.3],[9.1,42.2],[9.2,42.1],[9.2,42.1],[9.2,42.0],[9.2,41.9],[9.2,41.8],[9.2,41.8],[9.1,41.8],[9.0,41.8],[9.0,41.8]]]}},{"type":"Feature","properties":{"layer_id":"change_T20","layer_label":"Change, T>20\u00b0C","low":0.0,"high":10.0,"label":"0\u201310 pp","fill":"#fddbc7","fillOpacity":0.3,"stroke":"#fddbc7","strokeOpacity":0.42,"strokeWeight":0.35},"geometry":{"type":"Polygon","coordinates":[[[9.2667,42.0],[9.2667,42.1],[9.25,42.2],[9.25,42.3],[9.2,42.35],[9.15,42.4],[9.1,42.45],[9.0,42.5],[9.0,42.5],[8.9286,42.6],[9.0,42.6714],[9.1,42.675],[9.14,42.7],[9.2,42.76],[9.3,42.7714],[9.4,42.7667],[9.5,42.8],[9.5667,42.7],[9.5,42.6333],[9.4778,42.6],[9.5,42.55],[9.55,42.5],[9.5833,42.4],[9.575,42.3],[9.56,42.2],[9.5,42.125],[9.4667,42.1],[9.5,42.05],[9.5333,42.0],[9.5,41.9667],[9.4,41.95],[9.3,41.95],[9.2667,42.0]]]}},{"type":"Feature","properties":{"layer_id":"change_T20","layer_label":"Change, T>20\u00b0C","low":0.0,"high":10.0,"label":"0\u201310 pp","fill":"#fddbc7","fillOpacity":0.3,"stroke":"#fddbc7","strokeOpacity":0.42,"strokeWeight":0.35},"geometry":{"type":"Polygon","coordinates":[[[23.1,41.8],[23.2,41.9],[23.1,42.0],[23.0,41.9],[23.1,41.8]]]}},{"type":"Feature","properties":{"layer_id":"change_T20","layer_label":"Change, T>20\u00b0C","low":0.0,"high":10.0,"label":"0\u201310 pp","fill":"#fddbc7","fillOpacity":0.3,"stroke":"#fddbc7","strokeOpacity":0.42,"strokeWeight":0.35},"geometry":{"type":"Polygon","coordinates":[[[34.4,41.8],[34.5,41.8],[34.6,41.8],[34.7,41.8],[34.8,41.8],[34.9,41.8],[35.0,41.8],[35.1,41.8],[35.2,41.9],[35.1,42.0],[35.1,42.0],[35.1,42.1],[35.0,42.2],[34.9,42.1],[34.9,42.0],[34.9,42.0],[34.8,42.0],[34.7,42.0],[34.6,42.0],[34.5,42.0],[34.4,42.0],[34.3,41.9],[34.4,41.8]]]}},{"type":"Feature","properties":{"layer_id":"change_T20","layer_label":"Change, T>20\u00b0C","low":0.0,"high":10.0,"label":"0\u201310 pp","fill":"#fddbc7","fillOpacity":0.3,"stroke":"#fddbc7","strokeOpacity":0.42,"strokeWeight":0.35},"geometry":{"type":"Polygon","coordinates":[[[35.0,41.9],[35.0,41.9],[34.9154,42.0],[34.9167,42.1],[35.0,42.1833],[35.0833,42.1],[35.0846,42.0],[35.1,41.9714],[35.1714,41.9],[35.1,41.8286],[35.0,41.9]]]}},{"type":"Feature","properties":{"layer_id":"change_T20","layer_label":"Change, T>20\u00b0C","low":0.0,"high":10.0,"label":"0\u201310 pp","fill":"#fddbc7","fillOpacity":0.3,"stroke":"#fddbc7","strokeOpacity":0.42,"strokeWeight":0.35},"geometry":{"type":"Polygon","coordinates":[[[20.3,41.9],[20.4,42.0],[20.4,42.1],[20.4,42.2],[20.3,42.3],[20.3,42.3],[20.2,42.4],[20.1,42.3],[20.1,42.2],[20.2,42.1],[20.2,42.1],[20.2,42.0],[20.3,41.9]]]}},{"type":"Feature","properties":{"layer_id":"change_T20","layer_label":"Change, T>20\u00b0C","low":0.0,"high":10.0,"label":"0\u201310 pp","fill":"#fddbc7","fillOpacity":0.3,"stroke":"#fddbc7","strokeOpacity":0.42,"strokeWeight":0.35},"geometry":{"type":"Polygon","coordinates":[[[33.4,41.9],[33.5,42.0],[33.4,42.1],[33.3,42.0],[33.4,41.9]]]}},{"type":"Feature","properties":{"layer_id":"change_T20","layer_label":"Change, T>20\u00b0C","low":0.0,"high":10.0,"label":"0\u201310 pp","fill":"#fddbc7","fillOpacity":0.3,"stroke":"#fddbc7","strokeOpacity":0.42,"strokeWeight":0.35},"geometry":{"type":"Polygon","coordinates":[[[20.6,42.2],[20.7,42.2],[20.8,42.3],[20.8,42.3],[20.9,42.4],[20.8,42.5],[20.7,42.5],[20.6,42.4],[20.6,42.4],[20.5,42.3],[20.6,42.2]]]}},{"type":"Feature","properties":{"layer_id":"change_T20","layer_label":"Change, T>20\u00b0C","low":0.0,"high":10.0,"label":"0\u201310 pp","fill":"#fddbc7","fillOpacity":0.3,"stroke":"#fddbc7","strokeOpacity":0.42,"strokeWeight":0.35},"geometry":{"type":"Polygon","coordinates":[[[21.2,42.3],[21.3,42.3],[21.4,42.4],[21.3,42.5],[21.3,42.5],[21.2,42.6],[21.2,42.6],[21.1,42.7],[21.0,42.6],[21.0,42.6],[20.9,42.5],[21.0,42.4],[21.1,42.4],[21.1,42.4],[21.2,42.3]]]}},{"type":"Feature","properties":{"layer_id":"change_T20","layer_label":"Change, T>20\u00b0C","low":0.0,"high":10.0,"label":"0\u201310 pp","fill":"#fddbc7","fillOpacity":0.3,"stroke":"#fddbc7","strokeOpacity":0.42,"strokeWeight":0.35},"geometry":{"type":"Polygon","coordinates":[[[18.4,42.4],[18.5,42.4],[18.6,42.4],[18.7,42.5],[18.6,42.6],[18.5,42.6],[18.4,42.6],[18.4,42.6],[18.4,42.7],[18.3,42.8],[18.2,42.8],[18.1,42.8],[18.1,42.8],[18.0,42.9],[17.9,42.9],[17.9,42.9],[17.8,43.0],[17.8,43.0],[17.8,43.1],[17.7,43.2],[17.6,43.2],[17.5,43.2],[17.4,43.2],[17.3,43.1],[17.3,43.1],[17.2,43.1],[17.2,43.1],[17.2,43.1],[17.3,43.2],[17.2,43.3],[17.1,43.2],[17.1,43.2],[17.0,43.2],[16.9,43.1],[17.0,43.0],[17.0,43.0],[17.0,43.0],[16.9,42.9],[17.0,42.8],[17.1,42.8],[17.2,42.9],[17.2,42.9],[17.3,42.9],[17.4,43.0],[17.4,43.0],[17.4,43.0],[17.5,42.9],[17.5,42.9],[17.6,42.8],[17.7,42.8],[17.8,42.8],[17.8,42.8],[17.9,42.7],[18.0,42.7],[18.0,42.7],[18.1,42.6],[18.1,42.6],[18.2,42.5],[18.3,42.5],[18.3,42.5],[18.4,42.4]]]}},{"type":"Feature","properties":{"layer_id":"change_T20","layer_label":"Change, T>20\u00b0C","low":0.0,"high":10.0,"label":"0\u201310 pp","fill":"#fddbc7","fillOpacity":0.3,"stroke":"#fddbc7","strokeOpacity":0.42,"strokeWeight":0.35},"geometry":{"type":"Polygon","coordinates":[[[18.325,42.5],[18.3,42.5222],[18.2,42.5182],[18.1182,42.6],[18.1,42.6182],[18.0182,42.7],[18.1,42.7818],[18.2,42.7714],[18.3,42.7],[18.3,42.7],[18.3778,42.6],[18.4,42.575],[18.5,42.55],[18.5667,42.5],[18.5,42.45],[18.4,42.425],[18.325,42.5]]]}},{"type":"Feature","properties":{"layer_id":"change_T20","layer_label":"Change, T>20\u00b0C","low":0.0,"high":10.0,"label":"0\u201310 pp","fill":"#fddbc7","fillOpacity":0.3,"stroke":"#fddbc7","strokeOpacity":0.42,"strokeWeight":0.35},"geometry":{"type":"Polygon","coordinates":[[[17.0,42.9],[17.0286,43.0],[17.0,43.0667],[16.9667,43.1],[17.0,43.1333],[17.1,43.175],[17.175,43.1],[17.2,43.08],[17.3,43.0818],[17.3286,43.1],[17.4,43.1714],[17.5,43.1333],[17.55,43.1],[17.6,43.05],[17.65,43.0],[17.7,42.95],[17.8,42.9],[17.7,42.8667],[17.6,42.84],[17.54,42.9],[17.5,42.9286],[17.4286,43.0],[17.4,43.0286],[17.3818,43.0],[17.3,42.9182],[17.2,42.92],[17.1333,42.9],[17.1,42.8667],[17.0,42.9]]]}},{"type":"Feature","properties":{"layer_id":"change_T20","layer_label":"Change, T>20\u00b0C","low":0.0,"high":10.0,"label":"0\u201310 pp","fill":"#fddbc7","fillOpacity":0.3,"stroke":"#fddbc7","strokeOpacity":0.42,"strokeWeight":0.35},"geometry":{"type":"Polygon","coordinates":[[[11.6,42.7],[11.6,42.7],[11.7,42.8],[11.8,42.8],[11.8,42.8],[11.8,42.8],[11.7,42.9],[11.7,43.0],[11.7,43.0],[11.6,43.0],[11.5,43.0],[11.5,43.0],[11.4,42.9],[11.4,42.9],[11.4,42.8],[11.4,42.8],[11.5,42.8],[11.6,42.7],[11.6,42.7]]]}},{"type":"Feature","properties":{"layer_id":"change_T20","layer_label":"Change, T>20\u00b0C","low":0.0,"high":10.0,"label":"0\u201310 pp","fill":"#fddbc7","fillOpacity":0.3,"stroke":"#fddbc7","strokeOpacity":0.42,"strokeWeight":0.35},"geometry":{"type":"Polygon","coordinates":[[[23.4,42.6],[23.5,42.6],[23.6,42.7],[23.5,42.8],[23.4,42.8],[23.4,42.8],[23.3,42.9],[23.2,42.8],[23.3,42.7],[23.3,42.7],[23.4,42.6]]]}},{"type":"Feature","properties":{"layer_id":"change_T20","layer_label":"Change, T>20\u00b0C","low":0.0,"high":10.0,"label":"0\u201310 pp","fill":"#fddbc7","fillOpacity":0.3,"stroke":"#fddbc7","strokeOpacity":0.42,"strokeWeight":0.35},"geometry":{"type":"Polygon","coordinates":[[[17.4,42.7],[17.5,42.8],[17.4,42.9],[17.3,42.8],[17.4,42.7]]]}},{"type":"Feature","properties":{"layer_id":"change_T20","layer_label":"Change, T>20\u00b0C","low":0.0,"high":10.0,"label":"0\u201310 pp","fill":"#fddbc7","fillOpacity":0.3,"stroke":"#fddbc7","strokeOpacity":0.42,"strokeWeight":0.35},"geometry":{"type":"Polygon","coordinates":[[[21.7,42.9],[21.8,42.9],[21.9,42.9],[22.0,43.0],[22.0,43.1],[22.0,43.2],[22.0,43.3],[21.9,43.4],[21.9,43.4],[21.8,43.5],[21.8,43.5],[21.7,43.6],[21.7,43.6],[21.6,43.7],[21.6,43.7],[21.5,43.8],[21.5,43.8],[21.5,43.9],[21.4,44.0],[21.4,44.0],[21.4,44.0],[21.5,44.1],[21.5,44.2],[21.5,44.3],[21.5,44.4],[21.5,44.4],[21.6,44.4],[21.7,44.5],[21.7,44.6],[21.7,44.7],[21.7,44.8],[21.7,44.9],[21.7,45.0],[21.7,45.1],[21.6,45.2],[21.6,45.2],[21.5,45.3],[21.5,45.3],[21.5,45.3],[21.6,45.4],[21.6,45.5],[21.6,45.5],[21.7,45.6],[21.7,45.7],[21.7,45.7],[21.8,45.7],[21.9,45.7],[22.0,45.7],[22.1,45.8],[22.1,45.8],[22.2,45.9],[22.2,45.9],[22.3,46.0],[22.2,46.1],[22.1,46.1],[22.0,46.1],[21.9,46.1],[21.9,46.1],[21.8,46.2],[21.7,46.2],[21.7,46.2],[21.7,46.2],[21.8,46.2],[21.9,46.3],[21.9,46.3],[21.9,46.3],[22.0,46.2],[22.1,46.3],[22.1,46.4],[22.0,46.5],[22.0,46.5],[22.0,46.6],[22.0,46.6],[22.1,46.7],[22.1,46.8],[22.1,46.9],[22.1,47.0],[22.1,47.0],[22.2,47.1],[22.2,47.1],[22.3,47.2],[22.3,47.2],[22.4,47.2],[22.5,47.3],[22.5,47.3],[22.6,47.3],[22.7,47.4],[22.7,47.5],[22.7,47.6],[22.7,47.7],[22.6,47.8],[22.6,47.8],[22.6,47.9],[22.5,48.0],[22.5,48.0],[22.4,48.1],[22.3,48.1],[22.2,48.1],[22.1,48.0],[22.1,48.0],[22.0,48.0],[22.0,48.0],[22.0,48.1],[22.0,48.2],[22.0,48.3],[21.9,48.4],[21.9,48.4],[21.8,48.5],[21.7,48.5],[21.6,48.4],[21.6,48.4],[21.5,48.4],[21.4,48.3],[21.4,48.3],[21.3,48.3],[21.2,48.3],[21.1,48.2],[21.1,48.2],[21.0,48.1],[21.0,48.0],[21.0,48.0],[20.9,48.0],[20.8,47.9],[20.8,47.8],[20.8,47.8],[20.7,47.7],[20.7,47.7],[20.7,47.7],[20.7,47.8],[20.6,47.9],[20.5,47.9],[20.4,47.8],[20.4,47.8],[20.3,47.8],[20.2,47.8],[20.1,47.8],[20.0,47.8],[19.9,47.7],[19.9,47.7],[19.8,47.7],[19.7,47.7],[19.6,47.6],[19.6,47.5],[19.7,47.4],[19.7,47.4],[19.7,47.4],[19.6,47.3],[19.6,47.3],[19.6,47.3],[19.5,47.4],[19.4,47.4],[19.3,47.4],[19.2,47.4],[19.1,47.4],[19.0,47.4],[18.9,47.4],[18.8,47.3],[18.8,47.3],[18.7,47.3],[18.6,47.3],[18.5,47.2],[18.5,47.2],[18.5,47.2],[18.4,47.3],[18.3,47.2],[18.3,47.2],[18.2,47.2],[18.1,47.1],[18.1,47.1],[18.0,47.0667],[17.9,47.1],[17.8,47.1],[17.7,47.0],[17.7,47.0],[17.6,46.9],[17.6,46.9],[17.5,46.9],[17.4,46.9],[17.3,46.8],[17.3,46.8],[17.2,46.75],[17.1,46.8],[17.0,46.8],[16.9,46.7],[16.9,46.6],[16.9,46.5],[16.9,46.5],[16.8,46.4],[16.9,46.3],[17.0,46.3],[17.0,46.3],[17.0,46.2],[17.0,46.1],[17.0,46.0],[17.0,46.0],[16.9,46.0],[16.8,46.0],[16.7,46.0],[16.6,46.0],[16.5,45.9],[16.5,45.9],[16.4,45.8],[16.4,45.8],[16.3,45.8],[16.2,45.7],[16.3,45.6],[16.3,45.6],[16.3,45.5],[16.3,45.5],[16.2,45.4],[16.3,45.3],[16.4,45.3],[16.5,45.3],[16.5,45.3],[16.6,45.2],[16.7,45.2],[16.7,45.2],[16.8,45.1],[16.9,45.1],[17.0,45.1],[17.1,45.1],[17.1,45.1],[17.2,45.0],[17.2,45.0],[17.3,44.9],[17.4,44.9],[17.5,44.9],[17.6,45.0],[17.6,45.0],[17.7,45.0],[17.8,45.0],[17.9,45.0],[18.0,45.0],[18.1,45.0],[18.2,45.0],[18.3,45.0],[18.3,45.0],[18.4,44.9],[18.4,44.9],[18.5,44.8],[18.6,44.8],[18.7,44.8],[18.7,44.8],[18.8,44.7],[18.9,44.7],[19.0,44.7],[19.0,44.7],[19.0,44.6],[19.1,44.5],[19.2,44.5],[19.3,44.5],[19.3,44.5],[19.4,44.4],[19.5,44.4],[19.6,44.4],[19.7,44.4],[19.7,44.4],[19.8,44.3],[19.9,44.3],[20.0,44.3],[20.0,44.3],[20.1,44.2],[20.2,44.2],[20.3,44.2],[20.4,44.2],[20.5,44.2],[20.6,44.2],[20.6,44.2],[20.6,44.1],[20.6,44.0],[20.6,44.0],[20.5,43.9],[20.6,43.8],[20.7,43.8],[20.8,43.8],[20.9,43.9],[20.9,43.9],[21.0,43.9],[21.0,43.9],[21.1,43.8],[21.1,43.8],[21.1,43.7],[21.1,43.7],[21.0,43.6],[21.0,43.5],[21.1,43.4],[21.2,43.4],[21.3,43.5],[21.3,43.5],[21.4,43.5],[21.4,43.5],[21.5,43.4],[21.6,43.4],[21.6,43.4],[21.6,43.3],[21.6,43.2],[21.6,43.1],[21.6,43.0],[21.7,42.9]]]}},{"type":"Feature","properties":{"layer_id":"change_T20","layer_label":"Change, T>20\u00b0C","low":0.0,"high":10.0,"label":"0\u201310 pp","fill":"#fddbc7","fillOpacity":0.3,"stroke":"#fddbc7","strokeOpacity":0.42,"strokeWeight":0.35},"geometry":{"type":"Polygon","coordinates":[[[20.6,44.6],[20.6,44.6],[20.5,44.65],[20.45,44.7],[20.4,44.8],[20.4,44.9],[20.4,44.9],[20.3,44.9],[20.2,45.0],[20.2,45.0],[20.1,45.0],[20.0,45.1],[20.0,45.1],[19.9,45.2],[20.0,45.3],[20.0,45.3],[20.1,45.4],[20.2,45.4],[20.2,45.4],[20.3,45.5],[20.3,45.5],[20.4,45.6],[20.4,45.6],[20.5,45.7],[20.6,45.7],[20.7,45.6],[20.7,45.5],[20.6,45.4],[20.6,45.4],[20.6,45.4],[20.7,45.3],[20.7,45.2],[20.7,45.2],[20.7,45.2],[20.8,45.3],[20.9,45.3],[20.9,45.3],[21.0,45.4],[21.05,45.3],[21.1,45.2],[21.1,45.1],[21.05,45.0],[21.0,44.9],[20.9,44.9],[20.85,45.0],[20.8,45.1],[20.8,45.1],[20.8,45.1],[20.7,45.0333],[20.675,45.0],[20.7,44.9667],[20.8,44.9],[20.8,44.9],[20.9,44.9],[21.0,44.9],[21.1,44.9],[21.2,44.8],[21.15,44.7],[21.1,44.6],[21.0,44.7],[21.0,44.7],[20.9,44.7],[20.8,44.7],[20.8,44.7],[20.8,44.7],[20.85,44.6],[20.8,44.5],[20.7,44.5],[20.6,44.6]]]}},{"type":"Feature","properties":{"layer_id":"change_T20","layer_label":"Change, T>20\u00b0C","low":0.0,"high":10.0,"label":"0\u201310 pp","fill":"#fddbc7","fillOpacity":0.3,"stroke":"#fddbc7","strokeOpacity":0.42,"strokeWeight":0.35},"geometry":{"type":"Polygon","coordinates":[[[19.8,44.7],[19.9,44.8],[20.0,44.7],[19.9,44.6],[19.8,44.7]]]}},{"type":"Feature","properties":{"layer_id":"change_T20","layer_label":"Change, T>20\u00b0C","low":0.0,"high":10.0,"label":"0\u201310 pp","fill":"#fddbc7","fillOpacity":0.3,"stroke":"#fddbc7","strokeOpacity":0.42,"strokeWeight":0.35},"geometry":{"type":"Polygon","coordinates":[[[19.65,44.9],[19.7,45.0],[19.8,45.0],[19.9,44.9],[19.8,44.8],[19.7,44.85],[19.65,44.9]]]}},{"type":"Feature","properties":{"layer_id":"change_T20","layer_label":"Change, T>20\u00b0C","low":0.0,"high":10.0,"label":"0\u201310 pp","fill":"#fddbc7","fillOpacity":0.3,"stroke":"#fddbc7","strokeOpacity":0.42,"strokeWeight":0.35},"geometry":{"type":"Polygon","coordinates":[[[17.4,45.3],[17.3,45.4],[17.3,45.4],[17.2,45.5],[17.1,45.5],[17.1,45.5],[17.1,45.6],[17.1,45.6],[17.1,45.6],[17.2,45.5],[17.3,45.6],[17.3,45.6],[17.4,45.7],[17.4,45.7],[17.5,45.7],[17.6,45.7],[17.6,45.7],[17.7,45.6],[17.8,45.7],[17.8,45.7],[17.9,45.7],[17.9,45.7],[18.0,45.6],[18.0,45.6],[18.1,45.5],[18.1,45.5],[18.2,45.4],[18.2,45.4],[18.3,45.3],[18.3,45.3],[18.3,45.3],[18.2,45.3],[18.1,45.3],[18.0,45.3],[17.9,45.3],[17.9,45.3],[17.8,45.4],[17.7,45.4],[17.6,45.4],[17.5,45.4],[17.4,45.3],[17.4,45.3],[17.4,45.3]]]}},{"type":"Feature","properties":{"layer_id":"change_T20","layer_label":"Change, T>20\u00b0C","low":0.0,"high":10.0,"label":"0\u201310 pp","fill":"#fddbc7","fillOpacity":0.3,"stroke":"#fddbc7","strokeOpacity":0.42,"strokeWeight":0.35},"geometry":{"type":"Polygon","coordinates":[[[19.3,45.5],[19.2,45.6],[19.1,45.6],[19.1,45.6],[19.1,45.7],[19.1,45.8],[19.1,45.8],[19.1,45.8],[19.2,45.7],[19.2,45.7],[19.3,45.6],[19.3,45.6],[19.4,45.5],[19.5,45.5],[19.6,45.5],[19.6,45.5],[19.6,45.5],[19.5,45.5],[19.4,45.5],[19.3,45.5],[19.3,45.5]]]}},{"type":"Feature","properties":{"layer_id":"change_T20","layer_label":"Change, T>20\u00b0C","low":0.0,"high":10.0,"label":"0\u201310 pp","fill":"#fddbc7","fillOpacity":0.3,"stroke":"#fddbc7","strokeOpacity":0.42,"strokeWeight":0.35},"geometry":{"type":"Polygon","coordinates":[[[16.7,45.6],[16.7,45.7],[16.7,45.8],[16.7,45.8],[16.8,45.8],[16.9,45.8],[17.0,45.8],[17.0,45.8],[17.0,45.8],[16.9,45.8],[16.8,45.7],[16.8,45.7],[16.7,45.6],[16.7,45.6],[16.7,45.6]]]}},{"type":"Feature","properties":{"layer_id":"change_T20","layer_label":"Change, T>20\u00b0C","low":0.0,"high":10.0,"label":"0\u201310 pp","fill":"#fddbc7","fillOpacity":0.3,"stroke":"#fddbc7","strokeOpacity":0.42,"strokeWeight":0.35},"geometry":{"type":"Polygon","coordinates":[[[18.2,45.7],[18.1,45.8],[18.1,45.8],[18.1,45.8],[18.2,45.9],[18.2,45.9],[18.3,46.0],[18.2,46.1],[18.1,46.1],[18.0,46.1],[18.0,46.1],[17.9,46.2],[17.8,46.2],[17.8,46.2],[17.8,46.2],[17.9,46.2],[18.0,46.2],[18.1,46.3],[18.1,46.3],[18.2,46.4],[18.2,46.4],[18.2,46.4],[18.3,46.3],[18.4,46.4],[18.4,46.4],[18.4,46.4],[18.5,46.3],[18.6,46.3],[18.7,46.3],[18.8,46.3],[18.8,46.3],[18.8,46.2],[18.8,46.2],[18.7,46.2],[18.6,46.2],[18.5,46.1],[18.5,46.1],[18.4,46.0],[18.5,45.9],[18.6,45.9],[18.7,46.0],[18.7,46.0],[18.7,46.0],[18.7,45.9],[18.8,45.8],[18.8,45.8],[18.8,45.8],[18.7,45.8],[18.6,45.8],[18.5,45.8],[18.4,45.75],[18.3,45.7],[18.3,45.7],[18.2,45.7],[18.2,45.7]]]}},{"type":"Feature","properties":{"layer_id":"change_T20","layer_label":"Change, T>20\u00b0C","low":0.0,"high":10.0,"label":"0\u201310 pp","fill":"#fddbc7","fillOpacity":0.3,"stroke":"#fddbc7","strokeOpacity":0.42,"strokeWeight":0.35},"geometry":{"type":"Polygon","coordinates":[[[21.2,46.5],[21.2,46.6],[21.2,46.7],[21.2,46.8],[21.1,46.9],[21.1,46.9],[21.1,46.9],[21.2,46.9],[21.2,46.9],[21.2,46.8],[21.3,46.7],[21.3,46.7],[21.3,46.6],[21.3,46.6],[21.2,46.5],[21.2,46.5],[21.2,46.5]]]}},{"type":"Feature","properties":{"layer_id":"change_T20","layer_label":"Change, T>20\u00b0C","low":0.0,"high":10.0,"label":"0\u201310 pp","fill":"#fddbc7","fillOpacity":0.3,"stroke":"#fddbc7","strokeOpacity":0.42,"strokeWeight":0.35},"geometry":{"type":"Polygon","coordinates":[[[20.2,47.2],[20.1,47.3],[20.1,47.3],[20.0,47.4],[20.0,47.4],[20.0,47.4],[20.1,47.4],[20.2,47.4],[20.3,47.4],[20.4,47.5],[20.4,47.5],[20.5,47.6],[20.5,47.6],[20.6,47.6],[20.6,47.6],[20.6,47.5],[20.6,47.5],[20.5,47.4],[20.5,47.4],[20.4,47.3],[20.4,47.3],[20.3,47.3],[20.2,47.2],[20.2,47.2],[20.2,47.2]]]}},{"type":"Feature","properties":{"layer_id":"change_T20","layer_label":"Change, T>20\u00b0C","low":0.0,"high":10.0,"label":"0\u201310 pp","fill":"#fddbc7","fillOpacity":0.3,"stroke":"#fddbc7","strokeOpacity":0.42,"strokeWeight":0.35},"geometry":{"type":"Polygon","coordinates":[[[11.0,43.1],[11.1,43.0667],[11.2,43.1],[11.3,43.1],[11.3,43.1],[11.3,43.1],[11.2,43.2],[11.2,43.2],[11.1,43.2],[11.0,43.2],[10.9,43.2],[10.9,43.2],[10.9,43.2],[11.0,43.1],[11.0,43.1]]]}},{"type":"Feature","properties":{"layer_id":"change_T20","layer_label":"Change, T>20\u00b0C","low":0.0,"high":10.0,"label":"0\u201310 pp","fill":"#fddbc7","fillOpacity":0.3,"stroke":"#fddbc7","strokeOpacity":0.42,"strokeWeight":0.35},"geometry":{"type":"Polygon","coordinates":[[[40.6,43.0],[40.7,43.1],[40.6,43.2],[40.6,43.2],[40.5,43.3],[40.4,43.3],[40.3,43.2],[40.4,43.1],[40.5,43.1],[40.5,43.1],[40.6,43.0]]]}},{"type":"Feature","properties":{"layer_id":"change_T20","layer_label":"Change, T>20\u00b0C","low":0.0,"high":10.0,"label":"0\u201310 pp","fill":"#fddbc7","fillOpacity":0.3,"stroke":"#fddbc7","strokeOpacity":0.42,"strokeWeight":0.35},"geometry":{"type":"Polygon","coordinates":[[[40.5154,43.1],[40.5,43.12],[40.4,43.1143],[40.3143,43.2],[40.4,43.2857],[40.5,43.28],[40.58,43.2],[40.6,43.1846],[40.6846,43.1],[40.6,43.0154],[40.5154,43.1]]]}},{"type":"Feature","properties":{"layer_id":"change_T20","layer_label":"Change, T>20\u00b0C","low":0.0,"high":10.0,"label":"0\u201310 pp","fill":"#fddbc7","fillOpacity":0.3,"stroke":"#fddbc7","strokeOpacity":0.42,"strokeWeight":0.35},"geometry":{"type":"Polygon","coordinates":[[[16.6,43.2],[16.7,43.2],[16.8,43.3],[16.7,43.4],[16.6,43.4],[16.5,43.3],[16.6,43.2]]]}},{"type":"Feature","properties":{"layer_id":"change_T20","layer_label":"Change, T>20\u00b0C","low":0.0,"high":10.0,"label":"0\u201310 pp","fill":"#fddbc7","fillOpacity":0.3,"stroke":"#fddbc7","strokeOpacity":0.42,"strokeWeight":0.35},"geometry":{"type":"Polygon","coordinates":[[[16.52,43.3],[16.6,43.38],[16.7,43.3818],[16.7818,43.3],[16.7,43.2182],[16.6,43.22],[16.52,43.3]]]}},{"type":"Feature","properties":{"layer_id":"change_T20","layer_label":"Change, T>20\u00b0C","low":0.0,"high":10.0,"label":"0\u201310 pp","fill":"#fddbc7","fillOpacity":0.3,"stroke":"#fddbc7","strokeOpacity":0.42,"strokeWeight":0.35},"geometry":{"type":"Polygon","coordinates":[[[17.0,43.2],[17.1,43.3],[17.1,43.4],[17.0,43.5],[17.0,43.5],[16.9,43.6],[16.8,43.6],[16.7,43.6],[16.7,43.6],[16.6,43.7],[16.5,43.7],[16.4,43.7],[16.3,43.7],[16.3,43.7],[16.2,43.8],[16.2,43.8],[16.2,43.9],[16.1,44.0],[16.0,44.0],[16.0,44.0],[15.9,44.1],[15.9,44.1],[15.8,44.2],[15.8,44.2],[15.7,44.3],[15.6,44.3],[15.5,44.3],[15.5,44.3],[15.4,44.4],[15.3,44.3],[15.3,44.3],[15.2,44.3],[15.1,44.2],[15.2,44.1],[15.2,44.1],[15.3,44.0],[15.3,44.0],[15.4,43.9],[15.5,43.9],[15.6,43.9],[15.6,43.9],[15.6,43.8],[15.7,43.7],[15.8,43.7],[15.9,43.7],[15.9,43.7],[15.9,43.6],[16.0,43.5],[16.1,43.5],[16.2,43.5],[16.3,43.5],[16.4,43.5],[16.5,43.5],[16.5,43.5],[16.6,43.4],[16.7,43.4],[16.8,43.4],[16.8,43.4],[16.9,43.3],[16.9,43.3],[17.0,43.2]]]}},{"type":"Feature","properties":{"layer_id":"change_T20","layer_label":"Change, T>20\u00b0C","low":0.0,"high":10.0,"label":"0\u201310 pp","fill":"#fddbc7","fillOpacity":0.3,"stroke":"#fddbc7","strokeOpacity":0.42,"strokeWeight":0.35},"geometry":{"type":"Polygon","coordinates":[[[16.9667,43.3],[16.9,43.3286],[16.8286,43.4],[16.9,43.4833],[17.0,43.4],[17.0,43.4],[17.0333,43.3],[17.0,43.2667],[16.9667,43.3]]]}},{"type":"Feature","properties":{"layer_id":"change_T20","layer_label":"Change, T>20\u00b0C","low":0.0,"high":10.0,"label":"0\u201310 pp","fill":"#fddbc7","fillOpacity":0.3,"stroke":"#fddbc7","strokeOpacity":0.42,"strokeWeight":0.35},"geometry":{"type":"Polygon","coordinates":[[[16.525,43.5],[16.5,43.5667],[16.4,43.5667],[16.3,43.54],[16.2,43.55],[16.1,43.525],[16.0,43.52],[15.92,43.6],[15.925,43.7],[15.9,43.7182],[15.8,43.7182],[15.7,43.72],[15.62,43.8],[15.6222,43.9],[15.6,43.95],[15.5,43.925],[15.4,43.925],[15.325,44.0],[15.3,44.025],[15.225,44.1],[15.2,44.12],[15.12,44.2],[15.2,44.28],[15.3,44.275],[15.3667,44.3],[15.4,44.3333],[15.4333,44.3],[15.5,44.2667],[15.6,44.2333],[15.65,44.2],[15.7,44.1667],[15.7667,44.1],[15.8,44.0667],[15.9,44.0],[15.9,44.0],[16.0,43.95],[16.1,43.9333],[16.1333,43.9],[16.1,43.8],[16.1,43.8],[16.1,43.8],[16.1667,43.7],[16.2,43.6667],[16.3,43.66],[16.4,43.6333],[16.5,43.6333],[16.55,43.6],[16.6,43.5857],[16.7,43.55],[16.8,43.5],[16.7,43.45],[16.6,43.425],[16.525,43.5]]]}},{"type":"Feature","properties":{"layer_id":"change_T20","layer_label":"Change, T>20\u00b0C","low":0.0,"high":10.0,"label":"0\u201310 pp","fill":"#fddbc7","fillOpacity":0.3,"stroke":"#fddbc7","strokeOpacity":0.42,"strokeWeight":0.35},"geometry":{"type":"Polygon","coordinates":[[[1.0,43.5],[1.1,43.5],[1.2,43.5],[1.3,43.5],[1.4,43.5],[1.5,43.5],[1.6,43.6],[1.6,43.7],[1.6,43.8],[1.6,43.9],[1.6,44.0],[1.6,44.0],[1.7,44.1],[1.6,44.2],[1.6,44.2],[1.5,44.3],[1.4,44.3],[1.3,44.3],[1.2,44.3],[1.1,44.2],[1.1,44.2],[1.0,44.1],[1.0,44.1],[1.0,44.1],[0.9,44.2],[0.8,44.2],[0.7,44.2],[0.6,44.2],[0.5,44.1],[0.5,44.0],[0.6,43.9],[0.6,43.9],[0.6,43.8],[0.7,43.7],[0.7,43.7],[0.8,43.6],[0.9,43.6],[0.9,43.6],[1.0,43.5]]]}},{"type":"Feature","properties":{"layer_id":"change_T20","layer_label":"Change, T>20\u00b0C","low":0.0,"high":10.0,"label":"0\u201310 pp","fill":"#fddbc7","fillOpacity":0.3,"stroke":"#fddbc7","strokeOpacity":0.42,"strokeWeight":0.35},"geometry":{"type":"Polygon","coordinates":[[[1.2,44.0],[1.3,44.1],[1.4,44.1],[1.5,44.0],[1.4,43.9],[1.3,43.9],[1.2,44.0]]]}},{"type":"Feature","properties":{"layer_id":"change_T20","layer_label":"Change, T>20\u00b0C","low":0.0,"high":10.0,"label":"0\u201310 pp","fill":"#fddbc7","fillOpacity":0.3,"stroke":"#fddbc7","strokeOpacity":0.42,"strokeWeight":0.35},"geometry":{"type":"Polygon","coordinates":[[[-1.4,43.6],[-1.3,43.7],[-1.3,43.8],[-1.3,43.9],[-1.4,44.0],[-1.5,43.9],[-1.5,43.8],[-1.5,43.7],[-1.4,43.6]]]}},{"type":"Feature","properties":{"layer_id":"change_T20","layer_label":"Change, T>20\u00b0C","low":0.0,"high":10.0,"label":"0\u201310 pp","fill":"#fddbc7","fillOpacity":0.3,"stroke":"#fddbc7","strokeOpacity":0.42,"strokeWeight":0.35},"geometry":{"type":"Polygon","coordinates":[[[7.8,43.7],[7.9,43.8],[7.9,43.8],[8.0,43.8],[8.1,43.8],[8.2,43.9],[8.2,44.0],[8.2,44.0],[8.3,44.1],[8.3,44.2],[8.3,44.2],[8.4,44.2],[8.5,44.3],[8.5,44.3],[8.6,44.3],[8.7,44.4],[8.6,44.5],[8.5,44.5],[8.5,44.5],[8.4,44.6],[8.3,44.5],[8.3,44.5],[8.2,44.4],[8.2,44.3],[8.2,44.3],[8.1,44.2],[8.1,44.2],[8.0,44.2],[7.9,44.1],[7.9,44.0],[7.9,44.0],[7.8,44.0],[7.7,44.0],[7.6,43.9],[7.7,43.8],[7.7,43.8],[7.8,43.7]]]}},{"type":"Feature","properties":{"layer_id":"change_T20","layer_label":"Change, T>20\u00b0C","low":0.0,"high":10.0,"label":"0\u201310 pp","fill":"#fddbc7","fillOpacity":0.3,"stroke":"#fddbc7","strokeOpacity":0.42,"strokeWeight":0.35},"geometry":{"type":"Polygon","coordinates":[[[7.7333,43.8],[7.7,43.9],[7.8,43.9333],[7.9,43.95],[7.9333,44.0],[8.0,44.08],[8.02,44.1],[8.1,44.1667],[8.2,44.1889],[8.28,44.1],[8.2,44.02],[8.175,44.0],[8.18,43.9],[8.1,43.82],[8.0,43.8222],[7.9,43.85],[7.8667,43.8],[7.8,43.7333],[7.7333,43.8]]]}},{"type":"Feature","properties":{"layer_id":"change_T20","layer_label":"Change, T>20\u00b0C","low":0.0,"high":10.0,"label":"0\u201310 pp","fill":"#fddbc7","fillOpacity":0.3,"stroke":"#fddbc7","strokeOpacity":0.42,"strokeWeight":0.35},"geometry":{"type":"Polygon","coordinates":[[[8.3,44.3],[8.32,44.4],[8.4,44.5],[8.5,44.4667],[8.6,44.4667],[8.6667,44.4],[8.6,44.3333],[8.5,44.3333],[8.4667,44.3],[8.4,44.2333],[8.3,44.3]]]}},{"type":"Feature","properties":{"layer_id":"change_T20","layer_label":"Change, T>20\u00b0C","low":0.0,"high":10.0,"label":"0\u201310 pp","fill":"#fddbc7","fillOpacity":0.3,"stroke":"#fddbc7","strokeOpacity":0.42,"strokeWeight":0.35},"geometry":{"type":"Polygon","coordinates":[[[24.0,43.9667],[24.1,43.95],[24.2,43.95],[24.25,44.0],[24.2,44.1],[24.2,44.1],[24.1,44.1],[24.1,44.1],[24.0,44.05],[23.98,44.0],[24.0,43.9667]]]}},{"type":"Feature","properties":{"layer_id":"change_T20","layer_label":"Change, T>20\u00b0C","low":0.0,"high":10.0,"label":"0\u201310 pp","fill":"#fddbc7","fillOpacity":0.3,"stroke":"#fddbc7","strokeOpacity":0.42,"strokeWeight":0.35},"geometry":{"type":"Polygon","coordinates":[[[-1.3,44.3],[-1.2,44.3],[-1.1,44.4],[-1.2,44.5],[-1.3,44.5],[-1.4,44.4],[-1.3,44.3]]]}},{"type":"Feature","properties":{"layer_id":"change_T20","layer_label":"Change, T>20\u00b0C","low":0.0,"high":10.0,"label":"0\u201310 pp","fill":"#fddbc7","fillOpacity":0.3,"stroke":"#fddbc7","strokeOpacity":0.42,"strokeWeight":0.35},"geometry":{"type":"Polygon","coordinates":[[[15.1,44.3],[15.2,44.3],[15.3,44.4],[15.2,44.5],[15.2,44.5],[15.1,44.6],[15.1,44.6],[15.0,44.7],[14.9,44.7],[14.8,44.6],[14.9,44.5],[15.0,44.5],[15.0,44.5],[15.0,44.4],[15.1,44.3]]]}},{"type":"Feature","properties":{"layer_id":"change_T20","layer_label":"Change, T>20\u00b0C","low":0.0,"high":10.0,"label":"0\u201310 pp","fill":"#fddbc7","fillOpacity":0.3,"stroke":"#fddbc7","strokeOpacity":0.42,"strokeWeight":0.35},"geometry":{"type":"Polygon","coordinates":[[[8.8,44.4],[8.9,44.4],[9.0,44.5],[8.9,44.6],[8.8,44.6],[8.7,44.5],[8.8,44.4]]]}},{"type":"Feature","properties":{"layer_id":"change_T20","layer_label":"Change, T>20\u00b0C","low":0.0,"high":10.0,"label":"0\u201310 pp","fill":"#fddbc7","fillOpacity":0.3,"stroke":"#fddbc7","strokeOpacity":0.42,"strokeWeight":0.35},"geometry":{"type":"Polygon","coordinates":[[[28.3,44.7],[28.4,44.7],[28.4,44.7],[28.5,44.75],[28.55,44.8],[28.5,44.9],[28.5,45.0],[28.5,45.1],[28.5,45.1],[28.4,45.1],[28.4,45.1],[28.4,45.1],[28.5,45.0],[28.4,44.9],[28.4,44.9],[28.3,44.8],[28.3,44.8],[28.3,44.7],[28.3,44.7]]]}},{"type":"Feature","properties":{"layer_id":"change_T20","layer_label":"Change, T>20\u00b0C","low":0.0,"high":10.0,"label":"0\u201310 pp","fill":"#fddbc7","fillOpacity":0.3,"stroke":"#fddbc7","strokeOpacity":0.42,"strokeWeight":0.35},"geometry":{"type":"Polygon","coordinates":[[[14.3,44.8],[14.4,44.8],[14.5,44.9],[14.4,45.0],[14.3,45.0],[14.2,44.9],[14.3,44.8]]]}},{"type":"Feature","properties":{"layer_id":"change_T20","layer_label":"Change, T>20\u00b0C","low":0.0,"high":10.0,"label":"0\u201310 pp","fill":"#fddbc7","fillOpacity":0.3,"stroke":"#fddbc7","strokeOpacity":0.42,"strokeWeight":0.35},"geometry":{"type":"Polygon","coordinates":[[[14.2333,44.9],[14.3,44.9667],[14.4,44.9667],[14.4667,44.9],[14.4,44.8333],[14.3,44.8333],[14.2333,44.9]]]}},{"type":"Feature","properties":{"layer_id":"change_T20","layer_label":"Change, T>20\u00b0C","low":0.0,"high":10.0,"label":"0\u201310 pp","fill":"#fddbc7","fillOpacity":0.3,"stroke":"#fddbc7","strokeOpacity":0.42,"strokeWeight":0.35},"geometry":{"type":"Polygon","coordinates":[[[14.7,44.9],[14.8,45.0],[14.7,45.1],[14.7,45.1],[14.7,45.2],[14.6,45.3],[14.5,45.2],[14.5,45.2],[14.4,45.1],[14.5,45.0],[14.6,45.0],[14.6,45.0],[14.7,44.9]]]}},{"type":"Feature","properties":{"layer_id":"change_T20","layer_label":"Change, T>20\u00b0C","low":0.0,"high":10.0,"label":"0\u201310 pp","fill":"#fddbc7","fillOpacity":0.3,"stroke":"#fddbc7","strokeOpacity":0.42,"strokeWeight":0.35},"geometry":{"type":"Polygon","coordinates":[[[36.8,45.1],[36.9,45.1],[37.0,45.2],[37.0,45.2],[37.1,45.3],[37.0,45.4],[36.9,45.3],[36.9,45.3],[36.8,45.3],[36.7,45.2],[36.8,45.1]]]}},{"type":"Feature","properties":{"layer_id":"change_T20","layer_label":"Change, T>20\u00b0C","low":0.0,"high":10.0,"label":"0\u201310 pp","fill":"#fddbc7","fillOpacity":0.3,"stroke":"#fddbc7","strokeOpacity":0.42,"strokeWeight":0.35},"geometry":{"type":"Polygon","coordinates":[[[5.3,45.6],[5.4,45.6],[5.5,45.6],[5.6,45.6],[5.7,45.6],[5.8,45.7],[5.8,45.7],[5.9,45.8],[5.8,45.9],[5.7,45.9],[5.6,45.8],[5.6,45.8],[5.5,45.8],[5.4,45.8],[5.3,45.8],[5.2,45.7],[5.3,45.6]]]}},{"type":"Feature","properties":{"layer_id":"change_T20","layer_label":"Change, T>20\u00b0C","low":0.0,"high":10.0,"label":"0\u201310 pp","fill":"#fddbc7","fillOpacity":0.3,"stroke":"#fddbc7","strokeOpacity":0.42,"strokeWeight":0.35},"geometry":{"type":"Polygon","coordinates":[[[5.2,46.0],[5.3,46.0],[5.4,46.1],[5.4,46.2],[5.3,46.3],[5.3,46.3],[5.3,46.4],[5.2,46.5],[5.2,46.5],[5.2,46.6],[5.1,46.7],[5.0,46.6],[5.0,46.6],[4.9,46.6],[4.9,46.6],[4.8,46.7],[4.7,46.7],[4.6,46.6],[4.6,46.5],[4.7,46.4],[4.8,46.4],[4.9,46.4],[5.0,46.4],[5.1,46.4],[5.1,46.4],[5.1,46.3],[5.2,46.2],[5.2,46.2],[5.2,46.2],[5.1,46.1],[5.2,46.0]]]}},{"type":"Feature","properties":{"layer_id":"change_T20","layer_label":"Change, T>20\u00b0C","low":0.0,"high":10.0,"label":"0\u201310 pp","fill":"#fddbc7","fillOpacity":0.3,"stroke":"#fddbc7","strokeOpacity":0.42,"strokeWeight":0.35},"geometry":{"type":"Polygon","coordinates":[[[30.2,46.2778],[30.3,46.2818],[30.4,46.2818],[30.4182,46.3],[30.4,46.325],[30.3,46.325],[30.225,46.4],[30.2,46.4667],[30.16,46.4],[30.16,46.3],[30.2,46.2778]]]}},{"type":"Feature","properties":{"layer_id":"change_T20","layer_label":"Change, T>20\u00b0C","low":0.0,"high":10.0,"label":"0\u201310 pp","fill":"#fddbc7","fillOpacity":0.3,"stroke":"#fddbc7","strokeOpacity":0.42,"strokeWeight":0.35},"geometry":{"type":"Polygon","coordinates":[[[6.5,46.4],[6.6,46.5],[6.5,46.6],[6.4,46.5],[6.5,46.4]]]}},{"type":"Feature","properties":{"layer_id":"change_T20","layer_label":"Change, T>20\u00b0C","low":0.0,"high":10.0,"label":"0\u201310 pp","fill":"#fddbc7","fillOpacity":0.3,"stroke":"#fddbc7","strokeOpacity":0.42,"strokeWeight":0.35},"geometry":{"type":"Polygon","coordinates":[[[29.2,46.5],[29.3,46.5],[29.4,46.5],[29.5,46.5],[29.6,46.5],[29.7,46.5],[29.7,46.5],[29.7,46.5],[29.6,46.5],[29.5,46.6],[29.5,46.6],[29.4,46.6],[29.3,46.6],[29.3,46.6],[29.2,46.5],[29.2,46.5],[29.2,46.5]]]}},{"type":"Feature","properties":{"layer_id":"change_T20","layer_label":"Change, T>20\u00b0C","low":0.0,"high":10.0,"label":"0\u201310 pp","fill":"#fddbc7","fillOpacity":0.3,"stroke":"#fddbc7","strokeOpacity":0.42,"strokeWeight":0.35},"geometry":{"type":"Polygon","coordinates":[[[30.1,46.7],[30.2,46.7],[30.3,46.7],[30.4,46.7],[30.4,46.7],[30.4,46.8],[30.5,46.9],[30.6,46.9],[30.7,46.8],[30.7,46.8],[30.8,46.78],[30.9,46.8],[31.0,46.8],[31.1,46.7875],[31.1333,46.8],[31.15,46.9],[31.2,46.95],[31.3,46.95],[31.4,46.95],[31.5,46.95],[31.6,47.0],[31.7,47.0],[31.8,47.0],[31.9,47.0],[32.0,47.0],[32.0,47.0],[32.1,47.1],[32.2,47.1],[32.3,47.1],[32.4,47.1],[32.5,47.1],[32.5,47.1],[32.6,47.2],[32.6,47.2],[32.6,47.2],[32.5,47.2],[32.4,47.2],[32.3,47.2],[32.2,47.2],[32.1,47.2],[32.05,47.3],[32.0,47.4],[32.0,47.4],[32.0,47.4],[31.9,47.35],[31.8,47.4],[31.8,47.4],[31.7,47.4],[31.7,47.4],[31.6,47.35],[31.5,47.35],[31.4,47.3],[31.3,47.3],[31.2,47.3],[31.1,47.3],[31.1,47.3],[31.0,47.2],[30.9,47.2],[30.8,47.2],[30.7,47.2],[30.7,47.2],[30.6,47.1],[30.5,47.1],[30.4,47.1],[30.4,47.1],[30.4,47.0],[30.3,46.9],[30.2,46.9],[30.2,46.9],[30.2,46.8],[30.1,46.7],[30.1,46.7],[30.1,46.7]]]}},{"type":"Feature","properties":{"layer_id":"change_T20","layer_label":"Change, T>20\u00b0C","low":0.0,"high":10.0,"label":"0\u201310 pp","fill":"#fddbc7","fillOpacity":0.3,"stroke":"#fddbc7","strokeOpacity":0.42,"strokeWeight":0.35},"geometry":{"type":"Polygon","coordinates":[[[30.4,47.0],[30.5,47.1],[30.6,47.1],[30.7,47.0],[30.6,46.9],[30.5,46.9],[30.4,47.0]]]}},{"type":"Feature","properties":{"layer_id":"change_T20","layer_label":"Change, T>20\u00b0C","low":0.0,"high":10.0,"label":"0\u201310 pp","fill":"#fddbc7","fillOpacity":0.3,"stroke":"#fddbc7","strokeOpacity":0.42,"strokeWeight":0.35},"geometry":{"type":"Polygon","coordinates":[[[43.7,49.5],[43.8,49.5],[43.9,49.5],[43.9,49.5],[43.9,49.6],[44.0,49.7],[44.1,49.7],[44.1,49.7],[44.1,49.7],[44.0,49.8],[44.0,49.8],[43.9,49.8],[43.9,49.8],[43.8,49.7],[43.8,49.7],[43.8,49.6],[43.7,49.5],[43.7,49.5],[43.7,49.5]]]}},{"type":"Feature","properties":{"layer_id":"change_T20","layer_label":"Change, T>20\u00b0C","low":0.0,"high":10.0,"label":"0\u201310 pp","fill":"#fddbc7","fillOpacity":0.3,"stroke":"#fddbc7","strokeOpacity":0.42,"strokeWeight":0.35},"geometry":{"type":"Polygon","coordinates":[[[35.5,53.4],[35.6,53.4],[35.7,53.5],[35.6,53.6],[35.5,53.6],[35.4,53.5],[35.5,53.4]]]}},{"type":"Feature","properties":{"layer_id":"change_T20","layer_label":"Change, T>20\u00b0C","low":0.0,"high":10.0,"label":"0\u201310 pp","fill":"#fddbc7","fillOpacity":0.3,"stroke":"#fddbc7","strokeOpacity":0.42,"strokeWeight":0.35},"geometry":{"type":"Polygon","coordinates":[[[34.4,53.9],[34.5,53.9],[34.6,54.0],[34.5,54.1],[34.5,54.1],[34.4,54.2],[34.3,54.1],[34.3,54.0],[34.4,53.9]]]}},{"type":"Feature","properties":{"layer_id":"change_T20","layer_label":"Change, T>20\u00b0C","low":0.0,"high":10.0,"label":"0\u201310 pp","fill":"#fddbc7","fillOpacity":0.3,"stroke":"#fddbc7","strokeOpacity":0.42,"strokeWeight":0.35},"geometry":{"type":"Polygon","coordinates":[[[13.6,54.4],[13.7,54.4],[13.8,54.5],[13.7,54.6],[13.6,54.6],[13.5,54.5],[13.6,54.4]]]}},{"type":"Feature","properties":{"layer_id":"change_T20","layer_label":"Change, T>20\u00b0C","low":0.0,"high":10.0,"label":"0\u201310 pp","fill":"#fddbc7","fillOpacity":0.3,"stroke":"#fddbc7","strokeOpacity":0.42,"strokeWeight":0.35},"geometry":{"type":"Polygon","coordinates":[[[34.9,56.1],[35.0,56.2],[35.0,56.2],[35.1,56.3],[35.1,56.3],[35.2,56.4],[35.1,56.5],[35.1,56.5],[35.1,56.6],[35.1,56.6],[35.2,56.7],[35.1,56.8],[35.0,56.8],[34.9,56.8],[34.8,56.8],[34.7,56.7],[34.8,56.6],[34.8,56.6],[34.9,56.5],[34.9,56.5],[34.9,56.5],[34.8,56.5],[34.7,56.4],[34.7,56.3],[34.8,56.2],[34.8,56.2],[34.9,56.1]]]}},{"type":"Feature","properties":{"layer_id":"change_T20","layer_label":"Change, T>20\u00b0C","low":0.0,"high":10.0,"label":"0\u201310 pp","fill":"#fddbc7","fillOpacity":0.3,"stroke":"#fddbc7","strokeOpacity":0.42,"strokeWeight":0.35},"geometry":{"type":"Polygon","coordinates":[[[39.6,56.4],[39.7,56.4],[39.8,56.5],[39.8,56.5],[39.9,56.6],[39.9,56.6],[40.0,56.6],[40.1,56.6],[40.2,56.6],[40.3,56.7],[40.3,56.7],[40.4,56.7],[40.5,56.8],[40.5,56.8],[40.6,56.9],[40.6,56.9],[40.7,57.0],[40.6,57.1],[40.6,57.1],[40.5,57.2],[40.4,57.2],[40.4,57.2],[40.3,57.3],[40.2,57.3],[40.1,57.3],[40.0,57.3],[39.9,57.3],[39.8,57.3],[39.8,57.3],[39.7,57.4],[39.6,57.3],[39.6,57.3],[39.5,57.3],[39.4,57.3],[39.3,57.2],[39.3,57.1],[39.4,57.0],[39.5,57.0],[39.6,57.0],[39.7,57.0],[39.7,57.0],[39.7,57.0],[39.6,56.9],[39.6,56.9],[39.5,56.9],[39.4,56.8],[39.4,56.7],[39.5,56.6],[39.5,56.6],[39.5,56.5],[39.6,56.4]]]}},{"type":"Feature","properties":{"layer_id":"change_T20","layer_label":"Change, T>20\u00b0C","low":0.0,"high":10.0,"label":"0\u201310 pp","fill":"#fddbc7","fillOpacity":0.3,"stroke":"#fddbc7","strokeOpacity":0.42,"strokeWeight":0.35},"geometry":{"type":"Polygon","coordinates":[[[35.3,56.7],[35.4,56.8],[35.4,56.9],[35.3,57.0],[35.2,56.9],[35.2,56.8],[35.3,56.7]]]}},{"type":"Feature","properties":{"layer_id":"change_T20","layer_label":"Change, T>20\u00b0C","low":0.0,"high":10.0,"label":"0\u201310 pp","fill":"#fddbc7","fillOpacity":0.3,"stroke":"#fddbc7","strokeOpacity":0.42,"strokeWeight":0.35},"geometry":{"type":"Polygon","coordinates":[[[33.0,57.1],[33.1,57.1],[33.2,57.2],[33.1,57.3],[33.0,57.3],[32.9,57.2],[33.0,57.1]]]}},{"type":"Feature","properties":{"layer_id":"change_T20","layer_label":"Change, T>20\u00b0C","low":0.0,"high":10.0,"label":"0\u201310 pp","fill":"#fddbc7","fillOpacity":0.3,"stroke":"#fddbc7","strokeOpacity":0.42,"strokeWeight":0.35},"geometry":{"type":"Polygon","coordinates":[[[18.9,57.8],[19.0,57.8],[19.1,57.9],[19.0,58.0],[18.9,58.0],[18.8,57.9],[18.9,57.8]]]}},{"type":"Feature","properties":{"layer_id":"change_T20","layer_label":"Change, T>20\u00b0C","low":0.0,"high":10.0,"label":"0\u201310 pp","fill":"#fddbc7","fillOpacity":0.3,"stroke":"#fddbc7","strokeOpacity":0.42,"strokeWeight":0.35},"geometry":{"type":"Polygon","coordinates":[[[27.9,57.9],[28.0,57.9],[28.1,57.9],[28.2,58.0],[28.1,58.1],[28.1,58.1],[28.0,58.2],[27.9,58.2],[27.8,58.2],[27.7,58.2],[27.6,58.1],[27.7,58.0],[27.8,58.0],[27.8,58.0],[27.9,57.9]]]}},{"type":"Feature","properties":{"layer_id":"change_T20","layer_label":"Change, T>20\u00b0C","low":0.0,"high":10.0,"label":"0\u201310 pp","fill":"#fddbc7","fillOpacity":0.3,"stroke":"#fddbc7","strokeOpacity":0.42,"strokeWeight":0.35},"geometry":{"type":"Polygon","coordinates":[[[38.5,57.9],[38.6,57.9],[38.7,58.0],[38.7,58.1],[38.7,58.1],[38.8,58.1],[38.9,58.1],[39.0,58.2],[39.0,58.2],[39.1,58.3],[39.1,58.4],[39.1,58.5],[39.1,58.6],[39.0,58.7],[38.9,58.7],[38.9,58.7],[38.8,58.8],[38.8,58.8],[38.7,58.9],[38.6,58.9],[38.5,58.9],[38.5,58.9],[38.5,59.0],[38.4,59.1],[38.4,59.1],[38.3,59.2],[38.2,59.2],[38.1,59.2],[38.0,59.2],[37.9,59.1],[37.9,59.1],[37.8,59.1],[37.7,59.1],[37.6,59.0],[37.6,59.0],[37.5,59.0],[37.4,58.9],[37.4,58.9],[37.3,58.8],[37.3,58.8],[37.2,58.7],[37.2,58.6],[37.3,58.5],[37.4,58.5],[37.4,58.5],[37.4,58.5],[37.3,58.4],[37.4,58.3],[37.4,58.3],[37.5,58.2],[37.6,58.2],[37.6,58.2],[37.7,58.1],[37.8,58.1],[37.9,58.1],[38.0,58.1],[38.1,58.1],[38.1,58.1],[38.2,58.0],[38.3,58.0],[38.4,58.0],[38.4,58.0],[38.5,57.9]]]}},{"type":"Feature","properties":{"layer_id":"change_T20","layer_label":"Change, T>20\u00b0C","low":0.0,"high":10.0,"label":"0\u201310 pp","fill":"#fddbc7","fillOpacity":0.3,"stroke":"#fddbc7","strokeOpacity":0.42,"strokeWeight":0.35},"geometry":{"type":"Polygon","coordinates":[[[37.95,58.3],[37.9,58.35],[37.85,58.4],[37.8,58.5],[37.9,58.55],[37.95,58.5],[38.0,58.45],[38.1,58.5],[38.1,58.5],[38.1,58.5],[38.05,58.6],[38.1,58.7],[38.2,58.65],[38.3,58.6],[38.3,58.5],[38.3,58.5],[38.4,58.5],[38.5,58.4],[38.5,58.4],[38.6,58.3],[38.5,58.25],[38.4,58.25],[38.3,58.25],[38.2,58.25],[38.1,58.25],[38.0,58.25],[37.95,58.3]]]}},{"type":"Feature","properties":{"layer_id":"change_T20","layer_label":"Change, T>20\u00b0C","low":0.0,"high":10.0,"label":"0\u201310 pp","fill":"#fddbc7","fillOpacity":0.3,"stroke":"#fddbc7","strokeOpacity":0.42,"strokeWeight":0.35},"geometry":{"type":"Polygon","coordinates":[[[40.7,57.9],[40.8,58.0],[40.7,58.1],[40.6,58.0],[40.7,57.9]]]}},{"type":"Feature","properties":{"layer_id":"change_T20","layer_label":"Change, T>20\u00b0C","low":0.0,"high":10.0,"label":"0\u201310 pp","fill":"#fddbc7","fillOpacity":0.3,"stroke":"#fddbc7","strokeOpacity":0.42,"strokeWeight":0.35},"geometry":{"type":"Polygon","coordinates":[[[31.1,58.1],[31.2,58.1],[31.3,58.1],[31.4,58.1],[31.5,58.1],[31.6,58.1],[31.7,58.2],[31.7,58.2],[31.8,58.2],[31.9,58.3],[31.8,58.4],[31.7,58.4],[31.7,58.4],[31.6,58.5],[31.5,58.5],[31.4,58.5],[31.3,58.5],[31.2,58.4],[31.2,58.4],[31.1,58.4],[31.0,58.4],[30.9,58.3],[31.0,58.2],[31.0,58.2],[31.1,58.1]]]}},{"type":"Feature","properties":{"layer_id":"change_T20","layer_label":"Change, T>20\u00b0C","low":0.0,"high":10.0,"label":"0\u201310 pp","fill":"#fddbc7","fillOpacity":0.3,"stroke":"#fddbc7","strokeOpacity":0.42,"strokeWeight":0.35},"geometry":{"type":"Polygon","coordinates":[[[27.5,58.3],[27.6,58.4],[27.6,58.4],[27.7,58.5],[27.7,58.5],[27.8,58.6],[27.7,58.7],[27.7,58.7],[27.7,58.7],[27.8,58.8],[27.7,58.9],[27.7,58.9],[27.6,59.0],[27.5,59.0],[27.4,59.0],[27.3,59.0],[27.2,58.9],[27.2,58.8],[27.2,58.7],[27.2,58.6],[27.2,58.5],[27.3,58.4],[27.4,58.4],[27.4,58.4],[27.5,58.3]]]}},{"type":"Feature","properties":{"layer_id":"change_T20","layer_label":"Change, T>20\u00b0C","low":0.0,"high":10.0,"label":"0\u201310 pp","fill":"#fddbc7","fillOpacity":0.3,"stroke":"#fddbc7","strokeOpacity":0.42,"strokeWeight":0.35},"geometry":{"type":"Polygon","coordinates":[[[27.4,58.5],[27.4,58.6],[27.4,58.7],[27.4,58.8],[27.5,58.9],[27.6,58.8],[27.6,58.8],[27.6333,58.7],[27.65,58.6],[27.6333,58.5],[27.6,58.4667],[27.5,58.45],[27.4,58.5]]]}},{"type":"Feature","properties":{"layer_id":"change_T20","layer_label":"Change, T>20\u00b0C","low":0.0,"high":10.0,"label":"0\u201310 pp","fill":"#fddbc7","fillOpacity":0.3,"stroke":"#fddbc7","strokeOpacity":0.42,"strokeWeight":0.35},"geometry":{"type":"Polygon","coordinates":[[[38.6,59.4],[38.7,59.4],[38.8,59.4],[38.9,59.4],[39.0,59.4],[39.1,59.5],[39.1,59.6],[39.1,59.6],[39.2,59.6],[39.3,59.6],[39.3,59.6],[39.4,59.5],[39.5,59.5],[39.5,59.5],[39.6,59.4],[39.7,59.4],[39.8,59.5],[39.7,59.6],[39.7,59.6],[39.6,59.7],[39.6,59.7],[39.5,59.8],[39.5,59.8],[39.4,59.9],[39.3,59.9],[39.2,59.9],[39.1,59.8],[39.1,59.8],[39.0,59.7],[39.0,59.7],[38.9,59.7],[38.8,59.7],[38.8,59.7],[38.7,59.8],[38.6,59.8],[38.5,59.8],[38.4,59.8],[38.3,59.7],[38.4,59.6],[38.5,59.6],[38.5,59.6],[38.5,59.5],[38.6,59.4]]]}},{"type":"Feature","properties":{"layer_id":"change_T20","layer_label":"Change, T>20\u00b0C","low":0.0,"high":10.0,"label":"0\u201310 pp","fill":"#fddbc7","fillOpacity":0.3,"stroke":"#fddbc7","strokeOpacity":0.42,"strokeWeight":0.35},"geometry":{"type":"Polygon","coordinates":[[[31.2,59.9],[31.3,59.9],[31.4,59.9],[31.5,59.9],[31.6,59.9],[31.7,59.9],[31.8,60.0],[31.8,60.1],[31.8,60.1],[31.9,60.1],[32.0,60.1],[32.1,60.1],[32.2,60.1],[32.3,60.1],[32.4,60.1],[32.5,60.1],[32.6,60.1],[32.7,60.1],[32.8,60.2],[32.7,60.3],[32.7,60.3],[32.7,60.3],[32.8,60.4],[32.8,60.5],[32.8,60.5],[32.9,60.6],[32.9,60.7],[32.9,60.8],[32.8,60.9],[32.7,60.9],[32.6,60.8],[32.6,60.8],[32.5,60.7],[32.5,60.7],[32.4,60.6],[32.4,60.6],[32.3,60.5],[32.3,60.5],[32.2,60.5],[32.1,60.5],[32.0,60.5],[31.9,60.5],[31.8,60.5],[31.7,60.4],[31.7,60.4],[31.6,60.4],[31.5,60.4],[31.5,60.4],[31.4,60.5],[31.3,60.5],[31.2,60.5],[31.1,60.5],[31.0,60.5],[30.9,60.4],[30.9,60.3],[31.0,60.2],[31.0,60.2],[31.1,60.1],[31.1,60.1],[31.1,60.0],[31.2,59.9]]]}},{"type":"Feature","properties":{"layer_id":"change_T20","layer_label":"Change, T>20\u00b0C","low":0.0,"high":10.0,"label":"0\u201310 pp","fill":"#fddbc7","fillOpacity":0.3,"stroke":"#fddbc7","strokeOpacity":0.42,"strokeWeight":0.35},"geometry":{"type":"Polygon","coordinates":[[[31.2,60.1],[31.2,60.1],[31.1,60.1667],[31.0667,60.2],[31.0,60.2667],[30.9667,60.3],[31.0,60.35],[31.1,60.35],[31.2,60.3667],[31.3,60.3],[31.3,60.3],[31.4,60.3],[31.5,60.3],[31.6,60.3],[31.7,60.3],[31.7,60.3],[31.8,60.35],[31.9,60.35],[32.0,60.35],[32.1,60.35],[32.2,60.35],[32.3,60.4],[32.4,60.4],[32.4,60.4],[32.5,60.5],[32.6,60.5],[32.7,60.4],[32.6,60.3],[32.6,60.3],[32.5,60.25],[32.4,60.2],[32.3,60.2],[32.2,60.2],[32.1,60.2],[32.0,60.25],[31.9,60.25],[31.8,60.25],[31.75,60.2],[31.7,60.15],[31.6,60.15],[31.55,60.1],[31.5,60.05],[31.4,60.05],[31.3,60.05],[31.2,60.1]]]}},{"type":"Feature","properties":{"layer_id":"change_T20","layer_label":"Change, T>20\u00b0C","low":0.0,"high":10.0,"label":"0\u201310 pp","fill":"#fddbc7","fillOpacity":0.3,"stroke":"#fddbc7","strokeOpacity":0.42,"strokeWeight":0.35},"geometry":{"type":"Polygon","coordinates":[[[37.5,59.9],[37.6,59.9],[37.7,60.0],[37.7,60.0],[37.8,60.0],[37.9,60.0],[38.0,60.0],[38.1,60.1],[38.1,60.1],[38.2,60.2],[38.2,60.3],[38.1,60.4],[38.0,60.4],[37.9,60.4],[37.8,60.4],[37.7,60.4],[37.6,60.4],[37.5,60.4],[37.4,60.4],[37.3,60.4],[37.2,60.4],[37.1,60.3],[37.2,60.2],[37.2,60.2],[37.2,60.2],[37.1,60.1],[37.2,60.0],[37.3,60.0],[37.4,60.0],[37.4,60.0],[37.5,59.9]]]}},{"type":"Feature","properties":{"layer_id":"change_T20","layer_label":"Change, T>20\u00b0C","low":0.0,"high":10.0,"label":"0\u201310 pp","fill":"#fddbc7","fillOpacity":0.3,"stroke":"#fddbc7","strokeOpacity":0.42,"strokeWeight":0.35},"geometry":{"type":"Polygon","coordinates":[[[38.2,59.9],[38.3,60.0],[38.2,60.1],[38.1,60.0],[38.2,59.9]]]}},{"type":"Feature","properties":{"layer_id":"change_T20","layer_label":"Change, T>20\u00b0C","low":0.0,"high":10.0,"label":"0\u201310 pp","fill":"#fddbc7","fillOpacity":0.3,"stroke":"#fddbc7","strokeOpacity":0.42,"strokeWeight":0.35},"geometry":{"type":"Polygon","coordinates":[[[35.8,60.9],[35.9,61.0],[35.9,61.0],[36.0,61.0],[36.1,61.0],[36.2,61.1],[36.2,61.1],[36.3,61.1],[36.4,61.2],[36.3,61.3],[36.3,61.3],[36.3,61.3],[36.4,61.3],[36.5,61.4],[36.4,61.5],[36.3,61.5],[36.3,61.5],[36.2,61.6],[36.1,61.6],[36.1,61.6],[36.1,61.7],[36.0,61.8],[35.9,61.8],[35.9,61.8],[35.8,61.9],[35.8,61.9],[35.7,62.0],[35.7,62.0],[35.7,62.1],[35.7,62.2],[35.6,62.3],[35.5,62.3],[35.4,62.2],[35.4,62.2],[35.3,62.2],[35.2,62.2],[35.1,62.1],[35.1,62.0],[35.2,61.9],[35.3,61.9],[35.4,61.9],[35.4,61.9],[35.5,61.8],[35.6,61.8],[35.7,61.8],[35.7,61.8],[35.8,61.7],[35.8,61.7],[35.8,61.6],[35.8,61.5],[35.8,61.4],[35.8,61.4],[35.7,61.3],[35.7,61.3],[35.6,61.2],[35.7,61.1],[35.7,61.1],[35.7,61.0],[35.8,60.9]]]}},{"type":"Feature","properties":{"layer_id":"change_T20","layer_label":"Change, T>20\u00b0C","low":0.0,"high":10.0,"label":"0\u201310 pp","fill":"#fddbc7","fillOpacity":0.3,"stroke":"#fddbc7","strokeOpacity":0.42,"strokeWeight":0.35},"geometry":{"type":"Polygon","coordinates":[[[28.0,61.2],[28.1,61.2],[28.2,61.2],[28.3,61.2],[28.4,61.3],[28.4,61.4],[28.3,61.5],[28.2,61.5],[28.1,61.5],[28.0,61.5],[27.9,61.4],[27.9,61.3],[28.0,61.2]]]}},{"type":"Feature","properties":{"layer_id":"change_T20","layer_label":"Change, T>20\u00b0C","low":0.0,"high":10.0,"label":"0\u201310 pp","fill":"#fddbc7","fillOpacity":0.3,"stroke":"#fddbc7","strokeOpacity":0.42,"strokeWeight":0.35},"geometry":{"type":"Polygon","coordinates":[[[35.6,62.3],[35.7,62.4],[35.7,62.5],[35.6,62.6],[35.5,62.5],[35.5,62.4],[35.6,62.3]]]}},{"type":"Feature","properties":{"layer_id":"change_T20","layer_label":"Change, T>20\u00b0C","low":0.0,"high":10.0,"label":"0\u201310 pp","fill":"#fddbc7","fillOpacity":0.3,"stroke":"#fddbc7","strokeOpacity":0.42,"strokeWeight":0.35},"geometry":{"type":"Polygon","coordinates":[[[35.2,62.5],[35.3,62.5],[35.4,62.5],[35.5,62.6],[35.4,62.7],[35.3,62.7],[35.3,62.7],[35.2,62.8],[35.1,62.8],[35.0,62.8],[34.9,62.8],[34.9,62.8],[34.8,62.9],[34.7,62.8],[34.8,62.7],[34.8,62.7],[34.9,62.6],[35.0,62.6],[35.1,62.6],[35.1,62.6],[35.2,62.5]]]}},{"type":"Feature","properties":{"layer_id":"change_T20","layer_label":"Change, T>20\u00b0C","low":10.0,"high":25.0,"label":"10\u201325 pp","fill":"#f4a582","fillOpacity":0.45,"stroke":"#f4a582","strokeOpacity":0.5700000000000001,"strokeWeight":0.35},"geometry":{"type":"Polygon","coordinates":[[[-6.8,34.0],[-6.7,34.05],[-6.6,34.0667],[-6.5667,34.1],[-6.525,34.2],[-6.5,34.25],[-6.45,34.3],[-6.42,34.4],[-6.4,34.4333],[-6.35,34.5],[-6.3333,34.6],[-6.3,34.65],[-6.2667,34.7],[-6.3,34.75],[-6.4,34.7],[-6.4,34.7],[-6.45,34.6],[-6.5,34.55],[-6.55,34.5],[-6.6,34.46],[-6.66,34.4],[-6.6,34.3],[-6.6,34.3],[-6.6,34.3],[-6.7,34.2333],[-6.7333,34.2],[-6.8,34.1714],[-6.8714,34.1],[-6.8,34.0]]]}},{"type":"Feature","properties":{"layer_id":"change_T20","layer_label":"Change, T>20\u00b0C","low":10.0,"high":25.0,"label":"10\u201325 pp","fill":"#f4a582","fillOpacity":0.45,"stroke":"#f4a582","strokeOpacity":0.5700000000000001,"strokeWeight":0.35},"geometry":{"type":"Polygon","coordinates":[[[-5.8,34.0],[-5.7,34.1],[-5.7,34.1],[-5.7,34.1],[-5.6,34.05],[-5.5,34.1],[-5.6,34.15],[-5.65,34.2],[-5.6,34.25],[-5.5,34.3],[-5.5,34.3],[-5.5,34.3],[-5.4667,34.2],[-5.5,34.1],[-5.45,34.0],[-5.4,34.0],[-5.3333,34.0],[-5.3333,34.1],[-5.3667,34.2],[-5.3,34.3],[-5.3,34.3],[-5.2,34.4],[-5.2,34.4],[-5.2,34.5],[-5.1,34.525],[-5.0,34.5667],[-4.9,34.55],[-4.8,34.5333],[-4.7,34.5],[-4.7,34.5],[-4.7,34.5],[-4.6,34.55],[-4.5,34.55],[-4.4,34.52],[-4.3667,34.5],[-4.3,34.4333],[-4.2,34.4333],[-4.15,34.4],[-4.1,34.35],[-4.0,34.3],[-4.1,34.2667],[-4.2,34.225],[-4.2333,34.2],[-4.3,34.15],[-4.4,34.1],[-4.4,34.1],[-4.475,34.0],[-4.4,34.0],[-4.4,34.0],[-4.3,34.0667],[-4.25,34.1],[-4.2,34.1333],[-4.1,34.1667],[-4.0,34.1667],[-3.95,34.1],[-3.9,34.0333],[-3.8,34.02],[-3.7,34.025],[-3.68,34.0],[-3.62,34.0],[-3.7,34.1],[-3.6,34.2],[-3.5,34.16],[-3.45,34.2],[-3.4,34.2667],[-3.3,34.3],[-3.3,34.3],[-3.3,34.3],[-3.35,34.4],[-3.35,34.5],[-3.3333,34.6],[-3.32,34.7],[-3.3,34.7333],[-3.2,34.7333],[-3.1,34.8],[-3.1,34.8],[-3.0,34.9],[-2.9,34.9],[-2.9,34.9],[-2.9,34.9],[-3.0,35.0],[-3.0,35.0],[-3.1,35.0],[-3.2,35.0],[-3.3,35.0],[-3.4,35.05],[-3.5,35.1],[-3.5,35.1],[-3.6,35.1],[-3.7,35.1286],[-3.8,35.1167],[-3.85,35.1],[-3.9,35.0833],[-3.9333,35.1],[-4.0,35.1286],[-4.1,35.15],[-4.2,35.1],[-4.2375,35.2],[-4.2,35.2375],[-4.1,35.2286],[-4.0,35.25],[-3.9,35.25],[-3.8,35.25],[-3.7,35.25],[-3.6,35.25],[-3.5,35.2545],[-3.4,35.25],[-3.3,35.2545],[-3.2,35.2545],[-3.1,35.2545],[-3.0,35.3],[-2.9455,35.2],[-2.9,35.1583],[-2.8417,35.1],[-2.8,35.0545],[-2.7,35.0583],[-2.6,35.0583],[-2.5,35.0583],[-2.4,35.1],[-2.3,35.05],[-2.2,35.05],[-2.1,35.0444],[-2.0,35.0286],[-1.9,35.1],[-1.9,35.1],[-1.8,35.15],[-1.7,35.1444],[-1.6375,35.2],[-1.6,35.2375],[-1.5,35.2],[-1.5,35.2],[-1.5,35.2],[-1.4,35.2286],[-1.3,35.28],[-1.25,35.3],[-1.2,35.325],[-1.1,35.36],[-1.0,35.38],[-0.9833,35.4],[-0.9,35.4833],[-0.85,35.5],[-0.9,35.55],[-1.0,35.5333],[-1.05,35.6],[-1.0,35.6286],[-0.9,35.6333],[-0.8,35.65],[-0.7,35.6],[-0.7,35.6],[-0.7,35.6],[-0.6,35.6375],[-0.5,35.625],[-0.4,35.6667],[-0.3,35.65],[-0.2,35.6429],[-0.125,35.6],[-0.1,35.5667],[-0.08,35.6],[0.0,35.6667],[0.1,35.7],[0.1,35.7],[0.2,35.7667],[0.3,35.8],[0.4,35.8],[0.5,35.8],[0.6,35.75],[0.7,35.8],[0.7,35.8],[0.8,35.9],[0.9,35.9],[1.0,35.9],[1.0,35.9],[1.0,35.9],[0.95,36.0],[0.9,36.1],[1.0,36.1667],[1.1,36.1],[1.1,36.0],[1.1,36.0],[1.1,36.0],[1.2,36.05],[1.3,36.1],[1.3,36.1],[1.3,36.2],[1.3,36.2],[1.2,36.24],[1.1,36.25],[1.0,36.2333],[0.9,36.2],[0.9,36.2],[0.9,36.1],[0.8,36.0],[0.7,36.0],[0.6,36.1],[0.7,36.2],[0.7,36.2],[0.8,36.25],[0.85,36.3],[0.9,36.35],[0.9333,36.4],[1.0,36.4444],[1.1,36.4167],[1.2,36.4375],[1.3,36.4429],[1.4,36.4],[1.4,36.4],[1.5,36.3333],[1.6,36.325],[1.7,36.35],[1.8,36.4],[1.9,36.3333],[1.95,36.3],[2.0,36.28],[2.1,36.3],[2.2,36.2],[2.1,36.1333],[2.0,36.1],[1.9,36.1],[1.8,36.15],[1.7,36.1333],[1.6,36.125],[1.55,36.1],[1.5,36.0667],[1.46,36.0],[1.4,35.95],[1.3,35.925],[1.25,35.9],[1.3,35.85],[1.35,35.8],[1.3,35.75],[1.2667,35.7],[1.3,35.6667],[1.4,35.7],[1.5,35.675],[1.5333,35.7],[1.6,35.7667],[1.7,35.7571],[1.8,35.74],[1.8667,35.7],[1.8,35.6333],[1.78,35.6],[1.7,35.5333],[1.6,35.6],[1.6,35.6],[1.6,35.6],[1.5,35.5143],[1.4,35.5],[1.4,35.5],[1.3,35.4333],[1.22,35.5],[1.2,35.5333],[1.1667,35.5],[1.1,35.4333],[1.05,35.4],[1.1,35.35],[1.1333,35.3],[1.1,35.2667],[1.0,35.3],[1.0,35.3],[0.9,35.3],[0.8,35.3333],[0.7667,35.3],[0.7,35.2],[0.7,35.2],[0.6,35.15],[0.5,35.2],[0.6,35.3],[0.6,35.3],[0.6,35.3],[0.5,35.3],[0.5,35.3],[0.4,35.25],[0.3,35.25],[0.2667,35.2],[0.2,35.1],[0.1,35.1],[0.0,35.1],[0.0,35.1],[-0.1,35.0667],[-0.2,35.05],[-0.3,35.05],[-0.4,35.05],[-0.5,35.05],[-0.55,35.1],[-0.6,35.1333],[-0.7,35.15],[-0.8,35.2],[-0.8,35.2],[-0.9,35.2],[-0.9,35.2],[-1.0,35.1],[-1.0,35.1],[-1.1,35.0],[-1.2,35.0],[-1.3,35.05],[-1.35,35.0],[-1.4,34.9667],[-1.5,34.95],[-1.6,34.9],[-1.7,35.0],[-1.7,35.0],[-1.8,35.0],[-1.8,35.0],[-1.9,34.9],[-2.0,34.9333],[-2.1,34.9429],[-2.2,34.9375],[-2.3,34.9286],[-2.4,34.9],[-2.4,34.9],[-2.5,34.86],[-2.6,34.82],[-2.65,34.8],[-2.6667,34.7],[-2.6,34.6],[-2.6,34.5],[-2.7,34.475],[-2.75,34.5],[-2.8,34.55],[-2.8333,34.5],[-2.8,34.475],[-2.75,34.4],[-2.8,34.3],[-2.8,34.3],[-2.8,34.3],[-2.7333,34.2],[-2.8,34.1667],[-2.9,34.1],[-2.9,34.1],[-3.0,34.05],[-3.1,34.06],[-3.2,34.1],[-3.1,34.1667],[-3.05,34.2],[-3.1,34.3],[-3.1,34.3],[-3.1,34.3],[-3.2,34.2],[-3.2,34.2],[-3.2,34.1],[-3.3,34.0],[-3.4,34.0],[-3.5,34.04],[-3.5667,34.0],[-3.5,34.0],[-3.4,34.0],[-3.3,34.0],[-3.2,34.0],[-3.1,34.0],[-3.1,34.0],[-3.0,34.0125],[-2.9,34.025],[-2.825,34.1],[-2.8,34.1167],[-2.7,34.1333],[-2.6333,34.2],[-2.7,34.2667],[-2.725,34.3],[-2.7,34.4],[-2.7,34.4],[-2.6,34.425],[-2.5,34.4333],[-2.4,34.4333],[-2.3,34.5],[-2.3,34.5],[-2.2,34.55],[-2.1,34.6],[-2.2,34.7],[-2.3,34.7],[-2.4,34.7],[-2.5,34.7],[-2.5,34.7],[-2.5,34.8],[-2.5,34.8],[-2.4,34.8],[-2.3,34.8],[-2.2,34.9],[-2.2,34.9],[-2.1,34.9],[-2.1,34.9],[-2.1,34.9],[-2.2,34.8],[-2.1,34.7],[-2.0,34.7],[-1.9,34.75],[-1.85,34.8],[-1.8,34.825],[-1.7,34.85],[-1.6,34.84],[-1.5,34.85],[-1.4,34.8667],[-1.3,34.9],[-1.3,34.9],[-1.2,34.94],[-1.1,34.925],[-1.0,34.9],[-0.9,34.9],[-0.8,34.95],[-0.7,34.9],[-0.6,34.95],[-0.5,34.9333],[-0.4,34.9333],[-0.3,34.9333],[-0.2,34.9333],[-0.1,34.95],[0.0,34.9333],[0.025,34.9],[0.0,34.8],[0.1,34.7],[0.2,34.75],[0.3,34.8],[0.3,34.8],[0.4,34.8],[0.5,34.9],[0.5,34.9],[0.6,34.95],[0.7,34.9333],[0.8,34.9333],[0.9,34.95],[0.95,34.9],[0.9,34.85],[0.8,34.85],[0.7,34.8],[0.8,34.7],[0.8,34.7],[0.9,34.6333],[0.9333,34.6],[0.9,34.55],[0.8,34.5667],[0.75,34.6],[0.7,34.7],[0.6,34.7],[0.5,34.7],[0.4,34.7],[0.3,34.65],[0.25,34.6],[0.2,34.55],[0.1,34.6],[0.0,34.6],[-0.1,34.5],[-0.1,34.4],[-0.1,34.4],[-0.2,34.3],[-0.2,34.3],[-0.3,34.3],[-0.4,34.25],[-0.5,34.2333],[-0.6,34.2333],[-0.7,34.2333],[-0.75,34.2],[-0.8,34.15],[-0.9,34.1333],[-1.0,34.1],[-1.0,34.0],[-0.9,34.0],[-0.8,34.0],[-0.8,34.0],[-0.8,34.0],[-0.7,34.0],[-0.6,34.0],[-0.5,34.0],[-0.4,34.0],[-0.3,34.0],[-0.2,34.0],[-0.1,34.0],[0.0,34.0],[0.1,34.0],[0.2,34.0],[0.3,34.0],[0.4,34.0],[0.5,34.0],[0.6,34.0],[0.7,34.0],[0.75,34.0],[0.75,34.1],[0.8,34.15],[0.85,34.2],[0.9,34.3],[0.9,34.3],[1.0,34.3],[1.1,34.3333],[1.2,34.4],[1.2,34.4],[1.2,34.4],[1.3,34.3],[1.3,34.3],[1.4,34.25],[1.5,34.2333],[1.55,34.2],[1.55,34.1],[1.5,34.0],[1.6,34.0],[1.6667,34.0],[1.7,34.05],[1.8,34.1],[1.8,34.1],[1.9,34.1667],[2.0,34.1],[2.0,34.1],[2.1,34.0],[2.1,34.0],[2.2,34.0],[2.25,34.0],[2.3,34.1],[2.3,34.1],[2.3,34.2],[2.3,34.2],[2.2,34.25],[2.15,34.3],[2.2,34.3667],[2.3,34.4],[2.3,34.4],[2.4,34.42],[2.45,34.4],[2.5,34.3833],[2.5333,34.4],[2.6,34.5],[2.6,34.5],[2.6,34.5],[2.7,34.44],[2.7667,34.4],[2.8,34.3],[2.8,34.3],[2.9,34.25],[2.95,34.2],[2.9,34.1],[2.9,34.1],[2.9,34.1],[2.95,34.0],[3.0,34.0],[3.1,34.0],[3.1,34.0],[3.2,34.1],[3.1,34.15],[3.0667,34.2],[3.1,34.22],[3.2,34.2],[3.3,34.2],[3.4,34.3],[3.4,34.3],[3.5,34.3],[3.5,34.3],[3.6,34.2667],[3.6333,34.3],[3.7,34.35],[3.8,34.34],[3.86,34.4],[3.9,34.4667],[3.9333,34.5],[4.0,34.54],[4.075,34.6],[4.1,34.6167],[4.1333,34.6],[4.2,34.5333],[4.3,34.55],[4.4,34.6],[4.4,34.6],[4.5,34.7],[4.4,34.75],[4.375,34.8],[4.4,34.8333],[4.4667,34.9],[4.4857,35.0],[4.5,35.05],[4.55,35.1],[4.55,35.2],[4.5,35.25],[4.4,35.25],[4.3,35.25],[4.275,35.3],[4.25,35.4],[4.2333,35.5],[4.25,35.6],[4.3,35.65],[4.4,35.64],[4.5,35.7],[4.5,35.8],[4.45,35.9],[4.4,36.0],[4.3,36.0],[4.3,36.0],[4.2,36.05],[4.1,36.05],[4.0,36.075],[3.9,36.075],[3.8,36.075],[3.7,36.0],[3.7,36.0],[3.6,35.95],[3.5333,36.0],[3.5,36.05],[3.45,36.0],[3.4,35.9667],[3.3,36.0],[3.2,35.9],[3.2,35.9],[3.1,35.9],[3.1,35.9],[3.05,36.0],[3.1,36.0333],[3.1667,36.1],[3.2,36.15],[3.3,36.1667],[3.4,36.2],[3.3,36.25],[3.2,36.3],[3.1,36.28],[3.0333,36.2],[3.0,36.1],[3.0,36.1],[2.9,36.075],[2.85,36.1],[2.85,36.2],[2.8,36.3],[2.8,36.3],[2.8,36.3],[2.9,36.4],[2.9,36.4],[3.0,36.4],[3.1,36.5],[3.1,36.5],[3.2,36.5],[3.3,36.5],[3.4,36.5],[3.5,36.5],[3.6,36.55],[3.65,36.6],[3.7,36.65],[3.8,36.6],[3.8,36.6],[3.9,36.55],[4.0,36.5],[4.1,36.5],[4.2,36.6],[4.2,36.7],[4.2,36.7],[4.2,36.7],[4.3,36.6],[4.4,36.7],[4.4,36.7],[4.4667,36.8],[4.4,36.8667],[4.3,36.86],[4.2333,36.9],[4.2,36.9333],[4.1,36.9333],[4.05,36.9],[4.0,36.8857],[3.9,36.875],[3.8,36.86],[3.7,36.85],[3.65,36.8],[3.6,36.7333],[3.5,36.7],[3.5,36.7],[3.5,36.7],[3.4,36.76],[3.3,36.775],[3.2,36.775],[3.1,36.7714],[3.0333,36.8],[3.0,36.8333],[2.9,36.8333],[2.8667,36.8],[2.8,36.76],[2.725,36.7],[2.7,36.6667],[2.6,36.675],[2.5,36.6333],[2.4,36.6333],[2.3,36.66],[2.2,36.6333],[2.15,36.6],[2.1,36.575],[2.0,36.5667],[1.9,36.575],[1.8,36.56],[1.7,36.5667],[1.6,36.55],[1.5,36.5333],[1.45,36.5],[1.4,36.475],[1.3,36.4857],[1.2,36.475],[1.1,36.4667],[1.0,36.4778],[0.9,36.4333],[0.8667,36.4],[0.8,36.3333],[0.7667,36.3],[0.7,36.26],[0.6,36.25],[0.5,36.2],[0.5,36.2],[0.4,36.15],[0.3667,36.2],[0.3,36.2667],[0.2333,36.2],[0.3,36.12],[0.3333,36.1],[0.3,36.0],[0.3,36.0],[0.2,35.9667],[0.1333,35.9],[0.1,35.85],[0.05,35.8],[0.0,35.75],[-0.1,35.7],[-0.1,35.7],[-0.2,35.6857],[-0.3,35.6875],[-0.4,35.7],[-0.5,35.7],[-0.6,35.675],[-0.7,35.7],[-0.8,35.6875],[-0.85,35.7],[-0.9,35.7333],[-0.9333,35.7],[-1.0,35.6714],[-1.1,35.6333],[-1.1333,35.6],[-1.2,35.5333],[-1.2333,35.5],[-1.2,35.4],[-1.2,35.4],[-1.2,35.4],[-1.3,35.35],[-1.35,35.3],[-1.4,35.2714],[-1.5,35.26],[-1.6,35.275],[-1.675,35.2],[-1.7,35.1778],[-1.8,35.18],[-1.9,35.16],[-1.96,35.1],[-2.0,35.0714],[-2.1,35.0778],[-2.2,35.08],[-2.3,35.08],[-2.34,35.1],[-2.4,35.16],[-2.46,35.1],[-2.5,35.0833],[-2.6,35.0833],[-2.7,35.0833],[-2.8,35.0818],[-2.8167,35.1],[-2.9,35.1833],[-2.9182,35.2],[-2.94,35.3],[-3.0,35.36],[-3.06,35.3],[-3.1,35.2818],[-3.2,35.2818],[-3.3,35.2818],[-3.4,35.28],[-3.5,35.2818],[-3.6,35.28],[-3.7,35.28],[-3.8,35.28],[-3.9,35.28],[-4.0,35.28],[-4.1,35.2714],[-4.2,35.275],[-4.275,35.2],[-4.3,35.16],[-4.4,35.16],[-4.5,35.1],[-4.4,35.04],[-4.3,35.04],[-4.2,35.04],[-4.1,35.0667],[-4.0,35.0667],[-3.9,35.0333],[-3.8,35.05],[-3.7,35.0667],[-3.6,35.04],[-3.5333,35.0],[-3.5,34.9],[-3.5,34.9],[-3.5,34.9],[-3.6,34.8],[-3.5,34.7],[-3.4,34.725],[-3.38,34.7],[-3.4,34.65],[-3.4333,34.6],[-3.5,34.5333],[-3.55,34.5],[-3.6,34.45],[-3.65,34.5],[-3.7,34.5333],[-3.8,34.5333],[-3.85,34.5],[-3.9,34.48],[-4.0,34.4333],[-4.1,34.45],[-4.1667,34.5],[-4.2,34.5333],[-4.3,34.55],[-4.4,34.58],[-4.5,34.6],[-4.5,34.6],[-4.6,34.7],[-4.7,34.65],[-4.8,34.65],[-4.9,34.65],[-5.0,34.6667],[-5.0333,34.7],[-5.0,34.75],[-4.9,34.8],[-4.9,34.8],[-4.84,34.9],[-4.9,34.96],[-5.0,34.96],[-5.1,34.96],[-5.175,34.9],[-5.2,34.8],[-5.2,34.8],[-5.3,34.7],[-5.2,34.6],[-5.1,34.6],[-5.1,34.6],[-5.1,34.6],[-5.2,34.6],[-5.275,34.5],[-5.3,34.4667],[-5.3333,34.5],[-5.4,34.6],[-5.5,34.6],[-5.5,34.6],[-5.6,34.6667],[-5.7,34.7],[-5.8,34.65],[-5.85,34.6],[-5.9,34.5],[-5.9,34.4],[-5.9,34.3],[-5.9,34.3],[-5.9333,34.2],[-5.9,34.15],[-5.85,34.1],[-5.8,34.0]]]}},{"type":"Feature","properties":{"layer_id":"change_T20","layer_label":"Change, T>20\u00b0C","low":10.0,"high":25.0,"label":"10\u201325 pp","fill":"#f4a582","fillOpacity":0.45,"stroke":"#f4a582","strokeOpacity":0.5700000000000001,"strokeWeight":0.35},"geometry":{"type":"Polygon","coordinates":[[[3.05,34.3],[3.0,34.3333],[2.9,34.3333],[2.8333,34.4],[2.9,34.45],[3.0,34.5],[3.0,34.5],[3.1,34.55],[3.15,34.6],[3.2,34.65],[3.3,34.6333],[3.3667,34.7],[3.4,34.8],[3.4,34.8],[3.4,34.9],[3.5,34.925],[3.575,35.0],[3.6,35.025],[3.7,35.0],[3.7,35.0],[3.8,35.0],[3.8,35.0],[3.8,35.0],[3.7,35.0],[3.675,35.1],[3.6,35.2],[3.6,35.2],[3.6,35.2],[3.5,35.1667],[3.4,35.1],[3.4,35.1],[3.3,35.0667],[3.2,35.1],[3.3,35.15],[3.35,35.2],[3.4,35.3],[3.4,35.3],[3.5,35.325],[3.575,35.4],[3.5,35.475],[3.45,35.5],[3.4,35.6],[3.4,35.6],[3.4,35.6],[3.3,35.5],[3.2,35.5667],[3.15,35.5],[3.15,35.4],[3.1,35.35],[3.0,35.38],[2.9,35.4],[2.9,35.5],[2.9333,35.6],[2.95,35.7],[2.9,35.72],[2.8,35.7167],[2.7,35.7333],[2.6,35.7167],[2.5,35.78],[2.4667,35.8],[2.5,35.8167],[2.6,35.9],[2.6,35.9],[2.66,36.0],[2.7,36.05],[2.8,36.06],[2.9,36.0],[2.9,36.0],[2.9333,35.9],[3.0,35.8333],[3.1,35.8],[3.1,35.8],[3.2,35.7667],[3.3,35.7333],[3.4,35.74],[3.5,35.75],[3.6,35.8],[3.7,35.7],[3.7,35.7],[3.7,35.7],[3.65,35.6],[3.65,35.5],[3.7,35.4667],[3.8,35.5],[3.8,35.5],[3.9,35.6],[4.0,35.55],[4.0333,35.6],[4.1,35.65],[4.15,35.6],[4.15,35.5],[4.1667,35.4],[4.2,35.3],[4.2,35.3],[4.25,35.2],[4.2,35.1],[4.2,35.1],[4.2,35.0],[4.2,35.0],[4.2,35.0],[4.3,35.1],[4.3,35.1],[4.4,35.15],[4.45,35.1],[4.4429,35.0],[4.4,34.925],[4.3,34.9],[4.3,34.9],[4.2,34.8333],[4.1333,34.9],[4.1,34.95],[4.05,35.0],[4.0,35.1],[4.0,35.2],[4.025,35.3],[4.0429,35.4],[4.0,35.475],[3.9,35.4],[3.9,35.4],[3.9,35.3],[3.8667,35.2],[3.9,35.15],[4.0,35.1],[3.9667,35.0],[4.0,34.9],[3.9667,34.8],[4.0,34.7667],[4.1,34.7667],[4.1667,34.7],[4.1,34.6667],[4.0,34.6],[3.9,34.6667],[3.85,34.6],[3.8,34.5333],[3.75,34.5],[3.7,34.45],[3.6,34.5],[3.6,34.5],[3.5,34.6],[3.5167,34.7],[3.5,34.75],[3.45,34.7],[3.5,34.6],[3.45,34.5],[3.45,34.4],[3.4,34.375],[3.3,34.35],[3.2333,34.3],[3.2,34.275],[3.1,34.28],[3.05,34.3]]]}},{"type":"Feature","properties":{"layer_id":"change_T20","layer_label":"Change, T>20\u00b0C","low":10.0,"high":25.0,"label":"10\u201325 pp","fill":"#f4a582","fillOpacity":0.45,"stroke":"#f4a582","strokeOpacity":0.5700000000000001,"strokeWeight":0.35},"geometry":{"type":"Polygon","coordinates":[[[1.3,34.5],[1.2,34.6],[1.2,34.6],[1.1,34.65],[1.075,34.7],[1.1,34.7333],[1.2,34.75],[1.3,34.7667],[1.4,34.75],[1.4333,34.8],[1.5,34.8667],[1.55,34.9],[1.5,35.0],[1.4,35.0],[1.4,35.0],[1.4,35.0],[1.5,35.0],[1.6,35.0],[1.7,35.1],[1.7,35.2],[1.6,35.25],[1.5,35.2667],[1.4,35.25],[1.3,35.2],[1.3,35.2],[1.2,35.1333],[1.1,35.1],[1.1,35.1],[1.1,35.1],[1.1,35.1],[1.1333,35.2],[1.2,35.2667],[1.3,35.3],[1.3,35.3],[1.35,35.4],[1.4,35.425],[1.5,35.45],[1.6,35.45],[1.7,35.4],[1.7,35.4],[1.7,35.3],[1.7,35.2],[1.7,35.1],[1.8,35.05],[1.8333,35.0],[1.8,34.95],[1.7,34.9],[1.8,34.8],[1.9,34.8],[1.9,34.8],[1.9,34.8],[1.85,34.7],[1.8,34.65],[1.7,34.6],[1.7,34.6],[1.6,34.55],[1.5,34.5333],[1.45,34.5],[1.4,34.45],[1.3,34.5],[1.3,34.5]]]}},{"type":"Feature","properties":{"layer_id":"change_T20","layer_label":"Change, T>20\u00b0C","low":10.0,"high":25.0,"label":"10\u201325 pp","fill":"#f4a582","fillOpacity":0.45,"stroke":"#f4a582","strokeOpacity":0.5700000000000001,"strokeWeight":0.35},"geometry":{"type":"Polygon","coordinates":[[[2.7,34.5],[2.6,34.6],[2.6,34.6],[2.6,34.6],[2.7,34.65],[2.8,34.62],[2.9,34.6333],[2.95,34.6],[2.9,34.55],[2.8,34.5],[2.8,34.5],[2.7,34.5],[2.7,34.5]]]}},{"type":"Feature","properties":{"layer_id":"change_T20","layer_label":"Change, T>20\u00b0C","low":10.0,"high":25.0,"label":"10\u201325 pp","fill":"#f4a582","fillOpacity":0.45,"stroke":"#f4a582","strokeOpacity":0.5700000000000001,"strokeWeight":0.35},"geometry":{"type":"Polygon","coordinates":[[[2.3333,34.6],[2.36,34.7],[2.3,34.775],[2.225,34.7],[2.2,34.6],[2.1,34.7],[2.1,34.8],[2.1,34.9],[2.1,34.9],[2.0667,35.0],[2.0333,35.1],[2.1,35.2],[2.1,35.2],[2.2,35.3],[2.3,35.3],[2.4,35.25],[2.4333,35.3],[2.5,35.35],[2.55,35.3],[2.5,35.2],[2.5,35.2],[2.5,35.2],[2.5,35.1],[2.55,35.0],[2.5333,34.9],[2.5,34.85],[2.45,34.8],[2.5,34.7],[2.5,34.7],[2.525,34.6],[2.5,34.55],[2.4,34.5667],[2.3333,34.6]]]}},{"type":"Feature","properties":{"layer_id":"change_T20","layer_label":"Change, T>20\u00b0C","low":10.0,"high":25.0,"label":"10\u201325 pp","fill":"#f4a582","fillOpacity":0.45,"stroke":"#f4a582","strokeOpacity":0.5700000000000001,"strokeWeight":0.35},"geometry":{"type":"Polygon","coordinates":[[[2.75,35.0],[2.8,35.1],[2.8,35.1],[2.9,35.15],[3.0,35.15],[3.1,35.1667],[3.2,35.1],[3.1,35.02],[3.0,35.025],[2.9667,35.0],[2.9,34.96],[2.8,34.95],[2.75,35.0]]]}},{"type":"Feature","properties":{"layer_id":"change_T20","layer_label":"Change, T>20\u00b0C","low":10.0,"high":25.0,"label":"10\u201325 pp","fill":"#f4a582","fillOpacity":0.45,"stroke":"#f4a582","strokeOpacity":0.5700000000000001,"strokeWeight":0.35},"geometry":{"type":"Polygon","coordinates":[[[2.1,35.4],[2.2,35.5],[2.3,35.4667],[2.35,35.4],[2.3,35.3],[2.2,35.3],[2.1,35.4]]]}},{"type":"Feature","properties":{"layer_id":"change_T20","layer_label":"Change, T>20\u00b0C","low":10.0,"high":25.0,"label":"10\u201325 pp","fill":"#f4a582","fillOpacity":0.45,"stroke":"#f4a582","strokeOpacity":0.5700000000000001,"strokeWeight":0.35},"geometry":{"type":"Polygon","coordinates":[[[2.075,35.6],[2.0,35.675],[1.9667,35.7],[1.9,35.7667],[1.8,35.8],[1.7,35.8],[1.7,35.8],[1.7,35.8],[1.7667,35.9],[1.8,35.9333],[1.9,35.95],[1.95,36.0],[2.0,36.025],[2.1,36.0333],[2.2,36.0],[2.3,36.1],[2.3,36.1],[2.3,36.1],[2.4,36.02],[2.5,36.05],[2.6,36.0],[2.6,36.0],[2.6,36.0],[2.54,35.9],[2.5,35.8667],[2.4,35.8333],[2.3,35.85],[2.2,35.8],[2.3,35.75],[2.4,35.75],[2.5,35.72],[2.5333,35.7],[2.6,35.6],[2.6,35.6],[2.6,35.6],[2.5,35.6],[2.5,35.6],[2.4,35.675],[2.3,35.6667],[2.2,35.7],[2.1333,35.6],[2.1,35.55],[2.075,35.6]]]}},{"type":"Feature","properties":{"layer_id":"change_T20","layer_label":"Change, T>20\u00b0C","low":10.0,"high":25.0,"label":"10\u201325 pp","fill":"#f4a582","fillOpacity":0.45,"stroke":"#f4a582","strokeOpacity":0.5700000000000001,"strokeWeight":0.35},"geometry":{"type":"Polygon","coordinates":[[[0.225,35.9],[0.3,35.95],[0.4,36.0],[0.5,35.9667],[0.55,35.9],[0.5,35.8],[0.4,35.8],[0.3,35.8],[0.225,35.9]]]}},{"type":"Feature","properties":{"layer_id":"change_T20","layer_label":"Change, T>20\u00b0C","low":10.0,"high":25.0,"label":"10\u201325 pp","fill":"#f4a582","fillOpacity":0.45,"stroke":"#f4a582","strokeOpacity":0.5700000000000001,"strokeWeight":0.35},"geometry":{"type":"Polygon","coordinates":[[[2.3,36.5],[2.4,36.5333],[2.5,36.5333],[2.54,36.6],[2.6,36.6375],[2.675,36.6],[2.7,36.55],[2.725,36.5],[2.7,36.4],[2.65,36.5],[2.6,36.525],[2.55,36.5],[2.5,36.45],[2.4,36.45],[2.3,36.5]]]}},{"type":"Feature","properties":{"layer_id":"change_T20","layer_label":"Change, T>20\u00b0C","low":10.0,"high":25.0,"label":"10\u201325 pp","fill":"#f4a582","fillOpacity":0.45,"stroke":"#f4a582","strokeOpacity":0.5700000000000001,"strokeWeight":0.35},"geometry":{"type":"Polygon","coordinates":[[[2.9667,36.6],[3.0,36.7],[3.0,36.7],[3.1,36.7286],[3.2,36.7375],[3.3,36.7375],[3.4,36.7],[3.3,36.625],[3.2,36.64],[3.1,36.6333],[3.05,36.6],[3.0,36.55],[2.9667,36.6]]]}},{"type":"Feature","properties":{"layer_id":"change_T20","layer_label":"Change, T>20\u00b0C","low":10.0,"high":25.0,"label":"10\u201325 pp","fill":"#f4a582","fillOpacity":0.45,"stroke":"#f4a582","strokeOpacity":0.5700000000000001,"strokeWeight":0.35},"geometry":{"type":"Polygon","coordinates":[[[3.8,36.8],[3.9,36.8375],[4.0,36.8429],[4.1,36.85],[4.2,36.8333],[4.3,36.8],[4.2,36.775],[4.1,36.75],[4.0,36.74],[3.9,36.74],[3.8,36.8]]]}},{"type":"Feature","properties":{"layer_id":"change_T20","layer_label":"Change, T>20\u00b0C","low":10.0,"high":25.0,"label":"10\u201325 pp","fill":"#f4a582","fillOpacity":0.45,"stroke":"#f4a582","strokeOpacity":0.5700000000000001,"strokeWeight":0.35},"geometry":{"type":"Polygon","coordinates":[[[-2.0,34.0],[-1.9,34.0],[-1.9,34.1],[-2.0,34.15],[-2.05,34.1],[-2.1,34.0],[-2.0,34.0]]]}},{"type":"Feature","properties":{"layer_id":"change_T20","layer_label":"Change, T>20\u00b0C","low":10.0,"high":25.0,"label":"10\u201325 pp","fill":"#f4a582","fillOpacity":0.45,"stroke":"#f4a582","strokeOpacity":0.5700000000000001,"strokeWeight":0.35},"geometry":{"type":"Polygon","coordinates":[[[35.6,34.0],[35.6667,34.0],[35.7,34.0333],[35.75,34.1],[35.7667,34.2],[35.8,34.22],[35.88,34.3],[35.8,34.3667],[35.7333,34.3],[35.7,34.25],[35.65,34.2],[35.65,34.1],[35.6,34.05],[35.55,34.0],[35.6,34.0]]]}},{"type":"Feature","properties":{"layer_id":"change_T20","layer_label":"Change, T>20\u00b0C","low":10.0,"high":25.0,"label":"10\u201325 pp","fill":"#f4a582","fillOpacity":0.45,"stroke":"#f4a582","strokeOpacity":0.5700000000000001,"strokeWeight":0.35},"geometry":{"type":"Polygon","coordinates":[[[37.9,34.0],[38.0,34.0],[38.0,34.0],[38.0,34.0],[37.9667,34.1],[37.9667,34.2],[38.0,34.225],[38.1,34.3],[38.1,34.3],[38.14,34.4],[38.1,34.4667],[38.08,34.5],[38.1,34.6],[38.1,34.6],[38.1667,34.7],[38.2,34.7167],[38.3,34.7429],[38.4,34.7],[38.3,34.6],[38.3,34.6],[38.3,34.6],[38.4,34.5],[38.4,34.5],[38.5,34.4],[38.5,34.3],[38.4,34.2667],[38.3,34.25],[38.2,34.225],[38.1667,34.2],[38.1,34.1],[38.1,34.1],[38.1,34.1],[38.2,34.1],[38.3,34.1],[38.4,34.0],[38.4,34.0],[38.5,34.0],[38.5,34.0],[38.6,34.05],[38.65,34.1],[38.7,34.1333],[38.8,34.15],[38.85,34.1],[38.85,34.0],[38.9,34.0],[39.0,34.0],[39.1,34.0],[39.2,34.0],[39.2,34.0],[39.2333,34.1],[39.2,34.15],[39.15,34.2],[39.1,34.25],[39.0,34.25],[38.9,34.2667],[38.8,34.3],[38.8,34.3],[38.75,34.4],[38.75,34.5],[38.7,34.6],[38.7,34.6],[38.6,34.65],[38.5,34.7],[38.5,34.7],[38.5,34.7],[38.6,34.75],[38.6333,34.8],[38.6667,34.9],[38.7,35.0],[38.6,35.1],[38.5,35.1],[38.5,35.1],[38.4,35.1333],[38.3333,35.2],[38.3,35.2333],[38.2,35.25],[38.1,35.3],[38.1,35.3],[38.05,35.4],[38.0,35.5],[38.0,35.5],[37.9,35.5333],[37.8,35.55],[37.7,35.55],[37.6333,35.5],[37.6,35.4833],[37.5,35.4714],[37.4,35.4833],[37.3,35.5],[37.3,35.5],[37.2333,35.6],[37.2333,35.7],[37.2,35.7333],[37.1,35.75],[37.0,35.7667],[36.9,35.7667],[36.8667,35.8],[36.8,35.88],[36.7889,35.9],[36.7,35.9889],[36.6857,36.0],[36.7,36.0333],[36.7667,36.1],[36.8,36.125],[36.9,36.15],[37.0,36.2],[37.0,36.2],[37.1,36.2333],[37.2,36.2333],[37.3,36.2333],[37.4,36.2333],[37.5,36.2667],[37.5333,36.3],[37.6,36.4],[37.6,36.4],[37.7,36.5],[37.6,36.5667],[37.5,36.575],[37.4,36.575],[37.3,36.6],[37.3,36.6],[37.3,36.6],[37.375,36.7],[37.4,36.72],[37.48,36.8],[37.5,36.85],[37.55,36.9],[37.6,36.925],[37.7,36.95],[37.75,37.0],[37.8,37.0667],[37.8333,37.1],[37.9,37.1667],[38.0,37.15],[38.1,37.1],[38.15,37.2],[38.1,37.25],[38.05,37.3],[38.05,37.4],[38.1,37.4333],[38.1667,37.5],[38.2,37.6],[38.2,37.6],[38.3,37.65],[38.3667,37.6],[38.4,37.5667],[38.4333,37.6],[38.5,37.6667],[38.6,37.6667],[38.7,37.7],[38.6,37.8],[38.6,37.8],[38.6,37.8],[38.7,37.8],[38.7,37.8],[38.8,37.7],[38.9,37.7],[39.0,37.8],[39.0,37.9],[39.0,37.9],[39.0,37.9],[39.0,37.8],[39.0,37.7],[39.1,37.6],[39.2,37.6667],[39.3,37.65],[39.4,37.65],[39.5,37.6667],[39.6,37.6],[39.7,37.6],[39.7,37.6],[39.8,37.5],[39.8,37.5],[39.8,37.5],[39.7,37.4],[39.8,37.3667],[39.9,37.3667],[40.0,37.4],[40.0,37.4],[40.0,37.4],[40.1,37.3667],[40.2,37.34],[40.3,37.3],[40.3,37.3],[40.4,37.25],[40.5,37.25],[40.6,37.24],[40.7,37.25],[40.8,37.2667],[40.9,37.24],[41.0,37.2667],[41.1,37.25],[41.2,37.2667],[41.3,37.2],[41.4,37.2],[41.5,37.3],[41.5,37.3],[41.5,37.3],[41.6,37.2],[41.7,37.2],[41.8,37.2],[41.9,37.225],[42.0,37.2667],[42.1,37.2667],[42.2,37.3],[42.2,37.3],[42.2,37.3],[42.3,37.22],[42.3333,37.2],[42.4,37.15],[42.45,37.1],[42.5,37.05],[42.6,37.0],[42.7,37.0],[42.8,37.1],[42.8,37.1],[42.9,37.2],[42.8,37.25],[42.7833,37.3],[42.7,37.3714],[42.6,37.3875],[42.5125,37.3],[42.5,37.28],[42.48,37.3],[42.4,37.4],[42.4,37.4],[42.4,37.4],[42.45,37.5],[42.4,37.6],[42.4,37.6],[42.3,37.6333],[42.2,37.6333],[42.1,37.6],[42.1,37.6],[42.1,37.6],[42.0857,37.7],[42.1,37.8],[42.1,37.8],[42.2,37.8667],[42.2333,37.9],[42.2,37.9333],[42.1,37.9333],[42.0333,38.0],[42.0,38.0333],[41.9,38.0],[41.9,38.0],[41.8,37.9667],[41.7,37.975],[41.675,38.0],[41.7,38.0333],[41.7667,38.1],[41.75,38.2],[41.7,38.2333],[41.6,38.2],[41.6,38.2],[41.6,38.2],[41.5,38.2333],[41.4,38.3],[41.4,38.3],[41.375,38.4],[41.3,38.46],[41.26,38.5],[41.2,38.56],[41.1,38.575],[41.0,38.5818],[40.9,38.5818],[40.8,38.5818],[40.7,38.5333],[40.6,38.5333],[40.5,38.5333],[40.4,38.55],[40.3,38.56],[40.2,38.56],[40.1,38.55],[40.0,38.56],[39.9714,38.6],[39.9667,38.7],[40.0,38.75],[40.05,38.8],[40.0,38.85],[39.9,38.89],[39.8,38.8818],[39.7,38.88],[39.6,38.8818],[39.5,38.8889],[39.4,38.875],[39.3,38.9],[39.3,38.9],[39.2,38.98],[39.1,38.98],[39.05,39.0],[39.0,39.0333],[38.9,39.05],[38.8,39.06],[38.7,39.1],[38.6,39.0],[38.6,39.0],[38.55,38.9],[38.5,38.8667],[38.4,38.86],[38.34,38.8],[38.3,38.7667],[38.2333,38.7],[38.2,38.65],[38.15,38.6],[38.12,38.5],[38.1,38.45],[38.0667,38.4],[38.05,38.3],[38.1,38.2667],[38.2,38.2667],[38.3,38.3],[38.3,38.3],[38.3,38.3],[38.4,38.2667],[38.5,38.2667],[38.6,38.2167],[38.62,38.2],[38.6,38.15],[38.5667,38.1],[38.5,38.0714],[38.4,38.06],[38.34,38.0],[38.3,37.9667],[38.22,37.9],[38.2,37.8875],[38.1,37.8714],[38.0,37.85],[37.9,37.8333],[37.85,37.8],[37.8,37.775],[37.7,37.7],[37.7,37.7],[37.6,37.7],[37.5,37.68],[37.4,37.6],[37.4,37.6],[37.3,37.56],[37.2,37.5667],[37.1,37.5778],[37.0333,37.6],[37.0,37.65],[36.9857,37.7],[36.98,37.8],[36.9,37.8667],[36.8,37.86],[36.74,37.8],[36.7,37.75],[36.65,37.7],[36.6,37.65],[36.55,37.6],[36.6,37.5333],[36.7,37.55],[36.725,37.5],[36.7667,37.4],[36.75,37.3],[36.7,37.2],[36.7,37.2],[36.6,37.175],[36.5889,37.2],[36.55,37.3],[36.5,37.4],[36.5,37.4],[36.5,37.4],[36.55,37.5],[36.5,37.5333],[36.4,37.55],[36.3,37.56],[36.2,37.59],[36.1,37.6],[36.1,37.6],[36.0,37.675],[35.9333,37.7],[35.9,37.8],[35.8,37.7],[35.8,37.7],[35.7,37.6714],[35.6167,37.6],[35.6,37.5875],[35.5,37.6],[35.4,37.5],[35.4,37.5],[35.3,37.4778],[35.2,37.4],[35.2,37.4],[35.1,37.38],[35.0,37.3],[35.0,37.3],[34.9,37.2],[34.9,37.2],[34.8,37.1714],[34.7,37.1],[34.7,37.1],[34.6,37.0667],[34.5333,37.0],[34.5,36.9667],[34.4333,36.9],[34.4,36.8714],[34.3286,36.8],[34.3,36.75],[34.2,36.76],[34.14,36.7],[34.1,36.675],[34.025,36.6],[34.0,36.5818],[33.9,36.58],[33.8,36.5667],[33.7,36.6],[33.7,36.6],[33.6,36.6667],[33.5,36.7],[33.5,36.7],[33.4,36.7778],[33.35,36.8],[33.3,36.85],[33.2,36.86],[33.14,36.8],[33.1286,36.7],[33.1667,36.6],[33.2,36.5667],[33.2667,36.5],[33.3,36.4667],[33.4,36.4091],[33.4333,36.4],[33.4,36.39],[33.3,36.38],[33.2,36.3333],[33.1,36.3333],[33.0,36.3],[33.1,36.2667],[33.2,36.2667],[33.3,36.22],[33.4,36.2182],[33.5,36.2182],[33.6,36.2222],[33.6875,36.3],[33.7,36.3143],[33.8,36.3667],[33.8333,36.4],[33.9,36.42],[34.0,36.4182],[34.09,36.5],[34.1,36.5143],[34.2,36.525],[34.275,36.6],[34.3,36.65],[34.4,36.6667],[34.4333,36.7],[34.5,36.75],[34.55,36.8],[34.6,36.8167],[34.7,36.84],[34.76,36.9],[34.8,36.9333],[34.9,36.95],[34.9667,37.0],[35.0,37.0333],[35.05,37.1],[35.1,37.14],[35.16,37.2],[35.2,37.225],[35.3,37.2286],[35.4,37.3],[35.4,37.3],[35.4,37.3],[35.5,37.2667],[35.55,37.3],[35.6,37.325],[35.7,37.35],[35.8,37.3667],[35.9,37.35],[36.0,37.3667],[36.1,37.325],[36.2,37.3222],[36.3,37.3],[36.3,37.3],[36.3167,37.2],[36.3,37.1667],[36.25,37.1],[36.22,37.0],[36.2222,36.9],[36.225,36.8],[36.2083,36.7],[36.21,36.6],[36.2,36.55],[36.1667,36.5],[36.1,36.45],[36.0333,36.4],[36.0,36.375],[35.925,36.3],[36.0,36.24],[36.1,36.2],[36.2,36.3],[36.2,36.4],[36.2,36.4],[36.3,36.4],[36.4,36.4667],[36.5,36.4333],[36.525,36.4],[36.5,36.3],[36.5,36.3],[36.45,36.2],[36.4,36.15],[36.3,36.1],[36.3,36.1],[36.3,36.1],[36.2,36.1333],[36.1,36.1],[36.1,36.1],[36.0,36.0],[36.0083,35.9],[36.0,35.85],[35.9667,35.8],[35.9667,35.7],[36.0,35.6667],[36.0154,35.6],[36.0133,35.5],[36.0182,35.4],[36.0167,35.3],[36.0,35.2333],[35.9667,35.2],[35.9667,35.1],[36.0,35.05],[36.0143,35.0],[36.1,34.9],[36.1,34.9],[36.2,34.8],[36.2,34.8],[36.2286,34.7],[36.2,34.6714],[36.1286,34.6],[36.1,34.55],[36.0,34.5667],[35.9333,34.5],[36.0,34.4333],[36.1,34.45],[36.1667,34.5],[36.2,34.5167],[36.3,34.54],[36.4,34.6],[36.4,34.6],[36.4,34.6],[36.4,34.5],[36.5,34.4333],[36.55,34.4],[36.6,34.3667],[36.6333,34.4],[36.7,34.45],[36.75,34.5],[36.8,34.5667],[36.8333,34.6],[36.9,34.6667],[37.0,34.65],[37.1,34.6],[37.2,34.7],[37.2,34.8],[37.2,34.8],[37.3,34.825],[37.4,34.9],[37.4,34.9],[37.5,34.9],[37.5,34.9],[37.6,34.8],[37.6333,34.9],[37.7,34.9667],[37.8,34.95],[37.9,34.95],[38.0,35.0],[38.0,35.0],[38.0,35.0],[38.1,34.9],[38.2,34.9333],[38.3,34.925],[38.4,34.9375],[38.475,34.9],[38.4,34.84],[38.3333,34.8],[38.3,34.7857],[38.2,34.7667],[38.1,34.75],[38.0667,34.7],[38.0,34.6],[38.0,34.6],[38.0,34.6],[38.02,34.5],[38.05,34.4],[38.0,34.3],[38.0,34.3],[37.9,34.22],[37.8667,34.2],[37.8667,34.1],[37.8333,34.0],[37.9,34.0]]]}},{"type":"Feature","properties":{"layer_id":"change_T20","layer_label":"Change, T>20\u00b0C","low":10.0,"high":25.0,"label":"10\u201325 pp","fill":"#f4a582","fillOpacity":0.45,"stroke":"#f4a582","strokeOpacity":0.5700000000000001,"strokeWeight":0.35},"geometry":{"type":"Polygon","coordinates":[[[36.2714,34.7],[36.275,34.8],[36.2,34.86],[36.16,34.9],[36.1,34.95],[36.0571,35.0],[36.0333,35.1],[36.0222,35.2],[36.0417,35.3],[36.0455,35.4],[36.0333,35.5],[36.0385,35.6],[36.0182,35.7],[36.0182,35.8],[36.0333,35.9],[36.0375,36.0],[36.1,36.0625],[36.2,36.08],[36.3,36.0667],[36.4,36.0333],[36.4333,36.1],[36.5,36.1667],[36.5286,36.2],[36.6,36.2833],[36.6167,36.3],[36.6,36.4],[36.6,36.4],[36.52,36.5],[36.5,36.52],[36.4,36.5286],[36.3333,36.5],[36.3,36.475],[36.2667,36.5],[36.24,36.6],[36.2333,36.7],[36.2625,36.8],[36.2556,36.9],[36.25,37.0],[36.3,37.0833],[36.3333,37.1],[36.3667,37.2],[36.375,37.3],[36.3,37.325],[36.2,37.3556],[36.1,37.4],[36.1,37.4],[36.0,37.45],[35.9,37.4333],[35.8,37.44],[35.7,37.4143],[35.6,37.4],[35.6,37.4],[35.5,37.3286],[35.4,37.3429],[35.34,37.3],[35.3,37.2714],[35.2,37.2625],[35.1,37.2],[35.1,37.2],[35.0,37.1125],[34.9875,37.1],[34.9,37.0125],[34.85,37.0],[34.8,36.9833],[34.7,36.9],[34.7,36.9],[34.6,36.8417],[34.5,36.85],[34.4833,36.9],[34.5,36.9167],[34.5833,37.0],[34.6,37.0167],[34.7,37.0625],[34.76,37.1],[34.8,37.1286],[34.9,37.17],[34.93,37.2],[35.0,37.27],[35.0375,37.3],[35.1,37.35],[35.2,37.35],[35.2429,37.4],[35.3,37.4444],[35.4,37.4571],[35.475,37.5],[35.5,37.525],[35.6,37.55],[35.6667,37.6],[35.7,37.6286],[35.8,37.67],[35.9,37.6714],[36.0,37.6375],[36.05,37.6],[36.1,37.5571],[36.2,37.56],[36.3,37.5],[36.3,37.5],[36.4,37.4857],[36.4667,37.4],[36.45,37.3],[36.5,37.2833],[36.5556,37.2],[36.5,37.1444],[36.4333,37.1],[36.4,37.06],[36.3625,37.0],[36.3571,36.9],[36.36,36.8],[36.4,36.78],[36.425,36.8],[36.5,36.8857],[36.52,36.9],[36.6,37.0],[36.6,37.0],[36.6,37.1],[36.7,37.14],[36.8,37.1333],[36.8167,37.1],[36.82,37.0],[36.8,36.95],[36.78,36.9],[36.7667,36.8],[36.8,36.7],[36.8,36.7],[36.8,36.7],[36.9,36.7571],[36.9375,36.8],[37.0,36.8833],[37.05,36.9],[37.1,36.95],[37.15,37.0],[37.2,37.02],[37.3,37.0333],[37.38,37.1],[37.4,37.2],[37.4,37.2],[37.4,37.2],[37.36,37.3],[37.36,37.4],[37.3,37.5],[37.4,37.54],[37.475,37.6],[37.5,37.62],[37.6,37.65],[37.7,37.6625],[37.8,37.7],[37.8,37.7],[37.9,37.7333],[38.0,37.7833],[38.0333,37.8],[38.1,37.8286],[38.2,37.85],[38.28,37.8],[38.2,37.72],[38.18,37.7],[38.1,37.6],[38.0,37.6],[38.0,37.6],[37.95,37.5],[37.9,37.45],[37.8,37.45],[37.7,37.4],[37.6,37.4],[37.6,37.4],[37.5857,37.3],[37.6,37.28],[37.68,37.2],[37.6667,37.1],[37.6,37.0],[37.5,37.0],[37.5,37.0],[37.4333,36.9],[37.42,36.8],[37.4,36.78],[37.3,36.7],[37.3,36.7],[37.25,36.6],[37.25,36.5],[37.2,36.4333],[37.175,36.4],[37.1,36.325],[37.075,36.3],[37.0,36.25],[36.9,36.2143],[36.8,36.2],[36.8,36.2],[36.7,36.1143],[36.68,36.1],[36.6429,36.0],[36.7,35.9556],[36.7556,35.9],[36.8,35.82],[36.8167,35.8],[36.9,35.7167],[37.0,35.7167],[37.05,35.7],[37.1,35.6],[37.1,35.6],[37.15,35.5],[37.2,35.45],[37.3,35.44],[37.4,35.4333],[37.5,35.4286],[37.6,35.4333],[37.7,35.475],[37.8,35.48],[37.9,35.4],[37.9,35.4],[38.0,35.3],[38.0,35.3],[38.0667,35.2],[38.1,35.1667],[38.1667,35.1],[38.1,35.05],[38.0,35.075],[37.9667,35.1],[37.9,35.14],[37.8,35.12],[37.75,35.1],[37.7,35.0667],[37.6,35.0667],[37.5,35.1],[37.5,35.1],[37.4,35.1],[37.4,35.1],[37.4,35.1],[37.4667,35.0],[37.4,34.96],[37.3,34.9],[37.2,34.9],[37.2,34.9],[37.1,34.8],[37.05,34.9],[37.0,35.0],[37.0,35.1],[37.0,35.1],[37.0,35.1],[37.0,35.0],[36.975,34.9],[36.9,34.8],[36.9,34.8],[36.8,34.7],[36.8,34.7],[36.7,34.6333],[36.6,34.62],[36.5,34.65],[36.4,34.675],[36.3,34.6],[36.2714,34.7]]]}},{"type":"Feature","properties":{"layer_id":"change_T20","layer_label":"Change, T>20\u00b0C","low":10.0,"high":25.0,"label":"10\u201325 pp","fill":"#f4a582","fillOpacity":0.45,"stroke":"#f4a582","strokeOpacity":0.5700000000000001,"strokeWeight":0.35},"geometry":{"type":"Polygon","coordinates":[[[38.1667,35.0],[38.2,35.05],[38.3,35.075],[38.4,35.05],[38.5,35.0],[38.4,34.975],[38.3,34.9625],[38.2,34.9833],[38.1667,35.0]]]}},{"type":"Feature","properties":{"layer_id":"change_T20","layer_label":"Change, T>20\u00b0C","low":10.0,"high":25.0,"label":"10\u201325 pp","fill":"#f4a582","fillOpacity":0.45,"stroke":"#f4a582","strokeOpacity":0.5700000000000001,"strokeWeight":0.35},"geometry":{"type":"Polygon","coordinates":[[[33.2286,36.3],[33.3,36.35],[33.4,36.36],[33.5,36.3857],[33.5333,36.4],[33.5,36.4167],[33.4,36.4364],[33.3222,36.5],[33.3,36.5286],[33.2286,36.6],[33.2,36.65],[33.1714,36.7],[33.2,36.8],[33.3,36.78],[33.4,36.7444],[33.4571,36.7],[33.5,36.625],[33.6,36.6167],[33.625,36.6],[33.7,36.5667],[33.8,36.5167],[33.9,36.55],[34.0,36.5545],[34.06,36.5],[34.0,36.4455],[33.9,36.45],[33.8,36.4667],[33.76,36.4],[33.7,36.3571],[33.65,36.3],[33.6,36.2556],[33.5,36.2455],[33.4,36.2455],[33.3,36.25],[33.2286,36.3]]]}},{"type":"Feature","properties":{"layer_id":"change_T20","layer_label":"Change, T>20\u00b0C","low":10.0,"high":25.0,"label":"10\u201325 pp","fill":"#f4a582","fillOpacity":0.45,"stroke":"#f4a582","strokeOpacity":0.5700000000000001,"strokeWeight":0.35},"geometry":{"type":"Polygon","coordinates":[[[37.35,36.3],[37.3,36.35],[37.25,36.4],[37.3,36.4333],[37.4,36.5],[37.5,36.4],[37.4333,36.3],[37.4,36.2833],[37.35,36.3]]]}},{"type":"Feature","properties":{"layer_id":"change_T20","layer_label":"Change, T>20\u00b0C","low":10.0,"high":25.0,"label":"10\u201325 pp","fill":"#f4a582","fillOpacity":0.45,"stroke":"#f4a582","strokeOpacity":0.5700000000000001,"strokeWeight":0.35},"geometry":{"type":"Polygon","coordinates":[[[36.8,36.8],[36.8,36.8],[36.8667,36.9],[36.88,37.0],[36.8667,37.1],[36.9,37.2],[36.9,37.2],[37.0,37.2143],[37.1,37.25],[37.15,37.3],[37.2,37.35],[37.3,37.4],[37.3,37.4],[37.3,37.4],[37.3,37.3],[37.34,37.2],[37.32,37.1],[37.3,37.0833],[37.2,37.08],[37.1,37.0667],[37.05,37.0],[37.0,36.95],[36.9333,36.9],[36.9,36.8],[36.9,36.8],[36.8,36.8],[36.8,36.8]]]}},{"type":"Feature","properties":{"layer_id":"change_T20","layer_label":"Change, T>20\u00b0C","low":10.0,"high":25.0,"label":"10\u201325 pp","fill":"#f4a582","fillOpacity":0.45,"stroke":"#f4a582","strokeOpacity":0.5700000000000001,"strokeWeight":0.35},"geometry":{"type":"Polygon","coordinates":[[[42.45,37.2],[42.5,37.22],[42.55,37.3],[42.6,37.35],[42.7,37.3286],[42.7333,37.3],[42.7,37.2],[42.6,37.2],[42.6,37.2],[42.5,37.15],[42.45,37.2]]]}},{"type":"Feature","properties":{"layer_id":"change_T20","layer_label":"Change, T>20\u00b0C","low":10.0,"high":25.0,"label":"10\u201325 pp","fill":"#f4a582","fillOpacity":0.45,"stroke":"#f4a582","strokeOpacity":0.5700000000000001,"strokeWeight":0.35},"geometry":{"type":"Polygon","coordinates":[[[36.825,37.3],[36.8333,37.4],[36.8,37.5],[36.9,37.6],[37.0,37.5667],[37.1,37.5444],[37.2,37.5167],[37.3,37.5],[37.2,37.4667],[37.16,37.4],[37.1,37.34],[37.06,37.3],[37.0,37.2571],[36.9,37.25],[36.825,37.3]]]}},{"type":"Feature","properties":{"layer_id":"change_T20","layer_label":"Change, T>20\u00b0C","low":10.0,"high":25.0,"label":"10\u201325 pp","fill":"#f4a582","fillOpacity":0.45,"stroke":"#f4a582","strokeOpacity":0.5700000000000001,"strokeWeight":0.35},"geometry":{"type":"Polygon","coordinates":[[[41.3,37.3],[41.4,37.4],[41.4,37.4],[41.475,37.5],[41.4,37.6],[41.4,37.6],[41.4,37.6],[41.3,37.5667],[41.2,37.55],[41.1667,37.5],[41.1,37.46],[41.0333,37.5],[41.0,37.55],[40.98,37.6],[41.0,37.6333],[41.1,37.65],[41.2,37.7],[41.2,37.7],[41.25,37.8],[41.3,37.8333],[41.4,37.8],[41.4,37.8],[41.5,37.7],[41.5,37.7],[41.6,37.675],[41.7,37.62],[41.72,37.6],[41.78,37.5],[41.8,37.4],[41.7,37.3],[41.6,37.35],[41.5,37.35],[41.425,37.3],[41.4,37.275],[41.3,37.3]]]}},{"type":"Feature","properties":{"layer_id":"change_T20","layer_label":"Change, T>20\u00b0C","low":10.0,"high":25.0,"label":"10\u201325 pp","fill":"#f4a582","fillOpacity":0.45,"stroke":"#f4a582","strokeOpacity":0.5700000000000001,"strokeWeight":0.35},"geometry":{"type":"Polygon","coordinates":[[[42.275,37.3],[42.2,37.375],[42.1,37.3667],[42.0,37.35],[41.96,37.4],[41.9,37.475],[41.85,37.5],[41.9,37.52],[41.9444,37.6],[41.9625,37.7],[42.0,37.76],[42.0429,37.7],[42.0625,37.6],[42.1,37.5625],[42.2,37.55],[42.3,37.575],[42.375,37.5],[42.35,37.4],[42.4,37.325],[42.42,37.3],[42.4,37.25],[42.3,37.28],[42.275,37.3]]]}},{"type":"Feature","properties":{"layer_id":"change_T20","layer_label":"Change, T>20\u00b0C","low":10.0,"high":25.0,"label":"10\u201325 pp","fill":"#f4a582","fillOpacity":0.45,"stroke":"#f4a582","strokeOpacity":0.5700000000000001,"strokeWeight":0.35},"geometry":{"type":"Polygon","coordinates":[[[40.3333,37.4],[40.3,37.5],[40.3,37.5],[40.26,37.6],[40.25,37.7],[40.3,37.75],[40.35,37.7],[40.4,37.65],[40.5,37.6],[40.5,37.6],[40.5,37.6],[40.6,37.62],[40.7,37.625],[40.8,37.62],[40.82,37.6],[40.8,37.55],[40.7,37.5],[40.7,37.5],[40.7,37.4],[40.6,37.3],[40.5,37.3333],[40.4,37.3333],[40.3333,37.4]]]}},{"type":"Feature","properties":{"layer_id":"change_T20","layer_label":"Change, T>20\u00b0C","low":10.0,"high":25.0,"label":"10\u201325 pp","fill":"#f4a582","fillOpacity":0.45,"stroke":"#f4a582","strokeOpacity":0.5700000000000001,"strokeWeight":0.35},"geometry":{"type":"Polygon","coordinates":[[[39.775,37.6],[39.7,37.65],[39.64,37.7],[39.6,37.7333],[39.5,37.7667],[39.4,37.8],[39.4,37.8],[39.3,37.85],[39.2,37.8],[39.15,37.9],[39.1,37.92],[39.0,37.95],[38.9571,37.9],[38.9,37.8333],[38.8,37.8286],[38.7,37.8273],[38.6,37.83],[38.5,37.8125],[38.4,37.82],[38.3,37.85],[38.28,37.9],[38.3,37.9167],[38.4,38.0],[38.4,38.0],[38.5,38.0286],[38.6,38.05],[38.6667,38.0],[38.7,37.9889],[38.8,37.9714],[38.9,38.0],[38.9,38.0],[39.0,38.05],[39.1,38.1],[39.1,38.2],[39.1,38.2],[39.1,38.2],[39.1,38.2],[39.0,38.175],[38.9,38.1833],[38.8,38.1833],[38.7,38.1667],[38.68,38.2],[38.7,38.3],[38.7,38.3],[38.8,38.4],[38.8,38.4],[38.8,38.4],[38.7,38.4],[38.7,38.4],[38.7,38.3],[38.6,38.2667],[38.55,38.3],[38.5,38.4],[38.5,38.5],[38.5,38.5],[38.5,38.5],[38.5,38.4],[38.4,38.35],[38.3,38.36],[38.2,38.3667],[38.1667,38.4],[38.18,38.5],[38.2,38.55],[38.25,38.6],[38.2833,38.7],[38.3,38.7167],[38.4,38.8],[38.4,38.8],[38.5,38.8167],[38.6,38.8667],[38.62,38.9],[38.675,39.0],[38.7,39.025],[38.8,39.0],[38.8,39.0],[38.8667,38.9],[38.9,38.875],[38.9333,38.9],[39.0,38.95],[39.1,38.92],[39.2,38.95],[39.2625,38.9],[39.3,38.8571],[39.4,38.8375],[39.5,38.8556],[39.6,38.8545],[39.7,38.85],[39.8,38.8545],[39.9,38.86],[39.9857,38.8],[39.9167,38.7],[39.9286,38.6],[40.0,38.5],[40.0,38.5],[40.1,38.4833],[40.2,38.5],[40.3,38.5],[40.4,38.46],[40.5,38.4667],[40.6,38.46],[40.7,38.45],[40.725,38.5],[40.8,38.5545],[40.9,38.5545],[41.0,38.5545],[41.1,38.5375],[41.2,38.5],[41.2,38.5],[41.3,38.4],[41.3,38.4],[41.35,38.3],[41.3333,38.2],[41.4,38.1333],[41.45,38.1],[41.5,38.0833],[41.6,38.0],[41.5,37.9286],[41.4,37.9375],[41.3,37.94],[41.225,38.0],[41.2,38.025],[41.1,38.0667],[41.0,38.06],[40.9,38.05],[40.8,38.0333],[40.7,38.05],[40.6,38.0286],[40.5167,38.1],[40.6,38.2],[40.6,38.2],[40.6,38.2],[40.5,38.3],[40.5,38.3],[40.4,38.3],[40.4,38.3],[40.3,38.2333],[40.2667,38.2],[40.2,38.1],[40.2,38.1],[40.1,38.06],[40.0,38.1],[40.0,38.1],[39.9,38.1143],[39.8,38.1],[39.7,38.1],[39.6,38.1],[39.5,38.1333],[39.4,38.1333],[39.3,38.1],[39.3,38.1],[39.3,38.0],[39.3,38.0],[39.3,38.0],[39.4,38.0667],[39.5,38.0333],[39.6,38.1],[39.7,38.0],[39.7,38.0],[39.8,37.9667],[39.9,37.9],[39.9,37.9],[40.0,37.9],[40.0667,37.8],[40.04,37.7],[40.025,37.6],[40.0,37.5667],[39.9,37.5333],[39.8,37.575],[39.775,37.6]]]}},{"type":"Feature","properties":{"layer_id":"change_T20","layer_label":"Change, T>20\u00b0C","low":10.0,"high":25.0,"label":"10\u201325 pp","fill":"#f4a582","fillOpacity":0.45,"stroke":"#f4a582","strokeOpacity":0.5700000000000001,"strokeWeight":0.35},"geometry":{"type":"Polygon","coordinates":[[[40.88,37.6],[40.8,37.68],[40.7,37.7],[40.6,37.68],[40.5,37.7],[40.5,37.7],[40.5,37.7],[40.5333,37.8],[40.5,37.9],[40.4,37.9],[40.3,37.9],[40.3,37.9],[40.3,37.9],[40.4,38.0],[40.4,38.0],[40.4,38.0],[40.5,37.9],[40.6,37.9],[40.6333,38.0],[40.7,38.02],[40.8,38.0],[40.9,38.0125],[41.0,38.0],[41.0,38.0],[41.1,37.9667],[41.2,37.9],[41.2,37.9],[41.2,37.9],[41.1,37.8],[41.1,37.8],[41.0,37.75],[40.9,37.7],[40.92,37.6],[40.9,37.5667],[40.88,37.6]]]}},{"type":"Feature","properties":{"layer_id":"change_T20","layer_label":"Change, T>20\u00b0C","low":10.0,"high":25.0,"label":"10\u201325 pp","fill":"#f4a582","fillOpacity":0.45,"stroke":"#f4a582","strokeOpacity":0.5700000000000001,"strokeWeight":0.35},"geometry":{"type":"Polygon","coordinates":[[[41.78,37.6],[41.7,37.68],[41.6667,37.7],[41.7,37.8],[41.7,37.8],[41.8,37.8],[41.8,37.8],[41.9,37.7667],[41.925,37.7],[41.9111,37.6],[41.9,37.58],[41.8,37.5667],[41.78,37.6]]]}},{"type":"Feature","properties":{"layer_id":"change_T20","layer_label":"Change, T>20\u00b0C","low":10.0,"high":25.0,"label":"10\u201325 pp","fill":"#f4a582","fillOpacity":0.45,"stroke":"#f4a582","strokeOpacity":0.5700000000000001,"strokeWeight":0.35},"geometry":{"type":"Polygon","coordinates":[[[36.75,37.7],[36.8,37.8],[36.8,37.8],[36.9,37.8167],[36.92,37.8],[36.9429,37.7],[36.9,37.6],[36.8,37.65],[36.75,37.7]]]}},{"type":"Feature","properties":{"layer_id":"change_T20","layer_label":"Change, T>20\u00b0C","low":10.0,"high":25.0,"label":"10\u201325 pp","fill":"#f4a582","fillOpacity":0.45,"stroke":"#f4a582","strokeOpacity":0.5700000000000001,"strokeWeight":0.35},"geometry":{"type":"Polygon","coordinates":[[[-2.3,34.15],[-2.2,34.1],[-2.125,34.2],[-2.2,34.275],[-2.3,34.25],[-2.35,34.2],[-2.3,34.15]]]}},{"type":"Feature","properties":{"layer_id":"change_T20","layer_label":"Change, T>20\u00b0C","low":10.0,"high":25.0,"label":"10\u201325 pp","fill":"#f4a582","fillOpacity":0.45,"stroke":"#f4a582","strokeOpacity":0.5700000000000001,"strokeWeight":0.35},"geometry":{"type":"Polygon","coordinates":[[[9.4,34.15],[9.5,34.15],[9.6,34.2],[9.5,34.25],[9.4,34.3],[9.4,34.3],[9.4,34.3],[9.5,34.35],[9.6,34.4],[9.6,34.4],[9.7,34.45],[9.8,34.4],[9.8,34.4],[9.9,34.3],[10.0,34.3],[10.1,34.4],[10.075,34.5],[10.1,34.55],[10.2,34.5],[10.3,34.6],[10.3,34.6],[10.35,34.7],[10.3,34.8],[10.3,34.8],[10.2,34.9],[10.1,34.9],[10.1,34.9],[10.0,35.0],[9.9,34.9],[9.9,34.8],[9.9,34.8],[9.8,34.8],[9.7,34.8],[9.7,34.8],[9.7,34.8],[9.8,34.8],[9.9,34.9],[9.9,35.0],[9.9,35.0],[10.0,35.1],[10.0,35.2],[10.0,35.2],[10.1,35.2],[10.1,35.2],[10.1,35.2],[10.0,35.1],[10.1,35.0],[10.1,35.0],[10.2,34.9],[10.3,34.9],[10.3,34.9],[10.4,34.8],[10.5,34.9],[10.5,34.9],[10.6,34.9],[10.7,34.9667],[10.7333,35.0],[10.7333,35.1],[10.8,35.1667],[10.8333,35.2],[10.8667,35.3],[10.8667,35.4],[10.9,35.5],[10.9,35.6],[10.8,35.66],[10.7667,35.7],[10.7,35.7667],[10.66,35.8],[10.6333,35.9],[10.6,35.9333],[10.5,36.0],[10.5,36.0],[10.46,36.1],[10.46,36.2],[10.475,36.3],[10.475,36.4],[10.5,36.45],[10.5667,36.5],[10.6,36.55],[10.65,36.6],[10.7,36.65],[10.75,36.6],[10.8,36.5667],[10.8333,36.6],[10.85,36.7],[10.8,36.75],[10.7,36.7333],[10.6,36.7],[10.6,36.7],[10.5,36.6667],[10.45,36.7],[10.4,36.7333],[10.3,36.7333],[10.25,36.8],[10.2,36.9],[10.2,36.9],[10.1,37.0],[10.1,37.0],[10.0,37.1],[9.9,37.1],[9.9,37.1],[9.8333,37.2],[9.8,37.25],[9.75,37.2],[9.75,37.1],[9.7,37.0875],[9.68,37.1],[9.6,37.2],[9.5,37.2],[9.5,37.2],[9.4,37.25],[9.3,37.25],[9.25,37.2],[9.2,37.1667],[9.1,37.16],[9.025,37.1],[9.0,37.075],[8.9,37.0333],[8.8667,37.0],[8.8,36.95],[8.7,36.9667],[8.6,36.9667],[8.5,36.96],[8.4,36.9],[8.4,36.9],[8.3,36.8667],[8.2,36.8667],[8.1,36.8667],[8.0333,36.9],[8.0,36.9333],[7.9667,36.9],[7.9,36.8714],[7.8,36.8667],[7.76,36.9],[7.7,36.96],[7.6,36.96],[7.5,36.9667],[7.45,37.0],[7.4,37.0333],[7.3667,37.0],[7.3,36.95],[7.2,36.96],[7.1,36.9667],[7.0,36.95],[6.95,36.9],[6.9,36.8333],[6.8,36.8],[6.9,36.75],[7.0,36.7333],[7.1,36.7167],[7.2,36.725],[7.25,36.7],[7.2,36.65],[7.1,36.6],[7.2,36.5],[7.2,36.5],[7.3,36.45],[7.4,36.5],[7.4,36.5],[7.4,36.5],[7.5,36.45],[7.6,36.4],[7.7,36.4],[7.8,36.45],[7.9,36.5],[7.8,36.6],[7.7,36.6],[7.6,36.6],[7.5,36.6],[7.5,36.6],[7.5,36.6],[7.6,36.6],[7.7,36.7],[7.7,36.7],[7.7,36.7],[7.8,36.6],[7.9,36.7],[7.9,36.7],[8.0,36.725],[8.0333,36.7],[8.0,36.65],[7.9,36.6],[8.0,36.55],[8.05,36.6],[8.1,36.6333],[8.2,36.6],[8.3,36.65],[8.4,36.6333],[8.5,36.6],[8.5,36.6],[8.5,36.6],[8.4,36.5667],[8.3,36.55],[8.2,36.6],[8.1,36.5],[8.2,36.45],[8.2333,36.4],[8.2,36.3667],[8.1,36.35],[8.0,36.3],[8.0,36.3],[7.9,36.2],[7.9,36.1],[7.9,36.0],[7.9,35.9],[7.9,35.9],[7.9,35.9],[7.8,36.0],[7.7,35.9],[7.7,35.9],[7.6,35.8],[7.6,35.8],[7.5,35.7],[7.6,35.65],[7.7,35.7],[7.7,35.7],[7.7,35.7],[7.7,35.6],[7.8,35.5],[7.8,35.5],[7.9,35.45],[8.0,35.4],[8.1,35.45],[8.1333,35.5],[8.1,35.55],[8.05,35.6],[8.0,35.7],[7.9,35.6],[7.9,35.6],[7.9,35.6],[7.9,35.7],[7.9,35.7],[8.0,35.7],[8.1,35.75],[8.2,35.74],[8.3,35.75],[8.35,35.7],[8.4,35.65],[8.5,35.65],[8.6,35.625],[8.7,35.62],[8.8,35.6333],[8.9,35.6],[8.9,35.6],[9.0,35.5333],[9.0333,35.5],[9.1,35.4333],[9.2,35.4333],[9.225,35.4],[9.2,35.375],[9.1,35.35],[9.05,35.3],[9.0,35.25],[8.95,35.2],[8.9,35.1667],[8.8,35.1333],[8.7,35.1333],[8.6667,35.1],[8.6,35.0333],[8.5,35.0333],[8.4,35.0333],[8.3,35.1],[8.2,35.1],[8.1,35.1],[8.0,35.1],[7.9,35.1],[7.9,35.1],[7.8,35.2],[7.8,35.2],[7.7,35.3],[7.7,35.3],[7.65,35.4],[7.6,35.45],[7.5,35.4],[7.55,35.3],[7.5,35.275],[7.45,35.3],[7.4,35.35],[7.3,35.3],[7.3,35.3],[7.2,35.3],[7.1,35.2667],[7.0,35.275],[6.9,35.2778],[6.8,35.2778],[6.7,35.25],[6.6,35.25],[6.5,35.25],[6.4,35.25],[6.3,35.2333],[6.2,35.26],[6.1,35.2667],[6.0667,35.3],[6.06,35.4],[6.0,35.46],[5.9,35.475],[5.8,35.5],[5.8,35.5],[5.8,35.6],[5.8,35.6],[5.9,35.6667],[6.0,35.7],[5.95,35.8],[5.9,35.9],[5.8,35.9],[5.8,35.9],[5.8,36.0],[5.8,36.0],[5.9,36.0],[6.0,36.1],[5.9,36.15],[5.8,36.15],[5.7,36.1],[5.7,36.1],[5.6,36.1],[5.5,36.05],[5.45,36.1],[5.4,36.15],[5.3,36.1],[5.3,36.0],[5.3,35.9],[5.4,35.8],[5.5,35.8],[5.6,35.8],[5.7,35.8],[5.7,35.8],[5.7,35.8],[5.6,35.8],[5.5,35.8],[5.4,35.8],[5.3,35.8],[5.2,35.8],[5.1,35.8],[5.0,35.7667],[4.9667,35.8],[4.9,35.9],[4.8,35.8667],[4.7667,35.9],[4.8,35.95],[4.9,36.0],[4.8,36.1],[4.7,36.0],[4.7,36.0],[4.6,36.0],[4.525,35.9],[4.5,35.8],[4.6,35.7333],[4.7,35.7333],[4.725,35.7],[4.8,35.64],[4.9,35.64],[5.0,35.65],[5.1,35.6333],[5.12,35.6],[5.2,35.5],[5.2,35.5],[5.3,35.4667],[5.3667,35.4],[5.35,35.3],[5.4,35.2],[5.5,35.3],[5.5,35.4],[5.5,35.4],[5.5,35.4],[5.6,35.325],[5.65,35.3],[5.7,35.25],[5.72,35.2],[5.8,35.1333],[5.9,35.1125],[5.95,35.1],[6.0,35.0667],[6.1,35.0167],[6.1333,35.0],[6.2,34.95],[6.2667,35.0],[6.3,35.0333],[6.3333,35.0],[6.4,34.95],[6.5,34.9667],[6.6,34.94],[6.7,34.9333],[6.8,34.9167],[6.8333,34.9],[6.9,34.85],[7.0,34.8286],[7.1,34.85],[7.2,34.85],[7.3,34.82],[7.4,34.8],[7.4,34.8],[7.5,34.7333],[7.6,34.7143],[7.7,34.7],[7.7,34.7],[7.8,34.62],[7.9,34.6],[7.9,34.6],[8.0,34.55],[8.1,34.6],[8.1,34.6],[8.1,34.6],[8.2,34.5],[8.3,34.5],[8.4,34.5],[8.5,34.5],[8.5,34.5],[8.6,34.4],[8.7,34.4667],[8.8,34.4],[8.8,34.4],[8.9,34.3333],[9.0,34.35],[9.0333,34.3],[9.1,34.25],[9.2,34.25],[9.3,34.25],[9.35,34.2],[9.4,34.15]]]}},{"type":"Feature","properties":{"layer_id":"change_T20","layer_label":"Change, T>20\u00b0C","low":10.0,"high":25.0,"label":"10\u201325 pp","fill":"#f4a582","fillOpacity":0.45,"stroke":"#f4a582","strokeOpacity":0.5700000000000001,"strokeWeight":0.35},"geometry":{"type":"Polygon","coordinates":[[[8.25,34.6],[8.2,34.6333],[8.1,34.6429],[8.0,34.62],[7.9,34.6429],[7.8,34.68],[7.775,34.7],[7.7,34.75],[7.6,34.7571],[7.5,34.7833],[7.475,34.8],[7.4,34.8429],[7.3,34.88],[7.25,34.9],[7.3,34.95],[7.4,34.98],[7.5,34.9667],[7.6,34.975],[7.7,34.95],[7.8,34.9],[7.8,34.9],[7.9,34.9],[8.0,34.85],[8.1,34.85],[8.15,34.9],[8.2,34.95],[8.3,35.0],[8.4,34.9],[8.3,34.85],[8.2,34.8],[8.2,34.8],[8.2,34.8],[8.3,34.7667],[8.4,34.78],[8.45,34.8],[8.5,34.9],[8.5,34.9],[8.6,34.9333],[8.65,34.9],[8.7,34.875],[8.8,34.8857],[8.85,34.9],[8.9,35.0],[8.9,35.0],[9.0,35.0667],[9.0333,35.1],[9.1,35.1667],[9.2,35.2],[9.3,35.2],[9.3,35.2],[9.3333,35.3],[9.4,35.4],[9.4,35.4],[9.4,35.4],[9.3,35.4],[9.25,35.5],[9.2,35.55],[9.1667,35.6],[9.2,35.7],[9.3,35.6667],[9.4,35.6333],[9.5,35.6],[9.5,35.6],[9.5,35.6],[9.55,35.7],[9.6,35.75],[9.65,35.7],[9.7,35.65],[9.725,35.7],[9.7,35.75],[9.65,35.8],[9.6667,35.9],[9.7,35.95],[9.75,35.9],[9.8,35.85],[9.8333,35.9],[9.9,35.95],[9.94,36.0],[9.9,36.05],[9.8333,36.0],[9.8,35.95],[9.75,36.0],[9.725,36.1],[9.8,36.2],[9.8,36.2],[9.8,36.2],[9.7,36.3],[9.7,36.4],[9.7,36.4],[9.65,36.5],[9.65,36.6],[9.625,36.7],[9.6,36.7333],[9.5,36.7],[9.55,36.6],[9.5,36.5],[9.4,36.6],[9.3,36.6],[9.4,36.6],[9.5,36.7],[9.4333,36.8],[9.5,36.9],[9.5,36.9],[9.5,37.0],[9.55,37.1],[9.6,37.125],[9.62,37.1],[9.7,37.05],[9.8,37.05],[9.9,37.0],[9.85,36.9],[9.9,36.8667],[10.0,36.9],[10.1,36.8],[10.1,36.8],[10.2,36.75],[10.2333,36.7],[10.3,36.6333],[10.4,36.6],[10.4,36.6],[10.475,36.5],[10.4375,36.4],[10.4375,36.3],[10.4,36.2],[10.4,36.2],[10.4,36.1],[10.3,36.0],[10.3,36.0],[10.3,36.0],[10.4,35.9333],[10.4333,35.9],[10.4,35.85],[10.3,35.85],[10.25,35.9],[10.2,35.95],[10.175,35.9],[10.1,35.825],[10.05,35.8],[10.0,35.7],[10.0,35.7],[9.98,35.6],[10.0,35.55],[10.05,35.5],[10.0,35.4],[10.0,35.4],[9.9,35.35],[9.85,35.3],[9.8,35.2],[9.8,35.2],[9.7,35.1667],[9.6667,35.1],[9.6833,35.0],[9.6,34.9286],[9.5,34.9333],[9.4667,34.9],[9.4,34.8333],[9.3667,34.8],[9.3,34.7333],[9.25,34.7],[9.2,34.6667],[9.1,34.6667],[9.05,34.7],[9.0,34.7143],[8.9667,34.7],[8.9,34.65],[8.8,34.64],[8.7,34.64],[8.6333,34.6],[8.6,34.55],[8.5,34.575],[8.4,34.575],[8.3,34.575],[8.25,34.6]]]}},{"type":"Feature","properties":{"layer_id":"change_T20","layer_label":"Change, T>20\u00b0C","low":10.0,"high":25.0,"label":"10\u201325 pp","fill":"#f4a582","fillOpacity":0.45,"stroke":"#f4a582","strokeOpacity":0.5700000000000001,"strokeWeight":0.35},"geometry":{"type":"Polygon","coordinates":[[[6.6,35.0],[6.6,35.1],[6.7,35.1667],[6.72,35.2],[6.8,35.2444],[6.9,35.2444],[7.0,35.2375],[7.075,35.2],[7.0,35.15],[6.94,35.1],[6.9,35.0],[6.9,35.0],[6.8,34.9667],[6.7,34.9833],[6.6,35.0]]]}},{"type":"Feature","properties":{"layer_id":"change_T20","layer_label":"Change, T>20\u00b0C","low":10.0,"high":25.0,"label":"10\u201325 pp","fill":"#f4a582","fillOpacity":0.45,"stroke":"#f4a582","strokeOpacity":0.5700000000000001,"strokeWeight":0.35},"geometry":{"type":"Polygon","coordinates":[[[7.1,35.0],[7.1,35.1],[7.2,35.15],[7.3,35.1],[7.25,35.0],[7.2,34.95],[7.1,35.0]]]}},{"type":"Feature","properties":{"layer_id":"change_T20","layer_label":"Change, T>20\u00b0C","low":10.0,"high":25.0,"label":"10\u201325 pp","fill":"#f4a582","fillOpacity":0.45,"stroke":"#f4a582","strokeOpacity":0.5700000000000001,"strokeWeight":0.35},"geometry":{"type":"Polygon","coordinates":[[[5.78,35.2],[5.8,35.3],[5.9,35.28],[6.0,35.25],[6.05,35.2],[6.0,35.1667],[5.9,35.15],[5.8,35.1833],[5.78,35.2]]]}},{"type":"Feature","properties":{"layer_id":"change_T20","layer_label":"Change, T>20\u00b0C","low":10.0,"high":25.0,"label":"10\u201325 pp","fill":"#f4a582","fillOpacity":0.45,"stroke":"#f4a582","strokeOpacity":0.5700000000000001,"strokeWeight":0.35},"geometry":{"type":"Polygon","coordinates":[[[5.6,35.4],[5.6,35.4],[5.5,35.45],[5.4,35.5],[5.4,35.5],[5.3,35.5667],[5.2,35.575],[5.18,35.6],[5.2,35.6333],[5.2667,35.7],[5.3,35.725],[5.35,35.7],[5.4,35.68],[5.5,35.65],[5.6,35.6],[5.6,35.6],[5.65,35.5],[5.7,35.4333],[5.8,35.425],[5.9,35.4],[5.8,35.3],[5.7,35.3667],[5.6,35.4]]]}},{"type":"Feature","properties":{"layer_id":"change_T20","layer_label":"Change, T>20\u00b0C","low":10.0,"high":25.0,"label":"10\u201325 pp","fill":"#f4a582","fillOpacity":0.45,"stroke":"#f4a582","strokeOpacity":0.5700000000000001,"strokeWeight":0.35},"geometry":{"type":"Polygon","coordinates":[[[10.4,35.4],[10.3,35.45],[10.25,35.5],[10.3,35.6],[10.3,35.6],[10.4,35.6],[10.4,35.6],[10.45,35.5],[10.4,35.4],[10.4,35.4],[10.4,35.4]]]}},{"type":"Feature","properties":{"layer_id":"change_T20","layer_label":"Change, T>20\u00b0C","low":10.0,"high":25.0,"label":"10\u201325 pp","fill":"#f4a582","fillOpacity":0.45,"stroke":"#f4a582","strokeOpacity":0.5700000000000001,"strokeWeight":0.35},"geometry":{"type":"Polygon","coordinates":[[[10.6,35.5],[10.6,35.5],[10.55,35.6],[10.55,35.7],[10.5,35.75],[10.45,35.8],[10.5,35.8333],[10.6,35.8],[10.6,35.8],[10.7,35.7167],[10.7167,35.7],[10.8,35.6],[10.8,35.5],[10.7,35.4],[10.6,35.5]]]}},{"type":"Feature","properties":{"layer_id":"change_T20","layer_label":"Change, T>20\u00b0C","low":10.0,"high":25.0,"label":"10\u201325 pp","fill":"#f4a582","fillOpacity":0.45,"stroke":"#f4a582","strokeOpacity":0.5700000000000001,"strokeWeight":0.35},"geometry":{"type":"Polygon","coordinates":[[[9.3,36.2],[9.3,36.2],[9.2,36.3],[9.3,36.3333],[9.4,36.3],[9.4,36.3],[9.45,36.2],[9.4,36.15],[9.3,36.2]]]}},{"type":"Feature","properties":{"layer_id":"change_T20","layer_label":"Change, T>20\u00b0C","low":10.0,"high":25.0,"label":"10\u201325 pp","fill":"#f4a582","fillOpacity":0.45,"stroke":"#f4a582","strokeOpacity":0.5700000000000001,"strokeWeight":0.35},"geometry":{"type":"Polygon","coordinates":[[[8.5667,36.5],[8.6,36.5333],[8.7,36.5333],[8.8,36.5333],[8.9,36.55],[9.0,36.5],[8.9,36.45],[8.8,36.45],[8.7,36.4],[8.6,36.4],[8.5667,36.5]]]}},{"type":"Feature","properties":{"layer_id":"change_T20","layer_label":"Change, T>20\u00b0C","low":10.0,"high":25.0,"label":"10\u201325 pp","fill":"#f4a582","fillOpacity":0.45,"stroke":"#f4a582","strokeOpacity":0.5700000000000001,"strokeWeight":0.35},"geometry":{"type":"Polygon","coordinates":[[[8.7,36.7],[8.7,36.8],[8.7,36.8],[8.8,36.8333],[8.9,36.82],[9.0,36.825],[9.1,36.85],[9.15,36.8],[9.1,36.7667],[9.0,36.7],[9.0,36.7],[9.0,36.7],[8.9,36.75],[8.8,36.7],[8.8,36.7],[8.7,36.7],[8.7,36.7]]]}},{"type":"Feature","properties":{"layer_id":"change_T20","layer_label":"Change, T>20\u00b0C","low":10.0,"high":25.0,"label":"10\u201325 pp","fill":"#f4a582","fillOpacity":0.45,"stroke":"#f4a582","strokeOpacity":0.5700000000000001,"strokeWeight":0.35},"geometry":{"type":"Polygon","coordinates":[[[6.9667,36.8],[7.0,36.85],[7.05,36.9],[7.1,36.9167],[7.2,36.9],[7.2,36.8],[7.1,36.7667],[7.0,36.7833],[6.9667,36.8]]]}},{"type":"Feature","properties":{"layer_id":"change_T20","layer_label":"Change, T>20\u00b0C","low":10.0,"high":25.0,"label":"10\u201325 pp","fill":"#f4a582","fillOpacity":0.45,"stroke":"#f4a582","strokeOpacity":0.5700000000000001,"strokeWeight":0.35},"geometry":{"type":"Polygon","coordinates":[[[7.4,36.8],[7.5,36.8667],[7.6,36.9],[7.7,36.9],[7.8,36.8167],[7.9,36.8286],[8.0,36.8],[7.9,36.76],[7.8,36.7667],[7.7,36.7375],[7.6,36.74],[7.5,36.75],[7.4,36.8]]]}},{"type":"Feature","properties":{"layer_id":"change_T20","layer_label":"Change, T>20\u00b0C","low":10.0,"high":25.0,"label":"10\u201325 pp","fill":"#f4a582","fillOpacity":0.45,"stroke":"#f4a582","strokeOpacity":0.5700000000000001,"strokeWeight":0.35},"geometry":{"type":"Polygon","coordinates":[[[37.7,34.6],[37.75,34.7],[37.8,34.8],[37.7,34.8333],[37.6,34.8],[37.65,34.7],[37.7,34.6]]]}},{"type":"Feature","properties":{"layer_id":"change_T20","layer_label":"Change, T>20\u00b0C","low":10.0,"high":25.0,"label":"10\u201325 pp","fill":"#f4a582","fillOpacity":0.45,"stroke":"#f4a582","strokeOpacity":0.5700000000000001,"strokeWeight":0.35},"geometry":{"type":"Polygon","coordinates":[[[32.9,34.7667],[32.95,34.8],[33.0,34.8167],[33.1,34.8167],[33.2,34.85],[33.25,34.9],[33.2,34.9667],[33.19,35.0],[33.1,35.0818],[33.0,35.08],[32.9,35.0714],[32.8,35.0667],[32.7,35.075],[32.6,35.06],[32.54,35.0],[32.6,34.9],[32.6,34.9],[32.7,34.82],[32.8,34.82],[32.8667,34.8],[32.9,34.7667]]]}},{"type":"Feature","properties":{"layer_id":"change_T20","layer_label":"Change, T>20\u00b0C","low":10.0,"high":25.0,"label":"10\u201325 pp","fill":"#f4a582","fillOpacity":0.45,"stroke":"#f4a582","strokeOpacity":0.5700000000000001,"strokeWeight":0.35},"geometry":{"type":"Polygon","coordinates":[[[32.6375,34.9],[32.6,35.0],[32.7,35.0375],[32.8,35.0167],[32.9,35.0286],[33.0,35.05],[33.1,35.0545],[33.16,35.0],[33.1875,34.9],[33.1,34.8417],[33.0,34.8667],[32.9,34.9],[32.9,34.9],[32.9,34.9],[32.8,34.85],[32.7,34.85],[32.6375,34.9]]]}},{"type":"Feature","properties":{"layer_id":"change_T20","layer_label":"Change, T>20\u00b0C","low":10.0,"high":25.0,"label":"10\u201325 pp","fill":"#f4a582","fillOpacity":0.45,"stroke":"#f4a582","strokeOpacity":0.5700000000000001,"strokeWeight":0.35},"geometry":{"type":"Polygon","coordinates":[[[-6.3,34.825],[-6.2,34.8333],[-6.12,34.9],[-6.2,34.98],[-6.3,34.96],[-6.36,34.9],[-6.3,34.825]]]}},{"type":"Feature","properties":{"layer_id":"change_T20","layer_label":"Change, T>20\u00b0C","low":10.0,"high":25.0,"label":"10\u201325 pp","fill":"#f4a582","fillOpacity":0.45,"stroke":"#f4a582","strokeOpacity":0.5700000000000001,"strokeWeight":0.35},"geometry":{"type":"Polygon","coordinates":[[[2.3,34.8333],[2.4,34.9],[2.4,34.9],[2.48,35.0],[2.4,35.0571],[2.3333,35.0],[2.3,34.95],[2.2333,34.9],[2.3,34.8333]]]}},{"type":"Feature","properties":{"layer_id":"change_T20","layer_label":"Change, T>20\u00b0C","low":10.0,"high":25.0,"label":"10\u201325 pp","fill":"#f4a582","fillOpacity":0.45,"stroke":"#f4a582","strokeOpacity":0.5700000000000001,"strokeWeight":0.35},"geometry":{"type":"Polygon","coordinates":[[[25.0,34.9286],[25.1,34.9222],[25.2,34.9222],[25.2778,35.0],[25.3,35.0182],[25.4,35.05],[25.5,35.04],[25.6,35.04],[25.66,35.1],[25.6667,35.2],[25.6,35.2667],[25.5778,35.3],[25.5,35.3778],[25.4222,35.3],[25.4,35.2333],[25.3667,35.3],[25.3,35.3667],[25.2,35.3333],[25.1,35.36],[25.0,35.3833],[24.9,35.35],[24.8,35.4],[24.7,35.4],[24.6,35.3778],[24.5,35.3846],[24.4,35.3867],[24.3,35.3857],[24.28,35.4],[24.2,35.48],[24.1333,35.5],[24.1,35.5333],[24.0,35.56],[23.925,35.5],[23.9,35.4857],[23.8,35.4846],[23.7,35.4818],[23.6,35.48],[23.52,35.4],[23.55,35.3],[23.6,35.25],[23.7,35.2286],[23.8,35.2222],[23.9,35.2667],[23.9333,35.3],[23.9667,35.4],[24.0,35.45],[24.1,35.4667],[24.12,35.4],[24.2,35.3],[24.2,35.3],[24.3,35.2143],[24.3182,35.2],[24.4,35.1182],[24.5,35.1143],[24.6,35.1],[24.7,35.1],[24.8,35.1],[24.8,35.1],[24.9,35.0091],[24.9167,35.0],[25.0,34.9286]]]}},{"type":"Feature","properties":{"layer_id":"change_T20","layer_label":"Change, T>20\u00b0C","low":10.0,"high":25.0,"label":"10\u201325 pp","fill":"#f4a582","fillOpacity":0.45,"stroke":"#f4a582","strokeOpacity":0.5700000000000001,"strokeWeight":0.35},"geometry":{"type":"Polygon","coordinates":[[[24.9667,35.0],[24.9,35.0364],[24.83,35.1],[24.9,35.1778],[25.0,35.1857],[25.0143,35.2],[25.0,35.2125],[24.9125,35.3],[25.0,35.3583],[25.1,35.3],[25.1,35.3],[25.2,35.2667],[25.2667,35.3],[25.3,35.3167],[25.3167,35.3],[25.375,35.2],[25.3857,35.1],[25.3,35.0455],[25.2444,35.0],[25.2,34.9556],[25.1,34.9556],[25.0,34.9714],[24.9667,35.0]]]}},{"type":"Feature","properties":{"layer_id":"change_T20","layer_label":"Change, T>20\u00b0C","low":10.0,"high":25.0,"label":"10\u201325 pp","fill":"#f4a582","fillOpacity":0.45,"stroke":"#f4a582","strokeOpacity":0.5700000000000001,"strokeWeight":0.35},"geometry":{"type":"Polygon","coordinates":[[[24.3455,35.2],[24.3,35.2357],[24.225,35.3],[24.2,35.3375],[24.15,35.4],[24.2,35.45],[24.25,35.4],[24.3,35.3643],[24.4,35.3667],[24.5,35.3615],[24.6,35.3444],[24.68,35.3],[24.6667,35.2],[24.6,35.1429],[24.5,35.1357],[24.4,35.1455],[24.3455,35.2]]]}},{"type":"Feature","properties":{"layer_id":"change_T20","layer_label":"Change, T>20\u00b0C","low":10.0,"high":25.0,"label":"10\u201325 pp","fill":"#f4a582","fillOpacity":0.45,"stroke":"#f4a582","strokeOpacity":0.5700000000000001,"strokeWeight":0.35},"geometry":{"type":"Polygon","coordinates":[[[23.6333,35.3],[23.6,35.3167],[23.55,35.4],[23.6,35.45],[23.7,35.4545],[23.8,35.4615],[23.9,35.4429],[23.9333,35.4],[23.9,35.34],[23.8667,35.3],[23.8,35.2556],[23.7,35.2714],[23.6333,35.3]]]}},{"type":"Feature","properties":{"layer_id":"change_T20","layer_label":"Change, T>20\u00b0C","low":10.0,"high":25.0,"label":"10\u201325 pp","fill":"#f4a582","fillOpacity":0.45,"stroke":"#f4a582","strokeOpacity":0.5700000000000001,"strokeWeight":0.35},"geometry":{"type":"Polygon","coordinates":[[[-4.8,35.1667],[-4.7,35.1167],[-4.6,35.1],[-4.54,35.2],[-4.6,35.26],[-4.7,35.2714],[-4.8,35.2333],[-4.9,35.2],[-4.8,35.1667]]]}},{"type":"Feature","properties":{"layer_id":"change_T20","layer_label":"Change, T>20\u00b0C","low":10.0,"high":25.0,"label":"10\u201325 pp","fill":"#f4a582","fillOpacity":0.45,"stroke":"#f4a582","strokeOpacity":0.5700000000000001,"strokeWeight":0.35},"geometry":{"type":"Polygon","coordinates":[[[-5.0,35.2],[-4.9286,35.3],[-5.0,35.3714],[-5.02,35.4],[-5.1,35.48],[-5.1154,35.5],[-5.2,35.5846],[-5.2167,35.6],[-5.225,35.7],[-5.3,35.775],[-5.4,35.76],[-5.425,35.8],[-5.4,35.8222],[-5.3222,35.9],[-5.4,35.9778],[-5.5,35.9778],[-5.5778,35.9],[-5.6,35.8333],[-5.7,35.86],[-5.76,35.8],[-5.8,35.7333],[-5.9,35.7],[-5.9,35.7],[-5.9333,35.6],[-6.0,35.55],[-6.05,35.5],[-6.05,35.4],[-6.0,35.3],[-5.9,35.4],[-5.9,35.5],[-5.9,35.5],[-5.8,35.6],[-5.8,35.6],[-5.75,35.7],[-5.7,35.725],[-5.6,35.7],[-5.6,35.7],[-5.55,35.6],[-5.5,35.55],[-5.4,35.5],[-5.4,35.5],[-5.3,35.4286],[-5.2,35.4],[-5.2,35.4],[-5.1,35.3],[-5.1,35.3],[-5.0,35.2]]]}},{"type":"Feature","properties":{"layer_id":"change_T20","layer_label":"Change, T>20\u00b0C","low":10.0,"high":25.0,"label":"10\u201325 pp","fill":"#f4a582","fillOpacity":0.45,"stroke":"#f4a582","strokeOpacity":0.5700000000000001,"strokeWeight":0.35},"geometry":{"type":"Polygon","coordinates":[[[-5.1625,35.4],[-5.2,35.4273],[-5.3,35.4714],[-5.34,35.5],[-5.4,35.575],[-5.4333,35.6],[-5.4,35.7],[-5.4,35.7],[-5.3,35.7375],[-5.2625,35.7],[-5.2417,35.6],[-5.2,35.5615],[-5.1385,35.5],[-5.1,35.45],[-5.05,35.4],[-5.1,35.3375],[-5.1625,35.4]]]}},{"type":"Feature","properties":{"layer_id":"change_T20","layer_label":"Change, T>20\u00b0C","low":10.0,"high":25.0,"label":"10\u201325 pp","fill":"#f4a582","fillOpacity":0.45,"stroke":"#f4a582","strokeOpacity":0.5700000000000001,"strokeWeight":0.35},"geometry":{"type":"Polygon","coordinates":[[[-5.56,35.8],[-5.5444,35.9],[-5.5,35.9444],[-5.4,35.9444],[-5.3556,35.9],[-5.4,35.8556],[-5.4625,35.8],[-5.5,35.725],[-5.56,35.8]]]}},{"type":"Feature","properties":{"layer_id":"change_T20","layer_label":"Change, T>20\u00b0C","low":10.0,"high":25.0,"label":"10\u201325 pp","fill":"#f4a582","fillOpacity":0.45,"stroke":"#f4a582","strokeOpacity":0.5700000000000001,"strokeWeight":0.35},"geometry":{"type":"Polygon","coordinates":[[[0.9,35.4333],[1.0,35.4333],[1.05,35.5],[1.0,35.5667],[0.95,35.6],[0.9,35.7],[0.85,35.6],[0.85,35.5],[0.9,35.4333]]]}},{"type":"Feature","properties":{"layer_id":"change_T20","layer_label":"Change, T>20\u00b0C","low":10.0,"high":25.0,"label":"10\u201325 pp","fill":"#f4a582","fillOpacity":0.45,"stroke":"#f4a582","strokeOpacity":0.5700000000000001,"strokeWeight":0.35},"geometry":{"type":"Polygon","coordinates":[[[6.6,35.45],[6.7,35.45],[6.8,35.45],[6.9,35.4667],[7.0,35.4667],[7.1,35.45],[7.2,35.4333],[7.3,35.4],[7.3667,35.5],[7.4,35.5333],[7.5,35.6],[7.5,35.7],[7.4,35.8],[7.4,35.8],[7.4,35.8],[7.5,35.9],[7.4,36.0],[7.3,36.0],[7.2,36.0],[7.1,35.95],[7.0,35.9],[7.0,35.9],[6.9,35.85],[6.8,35.8667],[6.7,35.875],[6.65,35.9],[6.6,35.95],[6.5,35.9857],[6.45,36.0],[6.5,36.1],[6.4,36.2],[6.3,36.2],[6.2,36.2],[6.1,36.2],[6.0,36.1],[6.1,36.0],[6.2,36.0],[6.3,36.0],[6.3,36.0],[6.3,36.0],[6.2,36.0],[6.1,35.9],[6.1,35.8],[6.1,35.7],[6.2,35.6667],[6.3,35.6667],[6.3667,35.6],[6.4,35.55],[6.5,35.5],[6.5,35.5],[6.6,35.45]]]}},{"type":"Feature","properties":{"layer_id":"change_T20","layer_label":"Change, T>20\u00b0C","low":10.0,"high":25.0,"label":"10\u201325 pp","fill":"#f4a582","fillOpacity":0.45,"stroke":"#f4a582","strokeOpacity":0.5700000000000001,"strokeWeight":0.35},"geometry":{"type":"Polygon","coordinates":[[[6.85,35.6],[6.8,35.65],[6.7,35.6333],[6.65,35.7],[6.6,35.7667],[6.5667,35.8],[6.6,35.8333],[6.7,35.8],[6.7,35.8],[6.7,35.8],[6.8,35.8167],[6.9,35.8],[6.9,35.7],[6.9,35.7],[6.9,35.7],[7.0,35.76],[7.1,35.725],[7.2,35.7],[7.1,35.65],[7.0,35.625],[6.95,35.6],[6.9,35.5667],[6.85,35.6]]]}},{"type":"Feature","properties":{"layer_id":"change_T20","layer_label":"Change, T>20\u00b0C","low":10.0,"high":25.0,"label":"10\u201325 pp","fill":"#f4a582","fillOpacity":0.45,"stroke":"#f4a582","strokeOpacity":0.5700000000000001,"strokeWeight":0.35},"geometry":{"type":"Polygon","coordinates":[[[45.0,35.8167],[45.0,35.8667],[44.9667,35.9],[44.95,36.0],[45.0,36.0167],[45.0,36.0667],[44.9,36.05],[44.8,36.0333],[44.7667,36.0],[44.8,35.95],[44.9,35.9333],[44.9167,35.9],[45.0,35.8167]]]}},{"type":"Feature","properties":{"layer_id":"change_T20","layer_label":"Change, T>20\u00b0C","low":10.0,"high":25.0,"label":"10\u201325 pp","fill":"#f4a582","fillOpacity":0.45,"stroke":"#f4a582","strokeOpacity":0.5700000000000001,"strokeWeight":0.35},"geometry":{"type":"Polygon","coordinates":[[[-5.7,36.0286],[-5.6,36.0286],[-5.5,36.05],[-5.45,36.1],[-5.4,36.1333],[-5.3333,36.2],[-5.3,36.2333],[-5.2333,36.3],[-5.225,36.4],[-5.2,36.4182],[-5.1,36.42],[-5.0,36.425],[-4.9,36.4182],[-4.8,36.42],[-4.7,36.4182],[-4.6182,36.5],[-4.6,36.5333],[-4.5333,36.6],[-4.5,36.6222],[-4.4,36.6222],[-4.3,36.64],[-4.24,36.7],[-4.2,36.7182],[-4.1,36.7222],[-4.0,36.7222],[-3.9,36.7286],[-3.8,36.7286],[-3.7,36.72],[-3.6,36.72],[-3.5,36.7182],[-3.4,36.7154],[-3.3,36.725],[-3.2,36.725],[-3.1,36.7222],[-3.0,36.7182],[-2.9,36.7182],[-2.8,36.72],[-2.7,36.72],[-2.62,36.8],[-2.6,36.8222],[-2.5,36.8222],[-2.4,36.8222],[-2.3,36.8286],[-2.2,36.85],[-2.15,36.9],[-2.1,36.9167],[-2.0,37.0],[-2.0,37.0],[-1.9,37.0286],[-1.8286,37.1],[-1.82,37.2],[-1.8,37.2333],[-1.7333,37.3],[-1.7,37.3222],[-1.6125,37.4],[-1.6,37.4143],[-1.5,37.4667],[-1.4,37.4667],[-1.3667,37.5],[-1.35,37.6],[-1.3,37.6125],[-1.2,37.625],[-1.1,37.65],[-1.05,37.7],[-1.0,37.7222],[-0.9222,37.8],[-0.9,37.8222],[-0.8125,37.9],[-0.8,37.925],[-0.7,37.9667],[-0.6667,38.0],[-0.65,38.1],[-0.65,38.2],[-0.6333,38.3],[-0.6,38.3333],[-0.5,38.4],[-0.5,38.4],[-0.4,38.45],[-0.3,38.5],[-0.3,38.5],[-0.2,38.52],[-0.1,38.52],[-0.02,38.6],[0.0,38.6667],[0.05,38.7],[0.0,38.8],[0.0,38.8],[-0.1,38.8667],[-0.15,38.9],[-0.14,39.0],[-0.2,39.06],[-0.3,39.1],[-0.3,39.1],[-0.3143,39.2],[-0.3333,39.3],[-0.3333,39.4],[-0.4,39.48],[-0.4125,39.5],[-0.4,39.52],[-0.3333,39.6],[-0.3,39.6333],[-0.22,39.7],[-0.2,39.8],[-0.2,39.8],[-0.1111,39.9],[-0.1,39.92],[-0.0333,40.0],[0.0,40.02],[0.1,40.05],[0.15,40.1],[0.1714,40.2],[0.2,40.2333],[0.3,40.2286],[0.3714,40.3],[0.4,40.35],[0.45,40.4],[0.5,40.4667],[0.5333,40.5],[0.55,40.6],[0.6,40.6667],[0.6333,40.7],[0.7,40.8],[0.7,40.8],[0.8,40.85],[0.85,40.9],[0.9,40.94],[0.96,41.0],[1.0,41.025],[1.1,41.04],[1.2,41.0333],[1.2667,41.1],[1.3,41.14],[1.4,41.125],[1.475,41.2],[1.5,41.2286],[1.5286,41.2],[1.6,41.1286],[1.7,41.15],[1.75,41.2],[1.8,41.2333],[1.9,41.2333],[2.0,41.25],[2.1,41.25],[2.15,41.3],[2.15,41.4],[2.2,41.4286],[2.3,41.5],[2.3,41.5],[2.4,41.5],[2.5,41.55],[2.55,41.6],[2.6,41.65],[2.7,41.64],[2.8,41.64],[2.9,41.64],[2.96,41.7],[3.0,41.7222],[3.0778,41.8],[3.1,41.8286],[3.1833,41.9],[3.2,41.925],[3.26,42.0],[3.2,42.06],[3.16,42.1],[3.175,42.2],[3.2,42.2667],[3.2333,42.3],[3.2,42.3333],[3.16,42.4],[3.16,42.5],[3.1,42.56],[3.06,42.6],[3.0,42.66],[2.9667,42.7],[2.975,42.8],[3.0,42.8333],[3.0667,42.9],[3.0,42.9667],[2.95,43.0],[3.0,43.05],[3.1,43.0333],[3.1667,43.1],[3.15,43.2],[3.2,43.25],[3.25,43.3],[3.3,43.35],[3.35,43.3],[3.4,43.25],[3.45,43.3],[3.5,43.3667],[3.5333,43.4],[3.6,43.45],[3.7,43.44],[3.8,43.4333],[3.8667,43.5],[3.9,43.55],[4.0,43.55],[4.1,43.5286],[4.2,43.525],[4.2286,43.5],[4.3,43.4286],[4.3714,43.5],[4.4,43.5286],[4.5,43.5333],[4.5222,43.5],[4.6,43.4222],[4.6286,43.4],[4.7,43.3286],[4.8,43.3286],[4.9,43.3286],[5.0,43.3333],[5.0667,43.4],[5.05,43.5],[5.1,43.54],[5.15,43.5],[5.2,43.45],[5.25,43.4],[5.3,43.35],[5.3333,43.3],[5.4,43.2333],[5.5,43.24],[5.55,43.2],[5.6,43.15],[5.7,43.1333],[5.8,43.1333],[5.8667,43.1],[5.9,43.0667],[5.9333,43.1],[6.0,43.15],[6.05,43.1],[6.1,43.05],[6.2,43.1],[6.2,43.1],[6.2,43.1],[6.3,43.05],[6.35,43.1],[6.4,43.14],[6.5,43.14],[6.6,43.125],[6.675,43.2],[6.6667,43.3],[6.7,43.34],[6.8,43.3667],[6.8333,43.4],[6.9,43.4286],[6.9714,43.5],[7.0,43.55],[7.1,43.55],[7.15,43.6],[7.2,43.6333],[7.2667,43.7],[7.2,43.7667],[7.1,43.7333],[7.0667,43.7],[7.0,43.65],[6.9,43.65],[6.8333,43.6],[6.8,43.58],[6.7,43.5667],[6.6,43.5333],[6.5,43.55],[6.4333,43.5],[6.4,43.4667],[6.3,43.4333],[6.25,43.4],[6.2,43.3],[6.2,43.3],[6.1,43.3],[6.0,43.25],[5.9,43.2333],[5.8,43.2667],[5.7,43.2667],[5.65,43.3],[5.6,43.35],[5.5333,43.4],[5.5,43.5],[5.5,43.5],[5.4,43.6],[5.4,43.6],[5.3,43.7],[5.3,43.7],[5.2,43.7333],[5.1,43.75],[5.05,43.8],[5.0667,43.9],[5.1,44.0],[5.0,44.1],[5.0,44.1],[4.975,44.2],[4.9,44.275],[4.8667,44.3],[4.8,44.3667],[4.75,44.4],[4.7,44.5],[4.65,44.4],[4.6,44.3667],[4.5,44.375],[4.425,44.3],[4.4333,44.2],[4.45,44.1],[4.4333,44.0],[4.4,43.95],[4.3,43.95],[4.2,43.9333],[4.1,43.9],[4.1,43.9],[4.0667,43.8],[4.0,43.7333],[3.95,43.7],[3.9,43.6667],[3.8,43.65],[3.7,43.65],[3.6,43.6],[3.6,43.6],[3.5,43.6],[3.4,43.55],[3.3,43.5333],[3.25,43.5],[3.2,43.45],[3.15,43.4],[3.1,43.3],[3.1,43.3],[3.0,43.3],[2.9,43.2],[2.9,43.2],[2.8,43.1],[2.8,43.0],[2.8333,42.9],[2.8,42.8667],[2.7,42.8],[2.7,42.7],[2.75,42.6],[2.8,42.5667],[2.9,42.52],[2.9333,42.5],[2.9333,42.4],[2.9,42.3667],[2.8333,42.3],[2.8333,42.2],[2.8,42.15],[2.75,42.1],[2.7,42.05],[2.6667,42.0],[2.6667,41.9],[2.6,41.8],[2.6,41.8],[2.5,41.7],[2.5,41.7],[2.4,41.6714],[2.3,41.6714],[2.2,41.65],[2.1,41.6333],[2.0,41.6333],[1.95,41.6],[1.9,41.5667],[1.8,41.5],[1.8,41.5],[1.7,41.5],[1.6,41.5],[1.5,41.4333],[1.45,41.4],[1.4,41.375],[1.3,41.4],[1.2,41.4],[1.1,41.3],[1.1,41.3],[1.0,41.25],[0.9,41.2667],[0.8,41.2667],[0.7,41.3],[0.7,41.3],[0.7,41.3],[0.8,41.4],[0.8,41.4],[0.9,41.5],[0.9,41.5],[1.0,41.5],[1.05,41.6],[1.1,41.6333],[1.1667,41.7],[1.15,41.8],[1.1,41.85],[1.0,41.8667],[0.9,41.85],[0.8,41.86],[0.7,41.875],[0.6,41.86],[0.5,41.8875],[0.4,41.8833],[0.35,41.9],[0.3,41.95],[0.2,42.0],[0.2,42.0],[0.1,42.0333],[0.0,42.0],[0.0,42.0],[-0.1,42.0],[-0.2,42.0],[-0.2,42.0],[-0.3,42.1],[-0.4,42.1],[-0.5,42.1],[-0.6,42.1],[-0.6,42.1],[-0.7,42.2],[-0.8,42.1],[-0.7,42.0],[-0.7,42.0],[-0.7,41.9],[-0.7,41.9],[-0.8,41.9],[-0.9,41.85],[-0.95,41.8],[-1.0,41.75],[-1.1,41.7],[-1.0,41.65],[-0.9,41.6],[-0.9,41.6],[-0.8,41.5],[-0.8,41.5],[-0.7,41.4],[-0.7,41.4],[-0.6,41.3],[-0.6,41.3],[-0.55,41.2],[-0.5,41.1667],[-0.4333,41.1],[-0.4,41.0667],[-0.3,41.0333],[-0.2,41.025],[-0.1,41.1],[-0.1,41.1],[-0.1,41.1],[-0.05,41.0],[0.0,40.95],[0.1,41.0],[0.1,41.0],[0.2,41.0],[0.3,41.0],[0.3,41.0],[0.35,40.9],[0.325,40.8],[0.32,40.7],[0.3,40.6667],[0.25,40.6],[0.2,40.55],[0.15,40.5],[0.15,40.4],[0.1,40.3],[0.1,40.3],[0.0,40.2333],[-0.05,40.2],[-0.1,40.1833],[-0.2,40.1333],[-0.25,40.1],[-0.3,40.05],[-0.3333,40.0],[-0.4,39.9333],[-0.4333,39.9],[-0.4,39.8],[-0.4,39.8],[-0.4,39.8],[-0.5,39.7333],[-0.55,39.7],[-0.6,39.6667],[-0.6667,39.6],[-0.675,39.5],[-0.6667,39.4],[-0.7,39.3],[-0.7,39.3],[-0.8,39.2],[-0.8,39.1],[-0.8,39.1],[-0.85,39.0],[-0.8,38.9],[-0.8,38.9],[-0.8,38.9],[-0.9,38.85],[-1.0,38.8],[-1.0,38.8],[-1.1,38.7],[-1.1,38.7],[-1.15,38.6],[-1.2,38.5667],[-1.3,38.5667],[-1.4,38.55],[-1.5,38.55],[-1.6,38.56],[-1.7,38.6],[-1.8,38.5667],[-1.9,38.5333],[-1.95,38.5],[-2.0,38.4],[-1.9,38.325],[-1.8667,38.3],[-1.8,38.2333],[-1.775,38.2],[-1.7333,38.1],[-1.7,38.0667],[-1.6,38.0],[-1.6,38.0],[-1.6,37.9],[-1.6,37.8],[-1.6,37.8],[-1.7,37.8],[-1.8,37.7667],[-1.85,37.7],[-1.8,37.6],[-1.8,37.6],[-1.8,37.6],[-1.9,37.55],[-1.9667,37.5],[-2.0,37.4833],[-2.1,37.4667],[-2.2,37.4667],[-2.3,37.4],[-2.2,37.32],[-2.1667,37.3],[-2.175,37.2],[-2.2,37.1833],[-2.3,37.1667],[-2.4,37.175],[-2.5,37.1714],[-2.6,37.1714],[-2.7,37.1714],[-2.8,37.1],[-2.7,37.0167],[-2.6875,37.0],[-2.7,36.95],[-2.7333,36.9],[-2.8,36.88],[-2.9,36.9],[-2.9,36.9],[-3.0,36.9857],[-3.0333,37.0],[-3.1,37.05],[-3.15,37.0],[-3.2,36.96],[-3.3,36.9],[-3.3,36.9],[-3.4,36.9],[-3.4,36.9],[-3.5,36.95],[-3.6,36.9667],[-3.6667,36.9],[-3.7,36.8889],[-3.8,36.8714],[-3.9,36.8714],[-4.0,36.8778],[-4.1,36.9],[-4.2,36.89],[-4.25,36.9],[-4.3,36.9333],[-4.35,36.9],[-4.4,36.875],[-4.5,36.86],[-4.5667,36.9],[-4.6,36.9333],[-4.7,36.95],[-4.8,36.9667],[-4.85,36.9],[-4.9,36.86],[-4.96,36.8],[-4.9,36.7],[-4.9,36.7],[-4.9,36.7],[-5.0,36.6667],[-5.1,36.6333],[-5.2,36.65],[-5.2333,36.7],[-5.2,36.72],[-5.12,36.8],[-5.1,36.8333],[-5.05,36.9],[-5.1,36.9667],[-5.15,37.0],[-5.1,37.0143],[-5.0,37.025],[-4.9,37.05],[-4.8,37.05],[-4.7,37.0667],[-4.6,37.1],[-4.6,37.1],[-4.5,37.1],[-4.4,37.14],[-4.3,37.15],[-4.2,37.1667],[-4.1,37.1667],[-4.06,37.1],[-4.0,37.04],[-3.9,37.0333],[-3.8,37.025],[-3.7,37.0111],[-3.6,37.025],[-3.54,37.1],[-3.5333,37.2],[-3.5667,37.3],[-3.6,37.3333],[-3.7,37.35],[-3.75,37.3],[-3.8,37.275],[-3.9,37.2714],[-4.0,37.275],[-4.1,37.3],[-4.1,37.3],[-4.2,37.4],[-4.3,37.3],[-4.3,37.3],[-4.3,37.3],[-4.35,37.4],[-4.4,37.5],[-4.4,37.5],[-4.4,37.5],[-4.3,37.5],[-4.3,37.5],[-4.2,37.4],[-4.1,37.4],[-4.0667,37.5],[-4.0,37.5286],[-3.9286,37.6],[-3.9,37.65],[-3.8333,37.7],[-3.8,37.725],[-3.7,37.75],[-3.6,37.75],[-3.55,37.8],[-3.5,37.85],[-3.4,37.82],[-3.38,37.8],[-3.3,37.7333],[-3.26,37.7],[-3.2667,37.6],[-3.2,37.55],[-3.1,37.5333],[-3.0,37.5286],[-2.9,37.55],[-2.8,37.5667],[-2.7,37.5667],[-2.65,37.6],[-2.65,37.7],[-2.7,37.7333],[-2.75,37.7],[-2.8,37.65],[-2.9,37.6667],[-3.0,37.7],[-3.0,37.7],[-3.0667,37.8],[-3.025,37.9],[-3.0,38.0],[-3.0,38.0],[-2.9,38.0667],[-2.8667,38.1],[-2.82,38.2],[-2.8,38.22],[-2.7333,38.3],[-2.7,38.4],[-2.7,38.4],[-2.6,38.5],[-2.7,38.6],[-2.8,38.5],[-2.8,38.5],[-2.9,38.5],[-3.0,38.5],[-3.0,38.5],[-3.0,38.6],[-3.0,38.7],[-3.0,38.7],[-2.9,38.7],[-2.9,38.7],[-2.8,38.6],[-2.7,38.6],[-2.65,38.7],[-2.6,38.8],[-2.65,38.9],[-2.64,39.0],[-2.6333,39.1],[-2.6,39.1333],[-2.5,39.15],[-2.4333,39.1],[-2.4,39.0667],[-2.35,39.1],[-2.3,39.2],[-2.3,39.2],[-2.2,39.2],[-2.1,39.3],[-2.1,39.4],[-2.2,39.5],[-2.3,39.5],[-2.3,39.5],[-2.4,39.6],[-2.5,39.6],[-2.6,39.6],[-2.7,39.6],[-2.8,39.6],[-2.8,39.6],[-2.9,39.7],[-2.9,39.7],[-2.9,39.8],[-3.0,39.9],[-3.1,39.9],[-3.1,39.9],[-3.1,40.0],[-3.1,40.0],[-3.0,40.1],[-3.0,40.2],[-3.0,40.2],[-2.9,40.3],[-3.0,40.3667],[-3.1,40.36],[-3.2,40.35],[-3.3,40.3],[-3.3,40.3],[-3.3,40.3],[-3.3,40.4],[-3.3333,40.5],[-3.4,40.55],[-3.5,40.56],[-3.575,40.5],[-3.6,40.4833],[-3.7,40.4833],[-3.8,40.4667],[-3.9,40.4333],[-3.9667,40.5],[-4.0,40.6],[-4.1,40.5333],[-4.2,40.5],[-4.2,40.5],[-4.3,40.4667],[-4.4,40.4],[-4.4,40.4],[-4.5,40.3],[-4.5,40.3],[-4.6,40.3],[-4.7,40.3],[-4.8,40.2833],[-4.9,40.28],[-5.0,40.25],[-5.1,40.2],[-5.1,40.2],[-5.2,40.18],[-5.3,40.175],[-5.4,40.16],[-5.5,40.16],[-5.6,40.1333],[-5.65,40.1],[-5.7,40.0],[-5.7,40.0],[-5.7,40.0],[-5.8,40.05],[-5.9,40.05],[-6.0,40.08],[-6.1,40.1],[-6.1,40.1],[-6.2,40.2],[-6.2,40.2],[-6.3,40.2333],[-6.4,40.2333],[-6.45,40.2],[-6.5,40.175],[-6.6,40.15],[-6.7,40.1333],[-6.8,40.15],[-6.8667,40.1],[-6.9,40.05],[-7.0,40.0],[-6.95,39.9],[-7.0,39.8],[-6.95,39.7],[-6.9,39.6],[-6.8,39.7],[-6.8,39.8],[-6.8,39.9],[-6.8,40.0],[-6.8,40.0],[-6.7,40.0],[-6.7,40.0],[-6.6,39.9],[-6.6,39.9],[-6.5,39.85],[-6.4857,39.8],[-6.5,39.7667],[-6.6,39.8],[-6.6,39.8],[-6.7,39.9],[-6.8,39.8],[-6.7,39.7],[-6.7,39.7],[-6.7,39.7],[-6.8,39.6],[-6.8,39.6],[-6.85,39.5],[-6.8,39.45],[-6.75,39.4],[-6.7667,39.3],[-6.8,39.275],[-6.9,39.25],[-7.0,39.2],[-7.0,39.2],[-7.1,39.15],[-7.1333,39.1],[-7.1,39.0],[-7.0,39.05],[-6.95,39.0],[-6.9,38.95],[-6.8,38.9],[-6.8,38.9],[-6.7,38.8],[-6.7,38.8],[-6.65,38.7],[-6.6,38.6667],[-6.5,38.6333],[-6.45,38.6],[-6.4,38.5],[-6.3,38.5286],[-6.2,38.5286],[-6.1,38.5],[-6.0,38.5],[-5.9,38.5],[-5.9,38.5],[-5.8,38.4],[-5.8,38.4],[-5.775,38.3],[-5.8,38.2833],[-5.9,38.28],[-6.0,38.25],[-6.05,38.2],[-6.1,38.1],[-6.1,38.1],[-6.1667,38.0],[-6.2,37.9857],[-6.3,37.9857],[-6.4,37.9857],[-6.5,37.95],[-6.55,37.9],[-6.6,37.85],[-6.7,37.85],[-6.8,37.85],[-6.9,37.8],[-6.9,37.8],[-7.0,37.775],[-7.1,37.7667],[-7.2,37.74],[-7.3,37.7],[-7.25,37.6],[-7.3,37.55],[-7.3333,37.5],[-7.4,37.45],[-7.4667,37.4],[-7.5,37.375],[-7.56,37.3],[-7.6,37.26],[-7.675,37.2],[-7.7,37.1857],[-7.8,37.1714],[-7.9,37.16],[-7.975,37.1],[-8.0,37.0833],[-8.0714,37.0],[-8.0,36.9286],[-7.9,36.925],[-7.8,36.9222],[-7.7222,37.0],[-7.7,37.025],[-7.625,37.1],[-7.6,37.14],[-7.5,37.125],[-7.4,37.125],[-7.3,37.1286],[-7.2,37.125],[-7.1,37.1182],[-7.0,37.125],[-6.9,37.1333],[-6.8,37.12],[-6.78,37.1],[-6.7,37.02],[-6.6,37.02],[-6.5778,37.0],[-6.5,36.9222],[-6.45,36.9],[-6.46,36.8],[-6.4778,36.7],[-6.4,36.6222],[-6.3,36.6286],[-6.275,36.6],[-6.2,36.525],[-6.1714,36.5],[-6.16,36.4],[-6.1667,36.3],[-6.1,36.2333],[-6.0667,36.2],[-6.0,36.1333],[-5.9333,36.2],[-5.9,36.2333],[-5.8714,36.2],[-5.8,36.1286],[-5.7714,36.1],[-5.7,36.0286]]]}},{"type":"Feature","properties":{"layer_id":"change_T20","layer_label":"Change, T>20\u00b0C","low":10.0,"high":25.0,"label":"10\u201325 pp","fill":"#f4a582","fillOpacity":0.45,"stroke":"#f4a582","strokeOpacity":0.5700000000000001,"strokeWeight":0.35},"geometry":{"type":"Polygon","coordinates":[[[-5.7286,36.1],[-5.8,36.1714],[-5.8286,36.2],[-5.9,36.2833],[-5.9833,36.2],[-6.0,36.1833],[-6.0167,36.2],[-6.1,36.2833],[-6.1167,36.3],[-6.1,36.4],[-6.0,36.35],[-5.9,36.35],[-5.8,36.4],[-5.7,36.3],[-5.7,36.3],[-5.62,36.2],[-5.6,36.1667],[-5.5667,36.2],[-5.55,36.3],[-5.5,36.3667],[-5.475,36.4],[-5.5,36.45],[-5.5333,36.5],[-5.6,36.6],[-5.6,36.6],[-5.7,36.6333],[-5.8,36.6],[-5.8,36.6],[-5.9,36.55],[-6.0,36.575],[-6.06,36.5],[-6.1,36.4],[-6.1286,36.5],[-6.2,36.5625],[-6.2375,36.6],[-6.3,36.6714],[-6.4,36.6556],[-6.4444,36.7],[-6.4,36.8],[-6.4,36.8],[-6.3667,36.9],[-6.3,37.0],[-6.2,37.0],[-6.1,36.95],[-6.05,37.0],[-6.1,37.0333],[-6.2,37.0],[-6.3,37.0],[-6.4,37.0333],[-6.42,37.0],[-6.5,36.9556],[-6.5444,37.0],[-6.6,37.05],[-6.7,37.05],[-6.75,37.1],[-6.8,37.15],[-6.9,37.1833],[-7.0,37.1625],[-7.1,37.1455],[-7.2,37.1625],[-7.3,37.1714],[-7.4,37.1625],[-7.5,37.1625],[-7.6,37.2],[-7.5,37.3],[-7.5,37.3],[-7.4,37.375],[-7.35,37.4],[-7.3,37.4333],[-7.2333,37.5],[-7.2,37.5333],[-7.16,37.6],[-7.1,37.675],[-7.0,37.7],[-7.0,37.7],[-6.9,37.74],[-6.8,37.75],[-6.7,37.7667],[-6.6,37.7667],[-6.56,37.8],[-6.5,37.86],[-6.46,37.9],[-6.4,37.9429],[-6.3,37.9429],[-6.2,37.9429],[-6.1,37.975],[-6.08,38.0],[-6.025,38.1],[-6.0,38.1333],[-5.9333,38.2],[-5.9,38.22],[-5.8,38.2333],[-5.7,38.3],[-5.7,38.3],[-5.66,38.4],[-5.68,38.5],[-5.7,38.6],[-5.7,38.6],[-5.8,38.6],[-5.9,38.6167],[-6.0,38.7],[-6.0,38.7],[-6.0,38.7],[-6.1,38.625],[-6.1333,38.6],[-6.2,38.5714],[-6.3,38.5714],[-6.3667,38.6],[-6.4,38.6333],[-6.5,38.6833],[-6.5333,38.7],[-6.55,38.8],[-6.6,38.85],[-6.6333,38.9],[-6.7,38.9667],[-6.8,39.0],[-6.7,39.1],[-6.7,39.1],[-6.6,39.2],[-6.6,39.2],[-6.5667,39.3],[-6.6,39.35],[-6.6333,39.4],[-6.6333,39.5],[-6.65,39.6],[-6.6,39.6667],[-6.5,39.65],[-6.45,39.7],[-6.4429,39.8],[-6.4,39.9],[-6.3,39.85],[-6.225,39.9],[-6.2,40.0],[-6.2,40.0],[-6.1,40.04],[-6.0,40.02],[-5.9667,40.0],[-5.9,39.9333],[-5.8,39.95],[-5.7,39.94],[-5.6,39.9],[-5.6,39.9],[-5.5,39.8],[-5.5,39.8],[-5.4,39.7667],[-5.3667,39.8],[-5.3,39.9],[-5.2,39.9],[-5.1,39.8667],[-5.05,39.9],[-5.0,39.9333],[-4.9,40.0],[-4.8,40.0],[-4.8,40.0],[-4.7,40.05],[-4.6,40.05],[-4.55,40.1],[-4.5,40.15],[-4.4,40.1667],[-4.3,40.1667],[-4.25,40.2],[-4.2,40.2333],[-4.1,40.3],[-4.1,40.3],[-4.0,40.4],[-3.9,40.3333],[-3.85,40.3],[-3.8,40.2667],[-3.7667,40.3],[-3.8,40.35],[-3.8333,40.4],[-3.8,40.4167],[-3.7,40.4333],[-3.6,40.4333],[-3.5,40.5],[-3.4333,40.4],[-3.425,40.3],[-3.4,40.25],[-3.3,40.2],[-3.3,40.2],[-3.3,40.2],[-3.2,40.25],[-3.1,40.2],[-3.1,40.1],[-3.2,40.05],[-3.3,40.05],[-3.4,40.1],[-3.4,40.1],[-3.4,40.1],[-3.45,40.0],[-3.5,39.9],[-3.5,39.9],[-3.5,39.8],[-3.5,39.7],[-3.5,39.7],[-3.5,39.7],[-3.4,39.8],[-3.4,39.8],[-3.3,39.85],[-3.2,39.85],[-3.1,39.8],[-3.1,39.8],[-3.0,39.7333],[-2.975,39.7],[-2.95,39.6],[-2.9,39.55],[-2.8,39.5],[-2.8,39.5],[-2.75,39.4],[-2.725,39.3],[-2.7333,39.2],[-2.8,39.1],[-2.8,39.1],[-2.9,39.075],[-2.975,39.0],[-3.0,38.9],[-3.0,38.9],[-3.04,38.8],[-3.1,38.74],[-3.2,38.725],[-3.2167,38.7],[-3.25,38.6],[-3.25,38.5],[-3.2,38.4833],[-3.1,38.45],[-3.0,38.425],[-2.9,38.425],[-2.8,38.425],[-2.775,38.4],[-2.7833,38.3],[-2.8,38.28],[-2.88,38.2],[-2.9,38.1667],[-3.0,38.1],[-3.0,38.1],[-3.05,38.0],[-3.0625,37.9],[-3.1,37.84],[-3.15,37.8],[-3.2,37.7],[-3.3,37.7833],[-3.32,37.8],[-3.4,37.88],[-3.45,37.9],[-3.5,37.92],[-3.5167,37.9],[-3.6,37.8167],[-3.7,37.81],[-3.8,37.8],[-3.9,37.8],[-3.9,37.8],[-4.0,37.7],[-4.0,37.7],[-4.0,37.7],[-3.9714,37.6],[-4.0,37.5714],[-4.1,37.5182],[-4.2,37.5222],[-4.3,37.56],[-4.4,37.5429],[-4.46,37.5],[-4.45,37.4],[-4.4,37.3333],[-4.375,37.3],[-4.4,37.2],[-4.5,37.2],[-4.5,37.2],[-4.6,37.16],[-4.7,37.14],[-4.8,37.14],[-4.9,37.1333],[-5.0,37.1],[-5.0,37.1],[-5.1,37.0571],[-5.2,37.0667],[-5.2667,37.0],[-5.3,36.95],[-5.3333,36.9],[-5.3,36.875],[-5.2667,36.9],[-5.2,36.95],[-5.1333,36.9],[-5.18,36.8],[-5.2,36.78],[-5.3,36.725],[-5.35,36.7],[-5.3,36.6667],[-5.25,36.6],[-5.2,36.575],[-5.1,36.5714],[-5.0333,36.6],[-5.0,36.6167],[-4.9,36.64],[-4.8,36.675],[-4.78,36.7],[-4.8,36.7333],[-4.9,36.8],[-4.8,36.8667],[-4.7,36.88],[-4.6,36.8],[-4.6,36.8],[-4.5,36.8],[-4.4,36.8],[-4.4,36.8],[-4.3,36.85],[-4.2,36.86],[-4.1,36.8571],[-4.0,36.8444],[-3.9,36.8286],[-3.8,36.8286],[-3.7,36.8556],[-3.6,36.8833],[-3.5,36.8857],[-3.4,36.8727],[-3.3,36.85],[-3.2,36.9],[-3.2,36.9],[-3.1,36.9857],[-3.0,36.9429],[-2.95,36.9],[-2.9,36.8667],[-2.8,36.85],[-2.7,36.8714],[-2.6667,36.9],[-2.65,37.0],[-2.7,37.0667],[-2.74,37.1],[-2.7,37.1286],[-2.6,37.1286],[-2.5,37.1286],[-2.4,37.1375],[-2.3,37.1167],[-2.2,37.1333],[-2.1,37.2],[-2.1,37.2],[-2.0857,37.3],[-2.1,37.35],[-2.2,37.38],[-2.225,37.4],[-2.2,37.4167],[-2.1,37.4167],[-2.0,37.4333],[-1.9,37.4833],[-1.88,37.5],[-1.8,37.5571],[-1.725,37.6],[-1.7,37.7],[-1.7,37.7],[-1.6,37.7571],[-1.5,37.7857],[-1.45,37.8],[-1.45,37.9],[-1.5,38.0],[-1.5,38.1],[-1.5,38.1],[-1.6,38.1],[-1.7,38.2],[-1.7,38.2],[-1.7833,38.3],[-1.8,38.35],[-1.9,38.4],[-1.8,38.45],[-1.7,38.5],[-1.6,38.5],[-1.5,38.45],[-1.4,38.4667],[-1.3,38.4],[-1.3,38.4],[-1.2,38.35],[-1.1333,38.3],[-1.1,38.28],[-1.0667,38.3],[-1.0,38.35],[-0.9,38.4],[-0.9,38.4],[-0.8,38.5],[-0.8,38.5],[-0.7,38.5333],[-0.6,38.5286],[-0.5,38.55],[-0.4333,38.5],[-0.5,38.46],[-0.575,38.4],[-0.6,38.3833],[-0.6833,38.3],[-0.7,38.2667],[-0.7286,38.2],[-0.8,38.1286],[-0.8333,38.1],[-0.8,38.0],[-0.85,37.9],[-0.9,37.8556],[-0.9556,37.8],[-1.0,37.7556],[-1.1,37.725],[-1.125,37.7],[-1.2,37.6625],[-1.3,37.65],[-1.4,37.6333],[-1.42,37.6],[-1.5,37.52],[-1.54,37.5],[-1.6,37.4571],[-1.65,37.4],[-1.7,37.3556],[-1.7833,37.3],[-1.8,37.2833],[-1.85,37.2],[-1.8714,37.1],[-1.9,37.0714],[-2.0,37.0231],[-2.03,37.0],[-2.1,36.9417],[-2.2,36.9143],[-2.2333,36.9],[-2.3,36.8714],[-2.4,36.8556],[-2.5,36.8556],[-2.6,36.8556],[-2.65,36.8],[-2.7,36.75],[-2.8,36.75],[-2.9,36.7455],[-3.0,36.7455],[-3.1,36.7556],[-3.2,36.7625],[-3.3,36.7625],[-3.4,36.7385],[-3.5,36.7455],[-3.6,36.75],[-3.7,36.75],[-3.8,36.7714],[-3.9,36.7714],[-4.0,36.7556],[-4.1,36.7556],[-4.2,36.7455],[-4.3,36.7],[-4.3,36.7],[-4.4,36.6556],[-4.5,36.6556],[-4.5833,36.6],[-4.6,36.5833],[-4.6455,36.5],[-4.7,36.4455],[-4.8,36.45],[-4.9,36.4455],[-5.0,36.4625],[-5.1,36.45],[-5.2,36.4455],[-5.2625,36.4],[-5.2833,36.3],[-5.3,36.2833],[-5.3833,36.2],[-5.4,36.1833],[-5.5,36.1333],[-5.5333,36.1],[-5.6,36.0714],[-5.7,36.0714],[-5.7286,36.1]]]}},{"type":"Feature","properties":{"layer_id":"change_T20","layer_label":"Change, T>20\u00b0C","low":10.0,"high":25.0,"label":"10\u201325 pp","fill":"#f4a582","fillOpacity":0.45,"stroke":"#f4a582","strokeOpacity":0.5700000000000001,"strokeWeight":0.35},"geometry":{"type":"Polygon","coordinates":[[[-8.0286,37.0],[-8.0,37.0333],[-7.9,37.1],[-7.9,37.1],[-7.8,37.1286],[-7.7,37.1429],[-7.6625,37.1],[-7.7,37.0625],[-7.7556,37.0],[-7.8,36.9556],[-7.9,36.9625],[-8.0,36.9714],[-8.0286,37.0]]]}},{"type":"Feature","properties":{"layer_id":"change_T20","layer_label":"Change, T>20\u00b0C","low":10.0,"high":25.0,"label":"10\u201325 pp","fill":"#f4a582","fillOpacity":0.45,"stroke":"#f4a582","strokeOpacity":0.5700000000000001,"strokeWeight":0.35},"geometry":{"type":"Polygon","coordinates":[[[-4.0,37.1],[-4.0,37.2],[-3.9,37.2286],[-3.8,37.2375],[-3.7,37.2857],[-3.6,37.2333],[-3.5833,37.2],[-3.6,37.1],[-3.6,37.1],[-3.7,37.0444],[-3.8,37.0625],[-3.9,37.0833],[-4.0,37.1]]]}},{"type":"Feature","properties":{"layer_id":"change_T20","layer_label":"Change, T>20\u00b0C","low":10.0,"high":25.0,"label":"10\u201325 pp","fill":"#f4a582","fillOpacity":0.45,"stroke":"#f4a582","strokeOpacity":0.5700000000000001,"strokeWeight":0.35},"geometry":{"type":"Polygon","coordinates":[[[-0.3,38.6],[-0.2667,38.7],[-0.3,38.725],[-0.4,38.76],[-0.5,38.75],[-0.6,38.8],[-0.6,38.8],[-0.7,38.85],[-0.725,38.9],[-0.7667,39.0],[-0.725,39.1],[-0.7,39.1333],[-0.65,39.2],[-0.6,39.3],[-0.6,39.3],[-0.5833,39.4],[-0.6,39.5],[-0.575,39.6],[-0.5,39.66],[-0.4333,39.7],[-0.4,39.725],[-0.3667,39.8],[-0.3333,39.9],[-0.3,39.9333],[-0.2333,40.0],[-0.2,40.0333],[-0.15,40.1],[-0.1,40.1333],[0.0,40.1714],[0.05,40.2],[0.1,40.24],[0.1286,40.2],[0.1,40.1333],[0.0833,40.1],[0.0,40.05],[-0.0833,40.0],[-0.1,39.98],[-0.1444,39.9],[-0.2,39.8375],[-0.2333,39.8],[-0.28,39.7],[-0.3,39.6833],[-0.3833,39.6],[-0.4,39.58],[-0.45,39.5],[-0.4,39.42],[-0.3833,39.4],[-0.3833,39.3],[-0.3571,39.2],[-0.36,39.1],[-0.3,39.0571],[-0.2,39.0],[-0.22,38.9],[-0.2,38.88],[-0.1,38.8167],[-0.075,38.8],[-0.0286,38.7],[-0.05,38.6],[-0.1,38.55],[-0.2,38.55],[-0.3,38.6]]]}},{"type":"Feature","properties":{"layer_id":"change_T20","layer_label":"Change, T>20\u00b0C","low":10.0,"high":25.0,"label":"10\u201325 pp","fill":"#f4a582","fillOpacity":0.45,"stroke":"#f4a582","strokeOpacity":0.5700000000000001,"strokeWeight":0.35},"geometry":{"type":"Polygon","coordinates":[[[0.175,40.3],[0.2,40.35],[0.25,40.4],[0.2333,40.5],[0.3,40.5667],[0.35,40.6],[0.38,40.7],[0.4,40.8],[0.4,40.8],[0.45,40.9],[0.5,41.0],[0.6,41.0],[0.6,41.0],[0.6,41.1],[0.6,41.1],[0.5,41.125],[0.4,41.2],[0.4,41.2],[0.3,41.2],[0.3,41.2],[0.2,41.1667],[0.1,41.1667],[0.05,41.2],[0.0,41.3],[0.1,41.4],[0.1,41.4],[0.1,41.4],[0.05,41.5],[0.1,41.6],[0.1,41.6],[0.1,41.6],[0.0,41.65],[-0.1,41.7],[0.0,41.725],[0.1,41.7667],[0.2,41.8],[0.2,41.8],[0.3,41.85],[0.4,41.8333],[0.5,41.85],[0.6,41.8],[0.6,41.8],[0.7,41.8],[0.75,41.7],[0.75,41.6],[0.7,41.55],[0.6667,41.5],[0.6,41.4],[0.6,41.4],[0.6,41.3],[0.6,41.3],[0.7,41.225],[0.75,41.2],[0.8,41.175],[0.9,41.18],[1.0,41.16],[1.1,41.1],[1.0,41.0625],[0.9,41.0],[0.9,41.0],[0.8,40.9333],[0.7,40.9],[0.7,40.9],[0.6,40.8],[0.6,40.8],[0.55,40.7],[0.5,40.6333],[0.45,40.6],[0.46,40.5],[0.4,40.425],[0.35,40.4],[0.3286,40.3],[0.3,40.2714],[0.2,40.2833],[0.175,40.3]]]}},{"type":"Feature","properties":{"layer_id":"change_T20","layer_label":"Change, T>20\u00b0C","low":10.0,"high":25.0,"label":"10\u201325 pp","fill":"#f4a582","fillOpacity":0.45,"stroke":"#f4a582","strokeOpacity":0.5700000000000001,"strokeWeight":0.35},"geometry":{"type":"Polygon","coordinates":[[[1.1,41.1],[1.12,41.2],[1.2,41.28],[1.25,41.3],[1.3,41.325],[1.4,41.3],[1.4,41.3],[1.4375,41.2],[1.4,41.1625],[1.3,41.2],[1.3,41.2],[1.3,41.2],[1.2167,41.1],[1.2,41.0833],[1.1,41.1]]]}},{"type":"Feature","properties":{"layer_id":"change_T20","layer_label":"Change, T>20\u00b0C","low":10.0,"high":25.0,"label":"10\u201325 pp","fill":"#f4a582","fillOpacity":0.45,"stroke":"#f4a582","strokeOpacity":0.5700000000000001,"strokeWeight":0.35},"geometry":{"type":"Polygon","coordinates":[[[1.5714,41.2],[1.5,41.2714],[1.4,41.3],[1.5,41.35],[1.6,41.35],[1.7,41.375],[1.75,41.4],[1.8,41.425],[1.9,41.475],[1.95,41.5],[2.0,41.5333],[2.1,41.5333],[2.2,41.5667],[2.24,41.5],[2.2,41.4714],[2.1,41.45],[2.075,41.4],[2.0,41.325],[1.95,41.3],[1.9,41.2833],[1.8,41.2833],[1.7,41.225],[1.6667,41.2],[1.6,41.1714],[1.5714,41.2]]]}},{"type":"Feature","properties":{"layer_id":"change_T20","layer_label":"Change, T>20\u00b0C","low":10.0,"high":25.0,"label":"10\u201325 pp","fill":"#f4a582","fillOpacity":0.45,"stroke":"#f4a582","strokeOpacity":0.5700000000000001,"strokeWeight":0.35},"geometry":{"type":"Polygon","coordinates":[[[2.8,41.7],[2.8,41.8],[2.85,41.9],[2.9,42.0],[2.9,42.0],[2.9,42.1],[2.9333,42.2],[3.0,42.2667],[3.1,42.3],[3.1375,42.2],[3.1,42.1],[3.1,42.1],[3.1,42.1],[3.2,42.0],[3.1333,41.9],[3.1,41.8714],[3.0444,41.8],[3.0,41.7556],[2.9,41.7],[2.9,41.7],[2.8,41.7]]]}},{"type":"Feature","properties":{"layer_id":"change_T20","layer_label":"Change, T>20\u00b0C","low":10.0,"high":25.0,"label":"10\u201325 pp","fill":"#f4a582","fillOpacity":0.45,"stroke":"#f4a582","strokeOpacity":0.5700000000000001,"strokeWeight":0.35},"geometry":{"type":"Polygon","coordinates":[[[2.8667,42.6],[2.8,42.6667],[2.775,42.7],[2.8,42.75],[2.825,42.8],[2.9,42.875],[2.9375,42.8],[2.9167,42.7],[3.0,42.6],[2.9,42.58],[2.8667,42.6]]]}},{"type":"Feature","properties":{"layer_id":"change_T20","layer_label":"Change, T>20\u00b0C","low":10.0,"high":25.0,"label":"10\u201325 pp","fill":"#f4a582","fillOpacity":0.45,"stroke":"#f4a582","strokeOpacity":0.5700000000000001,"strokeWeight":0.35},"geometry":{"type":"Polygon","coordinates":[[[4.6714,43.4],[4.7,43.4667],[4.8,43.4667],[4.8333,43.5],[4.8,43.52],[4.7,43.5333],[4.68,43.5],[4.6,43.4556],[4.5556,43.5],[4.5,43.5833],[4.4,43.5714],[4.3286,43.5],[4.3,43.4714],[4.2714,43.5],[4.2,43.5625],[4.1,43.5714],[4.0333,43.6],[4.1,43.65],[4.2,43.675],[4.3,43.7],[4.3,43.7],[4.4,43.75],[4.5,43.8],[4.6,43.8],[4.7,43.775],[4.8,43.7],[4.8,43.7],[4.9,43.65],[5.0,43.6],[4.9667,43.5],[5.0,43.45],[5.0167,43.4],[5.0,43.3833],[4.9,43.3714],[4.8,43.3714],[4.7,43.3714],[4.6714,43.4]]]}},{"type":"Feature","properties":{"layer_id":"change_T20","layer_label":"Change, T>20\u00b0C","low":10.0,"high":25.0,"label":"10\u201325 pp","fill":"#f4a582","fillOpacity":0.45,"stroke":"#f4a582","strokeOpacity":0.5700000000000001,"strokeWeight":0.35},"geometry":{"type":"Polygon","coordinates":[[[4.75,44.0],[4.7,44.05],[4.6,44.0667],[4.55,44.1],[4.6,44.2],[4.6,44.2],[4.7,44.3],[4.8,44.275],[4.9,44.2],[4.9,44.1],[4.85,44.0],[4.8,43.9],[4.75,44.0]]]}},{"type":"Feature","properties":{"layer_id":"change_T20","layer_label":"Change, T>20\u00b0C","low":10.0,"high":25.0,"label":"10\u201325 pp","fill":"#f4a582","fillOpacity":0.45,"stroke":"#f4a582","strokeOpacity":0.5700000000000001,"strokeWeight":0.35},"geometry":{"type":"Polygon","coordinates":[[[3.8,36.1333],[3.9,36.1333],[4.0,36.125],[4.075,36.2],[4.1,36.2111],[4.15,36.2],[4.2,36.15],[4.3,36.1167],[4.4,36.1333],[4.5,36.2],[4.5,36.3],[4.4,36.4],[4.3,36.4],[4.2,36.4],[4.1,36.4],[4.0,36.4],[3.9,36.3857],[3.8,36.3],[3.8,36.3],[3.7333,36.2],[3.8,36.1333]]]}},{"type":"Feature","properties":{"layer_id":"change_T20","layer_label":"Change, T>20\u00b0C","low":10.0,"high":25.0,"label":"10\u201325 pp","fill":"#f4a582","fillOpacity":0.45,"stroke":"#f4a582","strokeOpacity":0.5700000000000001,"strokeWeight":0.35},"geometry":{"type":"Polygon","coordinates":[[[4.25,36.2],[4.2,36.2286],[4.1,36.2444],[4.0,36.2],[3.9,36.225],[3.85,36.3],[3.9,36.3429],[4.0,36.3571],[4.1,36.3625],[4.2,36.3625],[4.3,36.3625],[4.4,36.35],[4.45,36.3],[4.4,36.225],[4.3667,36.2],[4.3,36.1667],[4.25,36.2]]]}},{"type":"Feature","properties":{"layer_id":"change_T20","layer_label":"Change, T>20\u00b0C","low":10.0,"high":25.0,"label":"10\u201325 pp","fill":"#f4a582","fillOpacity":0.45,"stroke":"#f4a582","strokeOpacity":0.5700000000000001,"strokeWeight":0.35},"geometry":{"type":"Polygon","coordinates":[[[32.5,36.1667],[32.6,36.125],[32.7,36.125],[32.8,36.1667],[32.8333,36.2],[32.8,36.2333],[32.7,36.275],[32.6,36.275],[32.56,36.3],[32.5,36.36],[32.475,36.4],[32.4,36.475],[32.3,36.5],[32.3,36.5],[32.2,36.5714],[32.1,36.6],[32.1,36.6],[32.0,36.7],[32.0,36.7],[31.9,36.8],[31.9,36.8],[31.8,36.875],[31.7667,36.9],[31.7,36.9667],[31.6,36.9846],[31.5333,37.0],[31.5,37.0333],[31.4,37.0818],[31.3714,37.1],[31.3,37.1714],[31.2,37.2],[31.1,37.2],[31.1,37.2],[31.0,37.2778],[30.975,37.3],[30.9,37.375],[30.8333,37.4],[30.8833,37.5],[30.8,37.5714],[30.7167,37.5],[30.75,37.4],[30.7,37.35],[30.6667,37.3],[30.6,37.2],[30.6,37.2],[30.5167,37.1],[30.5,37.075],[30.44,37.0],[30.4333,36.9],[30.45,36.8],[30.44,36.7],[30.4,36.66],[30.34,36.6],[30.3,36.5778],[30.2,36.5667],[30.1333,36.5],[30.1,36.475],[30.025,36.4],[30.0,36.375],[29.975,36.4],[29.9,36.475],[29.8,36.4778],[29.7,36.46],[29.64,36.4],[29.6,36.38],[29.5,36.3875],[29.4909,36.4],[29.4714,36.5],[29.48,36.6],[29.4778,36.7],[29.4,36.7778],[29.3,36.7833],[29.2,36.7818],[29.16,36.8],[29.1,36.86],[29.0667,36.9],[29.1,36.95],[29.15,37.0],[29.2,37.025],[29.275,37.1],[29.2,37.175],[29.1,37.175],[29.0,37.1],[29.0,37.1],[28.9,37.0333],[28.8,37.0667],[28.7333,37.1],[28.76,37.2],[28.8,37.225],[28.9,37.2667],[28.9333,37.3],[28.9,37.4],[28.9,37.4],[28.9,37.5],[28.85,37.6],[28.8,37.6333],[28.75,37.7],[28.8,37.75],[28.9,37.75],[29.0,37.7182],[29.1,37.7167],[29.2,37.7],[29.3,37.7182],[29.4,37.72],[29.5,37.725],[29.6,37.7],[29.6,37.7],[29.7,37.6286],[29.8,37.6333],[29.85,37.7],[29.9,37.8],[29.9,37.8],[29.96,37.9],[29.9,37.975],[29.8,37.9],[29.8,37.9],[29.7,37.8875],[29.6,37.9],[29.6,37.9],[29.56,38.0],[29.575,38.1],[29.55,38.2],[29.5,38.2333],[29.45,38.3],[29.4,38.35],[29.3333,38.4],[29.3,38.4333],[29.2,38.4714],[29.1,38.5],[29.1,38.5],[29.1,38.6],[29.1,38.6],[29.15,38.7],[29.1,38.75],[29.0,38.75],[28.9,38.7333],[28.8,38.8],[28.8,38.8],[28.7,38.88],[28.6,38.88],[28.5,38.9],[28.5,38.9],[28.4,38.9333],[28.3,38.9333],[28.2,38.95],[28.1,38.95],[28.05,39.0],[28.0,39.1],[28.0,39.1],[27.9,39.175],[27.8,39.2],[27.7,39.2],[27.7,39.2],[27.6,39.3],[27.6,39.3],[27.5,39.4],[27.4,39.375],[27.3,39.4],[27.2,39.3],[27.2,39.3],[27.1,39.3],[27.1,39.3],[27.1,39.4],[27.1,39.4],[27.2,39.4333],[27.2667,39.5],[27.3,39.55],[27.3333,39.6],[27.3,39.65],[27.2,39.65],[27.1,39.6857],[27.0,39.6857],[26.9,39.675],[26.8,39.6667],[26.7,39.68],[26.6833,39.7],[26.7,39.75],[26.7333,39.8],[26.8,39.84],[26.875,39.9],[26.9,39.9333],[27.0,40.0],[27.0,40.0],[27.1,40.0],[27.2,40.0333],[27.2667,40.1],[27.3,40.1125],[27.4,40.1143],[27.4333,40.1],[27.5,40.05],[27.5667,40.0],[27.5,39.9],[27.6,39.8],[27.6,39.8],[27.6,39.7],[27.6,39.7],[27.5667,39.6],[27.6,39.5],[27.7,39.5],[27.7,39.5],[27.8,39.4667],[27.9,39.5],[27.9,39.5],[28.0,39.5],[28.1,39.5],[28.15,39.6],[28.1667,39.7],[28.2,39.8],[28.2,39.9],[28.2,39.9],[28.3,39.925],[28.4,40.0],[28.4,40.0],[28.5,40.02],[28.58,40.1],[28.6,40.11],[28.7,40.1286],[28.8,40.2],[28.8,40.2],[28.9,40.2],[29.0,40.21],[29.1,40.2111],[29.2,40.25],[29.3,40.3],[29.3,40.4],[29.2,40.5],[29.1,40.5],[29.1,40.5],[29.1,40.5],[29.2,40.5],[29.3,40.5],[29.3,40.5],[29.4,40.4],[29.4,40.4],[29.5,40.3],[29.6,40.3],[29.7,40.3333],[29.7667,40.4],[29.7,40.45],[29.675,40.5],[29.6,40.575],[29.5333,40.6],[29.5,40.6333],[29.4714,40.7],[29.5,40.7182],[29.5667,40.7],[29.6,40.6667],[29.7,40.7],[29.7,40.7],[29.8,40.7167],[29.9,40.7167],[30.0,40.72],[30.1,40.7333],[30.2,40.74],[30.3,40.75],[30.4,40.7333],[30.5,40.8],[30.4,40.8667],[30.3,40.85],[30.2,40.875],[30.15,40.9],[30.2,40.9167],[30.3,40.9333],[30.4,40.9333],[30.5,40.9],[30.6,40.95],[30.65,41.0],[30.7,41.0083],[30.7846,41.1],[30.7,41.1846],[30.6,41.1833],[30.5,41.1857],[30.4,41.1846],[30.3,41.1846],[30.2,41.1846],[30.1,41.1833],[30.0,41.1833],[29.9,41.1818],[29.8,41.1846],[29.7,41.1833],[29.68,41.2],[29.6,41.28],[29.52,41.2],[29.5,41.1833],[29.4,41.1818],[29.36,41.2],[29.3,41.26],[29.2,41.28],[29.1,41.28],[29.0,41.2778],[28.9,41.2778],[28.8714,41.3],[28.8,41.3714],[28.7,41.3667],[28.6,41.3714],[28.5,41.375],[28.4714,41.4],[28.4,41.4714],[28.3,41.4818],[28.2818,41.5],[28.2,41.5818],[28.1714,41.6],[28.1,41.6714],[28.0714,41.7],[28.0,41.7714],[27.9778,41.8],[28.0,41.8167],[28.0833,41.9],[28.0,41.9833],[27.9833,42.0],[27.9857,42.1],[27.9,42.1857],[27.8833,42.2],[27.8,42.2833],[27.7833,42.3],[27.7857,42.4],[27.7,42.4857],[27.6,42.4846],[27.5,42.4714],[27.4667,42.5],[27.5,42.5222],[27.6,42.5143],[27.6857,42.6],[27.7,42.6143],[27.8,42.6182],[27.8818,42.7],[27.8846,42.8],[27.86,42.9],[27.86,43.0],[27.9,43.02],[27.98,43.1],[28.0,43.1182],[28.0818,43.2],[28.0778,43.3],[28.1,43.3333],[28.2,43.32],[28.3,43.3182],[28.4,43.325],[28.5,43.325],[28.575,43.4],[28.575,43.5],[28.5818,43.6],[28.5778,43.7],[28.5778,43.8],[28.5714,43.9],[28.6,43.92],[28.68,44.0],[28.7,44.02],[28.78,44.1],[28.7,44.18],[28.6,44.18],[28.5667,44.2],[28.6,44.2182],[28.7,44.22],[28.78,44.3],[28.7818,44.4],[28.8,44.42],[28.88,44.5],[28.8,44.58],[28.78,44.6],[28.76,44.7],[28.8,44.7333],[28.8667,44.8],[28.9,44.84],[28.96,44.9],[28.9667,45.0],[29.0,45.0333],[29.0182,45.0],[29.0182,44.9],[29.1,44.8182],[29.1167,44.8],[29.2,44.7167],[29.3,44.72],[29.4,44.72],[29.48,44.8],[29.5,44.8167],[29.6,44.8167],[29.6833,44.9],[29.68,45.0],[29.6846,45.1],[29.6833,45.2],[29.7,45.2182],[29.7818,45.3],[29.7818,45.4],[29.7,45.4818],[29.68,45.5],[29.6833,45.6],[29.7,45.6182],[29.7818,45.7],[29.8,45.7143],[29.9,45.7154],[29.9846,45.8],[30.0,45.8167],[30.1,45.8154],[30.2,45.8167],[30.2833,45.9],[30.3,45.9167],[30.3833,46.0],[30.3846,46.1],[30.4,46.1182],[30.5,46.1154],[30.6,46.1133],[30.6867,46.2],[30.6846,46.3],[30.7,46.3182],[30.7818,46.4],[30.7,46.4818],[30.6714,46.5],[30.7,46.5286],[30.8,46.5286],[30.8714,46.6],[30.9,46.625],[31.0,46.625],[31.1,46.6222],[31.2,46.6222],[31.3,46.62],[31.4,46.62],[31.5,46.62],[31.6,46.6182],[31.7,46.6154],[31.8,46.6167],[31.9,46.6154],[32.0,46.6182],[32.1,46.62],[32.2,46.625],[32.3,46.6333],[32.3222,46.6],[32.3,46.58],[32.22,46.5],[32.2,46.4857],[32.1,46.4846],[32.0154,46.4],[32.0,46.3833],[31.9167,46.3],[32.0,46.2167],[32.0167,46.2],[32.1,46.1167],[32.2,46.1167],[32.3,46.1154],[32.4,46.1154],[32.5,46.1182],[32.6,46.1154],[32.7,46.1143],[32.8,46.1143],[32.9,46.1143],[33.0,46.1154],[33.1,46.1154],[33.2,46.1154],[33.3,46.1133],[33.4,46.1143],[33.4133,46.1],[33.5,46.0133],[33.5867,46.1],[33.6,46.1143],[33.6133,46.1],[33.6143,46.0],[33.6,45.9846],[33.5154,45.9],[33.5,45.8846],[33.4,45.8833],[33.3167,45.8],[33.3,45.7818],[33.2,45.7833],[33.1167,45.7],[33.1,45.6818],[33.0846,45.7],[33.0,45.7846],[32.9154,45.7],[32.9,45.6846],[32.8154,45.6],[32.8,45.5833],[32.7167,45.5],[32.7,45.4857],[32.6,45.4818],[32.5,45.48],[32.42,45.4],[32.5,45.32],[32.6,45.3182],[32.7,45.3143],[32.7857,45.4],[32.8,45.4167],[32.8167,45.4],[32.9,45.3167],[33.0,45.3167],[33.1,45.3167],[33.1182,45.3],[33.2,45.2182],[33.225,45.2],[33.3,45.125],[33.4,45.1167],[33.4833,45.2],[33.5,45.2222],[33.5222,45.2],[33.5154,45.1],[33.6,45.0154],[33.625,45.0],[33.6286,44.9],[33.6,44.8778],[33.5222,44.8],[33.5,44.7778],[33.4222,44.7],[33.4133,44.6],[33.5,44.5133],[33.5154,44.5],[33.6,44.4154],[33.7,44.4222],[33.8,44.5],[33.8,44.5],[33.85,44.6],[33.9,44.625],[33.975,44.7],[33.9,44.8],[33.9,44.8],[33.85,44.9],[33.9,45.0],[33.9,45.0],[34.0,45.0333],[34.1,45.1],[34.1,45.1],[34.2,45.1],[34.3,45.1],[34.3,45.1],[34.4,45.05],[34.5,45.05],[34.6,45.05],[34.6333,45.0],[34.6,44.9],[34.6,44.9],[34.525,44.8],[34.6,44.725],[34.7,44.7222],[34.7778,44.8],[34.8,44.8222],[34.9,44.8143],[35.0,44.8167],[35.1,44.8167],[35.1833,44.9],[35.2,44.9154],[35.2846,45.0],[35.3,45.0154],[35.325,45.0],[35.4,44.925],[35.475,45.0],[35.475,45.1],[35.5,45.1333],[35.6,45.1667],[35.7,45.1667],[35.75,45.1],[35.8,45.05],[35.9,45.0667],[36.0,45.0667],[36.1,45.0667],[36.2,45.1],[36.2,45.1],[36.3,45.1],[36.4,45.15],[36.4333,45.2],[36.4333,45.3],[36.45,45.4],[36.4,45.45],[36.3,45.45],[36.2,45.4667],[36.1,45.4667],[36.0,45.4],[36.0,45.4],[35.9,45.36],[35.8,45.3333],[35.7,45.3333],[35.6,45.3333],[35.5667,45.3],[35.5,45.2667],[35.4,45.3],[35.3,45.3],[35.3,45.3],[35.3,45.4],[35.2,45.5],[35.2,45.5],[35.1,45.6],[35.1,45.6],[35.0333,45.7],[35.0,45.75],[34.9,45.775],[34.85,45.8],[34.8,45.85],[34.7,45.9],[34.7,45.9],[34.7,45.9],[34.75,46.0],[34.8,46.05],[34.9,46.05],[35.0,46.1],[35.0,46.1],[35.1,46.2],[35.1,46.2],[35.2,46.2],[35.3,46.2333],[35.4,46.25],[35.5,46.3],[35.5,46.3],[35.6,46.3333],[35.7,46.3333],[35.8,46.3333],[35.9,46.3333],[36.0,46.4],[36.0,46.4],[36.1,46.4333],[36.2,46.45],[36.25,46.5],[36.3,46.5333],[36.4,46.55],[36.45,46.6],[36.5,46.62],[36.6,46.625],[36.7,46.65],[36.8,46.7],[36.8,46.7],[36.9,46.72],[37.0,46.75],[37.1,46.75],[37.2,46.8],[37.2,46.8],[37.3,46.825],[37.4,46.85],[37.5,46.85],[37.6,46.9],[37.6,46.9],[37.7,46.9],[37.8,46.9],[37.9,46.9],[38.0,46.9],[38.1,46.9],[38.2,46.95],[38.3,46.9333],[38.35,46.9],[38.4,46.8],[38.4,46.8],[38.4,46.8],[38.3,46.7],[38.3,46.7],[38.2,46.6857],[38.1,46.6714],[38.0,46.6667],[37.9,46.65],[37.8333,46.6],[37.8,46.55],[37.7667,46.5],[37.8,46.4667],[37.9,46.4167],[37.95,46.4],[38.0,46.3667],[38.1,46.35],[38.2,46.3286],[38.25,46.3],[38.3,46.25],[38.3667,46.2],[38.3,46.1667],[38.2,46.1333],[38.1667,46.1],[38.2,46.0],[38.2,46.0],[38.2,46.0],[38.1,45.9],[38.1,45.9],[38.0,45.8714],[37.9286,45.8],[37.9,45.775],[37.825,45.7],[37.8,45.6714],[37.7167,45.6],[37.7,45.575],[37.64,45.5],[37.6,45.4],[37.6,45.4],[37.5,45.36],[37.4,45.3333],[37.3,45.3],[37.3,45.2],[37.3,45.2],[37.2,45.2],[37.1667,45.1],[37.2,45.0667],[37.2333,45.0],[37.24,44.9],[37.3,44.84],[37.3167,44.8],[37.4,44.7167],[37.5,44.7154],[37.6,44.7167],[37.6143,44.7],[37.7,44.6143],[37.7857,44.7],[37.8,44.7286],[37.9,44.7286],[37.92,44.7],[38.0,44.62],[38.0154,44.6],[38.1,44.5154],[38.1133,44.5],[38.2,44.4133],[38.3,44.4154],[38.3133,44.4],[38.4,44.3133],[38.5,44.3143],[38.6,44.3133],[38.7,44.3118],[38.7167,44.3],[38.8,44.2167],[38.9,44.2133],[39.0,44.2333],[39.0286,44.2],[39.1,44.1286],[39.12,44.1],[39.2,44.02],[39.22,44.0],[39.3,43.92],[39.3222,43.9],[39.4,43.8222],[39.4154,43.8],[39.5,43.7154],[39.5154,43.7],[39.6,43.6154],[39.6143,43.6],[39.7,43.5143],[39.8,43.5222],[39.9,43.5667],[39.92,43.5],[40.0,43.42],[40.025,43.4],[40.1,43.325],[40.175,43.4],[40.1,43.475],[40.08,43.5],[40.0,43.58],[39.9333,43.6],[39.9,43.6333],[39.8,43.6778],[39.7667,43.7],[39.7,43.7667],[39.6667,43.8],[39.6,43.88],[39.5667,43.9],[39.5,43.95],[39.46,44.0],[39.4,44.06],[39.3667,44.1],[39.3,44.18],[39.2667,44.2],[39.2,44.2667],[39.15,44.3],[39.15,44.4],[39.2,44.4333],[39.3,44.425],[39.4,44.45],[39.5,44.45],[39.6,44.5],[39.6,44.5],[39.7,44.5],[39.8,44.5],[39.9,44.55],[40.0,44.55],[40.1,44.55],[40.2,44.55],[40.3,44.55],[40.4,44.6],[40.4,44.6],[40.5,44.6],[40.5,44.6],[40.6,44.5667],[40.7,44.5667],[40.75,44.6],[40.8,44.625],[40.9,44.6],[40.9,44.6],[41.0,44.5667],[41.1,44.6],[41.1,44.6],[41.2,44.6],[41.3,44.6],[41.4,44.7],[41.4,44.7],[41.5,44.8],[41.5,44.9],[41.5,45.0],[41.5,45.0],[41.6,45.0],[41.7,45.0],[41.75,45.1],[41.8,45.2],[41.8,45.2],[41.9,45.2],[42.0,45.2],[42.1,45.2],[42.1,45.2],[42.1,45.1],[42.2,45.0],[42.2,45.0],[42.3,44.9],[42.4,44.9],[42.4,44.9],[42.4,44.8],[42.4,44.8],[42.35,44.7],[42.35,44.6],[42.4,44.5667],[42.5,44.55],[42.6,44.5],[42.7,44.6],[42.7,44.7],[42.7,44.7],[42.7,44.7],[42.8,44.6],[42.8,44.6],[42.9,44.5],[42.9,44.5],[42.9,44.5],[42.8,44.5],[42.7,44.4],[42.7,44.4],[42.65,44.3],[42.7,44.25],[42.8,44.25],[42.9,44.25],[43.0,44.2],[43.0,44.2],[43.1,44.1667],[43.2,44.1],[43.3,44.1],[43.3,44.1],[43.4,44.0333],[43.5,44.0],[43.5,44.0],[43.6,43.9],[43.6,43.9],[43.7,43.8],[43.7,43.8],[43.8,43.75],[43.9,43.725],[43.92,43.7],[44.0,43.6],[44.0,43.6],[44.1,43.52],[44.125,43.5],[44.2,43.44],[44.3,43.5],[44.3,43.5],[44.4,43.525],[44.5,43.5],[44.6,43.5],[44.7,43.525],[44.75,43.5],[44.8,43.4],[44.9,43.5],[44.9,43.5],[44.9,43.5],[45.0,43.4],[45.0,43.5],[45.0,43.5],[44.9,43.56],[44.8,43.5667],[44.7,43.6],[44.7,43.6],[44.6,43.6],[44.5,43.6],[44.4,43.6],[44.3,43.625],[44.25,43.6],[44.2,43.5],[44.1,43.58],[44.075,43.6],[44.0,43.675],[43.98,43.7],[43.9,43.8],[43.9,43.9],[43.9,43.9],[43.9,43.9],[43.8,43.8667],[43.75,43.9],[43.7,44.0],[43.7,44.0],[43.6,44.025],[43.5,44.075],[43.45,44.1],[43.4,44.2],[43.4,44.2],[43.3,44.2667],[43.2,44.3],[43.2,44.3],[43.1,44.4],[43.1,44.4],[43.0,44.5],[43.0,44.5],[42.9667,44.6],[42.95,44.7],[43.0,44.8],[43.0,44.8],[43.0,44.9],[43.0,44.9],[42.9,45.0],[42.9,45.0],[42.8,45.0],[42.7,45.0],[42.6,45.0],[42.5,45.05],[42.4,45.1],[42.5,45.2],[42.5,45.2],[42.5,45.2],[42.4,45.2],[42.4,45.2],[42.4,45.1],[42.3,45.0667],[42.2667,45.1],[42.2667,45.2],[42.3,45.3],[42.3,45.3],[42.3,45.3],[42.2,45.325],[42.1,45.325],[42.0,45.325],[41.9,45.35],[41.8,45.3],[41.7,45.32],[41.68,45.3],[41.7,45.2],[41.65,45.1],[41.6,45.06],[41.5333,45.1],[41.5,45.1333],[41.4,45.1667],[41.3,45.1],[41.3,45.1],[41.25,45.0],[41.2,44.9],[41.1,44.9],[41.0,44.9333],[40.9,44.9],[40.9,44.9],[40.8,44.8333],[40.75,44.8],[40.7,44.75],[40.6,44.725],[40.5,44.725],[40.4,44.725],[40.3,44.725],[40.2,44.7],[40.2,44.7],[40.1,44.65],[40.0,44.6333],[39.9,44.6333],[39.8,44.6],[39.7,44.6],[39.6,44.6],[39.6,44.6],[39.5,44.55],[39.4,44.6],[39.4,44.6],[39.3,44.6],[39.2,44.6],[39.1,44.7],[39.1,44.7],[39.0,44.7],[38.9,44.7],[38.8,44.7],[38.7,44.75],[38.6,44.7333],[38.5,44.8],[38.5,44.8],[38.5,44.8],[38.4,44.7333],[38.3,44.7333],[38.2,44.7],[38.2,44.7],[38.2,44.7],[38.25,44.6],[38.3,44.5889],[38.4,44.5833],[38.5,44.55],[38.6,44.5],[38.6,44.5],[38.7,44.5],[38.8,44.4889],[38.9,44.475],[38.975,44.4],[39.0,44.35],[39.0333,44.3],[39.0,44.2833],[38.9,44.2333],[38.8,44.2417],[38.7417,44.3],[38.7,44.3294],[38.6,44.3333],[38.5,44.3357],[38.4,44.3333],[38.3333,44.4],[38.3,44.4385],[38.2,44.4333],[38.1333,44.5],[38.1,44.5385],[38.0385,44.6],[38.0,44.65],[37.95,44.7],[37.9,44.7714],[37.8,44.7714],[37.7643,44.7],[37.7,44.6357],[37.6357,44.7],[37.6,44.7417],[37.5,44.7385],[37.4,44.7417],[37.3417,44.8],[37.3,44.9],[37.3,44.9],[37.2833,45.0],[37.3,45.05],[37.3143,45.1],[37.36,45.2],[37.4,45.25],[37.5,45.3],[37.5,45.3],[37.6,45.35],[37.65,45.4],[37.7,45.5],[37.7,45.5],[37.7667,45.6],[37.8,45.6286],[37.8625,45.7],[37.9,45.7375],[37.9714,45.8],[38.0,45.8286],[38.1,45.8625],[38.2,45.875],[38.2125,45.9],[38.2375,46.0],[38.2667,46.1],[38.3,46.1167],[38.4,46.16],[38.4333,46.2],[38.4,46.2667],[38.35,46.3],[38.3,46.3125],[38.2,46.3714],[38.1333,46.4],[38.1,46.4167],[38.0,46.45],[37.9,46.4667],[37.85,46.5],[37.9,46.5667],[37.95,46.6],[38.0,46.6167],[38.1,46.6286],[38.2,46.6429],[38.3,46.6625],[38.4,46.6909],[38.425,46.7],[38.46,46.8],[38.5,46.8667],[38.5333,46.9],[38.55,47.0],[38.5,47.0333],[38.4,47.0333],[38.3,47.025],[38.2,47.04],[38.1,47.025],[38.0,47.025],[37.9,47.025],[37.8,47.0333],[37.7,47.0333],[37.65,47.0],[37.6,46.975],[37.5,46.95],[37.4,46.9167],[37.3,46.9],[37.2,46.9],[37.2,46.9],[37.1,46.8286],[37.0,46.8222],[36.9333,46.8],[36.9,46.78],[36.8,46.7375],[36.7,46.7333],[36.6,46.7],[36.6,46.7],[36.5,46.68],[36.4,46.6286],[36.3,46.6083],[36.275,46.6],[36.2,46.54],[36.1,46.525],[36.0,46.5],[35.9,46.5],[35.8,46.5],[35.7,46.5],[35.7,46.5],[35.6,46.425],[35.5,46.4143],[35.4667,46.4],[35.4,46.35],[35.3,46.325],[35.2,46.3],[35.2,46.3],[35.1,46.275],[35.0,46.2],[35.0,46.2],[34.9,46.15],[34.8,46.15],[34.7333,46.1],[34.7,46.0667],[34.6,46.05],[34.5333,46.0],[34.5333,45.9],[34.6,45.8778],[34.7,45.8625],[34.7714,45.8],[34.8,45.76],[34.9,45.7],[34.9,45.7],[35.0,45.6],[35.0,45.6],[35.1,45.5],[35.1,45.5],[35.1333,45.4],[35.2,45.3333],[35.225,45.3],[35.3,45.24],[35.4,45.225],[35.5,45.2167],[35.5333,45.2],[35.5,45.1833],[35.4375,45.1],[35.4375,45.0],[35.4,44.9625],[35.3625,45.0],[35.3,45.0385],[35.2615,45.0],[35.2,44.9385],[35.1583,44.9],[35.1,44.8417],[35.0,44.8417],[34.9,44.8357],[34.8,44.8556],[34.7444,44.8],[34.7,44.7556],[34.6,44.7625],[34.5625,44.8],[34.6,44.85],[34.7,44.8667],[34.7333,44.9],[34.8,44.9667],[34.9,44.99],[35.0,45.0],[35.0,45.0],[35.0,45.1],[35.0,45.1],[35.0,45.1],[34.9,45.05],[34.85,45.1],[34.8,45.1333],[34.7,45.175],[34.6,45.2],[34.7,45.3],[34.7,45.3],[34.7,45.3],[34.6,45.35],[34.5,45.4],[34.5,45.4],[34.4,45.5],[34.4,45.5],[34.4,45.5],[34.3,45.4],[34.2,45.4],[34.1,45.4],[34.1,45.4],[34.1,45.3],[34.0,45.2],[34.0,45.2],[33.9667,45.1],[33.9,45.06],[33.84,45.0],[33.8,44.95],[33.75,44.9],[33.76,44.8],[33.8,44.7333],[33.9,44.7],[33.8,44.6667],[33.76,44.6],[33.7571,44.5],[33.7,44.4556],[33.6,44.4385],[33.5385,44.5],[33.5,44.5333],[33.4333,44.6],[33.4556,44.7],[33.5,44.7444],[33.5556,44.8],[33.6,44.8444],[33.6714,44.9],[33.6625,45.0],[33.6,45.0385],[33.5385,45.1],[33.5556,45.2],[33.5,45.2556],[33.4583,45.2],[33.4,45.1417],[33.3,45.1625],[33.2625,45.2],[33.2,45.2455],[33.1455,45.3],[33.1,45.3417],[33.0,45.3417],[32.9,45.3417],[32.8417,45.4],[32.8,45.4417],[32.7643,45.4],[32.7,45.3357],[32.6,45.3455],[32.5,45.35],[32.45,45.4],[32.5,45.45],[32.6,45.4545],[32.7,45.4643],[32.7417,45.5],[32.8,45.5583],[32.8385,45.6],[32.9,45.6615],[32.9385,45.7],[33.0,45.7615],[33.0615,45.7],[33.1,45.6545],[33.1417,45.7],[33.2,45.7583],[33.3,45.7545],[33.3417,45.8],[33.4,45.8583],[33.5,45.8615],[33.5385,45.9],[33.6,45.9615],[33.6357,46.0],[33.6333,46.1],[33.6,46.1357],[33.5667,46.1],[33.5,46.0333],[33.4333,46.1],[33.4,46.1357],[33.3,46.1333],[33.2,46.1385],[33.1,46.1385],[33.0,46.1385],[32.9,46.1357],[32.8,46.1357],[32.7,46.1357],[32.6,46.1385],[32.5,46.1455],[32.4,46.1385],[32.3,46.1385],[32.2,46.1417],[32.1,46.1417],[32.0417,46.2],[32.0,46.2417],[31.9417,46.3],[32.0,46.3583],[32.0385,46.4],[32.1,46.4615],[32.2,46.4643],[32.25,46.5],[32.3,46.55],[32.3556,46.6],[32.3,46.6833],[32.2,46.6625],[32.1,46.65],[32.0,46.6455],[31.9,46.6385],[31.8,46.6417],[31.7,46.6385],[31.6,46.6455],[31.5,46.65],[31.4,46.65],[31.3,46.65],[31.2,46.6556],[31.1,46.6556],[31.0,46.6625],[30.9,46.6625],[30.8286,46.6],[30.8,46.5714],[30.7,46.5714],[30.6286,46.5],[30.7,46.4545],[30.7545,46.4],[30.7,46.3455],[30.6615,46.3],[30.6667,46.2],[30.6,46.1333],[30.5,46.1385],[30.4,46.1455],[30.3615,46.1],[30.3583,46.0],[30.3,45.9417],[30.2583,45.9],[30.2,45.8417],[30.1,45.8385],[30.0,45.8417],[29.9615,45.8],[29.9,45.7385],[29.8,45.7357],[29.7545,45.7],[29.7,45.6455],[29.6583,45.6],[29.65,45.5],[29.7,45.4545],[29.7545,45.4],[29.7545,45.3],[29.7,45.2455],[29.6583,45.2],[29.6615,45.1],[29.65,45.0],[29.6583,44.9],[29.6,44.8417],[29.5,44.8417],[29.45,44.8],[29.4,44.75],[29.3,44.75],[29.2,44.7417],[29.1417,44.8],[29.1,44.8455],[29.0455,44.9],[29.0455,45.0],[29.0,45.0833],[28.9,45.1],[28.9,45.1],[28.8,45.1333],[28.7,45.15],[28.6,45.2],[28.6,45.2],[28.5,45.2],[28.4,45.2],[28.3,45.225],[28.2,45.2],[28.2,45.2],[28.15,45.1],[28.2,45.0],[28.1,44.95],[28.05,44.9],[28.0,44.8],[28.0,44.8],[27.95,44.7],[27.9,44.65],[27.8,44.7],[27.8,44.7],[27.7,44.7],[27.6,44.8],[27.7,44.9],[27.8,44.85],[27.9,44.85],[27.95,44.9],[27.95,45.0],[27.9,45.1],[27.9,45.2],[27.9,45.3],[27.9,45.3],[27.8,45.3],[27.8,45.3],[27.7,45.2],[27.7,45.2],[27.6,45.1],[27.5,45.15],[27.4,45.1],[27.3,45.2],[27.3,45.3],[27.3,45.4],[27.4,45.5],[27.4,45.5],[27.5,45.6],[27.5,45.6],[27.6,45.7],[27.7,45.7],[27.7,45.7],[27.8,45.8],[27.9,45.7],[27.9,45.7],[27.9,45.7],[27.9,45.8],[27.9667,45.9],[28.0,45.9333],[28.0667,46.0],[28.1,46.1],[28.2,46.05],[28.2333,46.0],[28.3,45.9333],[28.4,45.9333],[28.5,46.0],[28.5,46.0],[28.5,46.1],[28.6,46.15],[28.65,46.2],[28.7,46.25],[28.75,46.2],[28.8,46.1],[28.8,46.1],[28.9,46.1],[29.0,46.0],[29.0,46.0],[29.1,46.0],[29.1,46.0],[29.2,46.05],[29.3,46.1],[29.4,46.0],[29.4,46.0],[29.5,46.0],[29.6,46.0],[29.6,46.0],[29.7,46.1],[29.7,46.1],[29.8,46.1667],[29.9,46.175],[29.95,46.2],[30.0,46.25],[30.1,46.3],[30.2,46.2444],[30.3,46.2545],[30.4,46.2545],[30.4455,46.3],[30.4,46.3625],[30.3,46.3625],[30.2625,46.4],[30.3,46.475],[30.4,46.475],[30.5,46.5],[30.5,46.5],[30.5333,46.6],[30.6,46.65],[30.7,46.6667],[30.75,46.7],[30.8,46.72],[30.9,46.75],[31.0,46.75],[31.1,46.75],[31.2,46.78],[31.2333,46.8],[31.3,46.85],[31.4,46.85],[31.5,46.85],[31.6,46.85],[31.7,46.8667],[31.75,46.9],[31.8,46.925],[31.85,46.9],[31.9,46.8667],[31.95,46.9],[32.0,46.925],[32.1,46.96],[32.2,46.95],[32.3,46.9333],[32.4,46.9333],[32.5,46.9333],[32.6,46.9],[32.6,46.9],[32.6,46.9],[32.7,47.0],[32.7,47.0],[32.8,47.05],[32.9,47.0],[32.9,47.0],[33.0,46.9],[33.0,46.9],[33.1,46.9],[33.1,46.9],[33.2,47.0],[33.2,47.0],[33.25,47.1],[33.3,47.15],[33.4,47.2],[33.4,47.2],[33.5,47.3],[33.6,47.3],[33.6,47.3],[33.6,47.4],[33.7,47.5],[33.7,47.5],[33.7,47.6],[33.8,47.65],[33.85,47.7],[33.9,47.7333],[34.0,47.7333],[34.1,47.75],[34.2,47.76],[34.3,47.75],[34.4,47.76],[34.5,47.8],[34.6,47.7667],[34.7,47.7667],[34.8,47.7667],[34.9,47.7],[34.9,47.7],[35.0,47.68],[35.1,47.7],[35.1,47.7],[35.1,47.8],[35.2,47.85],[35.25,47.8],[35.3,47.7667],[35.4,47.7],[35.4,47.6],[35.375,47.5],[35.3333,47.4],[35.3,47.35],[35.2,47.3],[35.1,47.3],[35.1,47.3],[35.1,47.3],[35.2,47.3],[35.3,47.2],[35.2,47.1333],[35.1,47.15],[35.0,47.15],[34.9,47.1],[34.8,47.1],[34.7,47.1],[34.6,47.1],[34.5,47.1],[34.4,47.1],[34.4,47.1],[34.3,47.0],[34.3,47.0],[34.3,46.9],[34.3,46.8],[34.3,46.7],[34.3,46.7],[34.4,46.7],[34.5,46.7],[34.5,46.7],[34.6,46.8],[34.6,46.8],[34.7,46.9],[34.7,46.9],[34.8,46.95],[34.9,47.0],[35.0,47.0],[35.1,46.95],[35.2,46.95],[35.3,46.9],[35.3,46.9],[35.3,46.9],[35.35,47.0],[35.4,47.05],[35.5,47.1],[35.5,47.1],[35.5,47.1],[35.4,47.2],[35.5,47.2333],[35.6,47.2],[35.6,47.2],[35.7,47.1],[35.7,47.1],[35.8,47.0],[35.8,47.0],[35.8,47.0],[35.9,47.1],[36.0,47.05],[36.1,47.0],[36.1,47.0],[36.1,47.0],[36.2,47.05],[36.3,47.05],[36.4,47.0667],[36.45,47.1],[36.5,47.1333],[36.6,47.1333],[36.7,47.15],[36.8,47.15],[36.9,47.2],[36.9,47.2],[37.0,47.2333],[37.1,47.2667],[37.2,47.275],[37.3,47.3],[37.3,47.3],[37.4,47.375],[37.45,47.4],[37.5,47.42],[37.6,47.4],[37.6,47.4],[37.6,47.4],[37.7,47.425],[37.8,47.45],[37.9,47.45],[38.0,47.4333],[38.1,47.4333],[38.2,47.4667],[38.25,47.5],[38.3,47.525],[38.4,47.5333],[38.5,47.5],[38.5,47.5],[38.5,47.5],[38.6,47.54],[38.7,47.6],[38.7,47.6],[38.8,47.625],[38.9,47.65],[39.0,47.6333],[39.1,47.65],[39.2,47.65],[39.3,47.65],[39.4,47.6],[39.4,47.5],[39.4,47.5],[39.45,47.4],[39.5,47.3667],[39.6,47.3333],[39.7,47.3667],[39.8,47.35],[39.9,47.4],[40.0,47.4],[40.0,47.4],[40.1,47.45],[40.2,47.5],[40.2,47.5],[40.2,47.5],[40.15,47.6],[40.2,47.7],[40.2,47.7],[40.3,47.725],[40.4,47.7],[40.4,47.7],[40.5,47.6333],[40.6,47.6333],[40.7,47.6714],[40.7333,47.7],[40.8,47.8],[40.9,47.8],[40.9,47.8],[41.0,47.875],[41.1,47.9],[41.2,47.85],[41.3,47.8],[41.3,47.8],[41.3,47.8],[41.4,47.88],[41.45,47.9],[41.5,47.9333],[41.55,47.9],[41.6,47.88],[41.7,47.875],[41.8,47.8667],[41.9,47.9],[41.9,47.9],[42.0,47.95],[42.025,48.0],[42.1,48.1],[42.1,48.1],[42.2,48.14],[42.3,48.15],[42.4,48.2],[42.4,48.2],[42.5,48.3],[42.5,48.3],[42.6,48.375],[42.65,48.4],[42.7,48.4333],[42.8,48.45],[42.8667,48.5],[42.9,48.55],[42.95,48.6],[43.0,48.6333],[43.1,48.6667],[43.2,48.65],[43.3,48.6667],[43.4,48.6],[43.3,48.5333],[43.2,48.55],[43.1,48.55],[43.0333,48.5],[43.1,48.4714],[43.2,48.4833],[43.3,48.475],[43.375,48.4],[43.4,48.35],[43.45,48.4],[43.5,48.5],[43.5,48.5],[43.6,48.5333],[43.7,48.5333],[43.8,48.55],[43.85,48.5],[43.8,48.4],[43.8,48.4],[43.8,48.3],[43.8,48.3],[43.9,48.3],[44.0,48.2],[44.0,48.2],[44.0,48.2],[44.1,48.3],[44.2,48.3],[44.2,48.3],[44.2,48.4],[44.3,48.5],[44.3,48.5],[44.3,48.6],[44.3,48.7],[44.4,48.8],[44.4,48.8],[44.5,48.9],[44.5,48.9],[44.5,49.0],[44.6,49.1],[44.7,49.1],[44.7,49.1],[44.7,49.1],[44.65,49.2],[44.7,49.3],[44.7,49.3],[44.75,49.4],[44.8,49.5],[44.8,49.5],[44.9,49.6],[44.9,49.6],[45.0,49.7],[45.0,49.7],[45.0,49.8],[44.9,49.8],[44.9,49.8],[44.9,49.8],[45.0,49.8],[45.0,49.9],[45.0,50.0],[45.0,50.1],[45.0,50.2],[45.0,50.3],[45.0,50.4],[45.0,50.5],[45.0,50.6],[45.0,50.7],[45.0,50.8],[45.0,50.9],[45.0,51.0],[44.9,51.0],[44.8,50.9],[44.8,50.9],[44.7,50.9],[44.6,50.8],[44.6,50.7],[44.6,50.6],[44.6,50.6],[44.5,50.6],[44.4,50.5],[44.4,50.5],[44.3,50.5],[44.2,50.5],[44.1,50.5],[44.0,50.4],[44.0,50.4],[43.9,50.4],[43.8,50.4],[43.7,50.3],[43.7,50.3],[43.6,50.3],[43.5,50.2],[43.6,50.1],[43.6,50.1],[43.7,50.0],[43.7,50.0],[43.7,50.0],[43.6,50.0],[43.5,49.9],[43.5,49.9],[43.4,49.8],[43.4,49.8],[43.3,49.8],[43.3,49.8],[43.2,49.9],[43.2,49.9],[43.1,50.0],[43.0,50.0],[42.9,49.9],[43.0,49.8],[43.0,49.8],[43.0,49.7],[43.0,49.7],[42.9,49.6],[42.9,49.6],[42.8,49.5],[42.8,49.4],[42.8,49.4],[42.8,49.4],[42.7,49.45],[42.6,49.4],[42.6,49.4],[42.5,49.3],[42.5,49.3],[42.5,49.3],[42.5,49.4],[42.4,49.5],[42.3,49.45],[42.2,49.4],[42.2,49.4],[42.2,49.4],[42.1,49.45],[42.05,49.5],[42.0,49.6],[41.9,49.6],[41.8,49.55],[41.7,49.55],[41.6,49.6],[41.5,49.6],[41.4,49.6],[41.3,49.5],[41.3,49.5],[41.3,49.5],[41.3,49.6],[41.2,49.7],[41.1,49.6],[41.1,49.6],[41.0,49.6],[40.9,49.6],[40.8,49.6],[40.7,49.5],[40.7,49.4],[40.7,49.4],[40.6,49.4],[40.5,49.3],[40.5,49.3],[40.4,49.2],[40.4,49.1],[40.4,49.1],[40.3,49.1],[40.2,49.1],[40.1,49.1],[40.05,49.0],[40.1,48.9],[40.2,48.9],[40.3,48.9],[40.3,48.9],[40.4,48.8],[40.4,48.8],[40.5,48.7],[40.6,48.7],[40.7,48.8],[40.7,48.8],[40.8,48.9],[40.8,48.9],[40.8,48.9],[40.9,48.8],[41.0,48.8],[41.1,48.8],[41.2,48.8],[41.3,48.9],[41.2,49.0],[41.2,49.0],[41.2,49.1],[41.2,49.1],[41.3,49.15],[41.4,49.2],[41.4,49.2],[41.4,49.2],[41.5,49.1],[41.5,49.1],[41.6,49.0],[41.7,49.0],[41.7,49.0],[41.8,48.95],[41.9,49.0],[41.9,49.1],[41.9,49.2],[41.9,49.2],[42.0,49.2],[42.1,49.2],[42.2,49.2],[42.2,49.2],[42.2,49.2],[42.1,49.2],[42.0,49.2],[41.9,49.1],[41.9,49.0],[42.0,48.9],[42.0,48.9],[42.1,48.8],[42.2,48.8],[42.3,48.9],[42.3,48.9],[42.4,48.9],[42.4,48.9],[42.4,48.9],[42.3,48.8],[42.4,48.7],[42.5,48.7],[42.6,48.7],[42.7,48.7],[42.7,48.7],[42.7,48.7],[42.6,48.7],[42.5,48.7],[42.4,48.6],[42.4,48.5],[42.4,48.4],[42.4,48.4],[42.3,48.3],[42.3,48.3],[42.2,48.2],[42.2,48.2],[42.1,48.2],[42.025,48.1],[42.0,48.0667],[41.9,48.05],[41.8,48.05],[41.7,48.05],[41.6,48.05],[41.5,48.1],[41.4,48.0],[41.4,48.0],[41.3,48.0],[41.2,48.0],[41.2,48.0],[41.2,48.0],[41.3,48.1],[41.3,48.1],[41.4,48.2],[41.4,48.2],[41.5,48.3],[41.5,48.3],[41.6,48.4],[41.6,48.4],[41.7,48.4],[41.8,48.5],[41.8,48.5],[41.9,48.5],[42.0,48.6],[42.0,48.6],[42.1,48.7],[42.0,48.8],[41.9,48.8],[41.8,48.8],[41.7,48.7],[41.7,48.7],[41.6,48.7],[41.5,48.7],[41.5,48.7],[41.4,48.8],[41.3,48.8],[41.2,48.8],[41.1,48.8],[41.0,48.7],[41.0,48.7],[40.9,48.7],[40.85,48.6],[40.9,48.5],[40.9,48.5],[40.9,48.4],[40.9,48.4],[40.8,48.3],[40.8,48.3],[40.7,48.3],[40.6,48.2],[40.6,48.1],[40.6,48.1],[40.5,48.1],[40.4,48.0],[40.5,47.9],[40.5,47.9],[40.6,47.8],[40.6,47.8],[40.6,47.8],[40.5,47.8],[40.4,47.8],[40.3,47.8],[40.2,47.8],[40.1,47.8],[40.0,47.75],[39.9,47.8],[39.8,47.8],[39.7,47.75],[39.6,47.75],[39.5,47.7667],[39.4,47.7667],[39.3,47.7667],[39.2,47.8],[39.1,47.7667],[39.0,47.75],[38.9,47.7667],[38.8,47.7],[38.8,47.7],[38.7,47.675],[38.6,47.6],[38.6,47.6],[38.6,47.6],[38.5,47.6333],[38.4,47.6333],[38.3,47.6],[38.3,47.6],[38.2,47.6],[38.1,47.55],[38.0,47.5333],[37.9,47.55],[37.8,47.55],[37.7,47.5],[37.7,47.5],[37.6,47.5],[37.5,47.48],[37.4,47.4667],[37.3,47.4667],[37.2333,47.4],[37.2,47.3667],[37.1,47.3667],[37.0,47.35],[36.9,47.35],[36.8,47.35],[36.7,47.3],[36.7,47.3],[36.6,47.3],[36.5,47.3],[36.4,47.3],[36.3,47.3],[36.3,47.3],[36.2,47.4],[36.1,47.4],[36.0,47.4],[35.9,47.4],[35.9,47.4],[35.8,47.5],[35.8,47.5],[35.8,47.5],[35.9,47.5],[36.0,47.5],[36.1,47.5],[36.2,47.6],[36.1,47.7],[36.0,47.7],[36.0,47.7],[35.9,47.8],[35.9,47.8],[35.9,47.8],[36.0,47.9],[36.0,47.9],[36.0,47.9],[36.1,47.8],[36.2,47.8],[36.3,47.8],[36.4,47.9],[36.3,48.0],[36.2,48.0],[36.2,48.0],[36.2,48.0],[36.3,48.0],[36.4,48.0],[36.5,48.0],[36.55,48.1],[36.5,48.2],[36.4,48.2],[36.3,48.2],[36.2,48.2],[36.1,48.2],[36.0,48.2],[35.9,48.2],[35.8,48.1],[35.8,48.1],[35.7,48.1],[35.6,48.0],[35.6,48.0],[35.5,47.9],[35.5,47.9],[35.5,47.9],[35.4,48.0],[35.4,48.0],[35.4,48.0],[35.5,48.1],[35.4,48.2],[35.4,48.2],[35.3,48.3],[35.2,48.2],[35.2,48.2],[35.1,48.1],[35.2,48.0],[35.2,48.0],[35.2,48.0],[35.1,48.0],[35.1,48.0],[35.0,48.1],[34.9,48.0],[34.9,48.0],[34.8,48.0],[34.7,48.0],[34.6,48.0],[34.5,48.0],[34.4,48.0],[34.4,48.0],[34.3,48.1],[34.3,48.1],[34.2,48.2],[34.2,48.2],[34.2,48.2],[34.3,48.3],[34.3,48.4],[34.3,48.4],[34.4,48.4],[34.5,48.5],[34.4,48.6],[34.4,48.6],[34.4,48.6],[34.5,48.6],[34.5,48.6],[34.6,48.5],[34.6,48.5],[34.7,48.4],[34.8,48.4],[34.9,48.4],[35.0,48.4],[35.1,48.4],[35.1,48.4],[35.2,48.3],[35.3,48.4],[35.3,48.4],[35.4,48.4],[35.5,48.5],[35.5,48.5],[35.6,48.5],[35.7,48.6],[35.6,48.7],[35.6,48.7],[35.5,48.8],[35.4,48.8],[35.3,48.8],[35.2,48.8],[35.1,48.8],[35.0,48.8],[35.0,48.8],[34.9,48.9],[34.9,48.9],[34.9,48.9],[35.0,49.0],[35.0,49.0],[35.1,49.0],[35.2,49.0],[35.3,49.1],[35.3,49.2],[35.2,49.3],[35.1,49.3],[35.0,49.3],[34.9,49.25],[34.8,49.25],[34.7,49.25],[34.6,49.2],[34.6,49.2],[34.5,49.2],[34.4,49.1],[34.4,49.1],[34.4,49.1],[34.3,49.2],[34.2,49.2],[34.1,49.1],[34.1,49.0],[34.1,48.9],[34.1,48.9],[34.0,48.85],[33.95,48.9],[33.9,49.0],[33.8,48.9],[33.8,48.8],[33.8,48.8],[33.7,48.8],[33.6,48.7],[33.6,48.7],[33.5,48.6],[33.6,48.5],[33.6,48.5],[33.6,48.5],[33.5,48.5],[33.5,48.5],[33.4,48.6],[33.3,48.6],[33.2,48.6],[33.1,48.6],[33.0,48.5],[33.0,48.5],[32.9,48.5],[32.8,48.5],[32.7,48.5],[32.6,48.5],[32.5,48.5],[32.4,48.45],[32.3,48.4],[32.3,48.3],[32.3,48.3],[32.2,48.3],[32.1,48.3],[32.0,48.2],[32.0,48.2],[32.0,48.2],[31.9,48.3],[31.8,48.3],[31.8,48.3],[31.7,48.35],[31.6,48.4],[31.5,48.4],[31.4,48.4],[31.3,48.3],[31.3,48.3],[31.2,48.3],[31.1,48.3],[31.0,48.3],[30.9,48.3],[30.8,48.3],[30.7,48.2],[30.7,48.1],[30.7,48.1],[30.6,48.0],[30.6,48.0],[30.5,47.9],[30.6,47.8],[30.6,47.8],[30.6,47.8],[30.5,47.8],[30.4,47.8],[30.3,47.7],[30.3,47.7],[30.2,47.7],[30.1,47.7],[30.1,47.7],[30.1,47.8],[30.0,47.9],[29.9,47.9],[29.8,47.9],[29.7,47.9],[29.6,47.8],[29.6,47.8],[29.55,47.7],[29.5,47.6],[29.5,47.6],[29.4,47.55],[29.35,47.6],[29.3,47.7],[29.3,47.7],[29.25,47.8],[29.2,47.85],[29.1,47.9],[29.0,47.9],[28.95,47.8],[29.0,47.75],[29.05,47.7],[29.0,47.6],[29.0,47.5],[29.0,47.4],[29.1,47.3],[29.1,47.3],[29.2,47.2],[29.2,47.2],[29.2,47.1],[29.2,47.1],[29.1,47.0],[29.2,46.9],[29.2,46.9],[29.2,46.9],[29.1,46.9],[29.1,46.9],[29.0,47.0],[28.9,46.9],[28.9,46.8],[28.9,46.8],[28.8,46.7],[28.8,46.7],[28.8,46.7],[28.8,46.8],[28.7,46.9],[28.6,46.9],[28.5,46.8],[28.5,46.8],[28.4,46.8],[28.4,46.8],[28.4,46.9],[28.3,46.9667],[28.2,47.0],[28.2,47.0],[28.1,47.05],[28.0,47.0],[28.1,46.9],[28.1,46.9],[28.1333,46.8],[28.1,46.75],[28.0,46.7],[28.0,46.6],[28.0,46.6],[27.9,46.5],[27.9,46.5],[27.8,46.5],[27.7,46.45],[27.65,46.4],[27.7,46.3],[27.8,46.3],[27.9,46.3],[27.9,46.3],[27.9,46.3],[27.85,46.2],[27.8,46.1],[27.9,46.0],[27.9,46.0],[27.9,46.0],[27.8,45.9],[27.8,45.9],[27.8,45.9],[27.7,46.0],[27.7,46.0],[27.7,46.1],[27.7,46.1],[27.75,46.2],[27.7,46.3],[27.6,46.3],[27.6,46.3],[27.5,46.35],[27.4,46.3],[27.4,46.3],[27.3667,46.2],[27.3,46.1333],[27.2667,46.1],[27.3,46.0],[27.3,46.0],[27.3,45.9],[27.3,45.9],[27.25,45.8],[27.2,45.7],[27.2,45.6],[27.2,45.6],[27.2,45.6],[27.1,45.7],[27.0,45.6],[27.0,45.6],[26.95,45.5],[26.95,45.4],[26.9,45.3],[26.9,45.3],[26.8,45.2],[26.8,45.2],[26.7333,45.1],[26.7,45.0667],[26.6,45.0333],[26.5,45.0],[26.5,45.0],[26.4,44.95],[26.3,44.9],[26.3,44.9],[26.2,44.9],[26.1,44.8],[26.1,44.8],[26.0,44.7],[26.0,44.7],[25.9,44.6],[25.9,44.6],[25.8,44.6],[25.7,44.55],[25.6,44.55],[25.5,44.55],[25.4,44.55],[25.3,44.55],[25.2,44.5],[25.2,44.4],[25.3,44.3],[25.4,44.3],[25.5,44.3],[25.5,44.3],[25.5,44.3],[25.4,44.3],[25.3,44.3],[25.2,44.3],[25.2,44.3],[25.1,44.4],[25.0,44.4],[24.9,44.4],[24.9,44.4],[24.8,44.5],[24.7,44.4],[24.7,44.4],[24.7,44.4],[24.7,44.5],[24.6,44.6],[24.5,44.6],[24.4,44.6],[24.3,44.6],[24.2,44.5],[24.2,44.5],[24.1,44.4],[24.1,44.4],[24.0,44.4],[23.9,44.4],[23.9,44.4],[23.8,44.5],[23.8,44.5],[23.7,44.55],[23.6,44.5],[23.6,44.5],[23.5,44.4],[23.5,44.4],[23.4,44.4],[23.3,44.3667],[23.2,44.3],[23.2,44.3],[23.1,44.3],[23.1,44.3],[23.0,44.35],[22.9,44.4],[22.8,44.3667],[22.7,44.4],[22.7,44.4],[22.6,44.5],[22.55,44.4],[22.525,44.3],[22.525,44.2],[22.6,44.1],[22.6,44.1],[22.7,44.0],[22.8,44.0],[22.8,44.0],[22.8,44.0],[22.75,43.9],[22.75,43.8],[22.8,43.75],[22.9,43.8],[22.9,43.9],[22.9,43.9],[22.9,43.9],[22.9,43.8],[23.0,43.75],[23.1,43.8],[23.1,43.8],[23.1,43.8],[23.2,43.7],[23.2,43.7],[23.3,43.65],[23.4,43.7],[23.4,43.7],[23.5,43.7667],[23.6,43.75],[23.6333,43.7],[23.7,43.6333],[23.8,43.6333],[23.9,43.6],[24.0,43.7],[24.0,43.7],[24.1,43.7],[24.1,43.7],[24.2,43.6],[24.2,43.6],[24.2,43.6],[24.15,43.5],[24.1,43.4],[24.2,43.3667],[24.3,43.4],[24.3,43.4],[24.4,43.4],[24.5,43.4333],[24.6,43.4333],[24.7,43.4333],[24.8,43.5],[24.8,43.5],[24.9,43.5],[24.9,43.5],[24.9,43.5],[24.85,43.4],[24.9,43.35],[25.0,43.35],[25.1,43.3333],[25.1667,43.4],[25.2,43.5],[25.2,43.5],[25.3,43.5],[25.4,43.5],[25.4,43.5],[25.5,43.4],[25.6,43.4333],[25.7,43.5],[25.7,43.5],[25.7667,43.6],[25.7667,43.7],[25.8,43.7333],[25.85,43.7],[25.9,43.65],[26.0,43.6],[26.1,43.65],[26.2,43.65],[26.25,43.7],[26.3,43.75],[26.4,43.8],[26.4,43.9],[26.3,44.0],[26.3,44.0],[26.3,44.0],[26.4,44.0],[26.4,44.0],[26.5,43.9],[26.6,43.9],[26.7,44.0],[26.7,44.0],[26.8,44.0],[26.9,44.0],[27.0,44.0],[27.1,44.0],[27.2,44.1],[27.2,44.1],[27.3,44.1],[27.4,44.15],[27.5,44.15],[27.6,44.15],[27.7,44.2],[27.7,44.2],[27.8,44.2333],[27.9,44.25],[28.0,44.3],[28.0,44.3],[28.0,44.3],[28.1,44.25],[28.2,44.3],[28.2,44.3],[28.2,44.3],[28.2,44.2],[28.2,44.1],[28.25,44.0],[28.25,43.9],[28.2,43.8],[28.2,43.7],[28.2,43.7],[28.15,43.6],[28.12,43.5],[28.1,43.48],[28.0,43.4],[28.0,43.4],[27.9,43.35],[27.85,43.3],[27.8,43.2],[27.8,43.2],[27.7,43.1],[27.7,43.0],[27.7,42.9],[27.7,42.9],[27.6,42.85],[27.55,42.8],[27.5,42.7667],[27.4,42.7],[27.4,42.7],[27.3,42.65],[27.2,42.6],[27.2,42.5],[27.3,42.4],[27.3,42.4],[27.4,42.3],[27.4,42.3],[27.5,42.2],[27.5,42.2],[27.6,42.1],[27.6,42.1],[27.7,42.025],[27.725,42.0],[27.7333,41.9],[27.8,41.8],[27.8,41.8],[27.8,41.8],[27.7,41.7],[27.7,41.6],[27.7,41.6],[27.6,41.5],[27.6,41.5],[27.6,41.5],[27.6,41.6],[27.5,41.7],[27.5,41.7],[27.4,41.8],[27.3,41.8],[27.3,41.8],[27.2,41.85],[27.1,41.8667],[27.0,41.9],[26.9,41.9],[26.8,41.85],[26.7,41.9],[26.7,41.9],[26.6,42.0],[26.5,41.9],[26.5,41.9],[26.4,41.85],[26.3,41.8333],[26.2,41.85],[26.1333,41.9],[26.1,41.9333],[26.0333,42.0],[26.1,42.1],[26.1,42.2],[26.1,42.2],[26.2,42.2],[26.3,42.3],[26.2,42.4],[26.1,42.4],[26.1,42.4],[26.0,42.5],[26.0,42.5],[25.9,42.55],[25.85,42.5],[25.8,42.45],[25.7,42.4333],[25.6667,42.4],[25.6,42.35],[25.5,42.3333],[25.4,42.3333],[25.3,42.3],[25.3,42.2],[25.3,42.2],[25.2,42.2],[25.1,42.1],[25.2,42.0667],[25.3,42.05],[25.35,42.0],[25.4,41.95],[25.5,41.9333],[25.55,41.9],[25.6,41.8],[25.6,41.8],[25.7,41.7333],[25.8,41.75],[25.9,41.7333],[26.0,41.7],[26.1,41.7],[26.1,41.7],[26.1667,41.6],[26.1667,41.5],[26.1,41.45],[26.05,41.4],[26.05,41.3],[26.1,41.25],[26.1333,41.2],[26.1,41.1333],[26.0667,41.1],[26.0,41.0778],[25.9,41.0667],[25.8,41.0833],[25.7667,41.1],[25.7,41.15],[25.6,41.1778],[25.5,41.1833],[25.4,41.16],[25.3,41.16],[25.2,41.1714],[25.1,41.1667],[25.0,41.1667],[24.9,41.16],[24.8,41.1333],[24.7,41.1],[24.7,41.1],[24.6,41.075],[24.5,41.0],[24.6,40.925],[24.7,40.9154],[24.8,40.9154],[24.9,40.92],[25.0,40.92],[25.1,40.925],[25.2,40.94],[25.3,40.9182],[25.4,40.92],[25.5,40.9182],[25.52,40.9],[25.6,40.82],[25.7,40.8154],[25.8,40.8222],[25.9,40.8222],[26.0,40.82],[26.0167,40.8],[26.04,40.7],[26.1,40.64],[26.2,40.62],[26.3,40.6154],[26.4,40.6154],[26.5,40.6143],[26.6,40.6143],[26.7,40.6133],[26.74,40.6],[26.7222,40.5],[26.7,40.4867],[26.6,40.4867],[26.5,40.4818],[26.4,40.4667],[26.3,40.46],[26.24,40.4],[26.2667,40.3],[26.2,40.25],[26.15,40.2],[26.15,40.1],[26.2,40.05],[26.3,40.0222],[26.3182,40.0],[26.3,39.9833],[26.2,39.975],[26.125,39.9],[26.14,39.8],[26.1182,39.7],[26.1286,39.6],[26.2,39.5],[26.3,39.5182],[26.4,39.5167],[26.5,39.5167],[26.6,39.5182],[26.7,39.5333],[26.8,39.5333],[26.9,39.5],[26.9,39.5],[26.9,39.5],[26.8,39.4333],[26.7667,39.4],[26.8,39.35],[26.8091,39.3],[26.8,39.28],[26.7333,39.2],[26.8,39.1333],[26.84,39.1],[26.9,39.04],[26.95,39.0],[27.0,38.95],[27.025,38.9],[27.0,38.8714],[26.9286,38.8],[26.9,38.7],[26.9,38.6],[26.95,38.5],[27.0,38.45],[27.1,38.42],[27.12,38.4],[27.1,38.38],[27.0,38.375],[26.9,38.3714],[26.8286,38.3],[26.9,38.2167],[26.9143,38.2],[27.0,38.125],[27.04,38.1],[27.1,38.04],[27.2,38.0333],[27.2286,38.0],[27.25,37.9],[27.3,37.8333],[27.325,37.8],[27.4,37.7],[27.4,37.7],[27.5,37.64],[27.5154,37.6],[27.5,37.5333],[27.4667,37.5],[27.5,37.45],[27.55,37.4],[27.6,37.3667],[27.7,37.3333],[27.8,37.3],[27.8,37.3],[27.8,37.2],[27.9,37.1111],[27.9333,37.1],[28.0,37.05],[28.1,37.04],[28.2,37.05],[28.3,37.05],[28.4,37.05],[28.5,37.0222],[28.6,37.0],[28.6,37.0],[28.7,36.925],[28.8,36.9],[28.8,36.9],[28.9,36.8],[28.9,36.8],[29.0,36.7222],[29.0182,36.7],[29.0222,36.6],[29.1,36.5222],[29.1143,36.5],[29.2,36.4077],[29.2333,36.4],[29.3,36.35],[29.4,36.3167],[29.4222,36.3],[29.5,36.2222],[29.6,36.22],[29.7,36.2667],[29.7333,36.3],[29.8,36.3222],[29.9,36.3143],[29.9143,36.3],[30.0,36.225],[30.075,36.3],[30.1,36.325],[30.175,36.4],[30.2,36.4333],[30.3,36.4222],[30.4,36.45],[30.4667,36.5],[30.46,36.6],[30.5,36.64],[30.56,36.7],[30.55,36.8],[30.6,36.9],[30.6,36.9],[30.7,37.0],[30.7,37.0],[30.8,37.05],[30.9,37.0667],[31.0,37.1],[31.0,37.1],[31.0,37.1],[31.1,37.05],[31.2,37.0333],[31.3,37.0],[31.3,37.0],[31.4,36.9182],[31.45,36.9],[31.5,36.85],[31.6,36.8154],[31.6286,36.8],[31.7,36.7286],[31.725,36.7],[31.8,36.625],[31.825,36.6],[31.9,36.525],[32.0,36.52],[32.025,36.5],[32.1,36.425],[32.2,36.4286],[32.2286,36.4],[32.3,36.3286],[32.35,36.3],[32.4,36.25],[32.4667,36.2],[32.5,36.1667]]]}},{"type":"Feature","properties":{"layer_id":"change_T20","layer_label":"Change, T>20\u00b0C","low":10.0,"high":25.0,"label":"10\u201325 pp","fill":"#f4a582","fillOpacity":0.45,"stroke":"#f4a582","strokeOpacity":0.5700000000000001,"strokeWeight":0.35},"geometry":{"type":"Polygon","coordinates":[[[29.4556,36.3],[29.4,36.3417],[29.3125,36.4],[29.3,36.4143],[29.2,36.4308],[29.1357,36.5],[29.1,36.5556],[29.0556,36.6],[29.0455,36.7],[29.0,36.7556],[28.9429,36.8],[28.9,36.875],[28.875,36.9],[28.9,36.9333],[29.0,37.0],[29.0167,36.9],[29.1,36.8],[29.1,36.8],[29.2,36.7545],[29.3,36.7583],[29.4,36.7444],[29.4444,36.7],[29.45,36.6],[29.4286,36.5],[29.4636,36.4],[29.5,36.35],[29.6,36.35],[29.6714,36.3],[29.6,36.25],[29.5,36.2556],[29.4556,36.3]]]}},{"type":"Feature","properties":{"layer_id":"change_T20","layer_label":"Change, T>20\u00b0C","low":10.0,"high":25.0,"label":"10\u201325 pp","fill":"#f4a582","fillOpacity":0.45,"stroke":"#f4a582","strokeOpacity":0.5700000000000001,"strokeWeight":0.35},"geometry":{"type":"Polygon","coordinates":[[[31.8625,36.6],[31.8,36.6625],[31.7625,36.7],[31.7,36.7714],[31.6714,36.8],[31.6,36.8385],[31.5111,36.9],[31.6,36.9615],[31.7,36.9167],[31.7167,36.9],[31.8,36.8375],[31.85,36.8],[31.9,36.725],[31.925,36.7],[32.0,36.6625],[32.0625,36.6],[32.0,36.55],[31.9,36.5625],[31.8625,36.6]]]}},{"type":"Feature","properties":{"layer_id":"change_T20","layer_label":"Change, T>20\u00b0C","low":10.0,"high":25.0,"label":"10\u201325 pp","fill":"#f4a582","fillOpacity":0.45,"stroke":"#f4a582","strokeOpacity":0.5700000000000001,"strokeWeight":0.35},"geometry":{"type":"Polygon","coordinates":[[[28.65,37.0],[28.6,37.0273],[28.5,37.0556],[28.4333,37.1],[28.5,37.1667],[28.54,37.2],[28.56,37.3],[28.5222,37.4],[28.5,37.4222],[28.4,37.45],[28.375,37.4],[28.3286,37.3],[28.4,37.2],[28.3,37.1167],[28.2,37.1111],[28.1,37.1],[28.0,37.1333],[27.9,37.1444],[27.8375,37.2],[27.8375,37.3],[27.8,37.3375],[27.7,37.3833],[27.6667,37.4],[27.6,37.425],[27.525,37.5],[27.5385,37.6],[27.5,37.7],[27.5,37.7],[27.4,37.8],[27.4,37.8],[27.3167,37.9],[27.3,37.9333],[27.2714,38.0],[27.2,38.0833],[27.1,38.1],[27.1,38.1],[27.0,38.1625],[26.9571,38.2],[26.9,38.2667],[26.8714,38.3],[26.9,38.3286],[27.0,38.3375],[27.1,38.35],[27.15,38.4],[27.1,38.45],[27.0167,38.5],[27.0,38.55],[26.975,38.6],[26.95,38.7],[26.9714,38.8],[27.0,38.8286],[27.0625,38.9],[27.0333,39.0],[27.0,39.05],[26.9,39.1],[26.9,39.1],[26.8,39.1833],[26.7833,39.2],[26.8,39.22],[26.8364,39.3],[26.8286,39.4],[26.9,39.4625],[26.9429,39.5],[26.9,39.55],[26.8,39.5833],[26.7,39.5833],[26.6,39.5455],[26.5,39.5417],[26.4,39.5417],[26.3,39.5455],[26.2,39.56],[26.1714,39.6],[26.1455,39.7],[26.2,39.8],[26.2,39.8],[26.2,39.8],[26.1625,39.9],[26.2,39.9375],[26.3,39.9583],[26.3455,40.0],[26.3,40.0556],[26.22,40.1],[26.25,40.2],[26.3,40.2333],[26.35,40.3],[26.3,40.4],[26.4,40.4167],[26.5,40.4545],[26.6,40.4667],[26.7,40.4667],[26.7556,40.5],[26.8,40.6],[26.8444,40.5],[26.9,40.4643],[27.0,40.4688],[27.1,40.4667],[27.2,40.4375],[27.3,40.4375],[27.3375,40.4],[27.4,40.3643],[27.4643,40.3],[27.5,40.2444],[27.6,40.2583],[27.7,40.2667],[27.7417,40.3],[27.8,40.3583],[27.8625,40.4],[27.9,40.4375],[27.9375,40.4],[28.0,40.3545],[28.0833,40.4],[28.1,40.4167],[28.2,40.4286],[28.3,40.45],[28.4,40.45],[28.5,40.4444],[28.5444,40.4],[28.6,40.3545],[28.7,40.3375],[28.7333,40.4],[28.8,40.4667],[28.85,40.5],[28.9,40.55],[28.9556,40.6],[29.0,40.6444],[29.1,40.65],[29.2,40.6375],[29.25,40.7],[29.3,40.75],[29.35,40.8],[29.3,40.85],[29.25,40.9],[29.2,40.9455],[29.1,40.9455],[29.0,40.9417],[28.9,40.9833],[28.8,41.0],[28.8,41.0],[28.7,41.0286],[28.6,41.0375],[28.5,41.0375],[28.4,41.05],[28.3,41.05],[28.2,41.0455],[28.1,41.0556],[28.0,41.02],[27.975,41.0],[27.9,40.9625],[27.8,40.9556],[27.7,40.9417],[27.6,40.9385],[27.5,40.9417],[27.4583,40.9],[27.4643,40.8],[27.4,40.7357],[27.3,40.7417],[27.2583,40.7],[27.2,40.6417],[27.1,40.6417],[27.0167,40.6],[27.0,40.5833],[26.9,40.6],[26.9,40.6],[26.8,40.6],[26.7,40.6333],[26.6,40.6357],[26.5,40.6357],[26.4,40.6385],[26.3,40.6385],[26.2,40.65],[26.1,40.7],[26.1,40.7],[26.0417,40.8],[26.0,40.85],[25.9,40.8556],[25.8,40.8556],[25.7,40.8385],[25.6,40.85],[25.55,40.9],[25.5,40.9455],[25.4,40.95],[25.3,40.9455],[25.2,41.0],[25.2,41.0],[25.2,41.0],[25.1,40.9625],[25.0,40.95],[24.9,40.95],[24.8,40.9385],[24.7,40.9385],[24.6,40.9625],[24.55,41.0],[24.6,41.0375],[24.7,41.0727],[24.8,41.08],[24.9,41.1],[24.9,41.1],[25.0,41.1167],[25.1,41.1167],[25.2,41.1286],[25.3,41.1],[25.3,41.1],[25.4,41.1],[25.4,41.1],[25.5,41.1333],[25.6,41.1444],[25.68,41.1],[25.7,41.0833],[25.8,41.0333],[25.9,41.0167],[26.0,41.0444],[26.1,41.075],[26.1333,41.1],[26.1833,41.2],[26.15,41.3],[26.15,41.4],[26.2,41.4333],[26.25,41.4],[26.3,41.375],[26.4,41.3667],[26.4333,41.4],[26.5,41.4667],[26.55,41.5],[26.55,41.6],[26.6,41.6333],[26.65,41.6],[26.7,41.5],[26.7,41.5],[26.7,41.5],[26.8,41.55],[26.85,41.5],[26.9,41.4667],[27.0,41.4],[26.9,41.3],[26.9,41.3],[26.85,41.2],[26.8,41.1],[26.8,41.1],[26.8,41.0],[26.8,41.0],[26.8,41.0],[26.9,41.1],[27.0,41.1],[27.0,41.1],[27.1,41.1333],[27.2,41.2],[27.2667,41.1],[27.3,41.08],[27.4,41.0833],[27.425,41.1],[27.5,41.16],[27.6,41.1857],[27.6333,41.2],[27.7,41.2667],[27.7333,41.3],[27.7667,41.4],[27.725,41.5],[27.76,41.6],[27.8,41.6667],[27.8125,41.7],[27.8429,41.8],[27.82,41.9],[27.8,42.0],[27.8,42.0],[27.7,42.1],[27.7,42.1],[27.6,42.2],[27.6,42.2],[27.5111,42.3],[27.5,42.3333],[27.45,42.4],[27.5,42.4286],[27.6,42.4615],[27.7,42.4643],[27.7643,42.4],[27.7583,42.3],[27.8,42.2583],[27.8583,42.2],[27.9,42.1643],[27.9643,42.1],[27.9583,42.0],[28.0,41.9583],[28.0583,41.9],[28.0,41.8417],[27.9444,41.8],[28.0,41.7286],[28.0286,41.7],[28.1,41.6286],[28.1286,41.6],[28.2,41.5545],[28.2545,41.5],[28.3,41.4545],[28.4,41.4286],[28.4286,41.4],[28.5,41.3375],[28.6,41.3286],[28.7,41.3167],[28.8,41.3286],[28.8286,41.3],[28.9,41.2444],[29.0,41.2444],[29.1,41.25],[29.2,41.25],[29.3,41.2],[29.3,41.2],[29.4,41.1545],[29.5,41.1583],[29.55,41.2],[29.6,41.25],[29.65,41.2],[29.7,41.1583],[29.8,41.1615],[29.9,41.1545],[30.0,41.1583],[30.1,41.1583],[30.2,41.1615],[30.3,41.1615],[30.4,41.1615],[30.5,41.1643],[30.6,41.1583],[30.7,41.1615],[30.7615,41.1],[30.7,41.0333],[30.6,41.0222],[30.5,41.01],[30.4,41.0111],[30.35,41.0],[30.3,40.9833],[30.2,40.9667],[30.1,40.94],[30.0,40.94],[29.9,40.9571],[29.8,40.975],[29.75,41.0],[29.7,41.0125],[29.675,41.0],[29.6,40.9],[29.6,40.9],[29.6,40.9],[29.7,40.825],[29.8,40.84],[29.9,40.8333],[30.0,40.8333],[30.05,40.8],[30.0,40.78],[29.9,40.7667],[29.8,40.7667],[29.7,40.775],[29.6,40.75],[29.5,40.7455],[29.4286,40.7],[29.4,40.6],[29.3,40.6286],[29.26,40.6],[29.2,40.55],[29.1,40.5375],[29.0667,40.5],[29.0,40.4455],[28.9,40.45],[28.8667,40.4],[28.9,40.3545],[29.0,40.3545],[29.1,40.3714],[29.1833,40.3],[29.1,40.2444],[29.0,40.24],[28.9,40.2333],[28.8,40.2375],[28.74,40.2],[28.7,40.1714],[28.6,40.14],[28.52,40.1],[28.5,40.08],[28.4,40.06],[28.3,40.0],[28.3,40.0],[28.2,39.975],[28.1,39.9333],[28.0,39.9667],[27.9,40.0],[27.9,40.0],[27.9,40.0],[27.8,39.9],[27.7,39.95],[27.6667,40.0],[27.6,40.05],[27.5333,40.1],[27.5,40.12],[27.4,40.1571],[27.3,40.15],[27.2,40.1143],[27.15,40.1],[27.1,40.075],[27.0,40.075],[26.95,40.1],[26.9333,40.2],[26.9,40.22],[26.8,40.22],[26.7,40.2],[26.7,40.2],[26.6,40.12],[26.5833,40.1],[26.55,40.0],[26.6,39.9857],[26.7,39.95],[26.8,39.9],[26.7,39.85],[26.6667,39.8],[26.6333,39.7],[26.7,39.62],[26.8,39.6167],[26.9,39.6375],[27.0,39.6429],[27.1,39.6429],[27.16,39.6],[27.18,39.5],[27.1,39.4429],[27.0667,39.4],[27.0,39.3],[27.0,39.3],[27.0,39.3],[27.1,39.2625],[27.2,39.2667],[27.275,39.3],[27.3,39.325],[27.4,39.3],[27.4,39.3],[27.5,39.25],[27.55,39.2],[27.6,39.1],[27.5,39.0667],[27.4,39.0],[27.4,39.0],[27.3,38.9],[27.3,38.9],[27.3,38.9],[27.4,38.9],[27.4,38.9],[27.5,38.9333],[27.6,39.0],[27.6,39.0],[27.6,39.1],[27.7,39.125],[27.8,39.125],[27.9,39.1],[27.9,39.1],[27.9333,39.0],[27.95,38.9],[28.0,38.8],[28.0,38.8],[28.1,38.7],[28.1,38.7],[28.2,38.675],[28.3,38.6667],[28.4,38.675],[28.4857,38.6],[28.5,38.5833],[28.55,38.6],[28.5,38.7],[28.5,38.8],[28.6,38.82],[28.7,38.82],[28.725,38.8],[28.8,38.725],[28.8333,38.7],[28.8,38.6],[28.8,38.6],[28.7,38.575],[28.625,38.5],[28.7,38.4571],[28.78,38.4],[28.8,38.38],[28.9,38.3],[28.9,38.3],[29.0,38.3],[29.0,38.3],[29.1,38.4],[29.1,38.4],[29.2,38.4286],[29.25,38.4],[29.3,38.3667],[29.38,38.3],[29.4,38.25],[29.4333,38.2],[29.4,38.15],[29.3,38.15],[29.2,38.125],[29.15,38.1],[29.1727,38.0],[29.2,37.97],[29.3,37.9545],[29.4,37.94],[29.5,38.0],[29.54,37.9],[29.6,37.85],[29.7,37.85],[29.8,37.85],[29.85,37.8],[29.8,37.725],[29.7667,37.7],[29.7,37.6714],[29.66,37.7],[29.6,37.75],[29.5,37.7625],[29.4,37.75],[29.3,37.7455],[29.2,37.7333],[29.1,37.7417],[29.0,37.7455],[28.9143,37.8],[28.9,37.825],[28.8,37.81],[28.78,37.8],[28.7,37.72],[28.675,37.7],[28.7,37.675],[28.76,37.6],[28.8,37.5],[28.8,37.5],[28.84,37.4],[28.86,37.3],[28.8,37.2625],[28.7,37.2],[28.7,37.2],[28.68,37.1],[28.7,37.06],[28.8,37.0167],[28.8333,37.0],[28.8,36.975],[28.7,36.9625],[28.65,37.0]]]}},{"type":"Feature","properties":{"layer_id":"change_T20","layer_label":"Change, T>20\u00b0C","low":10.0,"high":25.0,"label":"10\u201325 pp","fill":"#f4a582","fillOpacity":0.45,"stroke":"#f4a582","strokeOpacity":0.5700000000000001,"strokeWeight":0.35},"geometry":{"type":"Polygon","coordinates":[[[30.66,37.2],[30.7,37.25],[30.75,37.3],[30.8,37.35],[30.9,37.3375],[30.9375,37.3],[31.0,37.2444],[31.0571,37.2],[31.0,37.1429],[30.9,37.15],[30.8,37.2],[30.8,37.2],[30.8,37.2],[30.7,37.1333],[30.66,37.2]]]}},{"type":"Feature","properties":{"layer_id":"change_T20","layer_label":"Change, T>20\u00b0C","low":10.0,"high":25.0,"label":"10\u201325 pp","fill":"#f4a582","fillOpacity":0.45,"stroke":"#f4a582","strokeOpacity":0.5700000000000001,"strokeWeight":0.35},"geometry":{"type":"Polygon","coordinates":[[[27.4857,40.3],[27.4,40.3857],[27.375,40.4],[27.3,40.475],[27.2,40.475],[27.1,40.4867],[27.0,40.4875],[26.9,40.4857],[26.8778,40.5],[26.9,40.54],[27.0,40.5333],[27.0667,40.6],[27.1,40.6167],[27.2,40.6167],[27.2833,40.7],[27.3,40.7167],[27.4,40.7143],[27.4857,40.8],[27.4833,40.9],[27.5,40.9167],[27.6,40.9154],[27.7,40.9167],[27.8,40.9222],[27.9,40.925],[28.0,40.95],[28.05,41.0],[28.1,41.0222],[28.2,41.0182],[28.3,41.02],[28.4,41.02],[28.5,41.0],[28.6,41.0],[28.6,41.0],[28.7,40.9667],[28.8,40.94],[28.9,40.9333],[29.0,40.9167],[29.1,40.9182],[29.2,40.9182],[29.22,40.9],[29.3,40.82],[29.32,40.8],[29.3,40.78],[29.22,40.7],[29.2,40.675],[29.1,40.68],[29.0,40.6778],[28.9222,40.6],[28.9,40.58],[28.82,40.5],[28.8,40.4867],[28.7133,40.4],[28.7,40.375],[28.6,40.3818],[28.5778,40.4],[28.5,40.4778],[28.4,40.48],[28.3,40.48],[28.2,40.4714],[28.1,40.4667],[28.0333,40.4],[28.0,40.3818],[27.975,40.4],[27.9,40.475],[27.825,40.4],[27.8,40.3833],[27.7167,40.3],[27.7,40.2867],[27.6,40.2833],[27.5,40.2778],[27.4857,40.3]]]}},{"type":"Feature","properties":{"layer_id":"change_T20","layer_label":"Change, T>20\u00b0C","low":10.0,"high":25.0,"label":"10\u201325 pp","fill":"#f4a582","fillOpacity":0.45,"stroke":"#f4a582","strokeOpacity":0.5700000000000001,"strokeWeight":0.35},"geometry":{"type":"Polygon","coordinates":[[[29.5667,40.4],[29.5,40.4333],[29.42,40.5],[29.5,40.5667],[29.6,40.5375],[29.6375,40.5],[29.65,40.4],[29.6,40.375],[29.5667,40.4]]]}},{"type":"Feature","properties":{"layer_id":"change_T20","layer_label":"Change, T>20\u00b0C","low":10.0,"high":25.0,"label":"10\u201325 pp","fill":"#f4a582","fillOpacity":0.45,"stroke":"#f4a582","strokeOpacity":0.5700000000000001,"strokeWeight":0.35},"geometry":{"type":"Polygon","coordinates":[[[27.4,42.6],[27.5,42.68],[27.55,42.7],[27.6,42.7333],[27.7,42.8],[27.7,42.8],[27.8,42.9],[27.8615,42.8],[27.8545,42.7],[27.8,42.6455],[27.7,42.6357],[27.6643,42.6],[27.6,42.5357],[27.5,42.5556],[27.4,42.6]]]}},{"type":"Feature","properties":{"layer_id":"change_T20","layer_label":"Change, T>20\u00b0C","low":10.0,"high":25.0,"label":"10\u201325 pp","fill":"#f4a582","fillOpacity":0.45,"stroke":"#f4a582","strokeOpacity":0.5700000000000001,"strokeWeight":0.35},"geometry":{"type":"Polygon","coordinates":[[[27.8286,43.1],[27.8429,43.2],[27.9,43.2667],[27.9333,43.3],[28.0,43.3571],[28.0444,43.3],[28.0545,43.2],[28.0,43.1455],[27.95,43.1],[27.9,43.05],[27.8286,43.1]]]}},{"type":"Feature","properties":{"layer_id":"change_T20","layer_label":"Change, T>20\u00b0C","low":10.0,"high":25.0,"label":"10\u201325 pp","fill":"#f4a582","fillOpacity":0.45,"stroke":"#f4a582","strokeOpacity":0.5700000000000001,"strokeWeight":0.35},"geometry":{"type":"Polygon","coordinates":[[[28.075,43.4],[28.1,43.42],[28.18,43.5],[28.2,43.5333],[28.2667,43.6],[28.3,43.7],[28.3,43.7],[28.3667,43.8],[28.3667,43.9],[28.4,43.9333],[28.45,44.0],[28.4333,44.1],[28.45,44.2],[28.4,44.3],[28.5,44.35],[28.52,44.4],[28.54,44.5],[28.6,44.575],[28.6167,44.6],[28.7,44.7],[28.75,44.6],[28.8,44.55],[28.85,44.5],[28.8,44.45],[28.7545,44.4],[28.75,44.3],[28.7,44.25],[28.6,44.2455],[28.5167,44.2],[28.6,44.15],[28.7,44.15],[28.75,44.1],[28.7,44.05],[28.65,44.0],[28.6,43.95],[28.5286,43.9],[28.5444,43.8],[28.5444,43.7],[28.5545,43.6],[28.5375,43.5],[28.5375,43.4],[28.5,43.3625],[28.4,43.3625],[28.3,43.3455],[28.2,43.35],[28.1,43.3833],[28.075,43.4]]]}},{"type":"Feature","properties":{"layer_id":"change_T20","layer_label":"Change, T>20\u00b0C","low":10.0,"high":25.0,"label":"10\u201325 pp","fill":"#f4a582","fillOpacity":0.45,"stroke":"#f4a582","strokeOpacity":0.5700000000000001,"strokeWeight":0.35},"geometry":{"type":"Polygon","coordinates":[[[24.5,43.6],[24.5,43.6],[24.4,43.6],[24.3,43.6667],[24.25,43.7],[24.2,43.75],[24.1,43.775],[24.0,43.775],[23.9,43.7667],[23.8,43.7333],[23.7,43.8],[23.7,43.8],[23.6,43.85],[23.5,43.8667],[23.4,43.84],[23.3,43.8667],[23.25,43.9],[23.2,43.95],[23.1,43.9],[23.1,43.9],[23.0,43.8667],[22.975,43.9],[23.0,43.95],[23.0333,44.0],[23.0,44.1],[23.0,44.1],[22.9,44.2],[23.0,44.25],[23.1,44.225],[23.2,44.2],[23.2,44.2],[23.3,44.2],[23.3,44.2],[23.4,44.3],[23.5,44.3],[23.6,44.2],[23.5,44.1],[23.5,44.1],[23.5,44.1],[23.6,44.1],[23.7,44.0],[23.7,44.0],[23.7,44.0],[23.8,44.1],[23.9,44.1],[23.92,44.0],[23.95,43.9],[24.0,43.85],[24.1,43.8333],[24.2,43.8333],[24.3,43.9],[24.4,43.9],[24.4,43.9],[24.4333,44.0],[24.4,44.05],[24.3,44.1],[24.3,44.2],[24.4,44.25],[24.5,44.2],[24.5,44.2],[24.6,44.2],[24.7,44.15],[24.75,44.1],[24.8,44.0],[24.8,44.0],[24.8,44.0],[24.9,44.05],[25.0,44.05],[25.1,44.05],[25.2,44.1],[25.2,44.1],[25.3,44.15],[25.4,44.1],[25.4,44.1],[25.5,44.1],[25.6,44.0],[25.55,43.9],[25.5,43.85],[25.4,43.9],[25.4,43.9],[25.4,43.9],[25.4,43.8],[25.4,43.8],[25.5,43.75],[25.55,43.7],[25.6,43.65],[25.65,43.6],[25.6,43.55],[25.5,43.6],[25.5,43.6],[25.4,43.6],[25.4,43.6],[25.3,43.575],[25.2,43.575],[25.1,43.55],[25.05,43.6],[25.1,43.7],[25.2,43.7],[25.3,43.7],[25.3,43.7],[25.3,43.7],[25.2,43.7],[25.1,43.8],[25.1,43.8],[25.1,43.8],[25.0,43.75],[24.9,43.7333],[24.8,43.7],[24.7,43.7],[24.7,43.7],[24.7,43.7],[24.75,43.6],[24.7,43.55],[24.6,43.55],[24.5,43.6]]]}},{"type":"Feature","properties":{"layer_id":"change_T20","layer_label":"Change, T>20\u00b0C","low":10.0,"high":25.0,"label":"10\u201325 pp","fill":"#f4a582","fillOpacity":0.45,"stroke":"#f4a582","strokeOpacity":0.5700000000000001,"strokeWeight":0.35},"geometry":{"type":"Polygon","coordinates":[[[39.6357,43.6],[39.6,43.6385],[39.5385,43.7],[39.5,43.7385],[39.4385,43.8],[39.4,43.8556],[39.3556,43.9],[39.3,43.95],[39.25,44.0],[39.2,44.05],[39.15,44.1],[39.1,44.1714],[39.0714,44.2],[39.1,44.25],[39.1667,44.2],[39.2,44.1833],[39.3,44.12],[39.3167,44.1],[39.4,44.0],[39.4,44.0],[39.48,43.9],[39.5,43.8889],[39.6,43.82],[39.6167,43.8],[39.7,43.7167],[39.7167,43.7],[39.8,43.6444],[39.8667,43.6],[39.8,43.5556],[39.7,43.5357],[39.6357,43.6]]]}},{"type":"Feature","properties":{"layer_id":"change_T20","layer_label":"Change, T>20\u00b0C","low":10.0,"high":25.0,"label":"10\u201325 pp","fill":"#f4a582","fillOpacity":0.45,"stroke":"#f4a582","strokeOpacity":0.5700000000000001,"strokeWeight":0.35},"geometry":{"type":"Polygon","coordinates":[[[23.98,44.0],[24.0,44.05],[24.1,44.1],[24.1,44.1],[24.2,44.1],[24.2,44.1],[24.25,44.0],[24.2,43.95],[24.1,43.95],[24.0,43.9667],[23.98,44.0]]]}},{"type":"Feature","properties":{"layer_id":"change_T20","layer_label":"Change, T>20\u00b0C","low":10.0,"high":25.0,"label":"10\u201325 pp","fill":"#f4a582","fillOpacity":0.45,"stroke":"#f4a582","strokeOpacity":0.5700000000000001,"strokeWeight":0.35},"geometry":{"type":"Polygon","coordinates":[[[26.65,44.3],[26.7,44.35],[26.8,44.35],[26.85,44.4],[26.9,44.5],[27.0,44.5],[27.1,44.5],[27.15,44.4],[27.15,44.3],[27.1,44.25],[27.0,44.25],[26.9,44.2],[26.8,44.25],[26.7,44.25],[26.65,44.3]]]}},{"type":"Feature","properties":{"layer_id":"change_T20","layer_label":"Change, T>20\u00b0C","low":10.0,"high":25.0,"label":"10\u201325 pp","fill":"#f4a582","fillOpacity":0.45,"stroke":"#f4a582","strokeOpacity":0.5700000000000001,"strokeWeight":0.35},"geometry":{"type":"Polygon","coordinates":[[[28.3,44.7],[28.3,44.8],[28.3,44.8],[28.4,44.9],[28.4,44.9],[28.5,45.0],[28.4,45.1],[28.4,45.1],[28.4,45.1],[28.5,45.1],[28.5,45.1],[28.5,45.0],[28.5,44.9],[28.55,44.8],[28.5,44.75],[28.4,44.7],[28.4,44.7],[28.3,44.7],[28.3,44.7]]]}},{"type":"Feature","properties":{"layer_id":"change_T20","layer_label":"Change, T>20\u00b0C","low":10.0,"high":25.0,"label":"10\u201325 pp","fill":"#f4a582","fillOpacity":0.45,"stroke":"#f4a582","strokeOpacity":0.5700000000000001,"strokeWeight":0.35},"geometry":{"type":"Polygon","coordinates":[[[35.85,45.2],[35.9,45.3],[35.9,45.3],[36.0,45.34],[36.075,45.4],[36.1,45.4167],[36.2,45.4167],[36.25,45.4],[36.2,45.3],[36.2,45.3],[36.1,45.2],[36.1,45.2],[36.0,45.1667],[35.9,45.1667],[35.85,45.2]]]}},{"type":"Feature","properties":{"layer_id":"change_T20","layer_label":"Change, T>20\u00b0C","low":10.0,"high":25.0,"label":"10\u201325 pp","fill":"#f4a582","fillOpacity":0.45,"stroke":"#f4a582","strokeOpacity":0.5700000000000001,"strokeWeight":0.35},"geometry":{"type":"Polygon","coordinates":[[[30.16,46.3],[30.16,46.4],[30.2,46.4667],[30.225,46.4],[30.3,46.325],[30.4,46.325],[30.4182,46.3],[30.4,46.2818],[30.3,46.2818],[30.2,46.2778],[30.16,46.3]]]}},{"type":"Feature","properties":{"layer_id":"change_T20","layer_label":"Change, T>20\u00b0C","low":10.0,"high":25.0,"label":"10\u201325 pp","fill":"#f4a582","fillOpacity":0.45,"stroke":"#f4a582","strokeOpacity":0.5700000000000001,"strokeWeight":0.35},"geometry":{"type":"Polygon","coordinates":[[[29.2,46.5],[29.2,46.5],[29.3,46.6],[29.3,46.6],[29.4,46.6],[29.5,46.6],[29.5,46.6],[29.6,46.5],[29.7,46.5],[29.7,46.5],[29.7,46.5],[29.6,46.5],[29.5,46.5],[29.4,46.5],[29.3,46.5],[29.2,46.5],[29.2,46.5]]]}},{"type":"Feature","properties":{"layer_id":"change_T20","layer_label":"Change, T>20\u00b0C","low":10.0,"high":25.0,"label":"10\u201325 pp","fill":"#f4a582","fillOpacity":0.45,"stroke":"#f4a582","strokeOpacity":0.5700000000000001,"strokeWeight":0.35},"geometry":{"type":"Polygon","coordinates":[[[29.6,46.7],[29.6,46.7],[29.5,46.75],[29.4333,46.8],[29.5,46.8667],[29.6,46.9],[29.7,46.85],[29.8,46.85],[29.9,46.8],[29.9,46.7],[29.8,46.65],[29.7,46.6667],[29.6,46.7]]]}},{"type":"Feature","properties":{"layer_id":"change_T20","layer_label":"Change, T>20\u00b0C","low":10.0,"high":25.0,"label":"10\u201325 pp","fill":"#f4a582","fillOpacity":0.45,"stroke":"#f4a582","strokeOpacity":0.5700000000000001,"strokeWeight":0.35},"geometry":{"type":"Polygon","coordinates":[[[30.1,46.7],[30.1,46.7],[30.2,46.8],[30.2,46.9],[30.2,46.9],[30.3,46.9],[30.4,47.0],[30.4,47.1],[30.4,47.1],[30.5,47.1],[30.6,47.1],[30.7,47.2],[30.7,47.2],[30.8,47.2],[30.9,47.2],[31.0,47.2],[31.1,47.3],[31.1,47.3],[31.2,47.3],[31.3,47.3],[31.4,47.3],[31.5,47.35],[31.6,47.35],[31.7,47.4],[31.7,47.4],[31.8,47.4],[31.8,47.4],[31.9,47.35],[32.0,47.4],[32.0,47.4],[32.0,47.4],[32.05,47.3],[32.1,47.2],[32.2,47.2],[32.3,47.2],[32.4,47.2],[32.5,47.2],[32.6,47.2],[32.6,47.2],[32.6,47.2],[32.5,47.1],[32.5,47.1],[32.4,47.1],[32.3,47.1],[32.2,47.1],[32.1,47.1],[32.0,47.0],[32.0,47.0],[31.9,47.0],[31.8,47.0],[31.7,47.0],[31.6,47.0],[31.5,46.95],[31.4,46.95],[31.3,46.95],[31.2,46.95],[31.15,46.9],[31.1333,46.8],[31.1,46.7875],[31.0,46.8],[30.9,46.8],[30.8,46.78],[30.7,46.8],[30.7,46.8],[30.6,46.9],[30.5,46.9],[30.4,46.8],[30.4,46.7],[30.4,46.7],[30.3,46.7],[30.2,46.7],[30.1,46.7],[30.1,46.7]]]}},{"type":"Feature","properties":{"layer_id":"change_T20","layer_label":"Change, T>20\u00b0C","low":10.0,"high":25.0,"label":"10\u201325 pp","fill":"#f4a582","fillOpacity":0.45,"stroke":"#f4a582","strokeOpacity":0.5700000000000001,"strokeWeight":0.35},"geometry":{"type":"Polygon","coordinates":[[[43.7,49.5],[43.7,49.5],[43.8,49.6],[43.8,49.7],[43.8,49.7],[43.9,49.8],[43.9,49.8],[44.0,49.8],[44.0,49.8],[44.1,49.7],[44.1,49.7],[44.1,49.7],[44.0,49.7],[43.9,49.6],[43.9,49.5],[43.9,49.5],[43.8,49.5],[43.7,49.5],[43.7,49.5]]]}},{"type":"Feature","properties":{"layer_id":"change_T20","layer_label":"Change, T>20\u00b0C","low":10.0,"high":25.0,"label":"10\u201325 pp","fill":"#f4a582","fillOpacity":0.45,"stroke":"#f4a582","strokeOpacity":0.5700000000000001,"strokeWeight":0.35},"geometry":{"type":"Polygon","coordinates":[[[44.7,36.2],[44.8,36.2],[44.9,36.25],[45.0,36.25],[45.0,36.3],[45.0,36.35],[44.9,36.35],[44.8333,36.4],[44.85,36.5],[44.85,36.6],[44.8,36.65],[44.7,36.6667],[44.6,36.65],[44.52,36.7],[44.5,36.75],[44.4667,36.8],[44.4,36.8667],[44.3667,36.9],[44.3,36.94],[44.2,36.9],[44.2,36.9],[44.2,36.9],[44.1,36.9333],[44.0,36.95],[43.9,37.0],[43.9,37.0],[43.8,37.0833],[43.7,37.06],[43.625,37.0],[43.6,36.98],[43.5,36.96],[43.4,36.96],[43.35,36.9],[43.3,36.84],[43.225,36.9],[43.2333,37.0],[43.25,37.1],[43.2,37.15],[43.1,37.125],[43.025,37.2],[43.0,37.2333],[42.9,37.2],[42.9,37.1],[42.9,37.1],[42.8,37.0],[42.85,36.9],[42.9,36.85],[43.0,36.825],[43.05,36.8],[43.1,36.7667],[43.2,36.75],[43.3,36.75],[43.4,36.74],[43.5,36.7333],[43.6,36.7333],[43.7,36.7333],[43.725,36.7],[43.8,36.64],[43.875,36.7],[43.9,36.725],[44.0,36.72],[44.1,36.7143],[44.1333,36.7],[44.2,36.6333],[44.3,36.62],[44.4,36.62],[44.425,36.6],[44.4333,36.5],[44.4,36.45],[44.3,36.4],[44.4,36.3],[44.5,36.32],[44.6,36.3],[44.6,36.3],[44.7,36.2]]]}},{"type":"Feature","properties":{"layer_id":"change_T20","layer_label":"Change, T>20\u00b0C","low":10.0,"high":25.0,"label":"10\u201325 pp","fill":"#f4a582","fillOpacity":0.45,"stroke":"#f4a582","strokeOpacity":0.5700000000000001,"strokeWeight":0.35},"geometry":{"type":"Polygon","coordinates":[[[43.4,36.8],[43.5,36.9],[43.5,36.9],[43.6,36.92],[43.7,37.0],[43.7,37.0],[43.8,37.0333],[43.84,37.0],[43.9,36.9571],[43.98,36.9],[44.0,36.85],[44.1,36.86],[44.2,36.825],[44.25,36.8],[44.2,36.75],[44.1,36.7571],[44.0,36.78],[43.9,36.8],[43.9,36.8],[43.8,36.8],[43.7,36.8167],[43.65,36.8],[43.6,36.7833],[43.5,36.7833],[43.4,36.8]]]}},{"type":"Feature","properties":{"layer_id":"change_T20","layer_label":"Change, T>20\u00b0C","low":10.0,"high":25.0,"label":"10\u201325 pp","fill":"#f4a582","fillOpacity":0.45,"stroke":"#f4a582","strokeOpacity":0.5700000000000001,"strokeWeight":0.35},"geometry":{"type":"Polygon","coordinates":[[[6.4,36.4],[6.5,36.4],[6.6,36.4],[6.65,36.5],[6.6,36.6],[6.5,36.6],[6.4,36.6],[6.3,36.5],[6.4,36.4]]]}},{"type":"Feature","properties":{"layer_id":"change_T20","layer_label":"Change, T>20\u00b0C","low":10.0,"high":25.0,"label":"10\u201325 pp","fill":"#f4a582","fillOpacity":0.45,"stroke":"#f4a582","strokeOpacity":0.5700000000000001,"strokeWeight":0.35},"geometry":{"type":"Polygon","coordinates":[[[5.2,36.5333],[5.3,36.5667],[5.4,36.5333],[5.5,36.6],[5.5,36.6],[5.55,36.7],[5.5,36.75],[5.45,36.7],[5.4,36.65],[5.3,36.6333],[5.2,36.65],[5.1333,36.7],[5.1,36.7333],[5.0333,36.8],[5.0,36.8333],[4.9,36.86],[4.8,36.8333],[4.75,36.9],[4.7,36.95],[4.6,36.95],[4.5333,36.9],[4.6,36.8333],[4.65,36.8],[4.7,36.75],[4.8,36.7667],[4.8667,36.7],[4.9,36.6667],[5.0,36.6333],[5.1,36.6],[5.1,36.6],[5.2,36.5333]]]}},{"type":"Feature","properties":{"layer_id":"change_T20","layer_label":"Change, T>20\u00b0C","low":10.0,"high":25.0,"label":"10\u201325 pp","fill":"#f4a582","fillOpacity":0.45,"stroke":"#f4a582","strokeOpacity":0.5700000000000001,"strokeWeight":0.35},"geometry":{"type":"Polygon","coordinates":[[[23.0,36.6333],[23.0667,36.7],[23.0,36.78],[22.9875,36.8],[23.0,36.8083],[23.0846,36.9],[23.0,36.9846],[22.98,37.0],[22.98,37.1],[22.9,37.18],[22.875,37.2],[22.875,37.3],[22.8,37.375],[22.78,37.4],[22.7667,37.5],[22.8,37.5286],[22.9,37.5286],[22.9333,37.5],[23.0,37.4333],[23.0667,37.5],[23.1,37.5667],[23.1333,37.6],[23.1333,37.7],[23.1,37.7333],[23.0846,37.8],[23.0,37.8917],[22.98,37.9],[22.9,37.9667],[22.85,38.0],[22.8,38.05],[22.7,38.0667],[22.6,38.05],[22.56,38.1],[22.5,38.16],[22.4,38.1],[22.5,38.04],[22.55,38.0],[22.5667,37.9],[22.5667,37.8],[22.5,37.7],[22.5,37.6],[22.5,37.5],[22.6,37.4],[22.6,37.4],[22.7,37.3111],[22.7143,37.3],[22.725,37.2],[22.8,37.1143],[22.8111,37.1],[22.8,37.0667],[22.7,37.0818],[22.6333,37.1],[22.6,37.15],[22.5,37.2],[22.5,37.2],[22.4,37.3],[22.3,37.2],[22.3,37.1],[22.4,37.0],[22.4,37.0],[22.4,36.9],[22.4,36.9],[22.3,36.9],[22.3,36.9],[22.2,37.0],[22.1167,36.9],[22.2,36.8167],[22.2182,36.8],[22.3,36.7182],[22.4,36.7154],[22.5,36.7286],[22.5833,36.8],[22.5857,36.9],[22.6,36.9182],[22.7,36.9],[22.7,36.9],[22.7667,36.8],[22.8,36.7667],[22.9,36.7],[22.9,36.7],[23.0,36.6333]]]}},{"type":"Feature","properties":{"layer_id":"change_T20","layer_label":"Change, T>20\u00b0C","low":10.0,"high":25.0,"label":"10\u201325 pp","fill":"#f4a582","fillOpacity":0.45,"stroke":"#f4a582","strokeOpacity":0.5700000000000001,"strokeWeight":0.35},"geometry":{"type":"Polygon","coordinates":[[[22.2455,36.8],[22.2,36.8417],[22.1417,36.9],[22.2,36.97],[22.27,36.9],[22.3,36.8667],[22.4,36.8727],[22.425,36.9],[22.4333,37.0],[22.4167,37.1],[22.5,37.1625],[22.5714,37.1],[22.6,37.075],[22.7,37.0545],[22.7857,37.0],[22.8,36.99],[22.8167,37.0],[22.8444,37.1],[22.9,37.15],[22.95,37.1],[22.95,37.0],[23.0,36.9615],[23.0615,36.9],[23.0,36.8333],[22.95,36.8],[22.9,36.7429],[22.8333,36.8],[22.8,36.8182],[22.725,36.9],[22.7,36.9333],[22.6,36.9455],[22.5643,36.9],[22.5333,36.8],[22.5,36.7714],[22.4,36.7385],[22.3,36.7455],[22.2455,36.8]]]}},{"type":"Feature","properties":{"layer_id":"change_T20","layer_label":"Change, T>20\u00b0C","low":10.0,"high":25.0,"label":"10\u201325 pp","fill":"#f4a582","fillOpacity":0.45,"stroke":"#f4a582","strokeOpacity":0.5700000000000001,"strokeWeight":0.35},"geometry":{"type":"Polygon","coordinates":[[[22.6375,37.4],[22.6,37.4429],[22.5429,37.5],[22.56,37.6],[22.6,37.6667],[22.6167,37.7],[22.64,37.8],[22.6222,37.9],[22.65,38.0],[22.7,38.0167],[22.75,38.0],[22.8,37.95],[22.9,37.9167],[22.92,37.9],[23.0,37.8667],[23.0615,37.8],[23.05,37.7],[23.0714,37.6],[23.0167,37.5],[23.0,37.4833],[22.9833,37.5],[22.9,37.5714],[22.8,37.5714],[22.7167,37.5],[22.75,37.4],[22.7,37.3444],[22.6375,37.4]]]}},{"type":"Feature","properties":{"layer_id":"change_T20","layer_label":"Change, T>20\u00b0C","low":10.0,"high":25.0,"label":"10\u201325 pp","fill":"#f4a582","fillOpacity":0.45,"stroke":"#f4a582","strokeOpacity":0.5700000000000001,"strokeWeight":0.35},"geometry":{"type":"Polygon","coordinates":[[[29.8,36.6],[29.9,36.6286],[29.9714,36.7],[29.95,36.8],[29.9,36.85],[29.8333,36.8],[29.8,36.78],[29.7333,36.7],[29.8,36.6]]]}},{"type":"Feature","properties":{"layer_id":"change_T20","layer_label":"Change, T>20\u00b0C","low":10.0,"high":25.0,"label":"10\u201325 pp","fill":"#f4a582","fillOpacity":0.45,"stroke":"#f4a582","strokeOpacity":0.5700000000000001,"strokeWeight":0.35},"geometry":{"type":"Polygon","coordinates":[[[5.7,36.7333],[5.8,36.7],[5.9,36.8],[5.8,36.8333],[5.7,36.85],[5.65,36.8],[5.7,36.7333]]]}},{"type":"Feature","properties":{"layer_id":"change_T20","layer_label":"Change, T>20\u00b0C","low":10.0,"high":25.0,"label":"10\u201325 pp","fill":"#f4a582","fillOpacity":0.45,"stroke":"#f4a582","strokeOpacity":0.5700000000000001,"strokeWeight":0.35},"geometry":{"type":"Polygon","coordinates":[[[6.2,36.7],[6.3,36.725],[6.4,36.7],[6.5,36.7],[6.6,36.75],[6.7,36.75],[6.8,36.8],[6.8,36.8],[6.8333,36.9],[6.8,36.9333],[6.75,36.9],[6.7,36.85],[6.6,36.9],[6.6,36.9],[6.5,36.96],[6.4,36.975],[6.325,36.9],[6.3,36.875],[6.2,36.8667],[6.1,36.8],[6.2,36.7]]]}},{"type":"Feature","properties":{"layer_id":"change_T20","layer_label":"Change, T>20\u00b0C","low":10.0,"high":25.0,"label":"10\u201325 pp","fill":"#f4a582","fillOpacity":0.45,"stroke":"#f4a582","strokeOpacity":0.5700000000000001,"strokeWeight":0.35},"geometry":{"type":"Polygon","coordinates":[[[14.6,36.8667],[14.7,36.8143],[14.8,36.8143],[14.9,36.85],[15.0,36.9],[15.0,36.9],[15.1,37.0],[15.1,37.1],[15.1,37.2],[15.1,37.3],[15.0,37.4],[15.0,37.4],[14.9,37.4667],[14.8875,37.5],[14.9,37.5125],[15.0,37.52],[15.1,37.5667],[15.1333,37.6],[15.2,37.625],[15.275,37.7],[15.25,37.8],[15.2333,37.9],[15.3,37.9222],[15.4,37.9],[15.4818,38.0],[15.475,38.1],[15.5,38.15],[15.6,38.15],[15.64,38.1],[15.7,38.025],[15.8,38.1],[15.8,38.1],[15.85,38.2],[15.9,38.22],[15.95,38.2],[15.9667,38.1],[15.9,38.0714],[15.8,38.0],[15.9,37.9286],[16.0,37.9667],[16.05,38.0],[16.1,38.05],[16.1333,38.1],[16.2,38.1667],[16.2333,38.2],[16.3,38.3],[16.3,38.3],[16.4,38.4],[16.4,38.5],[16.4,38.5],[16.4,38.5],[16.5,38.4],[16.5333,38.5],[16.5333,38.6],[16.5,38.6333],[16.46,38.7],[16.5,38.725],[16.575,38.8],[16.6,38.8286],[16.7,38.8333],[16.8,38.84],[16.86,38.9],[16.9,38.9333],[17.0,38.95],[17.1,39.0],[17.1,39.0],[17.1333,39.1],[17.1,39.2],[17.1,39.2],[17.1,39.3],[17.0,39.4],[17.0,39.4],[16.9,39.5],[16.9,39.5],[16.8,39.5333],[16.7,39.5667],[16.68,39.6],[16.6,39.68],[16.5,39.6778],[16.4,39.6833],[16.3,39.7],[16.3,39.7],[16.3,39.7],[16.4,39.75],[16.4333,39.8],[16.5,39.8333],[16.5667,39.9],[16.6,40.0],[16.58,40.1],[16.6,40.1667],[16.7,40.2],[16.7,40.2],[16.7333,40.3],[16.7667,40.4],[16.8,40.4333],[16.9,40.44],[17.0,40.45],[17.05,40.5],[17.1,40.5167],[17.2,40.5083],[17.3,40.5077],[17.4,40.5],[17.4,40.5],[17.5,40.45],[17.6,40.45],[17.7,40.5],[17.7,40.5],[17.8,40.5],[17.8,40.5],[17.9,40.45],[17.95,40.4],[18.0,40.3],[18.0,40.3],[18.1,40.25],[18.2,40.25],[18.3,40.3],[18.2,40.4],[18.2,40.4],[18.1333,40.5],[18.1,40.5333],[18.0818,40.6],[18.0,40.6818],[17.9,40.6778],[17.8333,40.7],[17.8,40.7333],[17.7,40.7],[17.7,40.7],[17.7,40.7],[17.6,40.7667],[17.5714,40.8],[17.5,40.8714],[17.4,40.8833],[17.375,40.9],[17.3,40.96],[17.2,40.9714],[17.1714,41.0],[17.1,41.0714],[17.0333,41.1],[17.0,41.1333],[16.9,41.16],[16.8,41.16],[16.7333,41.2],[16.7,41.2333],[16.6,41.2714],[16.5,41.2778],[16.4,41.28],[16.3667,41.3],[16.3,41.3667],[16.2,41.3714],[16.16,41.4],[16.1,41.46],[16.0,41.4667],[15.9,41.4667],[15.86,41.5],[15.8714,41.6],[15.9,41.625],[16.0,41.6333],[16.0667,41.7],[16.1,41.8],[16.0,41.9],[16.0,41.9],[15.9,41.9333],[15.8,41.975],[15.725,41.9],[15.7,41.8778],[15.6,41.88],[15.5,41.9],[15.5,41.9],[15.4,41.95],[15.35,41.9],[15.3,41.8778],[15.2,41.88],[15.1,41.9],[15.1,41.9],[15.05,42.0],[15.0,42.05],[14.9,42.06],[14.8,42.075],[14.76,42.1],[14.7,42.16],[14.6,42.1333],[14.55,42.2],[14.5,42.25],[14.45,42.3],[14.4,42.35],[14.3667,42.4],[14.3,42.4667],[14.2714,42.5],[14.2,42.5714],[14.1,42.5333],[14.0667,42.6],[14.075,42.7],[14.0,42.775],[13.9,42.7667],[13.85,42.8],[13.9,42.8333],[13.9667,42.9],[13.9,42.9667],[13.8333,43.0],[13.8778,43.1],[13.8,43.1778],[13.78,43.2],[13.7667,43.3],[13.7778,43.4],[13.7,43.4778],[13.6,43.48],[13.5818,43.5],[13.575,43.6],[13.5,43.675],[13.4,43.675],[13.3,43.6714],[13.275,43.7],[13.2,43.775],[13.1,43.775],[13.06,43.8],[13.0,43.86],[12.9,43.8667],[12.8778,43.9],[12.8,43.9778],[12.7667,44.0],[12.7,44.0667],[12.6,44.075],[12.5714,44.1],[12.5,44.1714],[12.45,44.2],[12.4,44.25],[12.375,44.3],[12.38,44.4],[12.3,44.48],[12.275,44.5],[12.2,44.575],[12.1778,44.6],[12.2,44.65],[12.25,44.7],[12.3,44.7667],[12.3333,44.8],[12.4,44.9],[12.35,45.0],[12.3,45.05],[12.2714,45.1],[12.2714,45.2],[12.2,45.2714],[12.175,45.3],[12.1778,45.4],[12.2,45.4286],[12.3,45.4182],[12.3818,45.5],[12.4,45.54],[12.5,45.5333],[12.6,45.5286],[12.7,45.525],[12.775,45.6],[12.8,45.64],[12.9,45.6333],[13.0,45.64],[13.1,45.64],[13.16,45.7],[13.2,45.725],[13.3,45.7286],[13.4,45.7286],[13.4333,45.7],[13.5,45.6333],[13.5667,45.7],[13.6,45.74],[13.7,45.75],[13.8,45.8],[13.7,45.8667],[13.6,45.9],[13.6,45.9],[13.5,45.9667],[13.4,45.9667],[13.3,45.9667],[13.2,46.0],[13.1,46.0],[13.0,45.9],[13.0,45.9],[12.9,45.9],[12.8,45.9],[12.7,45.9],[12.6,45.8],[12.6,45.8],[12.5,45.8],[12.4,45.8],[12.3,45.75],[12.2,45.75],[12.1,45.7],[12.1,45.7],[12.0,45.65],[11.9,45.6],[11.9,45.6],[11.8,45.55],[11.7,45.55],[11.6,45.55],[11.5667,45.6],[11.5,45.65],[11.4333,45.6],[11.4,45.55],[11.3,45.5],[11.3,45.5],[11.2,45.48],[11.1,45.5],[11.1,45.5],[11.0,45.5333],[10.9,45.5667],[10.85,45.6],[10.8,45.65],[10.7,45.6714],[10.6,45.6875],[10.5,45.6667],[10.4,45.6],[10.4,45.6],[10.3,45.56],[10.2,45.56],[10.1,45.5667],[10.0,45.575],[9.9,45.55],[9.8,45.5333],[9.7,45.5333],[9.6,45.55],[9.5,45.6],[9.4,45.6],[9.3,45.6],[9.2,45.6],[9.2,45.6],[9.1,45.7],[9.0,45.7],[8.9,45.6667],[8.8333,45.6],[8.8,45.5667],[8.7,45.5667],[8.6,45.5],[8.6,45.5],[8.525,45.4],[8.5,45.38],[8.4,45.3667],[8.3,45.3],[8.3,45.3],[8.25,45.2],[8.2667,45.1],[8.2,45.05],[8.1,45.0],[8.1,45.0],[8.1,45.0],[8.0,45.1],[7.9,45.0667],[7.8333,45.0],[7.8,44.9],[7.8,44.8],[7.8,44.7],[7.9,44.6333],[8.0,44.6667],[8.1,44.6667],[8.15,44.7],[8.2,44.725],[8.3,44.725],[8.35,44.7],[8.4,44.6667],[8.5,44.65],[8.6,44.65],[8.7,44.6333],[8.8,44.64],[8.875,44.7],[8.9,44.75],[8.95,44.8],[9.0,44.9],[9.0,44.9],[9.1,44.925],[9.2,44.94],[9.3,44.95],[9.4,44.95],[9.5,44.94],[9.6,44.9],[9.7,44.9],[9.7,44.9],[9.8,44.85],[9.9,44.8333],[9.95,44.8],[10.0,44.7667],[10.1,44.75],[10.2,44.725],[10.3,44.725],[10.4,44.7],[10.4,44.7],[10.5,44.6667],[10.6,44.65],[10.7,44.625],[10.75,44.6],[10.8,44.5667],[10.9,44.5333],[11.0,44.5],[11.0,44.5],[11.1,44.45],[11.15,44.4],[11.2,44.3667],[11.3,44.35],[11.4,44.3667],[11.5,44.35],[11.6,44.3333],[11.6333,44.3],[11.7,44.2333],[11.8,44.225],[11.9,44.25],[12.0,44.3],[12.0,44.3],[12.1,44.3],[12.1,44.3],[12.1,44.2],[12.2,44.1333],[12.2333,44.1],[12.3,44.05],[12.35,44.0],[12.4,43.95],[12.5,43.9],[12.5,43.9],[12.5,43.8],[12.6,43.7],[12.6,43.7],[12.7,43.65],[12.8,43.6],[12.8,43.6],[12.9,43.55],[13.0,43.5],[13.0,43.5],[13.1,43.45],[13.2,43.4333],[13.3,43.4],[13.3,43.4],[13.3333,43.3],[13.4,43.2333],[13.45,43.2],[13.5,43.15],[13.55,43.1],[13.6,43.05],[13.625,43.0],[13.7,42.9],[13.7,42.9],[13.75,42.8],[13.75,42.7],[13.8,42.65],[13.84,42.6],[13.9,42.54],[13.9667,42.5],[14.0,42.4667],[14.0667,42.4],[14.1,42.3667],[14.2,42.325],[14.25,42.3],[14.3,42.2667],[14.3667,42.2],[14.4,42.1667],[14.5,42.1],[14.5,42.1],[14.6,42.0667],[14.6667,42.0],[14.7,41.95],[14.7333,41.9],[14.8,41.8333],[14.9,41.8167],[14.9167,41.8],[15.0,41.7167],[15.0143,41.7],[15.0,41.6],[15.1,41.5333],[15.15,41.5],[15.2,41.4667],[15.25,41.4],[15.3,41.3333],[15.3333,41.3],[15.4,41.25],[15.45,41.2],[15.5,41.15],[15.55,41.1],[15.5,41.0],[15.6,40.9667],[15.7,40.95],[15.8,40.925],[15.9,40.9],[15.9,40.9],[16.0,40.85],[16.05,40.8],[16.1,40.7],[16.1,40.7],[16.2,40.65],[16.3,40.6],[16.3,40.6],[16.3,40.5],[16.3,40.4],[16.3,40.4],[16.2,40.3],[16.2,40.3],[16.1,40.2333],[16.0,40.2],[16.1,40.1],[16.2,40.15],[16.25,40.1],[16.3,40.0667],[16.4,40.0333],[16.4222,40.0],[16.4,39.9333],[16.3667,39.9],[16.3,39.86],[16.225,39.8],[16.2,39.7857],[16.1,39.7],[16.1,39.7],[16.0333,39.6],[16.0,39.58],[15.9333,39.5],[15.9286,39.4],[16.0,39.3286],[16.0286,39.3],[16.0286,39.2],[16.1,39.1286],[16.125,39.1],[16.1,39.0],[16.1667,38.9],[16.2,38.85],[16.22,38.8],[16.2,38.775],[16.1,38.7],[16.1,38.7],[16.0,38.7],[15.9,38.6],[15.9667,38.5],[15.9667,38.4],[15.9,38.3667],[15.8,38.3778],[15.7222,38.3],[15.7,38.2778],[15.6333,38.3],[15.6,38.3333],[15.5,38.3333],[15.4667,38.3],[15.4,38.2333],[15.3,38.2333],[15.2667,38.2],[15.2,38.16],[15.15,38.1],[15.1,38.0625],[15.0,38.0333],[14.9333,38.1],[14.9,38.1333],[14.8,38.1],[14.8,38.0],[14.9,37.9667],[15.0,37.9667],[15.04,37.9],[15.0667,37.8],[15.0667,37.7],[15.0,37.6667],[14.9,37.6778],[14.85,37.7],[14.8,37.75],[14.7,37.8],[14.6,37.7333],[14.55,37.7],[14.5,37.65],[14.45,37.6],[14.5,37.55],[14.55,37.5],[14.6,37.45],[14.6333,37.4],[14.6,37.3667],[14.5333,37.3],[14.5,37.2833],[14.4,37.28],[14.3,37.275],[14.2,37.28],[14.1,37.3],[14.0,37.3],[13.9,37.2833],[13.8,37.2875],[13.7667,37.3],[13.7,37.3667],[13.6,37.4],[13.6,37.4],[13.5667,37.5],[13.5,37.5667],[13.45,37.6],[13.4,37.65],[13.35,37.7],[13.4,37.8],[13.4,37.8],[13.5,37.8],[13.5,37.8],[13.6,37.75],[13.7,37.7],[13.7,37.7],[13.8,37.65],[13.9,37.65],[14.0,37.65],[14.1,37.7],[14.0,37.7333],[13.9,37.75],[13.85,37.8],[13.9,37.8143],[14.0,37.8667],[14.1,37.9],[14.0,38.0],[13.9,38.0],[13.8,37.975],[13.7143,37.9],[13.7,37.85],[13.6667,37.9],[13.6,37.9667],[13.5,37.9857],[13.475,38.0],[13.4,38.1],[13.4,38.1],[13.3,38.1333],[13.2,38.1333],[13.1,38.1333],[13.0667,38.1],[13.0,38.0714],[12.9,38.0778],[12.8778,38.1],[12.8,38.1778],[12.7,38.18],[12.6,38.1714],[12.5286,38.1],[12.5222,38.0],[12.5333,37.9],[12.54,37.8],[12.6,37.725],[12.65,37.7],[12.7,37.6667],[12.8,37.6333],[12.9,37.6],[12.9,37.6],[13.0,37.55],[13.1,37.54],[13.15,37.5],[13.2,37.45],[13.3,37.425],[13.3125,37.4],[13.4,37.3222],[13.5,37.325],[13.525,37.3],[13.6,37.225],[13.625,37.2],[13.7,37.125],[13.8,37.1222],[13.9,37.1286],[14.0,37.1286],[14.1,37.1286],[14.14,37.1],[14.2,37.04],[14.3,37.0333],[14.4,37.025],[14.5,37.0],[14.5,37.0],[14.55,36.9],[14.6,36.8667]]]}},{"type":"Feature","properties":{"layer_id":"change_T20","layer_label":"Change, T>20\u00b0C","low":10.0,"high":25.0,"label":"10\u201325 pp","fill":"#f4a582","fillOpacity":0.45,"stroke":"#f4a582","strokeOpacity":0.5700000000000001,"strokeWeight":0.35},"geometry":{"type":"Polygon","coordinates":[[[14.64,36.9],[14.6,36.94],[14.55,37.0],[14.52,37.1],[14.5,37.1333],[14.4,37.1],[14.4,37.1],[14.3,37.0833],[14.2,37.1],[14.2,37.1],[14.1,37.1714],[14.0,37.1714],[13.9,37.1714],[13.8,37.1556],[13.7,37.1625],[13.6625,37.2],[13.7,37.275],[13.8,37.25],[13.9,37.2333],[14.0,37.24],[14.1,37.24],[14.2,37.22],[14.3,37.2],[14.3,37.2],[14.3,37.2],[14.4,37.22],[14.5,37.2333],[14.55,37.2],[14.6,37.1667],[14.7,37.15],[14.8,37.1],[14.7,37.0],[14.7,37.0],[14.7,37.0],[14.8,36.95],[14.875,36.9],[14.8,36.8571],[14.7,36.8571],[14.64,36.9]]]}},{"type":"Feature","properties":{"layer_id":"change_T20","layer_label":"Change, T>20\u00b0C","low":10.0,"high":25.0,"label":"10\u201325 pp","fill":"#f4a582","fillOpacity":0.45,"stroke":"#f4a582","strokeOpacity":0.5700000000000001,"strokeWeight":0.35},"geometry":{"type":"Polygon","coordinates":[[[14.9333,37.0],[14.9,37.1],[14.9,37.1],[14.8,37.2],[14.8,37.2],[14.7333,37.3],[14.7333,37.4],[14.7,37.4333],[14.65,37.5],[14.7,37.6],[14.7,37.6],[14.7,37.6],[14.65,37.7],[14.7,37.74],[14.7667,37.7],[14.8,37.675],[14.9,37.6444],[15.0,37.6167],[15.0333,37.6],[15.0,37.58],[14.9,37.55],[14.85,37.5],[14.8667,37.4],[14.9,37.35],[15.0,37.3],[15.0,37.3],[15.025,37.2],[15.0625,37.1],[15.0571,37.0],[15.0,36.9429],[14.9333,37.0]]]}},{"type":"Feature","properties":{"layer_id":"change_T20","layer_label":"Change, T>20\u00b0C","low":10.0,"high":25.0,"label":"10\u201325 pp","fill":"#f4a582","fillOpacity":0.45,"stroke":"#f4a582","strokeOpacity":0.5700000000000001,"strokeWeight":0.35},"geometry":{"type":"Polygon","coordinates":[[[13.35,37.4],[13.3,37.5],[13.4,37.56],[13.475,37.5],[13.5,37.475],[13.55,37.4],[13.5,37.3625],[13.4,37.3556],[13.35,37.4]]]}},{"type":"Feature","properties":{"layer_id":"change_T20","layer_label":"Change, T>20\u00b0C","low":10.0,"high":25.0,"label":"10\u201325 pp","fill":"#f4a582","fillOpacity":0.45,"stroke":"#f4a582","strokeOpacity":0.5700000000000001,"strokeWeight":0.35},"geometry":{"type":"Polygon","coordinates":[[[13.1,37.6],[13.1,37.6],[13.0,37.62],[12.9,37.66],[12.8,37.6833],[12.7667,37.7],[12.7,37.7667],[12.6,37.8],[12.6,37.8],[12.5833,37.9],[12.5556,38.0],[12.5714,38.1],[12.6,38.1286],[12.7,38.15],[12.8,38.1444],[12.8444,38.1],[12.9,38.0444],[13.0,38.0286],[13.1,38.06],[13.2,38.0333],[13.3,38.0],[13.2333,37.9],[13.2,37.8],[13.2,37.8],[13.2,37.7],[13.2,37.7],[13.3,37.6],[13.2,37.5333],[13.1,37.6]]]}},{"type":"Feature","properties":{"layer_id":"change_T20","layer_label":"Change, T>20\u00b0C","low":10.0,"high":25.0,"label":"10\u201325 pp","fill":"#f4a582","fillOpacity":0.45,"stroke":"#f4a582","strokeOpacity":0.5700000000000001,"strokeWeight":0.35},"geometry":{"type":"Polygon","coordinates":[[[15.05,38.0],[15.1,38.025],[15.2,38.1],[15.2,38.1],[15.3,38.1667],[15.4,38.16],[15.4375,38.1],[15.4545,38.0],[15.4,37.9333],[15.3,37.9556],[15.2,37.94],[15.1,37.9],[15.05,38.0]]]}},{"type":"Feature","properties":{"layer_id":"change_T20","layer_label":"Change, T>20\u00b0C","low":10.0,"high":25.0,"label":"10\u201325 pp","fill":"#f4a582","fillOpacity":0.45,"stroke":"#f4a582","strokeOpacity":0.5700000000000001,"strokeWeight":0.35},"geometry":{"type":"Polygon","coordinates":[[[15.62,38.2],[15.7,38.2444],[15.7556,38.3],[15.8,38.3444],[15.9,38.3167],[16.0,38.36],[16.1,38.4],[16.1,38.5],[16.1,38.4],[16.18,38.3],[16.1333,38.2],[16.1,38.1667],[16.0667,38.2],[16.0,38.24],[15.9,38.28],[15.8,38.2333],[15.7667,38.2],[15.7,38.1],[15.62,38.2]]]}},{"type":"Feature","properties":{"layer_id":"change_T20","layer_label":"Change, T>20\u00b0C","low":10.0,"high":25.0,"label":"10\u201325 pp","fill":"#f4a582","fillOpacity":0.45,"stroke":"#f4a582","strokeOpacity":0.5700000000000001,"strokeWeight":0.35},"geometry":{"type":"Polygon","coordinates":[[[16.28,38.8],[16.3,38.9],[16.3,38.9],[16.3,38.9],[16.24,39.0],[16.2,39.04],[16.1625,39.1],[16.2,39.175],[16.26,39.1],[16.3,39.06],[16.375,39.0],[16.4,38.95],[16.5,38.95],[16.6,38.94],[16.7,38.925],[16.75,39.0],[16.8,39.075],[16.9,39.05],[16.95,39.0],[16.9,38.9833],[16.8,38.9],[16.8,38.9],[16.7,38.8833],[16.6,38.8714],[16.5375,38.8],[16.5,38.7625],[16.4,38.7],[16.3,38.75],[16.28,38.8]]]}},{"type":"Feature","properties":{"layer_id":"change_T20","layer_label":"Change, T>20\u00b0C","low":10.0,"high":25.0,"label":"10\u201325 pp","fill":"#f4a582","fillOpacity":0.45,"stroke":"#f4a582","strokeOpacity":0.5700000000000001,"strokeWeight":0.35},"geometry":{"type":"Polygon","coordinates":[[[16.5,39.0],[16.4,39.0667],[16.35,39.1],[16.3,39.2],[16.3,39.2],[16.3,39.2],[16.35,39.3],[16.3833,39.4],[16.38,39.5],[16.4,39.5167],[16.5,39.5125],[16.6,39.5111],[16.62,39.5],[16.7,39.42],[16.725,39.4],[16.75,39.3],[16.75,39.2],[16.75,39.1],[16.7,39.0],[16.7,39.0],[16.6,39.0],[16.5,39.0],[16.5,39.0]]]}},{"type":"Feature","properties":{"layer_id":"change_T20","layer_label":"Change, T>20\u00b0C","low":10.0,"high":25.0,"label":"10\u201325 pp","fill":"#f4a582","fillOpacity":0.45,"stroke":"#f4a582","strokeOpacity":0.5700000000000001,"strokeWeight":0.35},"geometry":{"type":"Polygon","coordinates":[[[16.0714,39.2],[16.0714,39.3],[16.0,39.3714],[15.9714,39.4],[15.9833,39.5],[16.0,39.52],[16.1,39.5],[16.1,39.5],[16.2,39.475],[16.25,39.5],[16.3,39.55],[16.32,39.5],[16.3333,39.4],[16.3,39.35],[16.2,39.3],[16.2,39.3],[16.1667,39.2],[16.1,39.1714],[16.0714,39.2]]]}},{"type":"Feature","properties":{"layer_id":"change_T20","layer_label":"Change, T>20\u00b0C","low":10.0,"high":25.0,"label":"10\u201325 pp","fill":"#f4a582","fillOpacity":0.45,"stroke":"#f4a582","strokeOpacity":0.5700000000000001,"strokeWeight":0.35},"geometry":{"type":"Polygon","coordinates":[[[16.82,39.2],[16.8167,39.3],[16.8,39.4],[16.9,39.4667],[16.9667,39.4],[16.9833,39.3],[16.9667,39.2],[16.9,39.12],[16.82,39.2]]]}},{"type":"Feature","properties":{"layer_id":"change_T20","layer_label":"Change, T>20\u00b0C","low":10.0,"high":25.0,"label":"10\u201325 pp","fill":"#f4a582","fillOpacity":0.45,"stroke":"#f4a582","strokeOpacity":0.5700000000000001,"strokeWeight":0.35},"geometry":{"type":"Polygon","coordinates":[[[16.3333,39.6],[16.4,39.6333],[16.5,39.6444],[16.6,39.65],[16.65,39.6],[16.6,39.5444],[16.5,39.55],[16.4,39.5667],[16.3333,39.6]]]}},{"type":"Feature","properties":{"layer_id":"change_T20","layer_label":"Change, T>20\u00b0C","low":10.0,"high":25.0,"label":"10\u201325 pp","fill":"#f4a582","fillOpacity":0.45,"stroke":"#f4a582","strokeOpacity":0.5700000000000001,"strokeWeight":0.35},"geometry":{"type":"Polygon","coordinates":[[[16.4667,39.9],[16.4556,40.0],[16.4,40.0833],[16.3667,40.1],[16.3,40.2],[16.35,40.3],[16.4,40.35],[16.4111,40.4],[16.4,40.5],[16.4,40.6],[16.4,40.6],[16.3,40.7],[16.4,40.8],[16.5,40.8],[16.6,40.75],[16.7,40.7],[16.7,40.7],[16.7,40.7],[16.75,40.8],[16.7143,40.9],[16.7,40.9167],[16.6,40.975],[16.5667,41.0],[16.5,41.0667],[16.45,41.1],[16.4,41.1167],[16.3,41.15],[16.2,41.16],[16.1,41.1],[16.1,41.1],[16.0,41.05],[15.9,41.025],[15.8,41.0],[15.7,41.05],[15.65,41.1],[15.6,41.15],[15.55,41.2],[15.5,41.3],[15.5,41.3],[15.4,41.35],[15.35,41.4],[15.3,41.5],[15.3,41.5],[15.2,41.55],[15.1333,41.6],[15.1,41.625],[15.0571,41.7],[15.0,41.7667],[14.9667,41.8],[14.9,41.8667],[14.8333,41.9],[14.8,41.925],[14.74,42.0],[14.8,42.0375],[14.9,42.0],[14.9,42.0],[15.0,41.9833],[15.0625,41.9],[15.1,41.8571],[15.2,41.85],[15.3,41.8444],[15.4,41.875],[15.5,41.8571],[15.6,41.85],[15.7,41.8444],[15.7625,41.9],[15.8,41.9375],[15.86,41.9],[15.9,41.8667],[16.0,41.8571],[16.0571,41.8],[16.0167,41.7],[16.0,41.6833],[15.9,41.6625],[15.8286,41.6],[15.8,41.5],[15.8,41.5],[15.8,41.5],[15.9,41.4167],[16.0,41.4167],[16.1,41.4],[16.1,41.4],[16.2,41.3286],[16.3,41.3167],[16.3167,41.3],[16.4,41.25],[16.5,41.2444],[16.6,41.2286],[16.65,41.2],[16.7,41.16],[16.8,41.1],[16.8,41.1],[16.9,41.1],[17.0,41.0714],[17.1,41.0286],[17.1286,41.0],[17.2,40.9286],[17.3,40.9],[17.3,40.9],[17.4,40.8333],[17.5,40.8286],[17.5286,40.8],[17.6,40.7167],[17.625,40.7],[17.7,40.6667],[17.8,40.6333],[17.9,40.6444],[18.0,40.6545],[18.0545,40.6],[18.0,40.5143],[17.9,40.5333],[17.8,40.575],[17.7,40.5333],[17.6,40.5222],[17.5,40.5167],[17.4,40.53],[17.3,40.5308],[17.2,40.5333],[17.1,40.5417],[17.0,40.5167],[16.9,40.5],[16.9,40.5],[16.8,40.4833],[16.7167,40.4],[16.7,40.3667],[16.6,40.3143],[16.5857,40.3],[16.5667,40.2],[16.55,40.1],[16.5571,40.0],[16.5167,39.9],[16.5,39.8833],[16.4667,39.9]]]}},{"type":"Feature","properties":{"layer_id":"change_T20","layer_label":"Change, T>20\u00b0C","low":10.0,"high":25.0,"label":"10\u201325 pp","fill":"#f4a582","fillOpacity":0.45,"stroke":"#f4a582","strokeOpacity":0.5700000000000001,"strokeWeight":0.35},"geometry":{"type":"Polygon","coordinates":[[[16.4,40.9],[16.3,41.0],[16.2,41.0],[16.2,41.0],[16.2,41.1],[16.2,41.1],[16.3,41.1],[16.3,41.1],[16.4,41.0],[16.4,41.0],[16.5,40.9],[16.6,40.9],[16.6,40.9],[16.6,40.9],[16.5,40.9],[16.4,40.9],[16.4,40.9]]]}},{"type":"Feature","properties":{"layer_id":"change_T20","layer_label":"Change, T>20\u00b0C","low":10.0,"high":25.0,"label":"10\u201325 pp","fill":"#f4a582","fillOpacity":0.45,"stroke":"#f4a582","strokeOpacity":0.5700000000000001,"strokeWeight":0.35},"geometry":{"type":"Polygon","coordinates":[[[13.9,42.6],[13.9,42.6],[13.85,42.7],[13.9,42.7167],[14.0,42.7375],[14.0375,42.7],[14.0167,42.6],[14.0,42.5667],[13.9,42.6]]]}},{"type":"Feature","properties":{"layer_id":"change_T20","layer_label":"Change, T>20\u00b0C","low":10.0,"high":25.0,"label":"10\u201325 pp","fill":"#f4a582","fillOpacity":0.45,"stroke":"#f4a582","strokeOpacity":0.5700000000000001,"strokeWeight":0.35},"geometry":{"type":"Polygon","coordinates":[[[13.7,43.1],[13.7,43.1],[13.6,43.1667],[13.5667,43.2],[13.5,43.3],[13.5,43.3],[13.4,43.4],[13.4,43.4],[13.3,43.5],[13.3,43.5],[13.2,43.525],[13.1,43.6],[13.1,43.6],[13.0,43.7],[13.1,43.7375],[13.2,43.7375],[13.2375,43.7],[13.3,43.6286],[13.4,43.6375],[13.5,43.6375],[13.5375,43.6],[13.5545,43.5],[13.6,43.45],[13.7,43.4444],[13.7444,43.4],[13.7167,43.3],[13.75,43.2],[13.8,43.1444],[13.8444,43.1],[13.8,43.0333],[13.7,43.1]]]}},{"type":"Feature","properties":{"layer_id":"change_T20","layer_label":"Change, T>20\u00b0C","low":10.0,"high":25.0,"label":"10\u201325 pp","fill":"#f4a582","fillOpacity":0.45,"stroke":"#f4a582","strokeOpacity":0.5700000000000001,"strokeWeight":0.35},"geometry":{"type":"Polygon","coordinates":[[[12.6,43.9],[12.6,43.9],[12.5,43.96],[12.4333,44.0],[12.4,44.1],[12.5,44.1286],[12.5286,44.1],[12.6,44.0375],[12.7,44.0167],[12.7167,44.0],[12.8,43.9444],[12.8444,43.9],[12.8,43.8],[12.7,43.8],[12.6,43.9]]]}},{"type":"Feature","properties":{"layer_id":"change_T20","layer_label":"Change, T>20\u00b0C","low":10.0,"high":25.0,"label":"10\u201325 pp","fill":"#f4a582","fillOpacity":0.45,"stroke":"#f4a582","strokeOpacity":0.5700000000000001,"strokeWeight":0.35},"geometry":{"type":"Polygon","coordinates":[[[12.225,44.3],[12.2,44.3143],[12.1,44.3429],[12.02,44.4],[12.0,44.425],[11.9,44.4],[11.8,44.4],[11.8,44.4],[11.7,44.35],[11.65,44.4],[11.7,44.45],[11.75,44.5],[11.7,44.5333],[11.6,44.55],[11.5,44.5],[11.4,44.52],[11.3,44.52],[11.2,44.52],[11.1,44.55],[11.0,44.575],[10.95,44.6],[10.9,44.62],[10.8,44.64],[10.7,44.7],[10.7,44.7],[10.6,44.8],[10.6,44.8],[10.5,44.9],[10.5,44.9],[10.5,44.9],[10.4,44.85],[10.3,44.9],[10.3,44.9],[10.3,44.9],[10.2,44.8],[10.1,44.85],[10.0,44.9],[10.0,44.9],[9.9,44.95],[9.8,44.95],[9.7,44.975],[9.6,45.0],[9.6,45.0],[9.5,45.0],[9.4,45.025],[9.3,45.02],[9.2,45.0],[9.1333,45.1],[9.1,45.15],[9.0,45.1],[9.0,45.1],[9.0,45.1],[9.1,45.0],[9.0,44.975],[8.9,45.0],[8.9,45.0],[8.9,45.0],[8.8,44.95],[8.7,44.9],[8.7,44.9],[8.7,44.8],[8.7,44.8],[8.8,44.7],[8.7,44.6833],[8.65,44.7],[8.6,44.7333],[8.5,44.75],[8.4,44.8],[8.5,44.85],[8.525,44.9],[8.5,45.0],[8.5333,45.1],[8.5,45.15],[8.4,45.2],[8.45,45.3],[8.5,45.32],[8.6,45.3],[8.6,45.3],[8.6,45.3],[8.7,45.4],[8.8,45.4],[8.9,45.4],[9.0,45.35],[9.1,45.3],[9.1,45.3],[9.2,45.3],[9.3,45.3],[9.4,45.2667],[9.5,45.2],[9.5,45.2],[9.6,45.2],[9.6,45.2],[9.7,45.25],[9.8,45.25],[9.9,45.2],[9.8333,45.1],[9.9,45.0333],[10.0,45.0333],[10.1,45.05],[10.1667,45.1],[10.1,45.1667],[10.0,45.2],[10.1,45.2333],[10.2,45.3],[10.3,45.2],[10.25,45.1],[10.3,45.05],[10.4,45.0667],[10.5,45.06],[10.5667,45.1],[10.5,45.2],[10.5,45.2],[10.4,45.2],[10.3,45.3],[10.3,45.3],[10.2,45.3],[10.1,45.4],[10.1,45.4],[10.1,45.4],[10.0,45.3333],[9.9,45.4],[10.0,45.5],[10.0,45.5],[10.1,45.5167],[10.2,45.5],[10.2,45.5],[10.3,45.5],[10.4,45.5],[10.5,45.4],[10.5,45.4],[10.55,45.3],[10.6,45.2667],[10.6667,45.2],[10.7,45.15],[10.8,45.15],[10.9,45.1],[11.0,45.2],[11.0667,45.1],[11.1,45.0667],[11.1667,45.0],[11.1,44.9],[11.1,44.9],[11.1,44.8],[11.1,44.8],[11.2,44.7714],[11.3,44.8],[11.4,44.8],[11.4,44.8],[11.45,44.9],[11.5,44.95],[11.5333,44.9],[11.6,44.86],[11.7,44.82],[11.8,44.84],[11.86,44.9],[11.85,45.0],[11.9,45.06],[11.9667,45.1],[11.95,45.2],[11.9,45.3],[12.0,45.3667],[12.02,45.4],[12.0667,45.5],[12.1,45.5333],[12.2,45.55],[12.3,45.6],[12.3545,45.5],[12.3,45.4455],[12.2,45.4714],[12.1444,45.4],[12.1375,45.3],[12.2,45.2286],[12.2286,45.2],[12.2286,45.1],[12.25,45.0],[12.2,44.9],[12.2,44.9],[12.175,44.8],[12.175,44.7],[12.1444,44.6],[12.2,44.5375],[12.2375,44.5],[12.3,44.45],[12.35,44.4],[12.3375,44.3],[12.3,44.24],[12.225,44.3]]]}},{"type":"Feature","properties":{"layer_id":"change_T20","layer_label":"Change, T>20\u00b0C","low":10.0,"high":25.0,"label":"10\u201325 pp","fill":"#f4a582","fillOpacity":0.45,"stroke":"#f4a582","strokeOpacity":0.5700000000000001,"strokeWeight":0.35},"geometry":{"type":"Polygon","coordinates":[[[7.875,44.8],[7.875,44.9],[7.9,44.95],[8.0,44.9],[8.0,44.9],[8.1,44.9],[8.1,44.9],[8.2,44.95],[8.3,44.95],[8.4,44.9],[8.3,44.8],[8.2,44.8],[8.2,44.8],[8.1,44.7667],[8.0,44.7667],[7.9,44.75],[7.875,44.8]]]}},{"type":"Feature","properties":{"layer_id":"change_T20","layer_label":"Change, T>20\u00b0C","low":10.0,"high":25.0,"label":"10\u201325 pp","fill":"#f4a582","fillOpacity":0.45,"stroke":"#f4a582","strokeOpacity":0.5700000000000001,"strokeWeight":0.35},"geometry":{"type":"Polygon","coordinates":[[[11.1,45.3],[11.1,45.3],[11.0,45.3],[10.9,45.35],[10.8,45.325],[10.7,45.3333],[10.6333,45.4],[10.6,45.4333],[10.5333,45.5],[10.5,45.55],[10.475,45.6],[10.5,45.6167],[10.6,45.65],[10.7,45.6286],[10.7667,45.6],[10.775,45.5],[10.8,45.475],[10.85,45.5],[10.9,45.5167],[10.9333,45.5],[11.0,45.4333],[11.1,45.425],[11.2,45.42],[11.3,45.4],[11.3,45.4],[11.4,45.35],[11.5,45.3333],[11.6,45.3333],[11.7,45.35],[11.8,45.3],[11.7,45.25],[11.6,45.2],[11.5,45.2],[11.4,45.25],[11.3,45.2],[11.2,45.2],[11.1,45.3]]]}},{"type":"Feature","properties":{"layer_id":"change_T20","layer_label":"Change, T>20\u00b0C","low":10.0,"high":25.0,"label":"10\u201325 pp","fill":"#f4a582","fillOpacity":0.45,"stroke":"#f4a582","strokeOpacity":0.5700000000000001,"strokeWeight":0.35},"geometry":{"type":"Polygon","coordinates":[[[12.4,45.6],[12.5,45.7],[12.5,45.7],[12.6,45.725],[12.7,45.7333],[12.8,45.7],[12.7375,45.6],[12.7,45.5625],[12.6,45.5714],[12.5,45.5833],[12.4,45.6]]]}},{"type":"Feature","properties":{"layer_id":"change_T20","layer_label":"Change, T>20\u00b0C","low":10.0,"high":25.0,"label":"10\u201325 pp","fill":"#f4a582","fillOpacity":0.45,"stroke":"#f4a582","strokeOpacity":0.5700000000000001,"strokeWeight":0.35},"geometry":{"type":"Polygon","coordinates":[[[12.8,45.7],[12.9,45.8],[12.9,45.8],[13.0,45.825],[13.1,45.86],[13.2,45.86],[13.3,45.8667],[13.4,45.8667],[13.5,45.8],[13.6,45.8],[13.5167,45.7],[13.5,45.6833],[13.4833,45.7],[13.4,45.7714],[13.3,45.7714],[13.2,45.7625],[13.1,45.7],[13.0,45.7],[13.0,45.7],[12.9,45.6833],[12.8,45.7]]]}},{"type":"Feature","properties":{"layer_id":"change_T20","layer_label":"Change, T>20\u00b0C","low":10.0,"high":25.0,"label":"10\u201325 pp","fill":"#f4a582","fillOpacity":0.45,"stroke":"#f4a582","strokeOpacity":0.5700000000000001,"strokeWeight":0.35},"geometry":{"type":"Polygon","coordinates":[[[21.7,36.9667],[21.8,36.9],[21.9,36.9333],[21.95,37.0],[22.0,37.04],[22.1,37.0286],[22.2,37.1],[22.1,37.2],[22.1,37.2],[22.0,37.3],[22.0,37.3],[21.9,37.35],[21.875,37.4],[21.8,37.5],[21.8,37.5],[21.8,37.5],[21.8667,37.6],[21.8333,37.7],[21.8,37.75],[21.7,37.7889],[21.6667,37.8],[21.65,37.9],[21.7,38.0],[21.7,38.0],[21.7857,38.1],[21.8,38.2],[21.8,38.2],[21.9,38.225],[22.0,38.2],[22.0,38.2],[22.1,38.12],[22.1667,38.2],[22.1,38.2667],[22.05,38.3],[22.1,38.32],[22.2,38.35],[22.3,38.325],[22.375,38.4],[22.4,38.4667],[22.5,38.5],[22.4,38.5333],[22.3,38.5],[22.3,38.5],[22.2,38.4667],[22.1,38.5],[22.1,38.5],[22.0,38.5333],[21.9,38.5],[21.9,38.5],[21.9,38.5],[21.8,38.55],[21.7,38.5667],[21.65,38.6],[21.6,38.65],[21.5,38.7],[21.5,38.7],[21.5,38.8],[21.5,38.9],[21.4,39.0],[21.3,39.0],[21.3,39.0],[21.2,39.08],[21.15,39.1],[21.1,39.15],[21.075,39.2],[21.0,39.275],[20.9,39.275],[20.8,39.275],[20.7,39.2833],[20.6833,39.3],[20.6,39.3833],[20.55,39.4],[20.5,39.45],[20.48,39.5],[20.4,39.6],[20.4,39.6],[20.3,39.6875],[20.2857,39.7],[20.2,39.8],[20.2,39.8],[20.2,39.9],[20.15,40.0],[20.1,40.0333],[20.0,40.08],[19.9,40.1],[19.9,40.1],[19.8,40.1909],[19.7167,40.1],[19.8,40.0167],[19.82,40.0],[19.9,39.92],[20.0,39.9333],[20.0182,39.9],[20.0286,39.8],[20.05,39.7],[20.1,39.65],[20.1182,39.6],[20.2,39.5182],[20.2143,39.5],[20.25,39.4],[20.3,39.35],[20.34,39.3],[20.4,39.24],[20.4154,39.2],[20.5,39.1154],[20.5154,39.1],[20.6,39.0154],[20.7,39.0167],[20.8,39.04],[20.9,39.0182],[21.0,39.02],[21.1,39.0667],[21.1333,39.0],[21.1167,38.9],[21.1,38.8818],[21.0,38.8778],[20.9222,38.8],[20.9333,38.7],[21.0,38.62],[21.1,38.61],[21.2,38.625],[21.3,38.61],[21.3111,38.6],[21.34,38.5],[21.3333,38.4],[21.4,38.35],[21.5,38.4],[21.5,38.4],[21.5,38.4],[21.6,38.3667],[21.625,38.3],[21.6286,38.2],[21.6,38.1833],[21.5,38.16],[21.4,38.1714],[21.3286,38.1],[21.3,38.05],[21.25,38.0],[21.2,37.9333],[21.1,37.9333],[21.0667,37.9],[21.1,37.8667],[21.2,37.8667],[21.225,37.8],[21.3,37.725],[21.3286,37.7],[21.4,37.6286],[21.5,37.62],[21.5143,37.6],[21.6,37.5143],[21.6182,37.5],[21.6167,37.4],[21.6222,37.3],[21.6167,37.2],[21.6,37.16],[21.54,37.1],[21.6,37.04],[21.6667,37.0],[21.7,36.9667]]]}},{"type":"Feature","properties":{"layer_id":"change_T20","layer_label":"Change, T>20\u00b0C","low":10.0,"high":25.0,"label":"10\u201325 pp","fill":"#f4a582","fillOpacity":0.45,"stroke":"#f4a582","strokeOpacity":0.5700000000000001,"strokeWeight":0.35},"geometry":{"type":"Polygon","coordinates":[[[21.7667,37.0],[21.7,37.0286],[21.6,37.1],[21.6417,37.2],[21.6556,37.3],[21.6417,37.4],[21.6455,37.5],[21.6,37.5357],[21.5357,37.6],[21.5,37.65],[21.4,37.6714],[21.3714,37.7],[21.3,37.7625],[21.2625,37.8],[21.2667,37.9],[21.3,37.95],[21.35,38.0],[21.3714,38.1],[21.4,38.1286],[21.5,38.1],[21.5,38.1],[21.5,38.1],[21.6,38.1583],[21.6714,38.2],[21.6625,38.3],[21.6333,38.4],[21.6,38.4222],[21.5,38.4375],[21.4,38.5],[21.4,38.5],[21.3444,38.6],[21.3,38.64],[21.2,38.6625],[21.1,38.64],[21.0,38.68],[20.9833,38.7],[20.9556,38.8],[21.0,38.8444],[21.1,38.8545],[21.1417,38.9],[21.1833,39.0],[21.2,39.02],[21.225,39.0],[21.3,38.925],[21.35,38.9],[21.3875,38.8],[21.4,38.775],[21.45,38.7],[21.5,38.6571],[21.5667,38.6],[21.6,38.5778],[21.6875,38.5],[21.7,38.48],[21.8,38.4667],[21.9,38.4571],[22.0,38.4667],[22.1,38.4625],[22.1833,38.4],[22.1,38.35],[22.0,38.32],[21.9,38.3],[21.9,38.3],[21.8,38.275],[21.74,38.2],[21.7429,38.1],[21.7,38.05],[21.6625,38.0],[21.6,37.9286],[21.5818,37.9],[21.5889,37.8],[21.6,37.7875],[21.7,37.7556],[21.7714,37.7],[21.7875,37.6],[21.7667,37.5],[21.8,37.4],[21.8,37.4],[21.8333,37.3],[21.8,37.2],[21.8,37.2],[21.8,37.2],[21.9,37.2],[22.0,37.1],[21.9,37.0125],[21.85,37.0],[21.8,36.975],[21.7667,37.0]]]}},{"type":"Feature","properties":{"layer_id":"change_T20","layer_label":"Change, T>20\u00b0C","low":10.0,"high":25.0,"label":"10\u201325 pp","fill":"#f4a582","fillOpacity":0.45,"stroke":"#f4a582","strokeOpacity":0.5700000000000001,"strokeWeight":0.35},"geometry":{"type":"Polygon","coordinates":[[[20.5385,39.1],[20.5,39.1385],[20.4385,39.2],[20.4,39.3],[20.4,39.3],[20.32,39.4],[20.3,39.41],[20.2357,39.5],[20.2,39.5455],[20.1455,39.6],[20.125,39.7],[20.1,39.7333],[20.0714,39.8],[20.0455,39.9],[20.1,39.975],[20.1667,39.9],[20.14,39.8],[20.2,39.75],[20.2429,39.7],[20.3,39.65],[20.3571,39.6],[20.4,39.525],[20.42,39.5],[20.4667,39.4],[20.5,39.3778],[20.6,39.3333],[20.6333,39.3],[20.7,39.2333],[20.8,39.2],[20.8,39.1],[20.7,39.0417],[20.6,39.0385],[20.5385,39.1]]]}},{"type":"Feature","properties":{"layer_id":"change_T20","layer_label":"Change, T>20\u00b0C","low":10.0,"high":25.0,"label":"10\u201325 pp","fill":"#f4a582","fillOpacity":0.45,"stroke":"#f4a582","strokeOpacity":0.5700000000000001,"strokeWeight":0.35},"geometry":{"type":"Polygon","coordinates":[[[20.8,39.1],[20.9,39.2],[21.0,39.2],[21.0714,39.1],[21.0,39.05],[20.9,39.0455],[20.8,39.1]]]}},{"type":"Feature","properties":{"layer_id":"change_T20","layer_label":"Change, T>20\u00b0C","low":10.0,"high":25.0,"label":"10\u201325 pp","fill":"#f4a582","fillOpacity":0.45,"stroke":"#f4a582","strokeOpacity":0.5700000000000001,"strokeWeight":0.35},"geometry":{"type":"Polygon","coordinates":[[[19.85,40.0],[19.8,40.0417],[19.7417,40.1],[19.8,40.1636],[19.87,40.1],[19.9,40.0625],[20.0,40.02],[20.0333,40.0],[20.0,39.9833],[19.9,39.95],[19.85,40.0]]]}},{"type":"Feature","properties":{"layer_id":"change_T20","layer_label":"Change, T>20\u00b0C","low":10.0,"high":25.0,"label":"10\u201325 pp","fill":"#f4a582","fillOpacity":0.45,"stroke":"#f4a582","strokeOpacity":0.5700000000000001,"strokeWeight":0.35},"geometry":{"type":"Polygon","coordinates":[[[29.6,37.0667],[29.65,37.1],[29.65,37.2],[29.6,37.25],[29.5857,37.3],[29.58,37.4],[29.5333,37.5],[29.5,37.5333],[29.4,37.5778],[29.3,37.55],[29.2333,37.5],[29.2667,37.4],[29.3,37.3667],[29.3333,37.3],[29.4,37.2],[29.5,37.2],[29.5,37.2],[29.5667,37.1],[29.6,37.0667]]]}},{"type":"Feature","properties":{"layer_id":"change_T20","layer_label":"Change, T>20\u00b0C","low":10.0,"high":25.0,"label":"10\u201325 pp","fill":"#f4a582","fillOpacity":0.45,"stroke":"#f4a582","strokeOpacity":0.5700000000000001,"strokeWeight":0.35},"geometry":{"type":"Polygon","coordinates":[[[29.3833,37.3],[29.34,37.4],[29.32,37.5],[29.4,37.5444],[29.4667,37.5],[29.5,37.4714],[29.55,37.4],[29.5429,37.3],[29.5,37.25],[29.4,37.275],[29.3833,37.3]]]}},{"type":"Feature","properties":{"layer_id":"change_T20","layer_label":"Change, T>20\u00b0C","low":10.0,"high":25.0,"label":"10\u201325 pp","fill":"#f4a582","fillOpacity":0.45,"stroke":"#f4a582","strokeOpacity":0.5700000000000001,"strokeWeight":0.35},"geometry":{"type":"Polygon","coordinates":[[[-3.2,37.24],[-3.1,37.225],[-3.04,37.3],[-3.05,37.4],[-3.1,37.45],[-3.2,37.45],[-3.25,37.4],[-3.275,37.3],[-3.2,37.24]]]}},{"type":"Feature","properties":{"layer_id":"change_T20","layer_label":"Change, T>20\u00b0C","low":10.0,"high":25.0,"label":"10\u201325 pp","fill":"#f4a582","fillOpacity":0.45,"stroke":"#f4a582","strokeOpacity":0.5700000000000001,"strokeWeight":0.35},"geometry":{"type":"Polygon","coordinates":[[[29.9,37.34],[30.0,37.4],[30.0,37.4],[30.08,37.5],[30.1,37.55],[30.1333,37.6],[30.2,37.625],[30.275,37.7],[30.25,37.8],[30.2,37.85],[30.15,37.8],[30.1143,37.7],[30.1,37.65],[30.0,37.66],[29.9,37.6],[29.9,37.6],[29.82,37.5],[29.84,37.4],[29.9,37.34]]]}},{"type":"Feature","properties":{"layer_id":"change_T20","layer_label":"Change, T>20\u00b0C","low":10.0,"high":25.0,"label":"10\u201325 pp","fill":"#f4a582","fillOpacity":0.45,"stroke":"#f4a582","strokeOpacity":0.5700000000000001,"strokeWeight":0.35},"geometry":{"type":"Polygon","coordinates":[[[39.0,37.35],[39.1,37.4],[39.1,37.4],[39.15,37.5],[39.1,37.6],[39.0,37.6],[38.9,37.5],[38.9,37.4],[39.0,37.35]]]}},{"type":"Feature","properties":{"layer_id":"change_T20","layer_label":"Change, T>20\u00b0C","low":10.0,"high":25.0,"label":"10\u201325 pp","fill":"#f4a582","fillOpacity":0.45,"stroke":"#f4a582","strokeOpacity":0.5700000000000001,"strokeWeight":0.35},"geometry":{"type":"Polygon","coordinates":[[[39.5,37.4],[39.6,37.4],[39.7,37.5],[39.6,37.6],[39.5,37.5333],[39.4,37.5],[39.5,37.4]]]}},{"type":"Feature","properties":{"layer_id":"change_T20","layer_label":"Change, T>20\u00b0C","low":10.0,"high":25.0,"label":"10\u201325 pp","fill":"#f4a582","fillOpacity":0.45,"stroke":"#f4a582","strokeOpacity":0.5700000000000001,"strokeWeight":0.35},"geometry":{"type":"Polygon","coordinates":[[[34.1,37.5333],[34.2,37.55],[34.25,37.6],[34.2,37.65],[34.1,37.7],[34.1,37.7],[34.0,37.8],[33.95,37.7],[34.0,37.6],[34.0,37.6],[34.1,37.5333]]]}},{"type":"Feature","properties":{"layer_id":"change_T20","layer_label":"Change, T>20\u00b0C","low":10.0,"high":25.0,"label":"10\u201325 pp","fill":"#f4a582","fillOpacity":0.45,"stroke":"#f4a582","strokeOpacity":0.5700000000000001,"strokeWeight":0.35},"geometry":{"type":"Polygon","coordinates":[[[-5.6,37.65],[-5.5,37.6667],[-5.4,37.6667],[-5.3,37.65],[-5.2571,37.7],[-5.2,37.78],[-5.15,37.8],[-5.2,37.82],[-5.3,37.84],[-5.3667,37.8],[-5.4,37.7667],[-5.5,37.7222],[-5.6,37.7286],[-5.6667,37.7],[-5.6,37.65]]]}},{"type":"Feature","properties":{"layer_id":"change_T20","layer_label":"Change, T>20\u00b0C","low":10.0,"high":25.0,"label":"10\u201325 pp","fill":"#f4a582","fillOpacity":0.45,"stroke":"#f4a582","strokeOpacity":0.5700000000000001,"strokeWeight":0.35},"geometry":{"type":"Polygon","coordinates":[[[33.5,37.6],[33.6,37.6],[33.7,37.7],[33.7,37.8],[33.6,37.9],[33.6,37.9],[33.5,38.0],[33.4,37.9],[33.4,37.8],[33.4,37.7],[33.5,37.6]]]}},{"type":"Feature","properties":{"layer_id":"change_T20","layer_label":"Change, T>20\u00b0C","low":10.0,"high":25.0,"label":"10\u201325 pp","fill":"#f4a582","fillOpacity":0.45,"stroke":"#f4a582","strokeOpacity":0.5700000000000001,"strokeWeight":0.35},"geometry":{"type":"Polygon","coordinates":[[[31.5,37.7],[31.6,37.7333],[31.65,37.8],[31.6,37.85],[31.5,37.8667],[31.42,37.8],[31.5,37.7]]]}},{"type":"Feature","properties":{"layer_id":"change_T20","layer_label":"Change, T>20\u00b0C","low":10.0,"high":25.0,"label":"10\u201325 pp","fill":"#f4a582","fillOpacity":0.45,"stroke":"#f4a582","strokeOpacity":0.5700000000000001,"strokeWeight":0.35},"geometry":{"type":"Polygon","coordinates":[[[14.2,37.85],[14.3,37.8286],[14.3833,37.9],[14.4,37.95],[14.5,37.9286],[14.6,37.94],[14.7,37.94],[14.8,38.0],[14.7,38.06],[14.6,38.06],[14.5,38.0714],[14.4,38.0333],[14.35,38.0],[14.3,37.9833],[14.2,37.9667],[14.1,37.9],[14.2,37.85]]]}},{"type":"Feature","properties":{"layer_id":"change_T20","layer_label":"Change, T>20\u00b0C","low":10.0,"high":25.0,"label":"10\u201325 pp","fill":"#f4a582","fillOpacity":0.45,"stroke":"#f4a582","strokeOpacity":0.5700000000000001,"strokeWeight":0.35},"geometry":{"type":"Polygon","coordinates":[[[29.0,37.86],[29.1,37.8875],[29.1125,37.9],[29.1,37.9111],[29.0111,38.0],[29.0,38.0167],[28.9,38.0167],[28.89,38.0],[28.9,37.975],[28.9429,37.9],[29.0,37.86]]]}},{"type":"Feature","properties":{"layer_id":"change_T20","layer_label":"Change, T>20\u00b0C","low":10.0,"high":25.0,"label":"10\u201325 pp","fill":"#f4a582","fillOpacity":0.45,"stroke":"#f4a582","strokeOpacity":0.5700000000000001,"strokeWeight":0.35},"geometry":{"type":"Polygon","coordinates":[[[33.9,37.8667],[34.0,37.8],[34.1,37.8],[34.2,37.9],[34.1,37.96],[34.0,38.0],[34.0,38.0],[33.9,38.1],[33.8,38.1],[33.7,38.0],[33.8,37.9],[33.8,37.9],[33.9,37.8667]]]}},{"type":"Feature","properties":{"layer_id":"change_T20","layer_label":"Change, T>20\u00b0C","low":10.0,"high":25.0,"label":"10\u201325 pp","fill":"#f4a582","fillOpacity":0.45,"stroke":"#f4a582","strokeOpacity":0.5700000000000001,"strokeWeight":0.35},"geometry":{"type":"Polygon","coordinates":[[[23.7,37.95],[23.8,37.925],[23.9,37.9],[24.0,37.9333],[24.0667,38.0],[24.0846,38.1],[24.1,38.1222],[24.1778,38.2],[24.1,38.2778],[24.0667,38.3],[24.0333,38.4],[24.09,38.5],[24.0923,38.6],[24.0,38.6857],[23.9,38.6667],[23.8818,38.7],[23.8,38.7818],[23.7,38.7778],[23.6714,38.8],[23.6,38.8714],[23.5,38.8],[23.5,38.8],[23.5,38.8],[23.4333,38.9],[23.4,38.9333],[23.3667,39.0],[23.3,39.0667],[23.2,39.05],[23.15,39.0],[23.11,38.9],[23.2,38.8182],[23.2333,38.8],[23.3,38.7333],[23.3182,38.7],[23.3,38.6818],[23.2,38.6833],[23.1778,38.7],[23.1,38.7778],[23.0,38.7833],[22.9,38.7846],[22.8778,38.8],[22.875,38.9],[22.9,38.9333],[22.9667,39.0],[22.9,39.1],[22.9,39.1],[22.8,39.16],[22.7867,39.2],[22.7,39.2867],[22.6714,39.3],[22.7,39.35],[22.8,39.35],[22.9,39.3167],[23.0,39.3167],[23.0667,39.3],[23.1,39.2667],[23.1333,39.3],[23.1778,39.4],[23.1,39.4778],[23.0857,39.5],[23.0,39.5857],[22.975,39.6],[22.975,39.7],[22.9,39.775],[22.88,39.8],[22.8,39.88],[22.7714,39.9],[22.7,39.9714],[22.675,40.0],[22.6,40.075],[22.5,40.05],[22.4667,40.0],[22.4,39.9],[22.4,39.9],[22.4,39.9],[22.3,39.9667],[22.2333,40.0],[22.2,40.0333],[22.1,40.1],[22.0,40.1],[21.9,40.0],[21.95,39.9],[22.0,39.85],[22.05,39.8],[22.0,39.7],[22.0,39.7],[21.9,39.7],[21.8,39.7],[21.8,39.7],[21.7,39.7667],[21.68,39.8],[21.65,39.9],[21.7,40.0],[21.6,40.1],[21.55,40.0],[21.55,39.9],[21.5,39.8],[21.5167,39.7],[21.54,39.6],[21.6,39.5],[21.6,39.5],[21.62,39.4],[21.7,39.3333],[21.8,39.3],[21.8,39.3],[21.9,39.2111],[22.0,39.2],[22.1,39.2],[22.1,39.2],[22.2,39.1],[22.2,39.1],[22.2,39.1],[22.1,39.1],[22.0,39.05],[21.9667,39.0],[21.95,38.9],[22.0,38.85],[22.1,38.84],[22.2,38.8333],[22.3,38.8111],[22.3333,38.8],[22.4,38.75],[22.4667,38.7],[22.5,38.6667],[22.6,38.6333],[22.6667,38.6],[22.6,38.5],[22.6,38.5],[22.525,38.4],[22.6,38.325],[22.7,38.35],[22.725,38.3],[22.8,38.225],[22.9,38.2333],[23.0,38.225],[23.0286,38.2],[23.1,38.1286],[23.2,38.12],[23.225,38.1],[23.3,38.0143],[23.4,38.02],[23.5,38.0167],[23.6,38.0154],[23.65,38.0],[23.7,37.95]]]}},{"type":"Feature","properties":{"layer_id":"change_T20","layer_label":"Change, T>20\u00b0C","low":10.0,"high":25.0,"label":"10\u201325 pp","fill":"#f4a582","fillOpacity":0.45,"stroke":"#f4a582","strokeOpacity":0.5700000000000001,"strokeWeight":0.35},"geometry":{"type":"Polygon","coordinates":[[[23.725,38.0],[23.7,38.0333],[23.6,38.0385],[23.5,38.0417],[23.4,38.05],[23.3,38.0571],[23.2625,38.1],[23.2,38.15],[23.1,38.1714],[23.0714,38.2],[23.0,38.2625],[22.9,38.2833],[22.8,38.2625],[22.7625,38.3],[22.8,38.4],[22.9,38.35],[22.925,38.4],[22.9,38.42],[22.8,38.4],[22.7333,38.5],[22.7333,38.6],[22.7,38.7],[22.75,38.8],[22.7,38.88],[22.6,38.9],[22.7,38.925],[22.8,38.96],[22.8375,38.9],[22.8444,38.8],[22.9,38.7615],[23.0,38.7583],[23.1,38.7444],[23.1444,38.7],[23.2,38.6583],[23.3,38.6545],[23.3455,38.7],[23.3,38.7833],[23.2833,38.8],[23.2,38.8455],[23.14,38.9],[23.2,38.9857],[23.25,39.0],[23.3,39.0167],[23.3167,39.0],[23.3778,38.9],[23.4,38.86],[23.45,38.8],[23.5,38.775],[23.56,38.8],[23.6,38.8286],[23.6286,38.8],[23.7,38.7444],[23.8,38.7545],[23.8545,38.7],[23.9,38.6167],[24.0,38.6643],[24.0692,38.6],[24.06,38.5],[24.0,38.425],[23.975,38.4],[24.0,38.3333],[24.0167,38.3],[24.1,38.2444],[24.1444,38.2],[24.1,38.1556],[24.0615,38.1],[24.0167,38.0],[24.0,37.9833],[23.9,37.96],[23.8,37.9625],[23.725,38.0]]]}},{"type":"Feature","properties":{"layer_id":"change_T20","layer_label":"Change, T>20\u00b0C","low":10.0,"high":25.0,"label":"10\u201325 pp","fill":"#f4a582","fillOpacity":0.45,"stroke":"#f4a582","strokeOpacity":0.5700000000000001,"strokeWeight":0.35},"geometry":{"type":"Polygon","coordinates":[[[22.45,38.8],[22.4,38.8167],[22.3,38.8444],[22.2,38.8833],[22.1,38.9],[22.1,38.9],[22.05,39.0],[22.1,39.04],[22.2,39.0571],[22.3,39.06],[22.4,39.0],[22.4,39.0],[22.5,38.9333],[22.6,38.9],[22.52,38.8],[22.5,38.7667],[22.45,38.8]]]}},{"type":"Feature","properties":{"layer_id":"change_T20","layer_label":"Change, T>20\u00b0C","low":10.0,"high":25.0,"label":"10\u201325 pp","fill":"#f4a582","fillOpacity":0.45,"stroke":"#f4a582","strokeOpacity":0.5700000000000001,"strokeWeight":0.35},"geometry":{"type":"Polygon","coordinates":[[[22.2333,39.2],[22.2,39.21],[22.1,39.2333],[22.0,39.2375],[21.9,39.2444],[21.8375,39.3],[21.8,39.3333],[21.7,39.3833],[21.68,39.4],[21.65,39.5],[21.6,39.6],[21.6,39.6],[21.5667,39.7],[21.575,39.8],[21.6,39.8333],[21.62,39.8],[21.6667,39.7],[21.7,39.6833],[21.8,39.6625],[21.9,39.625],[22.0,39.625],[22.1,39.68],[22.15,39.7],[22.125,39.8],[22.1,39.8222],[22.0222,39.9],[22.0,39.9667],[21.975,40.0],[22.0,40.025],[22.1,40.05],[22.16,40.0],[22.2,39.9778],[22.3,39.9167],[22.325,39.9],[22.4,39.8667],[22.475,39.9],[22.5,39.9333],[22.54,40.0],[22.6,40.0375],[22.6375,40.0],[22.7,39.9286],[22.7286,39.9],[22.8,39.85],[22.85,39.8],[22.9,39.7375],[22.9375,39.7],[22.9375,39.6],[23.0,39.5643],[23.0643,39.5],[23.1,39.4444],[23.1444,39.4],[23.1,39.3333],[23.0,39.3417],[22.9,39.3417],[22.8125,39.4],[22.8,39.42],[22.72,39.5],[22.7,39.55],[22.675,39.6],[22.6,39.65],[22.54,39.7],[22.5,39.725],[22.4,39.725],[22.375,39.7],[22.3778,39.6],[22.4,39.5778],[22.5,39.57],[22.6,39.5],[22.6,39.5],[22.68,39.4],[22.6286,39.3],[22.7,39.2667],[22.7667,39.2],[22.7,39.1167],[22.6,39.15],[22.5,39.16],[22.4,39.125],[22.3,39.15],[22.2333,39.2]]]}},{"type":"Feature","properties":{"layer_id":"change_T20","layer_label":"Change, T>20\u00b0C","low":10.0,"high":25.0,"label":"10\u201325 pp","fill":"#f4a582","fillOpacity":0.45,"stroke":"#f4a582","strokeOpacity":0.5700000000000001,"strokeWeight":0.35},"geometry":{"type":"Polygon","coordinates":[[[27.7,38.0],[27.8,37.9636],[27.9,37.9583],[28.0,37.9583],[28.1,37.9667],[28.2,37.9909],[28.22,38.0],[28.2,38.02],[28.1,38.0556],[28.0,38.0714],[27.9,38.0625],[27.8,38.0364],[27.7,38.0],[27.7,38.0],[27.7,38.0]]]}},{"type":"Feature","properties":{"layer_id":"change_T20","layer_label":"Change, T>20\u00b0C","low":10.0,"high":25.0,"label":"10\u201325 pp","fill":"#f4a582","fillOpacity":0.45,"stroke":"#f4a582","strokeOpacity":0.5700000000000001,"strokeWeight":0.35},"geometry":{"type":"Polygon","coordinates":[[[28.4,38.0429],[28.5,38.0429],[28.6,38.0333],[28.7,38.05],[28.7571,38.1],[28.7,38.1364],[28.6,38.15],[28.5,38.2],[28.5,38.2],[28.4143,38.3],[28.4,38.3333],[28.36,38.4],[28.3,38.46],[28.2,38.4417],[28.1,38.4714],[28.0,38.4714],[27.9,38.4714],[27.8,38.4556],[27.7,38.4333],[27.6,38.425],[27.5,38.4],[27.4,38.5],[27.4,38.6],[27.4,38.6],[27.4,38.6],[27.4,38.5],[27.4,38.4],[27.4,38.4],[27.5,38.4],[27.6,38.3],[27.6,38.3],[27.7,38.3],[27.8,38.2818],[27.9,38.2667],[28.0,38.2625],[28.1,38.26],[28.2,38.2583],[28.3,38.2],[28.3,38.2],[28.32,38.1],[28.4,38.0429]]]}},{"type":"Feature","properties":{"layer_id":"change_T20","layer_label":"Change, T>20\u00b0C","low":10.0,"high":25.0,"label":"10\u201325 pp","fill":"#f4a582","fillOpacity":0.45,"stroke":"#f4a582","strokeOpacity":0.5700000000000001,"strokeWeight":0.35},"geometry":{"type":"Polygon","coordinates":[[[27.9,38.3],[27.8,38.3333],[27.7,38.4],[27.7,38.4],[27.7,38.4],[27.8,38.4222],[27.9,38.4286],[28.0,38.4286],[28.1,38.4286],[28.2,38.4167],[28.3,38.4],[28.3,38.4],[28.3333,38.3],[28.3,38.275],[28.2,38.2833],[28.1,38.29],[28.0,38.3],[27.9,38.3],[27.9,38.3]]]}},{"type":"Feature","properties":{"layer_id":"change_T20","layer_label":"Change, T>20\u00b0C","low":10.0,"high":25.0,"label":"10\u201325 pp","fill":"#f4a582","fillOpacity":0.45,"stroke":"#f4a582","strokeOpacity":0.5700000000000001,"strokeWeight":0.35},"geometry":{"type":"Polygon","coordinates":[[[-4.6,38.2857],[-4.5,38.3],[-4.5,38.3],[-4.4,38.4],[-4.3,38.4],[-4.3,38.4],[-4.3,38.4],[-4.4,38.4],[-4.45,38.5],[-4.4,38.6],[-4.3,38.6],[-4.3,38.6],[-4.3,38.6],[-4.4,38.6],[-4.5,38.6167],[-4.5333,38.6],[-4.5333,38.5],[-4.6,38.4333],[-4.7,38.4],[-4.7,38.4],[-4.7,38.4],[-4.65,38.3],[-4.6,38.2857]]]}},{"type":"Feature","properties":{"layer_id":"change_T20","layer_label":"Change, T>20\u00b0C","low":10.0,"high":25.0,"label":"10\u201325 pp","fill":"#f4a582","fillOpacity":0.45,"stroke":"#f4a582","strokeOpacity":0.5700000000000001,"strokeWeight":0.35},"geometry":{"type":"Polygon","coordinates":[[[33.2,38.2],[33.3,38.2],[33.4,38.2],[33.5,38.2],[33.6,38.3],[33.6,38.3],[33.7,38.3],[33.7667,38.4],[33.8,38.5],[33.8,38.6],[33.7667,38.7],[33.7,38.7667],[33.65,38.8],[33.6,38.9],[33.6,38.9],[33.58,39.0],[33.5667,39.1],[33.6,39.1333],[33.6667,39.2],[33.6,39.25],[33.5,39.2857],[33.4,39.3],[33.35,39.2],[33.3,39.1667],[33.2333,39.1],[33.2,39.075],[33.1,39.05],[33.0,39.0],[33.0,39.0],[32.9,38.9],[32.9,38.8],[32.9,38.8],[32.85,38.7],[32.9,38.6],[32.9,38.6],[33.0,38.5],[33.0,38.5],[33.1,38.4],[33.1,38.4],[33.1,38.3],[33.2,38.2]]]}},{"type":"Feature","properties":{"layer_id":"change_T20","layer_label":"Change, T>20\u00b0C","low":10.0,"high":25.0,"label":"10\u201325 pp","fill":"#f4a582","fillOpacity":0.45,"stroke":"#f4a582","strokeOpacity":0.5700000000000001,"strokeWeight":0.35},"geometry":{"type":"Polygon","coordinates":[[[33.1667,38.5],[33.1,38.6],[33.1,38.6],[33.0,38.65],[32.9667,38.7],[33.0,38.8],[33.0,38.8],[33.1,38.9],[33.1,38.9],[33.2,39.0],[33.2,39.0],[33.3,39.075],[33.4,39.08],[33.5,39.05],[33.52,39.0],[33.5625,38.9],[33.575,38.8],[33.6,38.78],[33.7,38.7167],[33.7167,38.7],[33.74,38.6],[33.725,38.5],[33.7,38.45],[33.6,38.45],[33.5,38.44],[33.4,38.425],[33.3,38.45],[33.2,38.4667],[33.1667,38.5]]]}},{"type":"Feature","properties":{"layer_id":"change_T20","layer_label":"Change, T>20\u00b0C","low":10.0,"high":25.0,"label":"10\u201325 pp","fill":"#f4a582","fillOpacity":0.45,"stroke":"#f4a582","strokeOpacity":0.5700000000000001,"strokeWeight":0.35},"geometry":{"type":"Polygon","coordinates":[[[39.3,38.2667],[39.4,38.2667],[39.45,38.3],[39.5,38.325],[39.6,38.3833],[39.6333,38.4],[39.7,38.44],[39.7429,38.5],[39.7,38.56],[39.6,38.5],[39.6,38.5],[39.5,38.475],[39.4,38.45],[39.3,38.4833],[39.2,38.45],[39.1667,38.4],[39.2,38.3667],[39.2667,38.3],[39.3,38.2667]]]}},{"type":"Feature","properties":{"layer_id":"change_T20","layer_label":"Change, T>20\u00b0C","low":10.0,"high":25.0,"label":"10\u201325 pp","fill":"#f4a582","fillOpacity":0.45,"stroke":"#f4a582","strokeOpacity":0.5700000000000001,"strokeWeight":0.35},"geometry":{"type":"Polygon","coordinates":[[[-2.3,38.3],[-2.2,38.3667],[-2.1,38.3667],[-2.0,38.4],[-2.1,38.4333],[-2.2,38.4333],[-2.3,38.45],[-2.35,38.4],[-2.3,38.3]]]}},{"type":"Feature","properties":{"layer_id":"change_T20","layer_label":"Change, T>20\u00b0C","low":10.0,"high":25.0,"label":"10\u201325 pp","fill":"#f4a582","fillOpacity":0.45,"stroke":"#f4a582","strokeOpacity":0.5700000000000001,"strokeWeight":0.35},"geometry":{"type":"Polygon","coordinates":[[[39.0,38.4],[39.0,38.4],[39.05,38.5],[39.1,38.55],[39.12,38.6],[39.1,38.7],[39.1,38.7],[39.0,38.8],[38.9,38.7571],[38.8,38.75],[38.7,38.75],[38.625,38.7],[38.65,38.6],[38.7,38.5667],[38.8,38.525],[38.9,38.5],[38.9,38.5],[39.0,38.4],[39.0,38.4]]]}},{"type":"Feature","properties":{"layer_id":"change_T20","layer_label":"Change, T>20\u00b0C","low":10.0,"high":25.0,"label":"10\u201325 pp","fill":"#f4a582","fillOpacity":0.45,"stroke":"#f4a582","strokeOpacity":0.5700000000000001,"strokeWeight":0.35},"geometry":{"type":"Polygon","coordinates":[[[43.0,38.3167],[43.1,38.3154],[43.2,38.3333],[43.2667,38.4],[43.2846,38.5],[43.2,38.5917],[43.19,38.6],[43.2,38.62],[43.2667,38.7],[43.29,38.8],[43.3,38.8125],[43.4,38.8333],[43.4667,38.9],[43.4,39.0],[43.3,38.9778],[43.2,38.9778],[43.1,38.975],[43.025,38.9],[43.0,38.86],[42.9,38.85],[42.85,38.8],[42.8,38.7667],[42.7,38.78],[42.6,38.775],[42.5,38.7714],[42.4286,38.7],[42.4,38.6333],[42.3667,38.6],[42.4,38.5667],[42.5,38.5286],[42.6,38.54],[42.6286,38.5],[42.7,38.4286],[42.8,38.4167],[42.9,38.4],[42.9,38.4],[43.0,38.3167]]]}},{"type":"Feature","properties":{"layer_id":"change_T20","layer_label":"Change, T>20\u00b0C","low":10.0,"high":25.0,"label":"10\u201325 pp","fill":"#f4a582","fillOpacity":0.45,"stroke":"#f4a582","strokeOpacity":0.5700000000000001,"strokeWeight":0.35},"geometry":{"type":"Polygon","coordinates":[[[42.93,38.4],[42.9,38.4333],[42.8,38.4417],[42.7,38.4714],[42.6714,38.5],[42.6,38.6],[42.6,38.6],[42.6,38.6],[42.5,38.5714],[42.45,38.6],[42.4714,38.7],[42.5,38.7286],[42.6,38.7375],[42.7,38.72],[42.8,38.7167],[42.9,38.7],[42.9,38.7],[42.9,38.7],[43.0,38.8],[43.0,38.8],[43.0625,38.9],[43.1,38.9375],[43.2,38.9444],[43.3,38.9444],[43.4,38.925],[43.4167,38.9],[43.4,38.8833],[43.3,38.85],[43.26,38.8],[43.2167,38.7],[43.2,38.68],[43.16,38.6],[43.2,38.5667],[43.2615,38.5],[43.2167,38.4],[43.2,38.3833],[43.1,38.3385],[43.0,38.3417],[42.93,38.4]]]}},{"type":"Feature","properties":{"layer_id":"change_T20","layer_label":"Change, T>20\u00b0C","low":10.0,"high":25.0,"label":"10\u201325 pp","fill":"#f4a582","fillOpacity":0.45,"stroke":"#f4a582","strokeOpacity":0.5700000000000001,"strokeWeight":0.35},"geometry":{"type":"Polygon","coordinates":[[[41.9,38.55],[41.9667,38.6],[41.95,38.7],[41.9,38.75],[41.8,38.75],[41.7333,38.7],[41.8,38.6],[41.8,38.6],[41.9,38.55]]]}},{"type":"Feature","properties":{"layer_id":"change_T20","layer_label":"Change, T>20\u00b0C","low":10.0,"high":25.0,"label":"10\u201325 pp","fill":"#f4a582","fillOpacity":0.45,"stroke":"#f4a582","strokeOpacity":0.5700000000000001,"strokeWeight":0.35},"geometry":{"type":"Polygon","coordinates":[[[-2.4,38.85],[-2.3,38.85],[-2.2,38.85],[-2.15,38.9],[-2.2,38.95],[-2.2667,39.0],[-2.3,39.05],[-2.3333,39.0],[-2.4,38.9333],[-2.5,38.9],[-2.4,38.85]]]}},{"type":"Feature","properties":{"layer_id":"change_T20","layer_label":"Change, T>20\u00b0C","low":10.0,"high":25.0,"label":"10\u201325 pp","fill":"#f4a582","fillOpacity":0.45,"stroke":"#f4a582","strokeOpacity":0.5700000000000001,"strokeWeight":0.35},"geometry":{"type":"Polygon","coordinates":[[[8.6,38.9667],[8.7,39.0],[8.7,39.0],[8.7,39.0],[8.8,38.94],[8.9,38.9],[8.96,39.0],[8.975,39.1],[8.9714,39.2],[8.95,39.3],[9.0,39.3333],[9.1,39.3143],[9.12,39.3],[9.2,39.2333],[9.3,39.2222],[9.35,39.2],[9.4,39.15],[9.5,39.1667],[9.5333,39.2],[9.6,39.3],[9.55,39.4],[9.55,39.5],[9.6,39.52],[9.6667,39.6],[9.6667,39.7],[9.7,39.8],[9.6,39.9],[9.6,39.9],[9.6,39.9],[9.68,40.0],[9.66,40.1],[9.68,40.2],[9.66,40.3],[9.6333,40.4],[9.7,40.5],[9.7,40.5],[9.7333,40.6],[9.7333,40.7],[9.7,40.7333],[9.6714,40.8],[9.65,40.9],[9.6,40.95],[9.5333,41.0],[9.5333,41.1],[9.5,41.1333],[9.45,41.1],[9.4,41.075],[9.3667,41.1],[9.3,41.15],[9.2,41.175],[9.1,41.2],[9.0,41.1667],[8.9333,41.1],[8.94,41.0],[9.0,40.94],[9.1,40.95],[9.2,40.95],[9.3,40.9],[9.3,40.9],[9.325,40.8],[9.4,40.725],[9.4333,40.7],[9.45,40.6],[9.425,40.5],[9.4,40.45],[9.35,40.4],[9.35,40.3],[9.4,40.275],[9.5,40.2],[9.5,40.2],[9.55,40.1],[9.5,40.0],[9.5,40.0],[9.44,39.9],[9.4,39.8],[9.4,39.7],[9.4,39.7],[9.3,39.7],[9.2,39.6],[9.3,39.5],[9.3,39.5],[9.3,39.4],[9.3,39.4],[9.3,39.4],[9.2,39.5],[9.2,39.5],[9.1,39.6],[9.1,39.6],[9.0,39.65],[8.9,39.6],[8.9,39.6],[8.9,39.6],[8.85,39.7],[8.8,39.75],[8.775,39.8],[8.7667,39.9],[8.75,40.0],[8.7,40.05],[8.65,40.1],[8.6,40.125],[8.5667,40.1],[8.5,40.05],[8.4,40.0667],[8.3333,40.0],[8.4,39.9333],[8.5,39.95],[8.5333,39.9],[8.6,39.8333],[8.64,39.8],[8.6,39.7714],[8.5,39.7714],[8.4286,39.7],[8.4286,39.6],[8.4,39.55],[8.35,39.5],[8.35,39.4],[8.3333,39.3],[8.4,39.2],[8.4,39.2],[8.4667,39.1],[8.5,39.0667],[8.5667,39.0],[8.6,38.9667]]]}},{"type":"Feature","properties":{"layer_id":"change_T20","layer_label":"Change, T>20\u00b0C","low":10.0,"high":25.0,"label":"10\u201325 pp","fill":"#f4a582","fillOpacity":0.45,"stroke":"#f4a582","strokeOpacity":0.5700000000000001,"strokeWeight":0.35},"geometry":{"type":"Polygon","coordinates":[[[8.6667,39.1],[8.6,39.14],[8.525,39.2],[8.6,39.3],[8.7,39.2],[8.7,39.2],[8.75,39.1],[8.7,39.075],[8.6667,39.1]]]}},{"type":"Feature","properties":{"layer_id":"change_T20","layer_label":"Change, T>20\u00b0C","low":10.0,"high":25.0,"label":"10\u201325 pp","fill":"#f4a582","fillOpacity":0.45,"stroke":"#f4a582","strokeOpacity":0.5700000000000001,"strokeWeight":0.35},"geometry":{"type":"Polygon","coordinates":[[[9.18,39.3],[9.2,39.35],[9.3,39.3571],[9.4,39.3333],[9.5,39.3],[9.4,39.25],[9.3,39.2556],[9.2,39.2833],[9.18,39.3]]]}},{"type":"Feature","properties":{"layer_id":"change_T20","layer_label":"Change, T>20\u00b0C","low":10.0,"high":25.0,"label":"10\u201325 pp","fill":"#f4a582","fillOpacity":0.45,"stroke":"#f4a582","strokeOpacity":0.5700000000000001,"strokeWeight":0.35},"geometry":{"type":"Polygon","coordinates":[[[8.775,39.4],[8.7,39.5],[8.7,39.5],[8.6,39.575],[8.5,39.56],[8.4714,39.6],[8.4714,39.7],[8.5,39.7286],[8.6,39.7286],[8.7,39.8],[8.7333,39.7],[8.8,39.6],[8.8,39.6],[8.9,39.525],[8.95,39.5],[9.0,39.45],[9.1,39.46],[9.175,39.4],[9.1,39.3571],[9.0,39.3833],[8.9,39.325],[8.8,39.3],[8.775,39.4]]]}},{"type":"Feature","properties":{"layer_id":"change_T20","layer_label":"Change, T>20\u00b0C","low":10.0,"high":25.0,"label":"10\u201325 pp","fill":"#f4a582","fillOpacity":0.45,"stroke":"#f4a582","strokeOpacity":0.5700000000000001,"strokeWeight":0.35},"geometry":{"type":"Polygon","coordinates":[[[9.4,40.8],[9.4,40.9],[9.5,40.96],[9.575,40.9],[9.6,40.8667],[9.6286,40.8],[9.6,40.7],[9.5,40.725],[9.4,40.8]]]}},{"type":"Feature","properties":{"layer_id":"change_T20","layer_label":"Change, T>20\u00b0C","low":10.0,"high":25.0,"label":"10\u201325 pp","fill":"#f4a582","fillOpacity":0.45,"stroke":"#f4a582","strokeOpacity":0.5700000000000001,"strokeWeight":0.35},"geometry":{"type":"Polygon","coordinates":[[[9.25,41.0],[9.2,41.025],[9.1,41.05],[9.0,41.0],[8.9833,41.1],[9.0,41.1167],[9.1,41.14],[9.2,41.1375],[9.275,41.1],[9.3,41.05],[9.4,41.0],[9.3,40.975],[9.25,41.0]]]}},{"type":"Feature","properties":{"layer_id":"change_T20","layer_label":"Change, T>20\u00b0C","low":10.0,"high":25.0,"label":"10\u201325 pp","fill":"#f4a582","fillOpacity":0.45,"stroke":"#f4a582","strokeOpacity":0.5700000000000001,"strokeWeight":0.35},"geometry":{"type":"Polygon","coordinates":[[[45.0,39.0],[45.0,39.06],[44.96,39.1],[44.9,39.175],[44.8,39.1714],[44.76,39.2],[44.7,39.26],[44.66,39.3],[44.7,39.3286],[44.8,39.375],[44.825,39.4],[44.8571,39.5],[44.8,39.55],[44.72,39.6],[44.7,39.6333],[44.6,39.6375],[44.55,39.7],[44.54,39.8],[44.5,39.8571],[44.4,39.8556],[44.35,39.9],[44.3,39.98],[44.2667,40.0],[44.3,40.025],[44.4,40.075],[44.5,40.0375],[44.5429,40.0],[44.6,39.9636],[44.7,39.9],[44.7,39.9],[44.7286,39.8],[44.8,39.7286],[44.9,39.7375],[44.95,39.7],[45.0,39.625],[45.0,39.7],[45.0,39.7],[44.9,39.775],[44.8,39.7714],[44.7714,39.8],[44.76,39.9],[44.7,39.96],[44.6,39.9909],[44.5857,40.0],[44.5,40.075],[44.4333,40.1],[44.4,40.1333],[44.3,40.1],[44.3,40.1],[44.2,40.0333],[44.15,40.0],[44.1,39.9],[44.2,39.84],[44.275,39.9],[44.3,39.92],[44.3125,39.9],[44.4,39.8222],[44.5,39.8143],[44.51,39.8],[44.52,39.7],[44.6,39.6],[44.6,39.6],[44.7,39.55],[44.8,39.5125],[44.8143,39.5],[44.8,39.4667],[44.75,39.4],[44.7,39.3714],[44.6,39.3],[44.7,39.2],[44.7,39.2],[44.8,39.1286],[44.9,39.1],[44.9,39.1],[45.0,39.0]]]}},{"type":"Feature","properties":{"layer_id":"change_T20","layer_label":"Change, T>20\u00b0C","low":10.0,"high":25.0,"label":"10\u201325 pp","fill":"#f4a582","fillOpacity":0.45,"stroke":"#f4a582","strokeOpacity":0.5700000000000001,"strokeWeight":0.35},"geometry":{"type":"Polygon","coordinates":[[[-4.0,39.1833],[-3.9,39.2],[-3.9,39.2],[-3.8,39.2667],[-3.7,39.3],[-3.6,39.275],[-3.55,39.3],[-3.5,39.35],[-3.48,39.4],[-3.5,39.4333],[-3.55,39.5],[-3.6,39.55],[-3.7,39.54],[-3.8,39.5],[-3.9,39.6],[-3.9,39.7],[-3.9,39.7],[-4.0,39.7],[-4.1,39.775],[-4.2,39.7],[-4.3,39.7],[-4.4,39.7],[-4.4333,39.8],[-4.5,39.9],[-4.5,39.9],[-4.5,39.9],[-4.5667,39.8],[-4.6,39.78],[-4.7,39.775],[-4.8,39.775],[-4.9,39.775],[-5.0,39.76],[-5.06,39.7],[-5.1,39.65],[-5.2,39.6333],[-5.3,39.65],[-5.4,39.65],[-5.5,39.64],[-5.55,39.6],[-5.6,39.55],[-5.6667,39.5],[-5.65,39.4],[-5.6,39.38],[-5.5,39.38],[-5.4,39.4],[-5.4,39.4],[-5.3,39.4571],[-5.225,39.5],[-5.2,39.5333],[-5.1,39.5333],[-5.0,39.5333],[-4.9,39.5],[-4.9,39.5],[-4.9,39.5],[-4.8,39.5167],[-4.75,39.5],[-4.7,39.4833],[-4.6,39.42],[-4.5667,39.4],[-4.6,39.3],[-4.6,39.3],[-4.6,39.3],[-4.6,39.3],[-4.5,39.3333],[-4.4,39.325],[-4.3,39.4],[-4.2,39.35],[-4.15,39.3],[-4.1,39.2667],[-4.0333,39.2],[-4.0,39.1833]]]}},{"type":"Feature","properties":{"layer_id":"change_T20","layer_label":"Change, T>20\u00b0C","low":10.0,"high":25.0,"label":"10\u201325 pp","fill":"#f4a582","fillOpacity":0.45,"stroke":"#f4a582","strokeOpacity":0.5700000000000001,"strokeWeight":0.35},"geometry":{"type":"Polygon","coordinates":[[[-4.4,39.4],[-4.5,39.45],[-4.6,39.48],[-4.6333,39.5],[-4.7,39.6],[-4.8,39.5667],[-4.8667,39.6],[-4.9,39.7],[-5.0,39.7],[-5.0,39.7],[-5.0,39.7],[-4.9,39.7],[-4.8,39.7],[-4.7,39.7],[-4.6,39.72],[-4.5,39.75],[-4.475,39.7],[-4.4,39.6],[-4.4,39.6],[-4.3,39.55],[-4.2,39.6],[-4.2,39.6],[-4.1,39.7],[-4.1,39.7],[-4.1,39.7],[-4.0,39.6],[-4.0,39.6],[-4.0,39.5],[-4.0,39.5],[-4.1,39.5],[-4.2,39.4667],[-4.3,39.475],[-4.4,39.4],[-4.4,39.4],[-4.4,39.4]]]}},{"type":"Feature","properties":{"layer_id":"change_T20","layer_label":"Change, T>20\u00b0C","low":10.0,"high":25.0,"label":"10\u201325 pp","fill":"#f4a582","fillOpacity":0.45,"stroke":"#f4a582","strokeOpacity":0.5700000000000001,"strokeWeight":0.35},"geometry":{"type":"Polygon","coordinates":[[[26.0,39.1667],[26.1,39.1333],[26.15,39.2],[26.1,39.25],[26.0333,39.3],[26.0,39.3333],[25.95,39.3],[25.95,39.2],[26.0,39.1667]]]}},{"type":"Feature","properties":{"layer_id":"change_T20","layer_label":"Change, T>20\u00b0C","low":10.0,"high":25.0,"label":"10\u201325 pp","fill":"#f4a582","fillOpacity":0.45,"stroke":"#f4a582","strokeOpacity":0.5700000000000001,"strokeWeight":0.35},"geometry":{"type":"Polygon","coordinates":[[[-2.0,39.2],[-1.9,39.3],[-1.9333,39.4],[-2.0,39.5],[-2.1,39.4],[-2.1,39.3],[-2.0,39.2]]]}},{"type":"Feature","properties":{"layer_id":"change_T20","layer_label":"Change, T>20\u00b0C","low":10.0,"high":25.0,"label":"10\u201325 pp","fill":"#f4a582","fillOpacity":0.45,"stroke":"#f4a582","strokeOpacity":0.5700000000000001,"strokeWeight":0.35},"geometry":{"type":"Polygon","coordinates":[[[15.4,39.92],[15.48,40.0],[15.5,40.0667],[15.55,40.1],[15.5,40.1333],[15.45,40.1],[15.4,40.0889],[15.3875,40.1],[15.3,40.1875],[15.28,40.2],[15.2,40.28],[15.1889,40.3],[15.1667,40.4],[15.2,40.4667],[15.2333,40.5],[15.25,40.6],[15.2,40.65],[15.1,40.6667],[15.0,40.6875],[14.9833,40.7],[14.9,40.7833],[14.8667,40.8],[14.8,40.8667],[14.75,40.9],[14.7,40.9333],[14.6,40.98],[14.5,41.0],[14.5,41.0],[14.4,41.1],[14.4,41.1],[14.4,41.1],[14.5,41.2],[14.4,41.2333],[14.3,41.25],[14.2,41.3],[14.1,41.28],[14.0,41.3],[14.0,41.3],[13.9,41.4],[13.8,41.4],[13.7,41.4],[13.6,41.3667],[13.5,41.3833],[13.4,41.3889],[13.3667,41.4],[13.3,41.4667],[13.2,41.4857],[13.1,41.48],[13.08,41.5],[13.0,41.58],[12.975,41.6],[12.9,41.675],[12.8,41.7],[12.8,41.7],[12.75,41.8],[12.8,41.9],[12.8,42.0],[12.75,42.1],[12.7,42.2],[12.7,42.2],[12.65,42.3],[12.6,42.4],[12.6,42.4],[12.5,42.45],[12.45,42.5],[12.4,42.6],[12.3,42.6],[12.2,42.6],[12.2,42.6],[12.2,42.6],[12.3,42.7],[12.2,42.8],[12.2,42.8],[12.1,42.85],[12.0,42.9],[11.9,42.9],[11.9,42.9],[11.9,42.9],[12.0,42.9],[12.1,43.0],[12.1,43.0],[12.2,43.1],[12.1,43.1667],[12.05,43.2],[12.0,43.2333],[11.9,43.2667],[11.85,43.3],[11.8,43.35],[11.7,43.4],[11.6,43.35],[11.5,43.3333],[11.4,43.36],[11.3,43.36],[11.2,43.3667],[11.15,43.4],[11.1,43.5],[11.0,43.5],[11.0,43.5],[11.0,43.6],[11.0,43.7],[11.0,43.7],[11.1,43.7],[11.2,43.75],[11.3,43.75],[11.3667,43.8],[11.3333,43.9],[11.3,43.9333],[11.2,43.9333],[11.1,43.95],[11.0,43.9333],[10.9,43.95],[10.8,43.95],[10.7,43.9333],[10.6,43.9],[10.6,43.9],[10.5,43.9],[10.5,43.9],[10.4,43.975],[10.3,44.0],[10.3,44.0],[10.2,44.075],[10.15,44.1],[10.1,44.15],[10.05,44.2],[10.0,44.25],[9.9,44.2667],[9.8,44.2667],[9.7,44.28],[9.6,44.2833],[9.58,44.3],[9.5,44.38],[9.4,44.38],[9.35,44.4],[9.3,44.4333],[9.2,44.45],[9.1,44.4778],[9.0222,44.4],[9.1,44.3222],[9.2,44.35],[9.3,44.3667],[9.3333,44.3],[9.4,44.2333],[9.5,44.2333],[9.5286,44.2],[9.6,44.1286],[9.7,44.1333],[9.8,44.1333],[9.8222,44.1],[9.9,44.0222],[10.0,44.0222],[10.1,44.05],[10.125,44.0],[10.15,43.9],[10.2,43.85],[10.2222,43.8],[10.225,43.7],[10.3,43.625],[10.325,43.6],[10.3222,43.5],[10.4,43.4222],[10.42,43.4],[10.5,43.32],[10.525,43.3],[10.5286,43.2],[10.6,43.1],[10.6,43.1],[10.7,43.04],[10.7286,43.0],[10.8,42.9286],[10.8286,42.9],[10.85,42.8],[10.9,42.75],[11.0,42.73],[11.1,42.7167],[11.1111,42.7],[11.1,42.65],[11.0667,42.6],[11.1,42.5667],[11.2,42.5],[11.3,42.5125],[11.3333,42.5],[11.4,42.4],[11.5,42.425],[11.5167,42.4],[11.6,42.3286],[11.7,42.32],[11.7333,42.3],[11.8,42.2333],[11.9,42.2],[11.9,42.2],[11.9286,42.1],[12.0,42.0],[12.1,42.0],[12.2,42.0],[12.2,42.0],[12.2,41.9],[12.3,41.8],[12.3,41.8],[12.4,41.7],[12.4,41.7],[12.5,41.64],[12.6,41.6],[12.6,41.6],[12.7,41.5],[12.8,41.52],[12.8167,41.5],[12.9,41.4286],[13.0,41.4333],[13.0333,41.4],[13.1,41.32],[13.2,41.3143],[13.3,41.35],[13.32,41.3],[13.4,41.22],[13.5,41.2286],[13.6,41.25],[13.7,41.25],[13.7182,41.2],[13.8,41.1182],[13.9,41.12],[13.9182,41.1],[14.0,41.0],[14.0,41.0],[14.1,40.9],[14.1,40.9],[14.2,40.84],[14.3,40.8286],[14.3333,40.8],[14.4,40.7333],[14.45,40.7],[14.5,40.65],[14.6,40.64],[14.7,40.625],[14.8,40.62],[14.85,40.6],[14.9,40.55],[14.9333,40.5],[15.0,40.4333],[15.0333,40.4],[15.02,40.3],[15.0286,40.2],[15.1,40.1286],[15.125,40.1],[15.2,40.025],[15.3,40.0222],[15.32,40.0],[15.4,39.92]]]}},{"type":"Feature","properties":{"layer_id":"change_T20","layer_label":"Change, T>20\u00b0C","low":10.0,"high":25.0,"label":"10\u201325 pp","fill":"#f4a582","fillOpacity":0.45,"stroke":"#f4a582","strokeOpacity":0.5700000000000001,"strokeWeight":0.35},"geometry":{"type":"Polygon","coordinates":[[[15.1625,40.1],[15.1,40.1714],[15.0714,40.2],[15.05,40.3],[15.0833,40.4],[15.0,40.4833],[14.9833,40.5],[14.92,40.6],[14.9,40.6333],[14.8,40.65],[14.7,40.6625],[14.6,40.7],[14.6,40.7],[14.5,40.7143],[14.4,40.7833],[14.3833,40.8],[14.3,40.8714],[14.2,40.9],[14.2,40.9],[14.1,40.9375],[14.0375,41.0],[14.0,41.0333],[13.9455,41.1],[13.9,41.15],[13.8,41.1455],[13.7455,41.2],[13.8,41.275],[13.9,41.2833],[14.0,41.225],[14.1,41.22],[14.15,41.2],[14.1714,41.1],[14.2,41.075],[14.3,41.1],[14.4,41.05],[14.45,41.0],[14.5,40.94],[14.6,40.92],[14.6333,40.9],[14.7,40.85],[14.7667,40.8],[14.8,40.7833],[14.9,40.7333],[14.9333,40.7],[15.0,40.65],[15.1,40.6167],[15.1333,40.6],[15.16,40.5],[15.1167,40.4],[15.1556,40.3],[15.2,40.22],[15.22,40.2],[15.3,40.15],[15.35,40.1],[15.3,40.0556],[15.2,40.0625],[15.1625,40.1]]]}},{"type":"Feature","properties":{"layer_id":"change_T20","layer_label":"Change, T>20\u00b0C","low":10.0,"high":25.0,"label":"10\u201325 pp","fill":"#f4a582","fillOpacity":0.45,"stroke":"#f4a582","strokeOpacity":0.5700000000000001,"strokeWeight":0.35},"geometry":{"type":"Polygon","coordinates":[[[12.675,41.6],[12.6,41.63],[12.5,41.7],[12.5,41.7],[12.4,41.775],[12.375,41.8],[12.3333,41.9],[12.3,41.95],[12.275,42.0],[12.2,42.05],[12.1,42.1],[12.1,42.1],[12.1,42.1],[12.0,42.06],[11.9714,42.1],[11.95,42.2],[11.9,42.275],[11.85,42.3],[11.8,42.35],[11.7,42.38],[11.6,42.3714],[11.5667,42.4],[11.5,42.5],[11.5,42.5],[11.4,42.525],[11.3,42.55],[11.2333,42.6],[11.2,42.6286],[11.1444,42.7],[11.1,42.7667],[11.0,42.76],[10.92,42.8],[10.9,42.8333],[10.8714,42.9],[10.8,42.9714],[10.7714,43.0],[10.7,43.1],[10.7,43.1],[10.6,43.16],[10.5714,43.2],[10.5625,43.3],[10.5,43.35],[10.45,43.4],[10.4,43.4556],[10.3556,43.5],[10.3625,43.6],[10.3,43.6625],[10.2625,43.7],[10.2556,43.8],[10.2333,43.9],[10.2,43.925],[10.1625,44.0],[10.2,44.0375],[10.25,44.0],[10.3,43.94],[10.4,43.9],[10.4,43.8],[10.4,43.8],[10.5,43.76],[10.6,43.7333],[10.7,43.7],[10.7,43.7],[10.8,43.6],[10.8,43.5],[10.8,43.5],[10.85,43.4],[10.8,43.35],[10.7,43.4],[10.7,43.4],[10.7,43.4],[10.7,43.3],[10.7,43.3],[10.775,43.2],[10.8,43.15],[10.8333,43.1],[10.9,43.0714],[11.0,43.0],[11.0,43.0],[11.1,42.98],[11.2,42.95],[11.3,42.9],[11.3,42.8],[11.3,42.8],[11.4,42.725],[11.5,42.7],[11.5,42.7],[11.6,42.625],[11.65,42.6],[11.7,42.5667],[11.8,42.525],[11.875,42.6],[11.9,42.6333],[12.0,42.65],[12.0333,42.6],[12.0,42.5],[12.0,42.5],[12.0,42.5],[12.0333,42.4],[12.0333,42.3],[12.1,42.2333],[12.1333,42.2],[12.2,42.16],[12.3,42.1],[12.3,42.1],[12.4,42.1],[12.5,42.1],[12.5,42.1],[12.6,42.2],[12.65,42.1],[12.7,42.0],[12.7,41.9],[12.66,41.8],[12.7,41.7333],[12.725,41.7],[12.8,41.625],[12.9,41.6],[12.8,41.58],[12.7,41.575],[12.675,41.6]]]}},{"type":"Feature","properties":{"layer_id":"change_T20","layer_label":"Change, T>20\u00b0C","low":10.0,"high":25.0,"label":"10\u201325 pp","fill":"#f4a582","fillOpacity":0.45,"stroke":"#f4a582","strokeOpacity":0.5700000000000001,"strokeWeight":0.35},"geometry":{"type":"Polygon","coordinates":[[[11.6,42.7],[11.5,42.8],[11.4,42.8],[11.4,42.8],[11.4,42.9],[11.4,42.9],[11.5,43.0],[11.5,43.0],[11.6,43.0],[11.7,43.0],[11.7,43.0],[11.7,42.9],[11.8,42.8],[11.8,42.8],[11.8,42.8],[11.7,42.8],[11.6,42.7],[11.6,42.7],[11.6,42.7]]]}},{"type":"Feature","properties":{"layer_id":"change_T20","layer_label":"Change, T>20\u00b0C","low":10.0,"high":25.0,"label":"10\u201325 pp","fill":"#f4a582","fillOpacity":0.45,"stroke":"#f4a582","strokeOpacity":0.5700000000000001,"strokeWeight":0.35},"geometry":{"type":"Polygon","coordinates":[[[11.0,43.1],[10.9,43.2],[10.9,43.2],[10.9,43.2],[11.0,43.2],[11.1,43.2],[11.2,43.2],[11.2,43.2],[11.3,43.1],[11.3,43.1],[11.3,43.1],[11.2,43.1],[11.1,43.0667],[11.0,43.1],[11.0,43.1]]]}},{"type":"Feature","properties":{"layer_id":"change_T20","layer_label":"Change, T>20\u00b0C","low":10.0,"high":25.0,"label":"10\u201325 pp","fill":"#f4a582","fillOpacity":0.45,"stroke":"#f4a582","strokeOpacity":0.5700000000000001,"strokeWeight":0.35},"geometry":{"type":"Polygon","coordinates":[[[9.8556,44.1],[9.8,44.1833],[9.7,44.1833],[9.6,44.1714],[9.5714,44.2],[9.6,44.2333],[9.7,44.22],[9.8,44.2167],[9.9,44.2167],[9.95,44.2],[10.0,44.18],[10.08,44.1],[10.0,44.0556],[9.9,44.0556],[9.8556,44.1]]]}},{"type":"Feature","properties":{"layer_id":"change_T20","layer_label":"Change, T>20\u00b0C","low":10.0,"high":25.0,"label":"10\u201325 pp","fill":"#f4a582","fillOpacity":0.45,"stroke":"#f4a582","strokeOpacity":0.5700000000000001,"strokeWeight":0.35},"geometry":{"type":"Polygon","coordinates":[[[21.8,40.0],[21.9,40.1],[21.9,40.1],[22.0,40.1],[22.1,40.2],[22.075,40.3],[22.0,40.36],[21.9,40.3889],[21.8,40.4],[21.74,40.3],[21.8,40.2],[21.8,40.2],[21.8,40.2],[21.75,40.1],[21.8,40.0]]]}},{"type":"Feature","properties":{"layer_id":"change_T20","layer_label":"Change, T>20\u00b0C","low":10.0,"high":25.0,"label":"10\u201325 pp","fill":"#f4a582","fillOpacity":0.45,"stroke":"#f4a582","strokeOpacity":0.5700000000000001,"strokeWeight":0.35},"geometry":{"type":"Polygon","coordinates":[[[21.85,40.2],[21.8,40.3],[21.9,40.3556],[22.0,40.3],[21.96,40.2],[21.9,40.15],[21.85,40.2]]]}},{"type":"Feature","properties":{"layer_id":"change_T20","layer_label":"Change, T>20\u00b0C","low":10.0,"high":25.0,"label":"10\u201325 pp","fill":"#f4a582","fillOpacity":0.45,"stroke":"#f4a582","strokeOpacity":0.5700000000000001,"strokeWeight":0.35},"geometry":{"type":"Polygon","coordinates":[[[22.4,40.15],[22.5,40.15],[22.5333,40.2],[22.5,40.25],[22.4833,40.3],[22.5,40.3125],[22.6,40.3143],[22.675,40.4],[22.675,40.5],[22.7,40.54],[22.8,40.5333],[22.8667,40.6],[22.9,40.625],[22.9222,40.6],[22.9667,40.5],[23.0,40.4667],[23.1,40.4286],[23.14,40.4],[23.2,40.34],[23.3,40.3],[23.4,40.3],[23.4,40.3],[23.5,40.2667],[23.6,40.3],[23.6,40.3],[23.7,40.3],[23.8,40.3667],[23.8333,40.4],[23.8778,40.5],[23.8,40.5778],[23.78,40.6],[23.7833,40.7],[23.8,40.725],[23.9,40.725],[24.0,40.7182],[24.1,40.72],[24.2,40.7182],[24.2818,40.8],[24.3,40.8333],[24.3667,40.9],[24.4,40.9667],[24.5,41.0],[24.4,41.0333],[24.3,41.0857],[24.28,41.1],[24.2,41.1667],[24.1,41.1818],[24.0,41.1778],[23.9,41.1714],[23.8,41.15],[23.7,41.1333],[23.6,41.1667],[23.5,41.1875],[23.48,41.2],[23.4,41.3],[23.4,41.3],[23.4,41.3],[23.4333,41.4],[23.4,41.5],[23.4,41.5],[23.35,41.6],[23.3,41.65],[23.2,41.7],[23.1,41.6],[23.1167,41.5],[23.2,41.4],[23.2,41.4],[23.2,41.4],[23.1,41.3667],[23.0,41.4],[23.0,41.4],[22.9,41.4333],[22.8333,41.5],[22.8,41.5333],[22.7,41.55],[22.6667,41.5],[22.6,41.4],[22.6,41.4],[22.5,41.35],[22.4,41.3],[22.4,41.3],[22.3667,41.2],[22.4,41.1],[22.4,41.1],[22.4,41.0],[22.45,40.9],[22.4,40.85],[22.3,40.8667],[22.25,40.9],[22.2,41.0],[22.2,41.0],[22.1,41.0833],[22.0,41.05],[21.95,41.0],[21.94,40.9],[22.0,40.8],[22.0,40.8],[22.0667,40.7],[22.1,40.6667],[22.15,40.6],[22.2,40.5333],[22.2333,40.5],[22.3,40.4333],[22.32,40.4],[22.3167,40.3],[22.35,40.2],[22.4,40.15]]]}},{"type":"Feature","properties":{"layer_id":"change_T20","layer_label":"Change, T>20\u00b0C","low":10.0,"high":25.0,"label":"10\u201325 pp","fill":"#f4a582","fillOpacity":0.45,"stroke":"#f4a582","strokeOpacity":0.5700000000000001,"strokeWeight":0.35},"geometry":{"type":"Polygon","coordinates":[[[22.3667,40.3],[22.38,40.4],[22.35,40.5],[22.3,40.52],[22.22,40.6],[22.2,40.6333],[22.15,40.7],[22.2,40.7667],[22.3,40.7667],[22.4,40.7],[22.4,40.7],[22.4,40.7],[22.4333,40.8],[22.5,40.8667],[22.5182,40.9],[22.525,41.0],[22.5,41.0667],[22.475,41.1],[22.4667,41.2],[22.5,41.2333],[22.6,41.3],[22.7,41.25],[22.75,41.2],[22.8,41.1714],[22.9,41.1667],[22.9333,41.2],[23.0,41.2667],[23.1,41.28],[23.2,41.28],[23.3,41.28],[23.4,41.225],[23.42,41.2],[23.4,41.18],[23.32,41.1],[23.4,41.05],[23.45,41.1],[23.5,41.15],[23.6,41.1167],[23.6333,41.1],[23.6,41.0],[23.5,41.02],[23.48,41.0],[23.5,40.98],[23.6,41.0],[23.7,41.0],[23.7,41.0],[23.8,41.075],[23.8333,41.1],[23.9,41.1286],[24.0,41.1444],[24.1,41.1545],[24.2,41.1167],[24.22,41.1],[24.3,41.0429],[24.36,41.0],[24.3167,40.9],[24.3,40.8833],[24.2545,40.8],[24.2,40.7455],[24.1,40.75],[24.0,40.7455],[23.9,40.7625],[23.8,40.7625],[23.7583,40.7],[23.75,40.6],[23.8,40.5444],[23.8444,40.5],[23.8,40.4333],[23.7778,40.4],[23.7,40.33],[23.6,40.3429],[23.5,40.325],[23.4,40.35],[23.3,40.3429],[23.2,40.4],[23.2,40.4],[23.1,40.4714],[23.05,40.5],[23.0,40.5333],[22.9556,40.6],[22.9,40.6625],[22.8167,40.6],[22.8,40.5833],[22.7,40.6],[22.7,40.6],[22.7,40.6],[22.6375,40.5],[22.6375,40.4],[22.6,40.3571],[22.5,40.35],[22.4333,40.3],[22.4,40.2333],[22.3667,40.3]]]}},{"type":"Feature","properties":{"layer_id":"change_T20","layer_label":"Change, T>20\u00b0C","low":10.0,"high":25.0,"label":"10\u201325 pp","fill":"#f4a582","fillOpacity":0.45,"stroke":"#f4a582","strokeOpacity":0.5700000000000001,"strokeWeight":0.35},"geometry":{"type":"Polygon","coordinates":[[[22.075,40.8],[22.0,40.9],[22.0333,41.0],[22.1,41.0333],[22.14,41.0],[22.15,40.9],[22.15,40.8],[22.1,40.7667],[22.075,40.8]]]}},{"type":"Feature","properties":{"layer_id":"change_T20","layer_label":"Change, T>20\u00b0C","low":10.0,"high":25.0,"label":"10\u201325 pp","fill":"#f4a582","fillOpacity":0.45,"stroke":"#f4a582","strokeOpacity":0.5700000000000001,"strokeWeight":0.35},"geometry":{"type":"Polygon","coordinates":[[[8.5,40.25],[8.54,40.3],[8.525,40.4],[8.5667,40.5],[8.6,40.6],[8.6,40.6],[8.7,40.7],[8.7,40.7],[8.8,40.7],[8.9,40.7],[8.9333,40.8],[8.9333,40.9],[8.9,40.9333],[8.8,40.95],[8.7,40.96],[8.64,40.9],[8.6,40.8667],[8.5333,40.8],[8.5,40.76],[8.425,40.7],[8.4333,40.6],[8.4,40.575],[8.35,40.6],[8.35,40.7],[8.3,40.8],[8.25,40.7],[8.2667,40.6],[8.3,40.5667],[8.34,40.5],[8.4,40.44],[8.4667,40.4],[8.45,40.3],[8.5,40.25]]]}},{"type":"Feature","properties":{"layer_id":"change_T20","layer_label":"Change, T>20\u00b0C","low":10.0,"high":25.0,"label":"10\u201325 pp","fill":"#f4a582","fillOpacity":0.45,"stroke":"#f4a582","strokeOpacity":0.5700000000000001,"strokeWeight":0.35},"geometry":{"type":"Polygon","coordinates":[[[19.5,40.2222],[19.5875,40.3],[19.6,40.3111],[19.7,40.325],[19.8,40.35],[19.9,40.4],[19.875,40.5],[19.8,40.6],[19.8,40.6],[19.8,40.6],[19.85,40.7],[19.9,40.8],[19.9,40.8],[20.0,40.9],[19.95,41.0],[19.9,41.05],[19.85,41.1],[19.85,41.2],[19.8333,41.3],[19.8333,41.4],[19.8,41.4333],[19.7333,41.5],[19.7,41.6],[19.7,41.6],[19.6,41.6778],[19.5222,41.6],[19.5167,41.5],[19.5,41.46],[19.44,41.4],[19.5,41.3],[19.5,41.3],[19.5222,41.2],[19.5,41.1778],[19.4222,41.1],[19.4286,41.0],[19.4,40.9846],[19.3154,40.9],[19.3286,40.8],[19.325,40.7],[19.4,40.625],[19.4286,40.6],[19.45,40.5],[19.42,40.4],[19.4222,40.3],[19.5,40.2222]]]}},{"type":"Feature","properties":{"layer_id":"change_T20","layer_label":"Change, T>20\u00b0C","low":10.0,"high":25.0,"label":"10\u201325 pp","fill":"#f4a582","fillOpacity":0.45,"stroke":"#f4a582","strokeOpacity":0.5700000000000001,"strokeWeight":0.35},"geometry":{"type":"Polygon","coordinates":[[[19.4556,40.3],[19.45,40.4],[19.5,40.4833],[19.525,40.5],[19.5,40.5333],[19.4714,40.6],[19.4,40.6625],[19.3625,40.7],[19.3714,40.8],[19.3385,40.9],[19.4,40.9615],[19.4714,41.0],[19.4556,41.1],[19.5,41.1444],[19.5556,41.2],[19.575,41.3],[19.5,41.4],[19.5417,41.5],[19.5556,41.6],[19.6,41.6444],[19.6571,41.6],[19.6778,41.5],[19.7,41.4714],[19.7714,41.4],[19.7667,41.3],[19.7667,41.2],[19.7333,41.1],[19.7714,41.0],[19.775,40.9],[19.8,40.8],[19.75,40.7],[19.7,40.6],[19.7,40.6],[19.7,40.6],[19.8,40.5],[19.775,40.4],[19.7,40.3625],[19.6,40.3444],[19.55,40.3],[19.5,40.2556],[19.4556,40.3]]]}},{"type":"Feature","properties":{"layer_id":"change_T20","layer_label":"Change, T>20\u00b0C","low":10.0,"high":25.0,"label":"10\u201325 pp","fill":"#f4a582","fillOpacity":0.45,"stroke":"#f4a582","strokeOpacity":0.5700000000000001,"strokeWeight":0.35},"geometry":{"type":"Polygon","coordinates":[[[21.6,40.55],[21.7,40.55],[21.7333,40.6],[21.7667,40.7],[21.7,40.75],[21.6,40.8],[21.55,40.7],[21.5667,40.6],[21.6,40.55]]]}},{"type":"Feature","properties":{"layer_id":"change_T20","layer_label":"Change, T>20\u00b0C","low":10.0,"high":25.0,"label":"10\u201325 pp","fill":"#f4a582","fillOpacity":0.45,"stroke":"#f4a582","strokeOpacity":0.5700000000000001,"strokeWeight":0.35},"geometry":{"type":"Polygon","coordinates":[[[21.5,40.8],[21.5667,40.9],[21.55,41.0],[21.5,41.1],[21.45,41.0],[21.4333,40.9],[21.5,40.8]]]}},{"type":"Feature","properties":{"layer_id":"change_T20","layer_label":"Change, T>20\u00b0C","low":10.0,"high":25.0,"label":"10\u201325 pp","fill":"#f4a582","fillOpacity":0.45,"stroke":"#f4a582","strokeOpacity":0.5700000000000001,"strokeWeight":0.35},"geometry":{"type":"Polygon","coordinates":[[[23.2,40.8833],[23.3,40.85],[23.3667,40.9],[23.3,40.9333],[23.2,41.0],[23.2,41.0],[23.1,41.05],[23.0,41.0],[23.0,41.0],[23.0,41.0],[23.1,40.975],[23.175,40.9],[23.2,40.8833]]]}},{"type":"Feature","properties":{"layer_id":"change_T20","layer_label":"Change, T>20\u00b0C","low":10.0,"high":25.0,"label":"10\u201325 pp","fill":"#f4a582","fillOpacity":0.45,"stroke":"#f4a582","strokeOpacity":0.5700000000000001,"strokeWeight":0.35},"geometry":{"type":"Polygon","coordinates":[[[38.2,40.8333],[38.3,40.85],[38.4,40.8333],[38.5,40.85],[38.6,40.8286],[38.7,40.8667],[38.8,40.9],[38.7,40.9333],[38.6,40.9714],[38.5,40.95],[38.4,40.9667],[38.3,40.95],[38.2,40.9667],[38.1,40.9],[38.2,40.8333]]]}},{"type":"Feature","properties":{"layer_id":"change_T20","layer_label":"Change, T>20\u00b0C","low":10.0,"high":25.0,"label":"10\u201325 pp","fill":"#f4a582","fillOpacity":0.45,"stroke":"#f4a582","strokeOpacity":0.5700000000000001,"strokeWeight":0.35},"geometry":{"type":"Polygon","coordinates":[[[39.8,40.8667],[39.9,40.825],[40.0,40.8222],[40.1,40.8222],[40.2,40.825],[40.3,40.8333],[40.4,40.8667],[40.4333,40.9],[40.5,40.94],[40.575,41.0],[40.5,41.06],[40.4,41.0714],[40.3286,41.0],[40.3,40.9667],[40.2,40.975],[40.1,40.9778],[40.0,40.9778],[39.9,40.975],[39.8,40.9333],[39.7667,40.9],[39.8,40.8667]]]}},{"type":"Feature","properties":{"layer_id":"change_T20","layer_label":"Change, T>20\u00b0C","low":10.0,"high":25.0,"label":"10\u201325 pp","fill":"#f4a582","fillOpacity":0.45,"stroke":"#f4a582","strokeOpacity":0.5700000000000001,"strokeWeight":0.35},"geometry":{"type":"Polygon","coordinates":[[[39.84,40.9],[39.9,40.9375],[40.0,40.9444],[40.1,40.9444],[40.2,40.9375],[40.3,40.9167],[40.3333,40.9],[40.3,40.8833],[40.2,40.8625],[40.1,40.8556],[40.0,40.8556],[39.9,40.8625],[39.84,40.9]]]}},{"type":"Feature","properties":{"layer_id":"change_T20","layer_label":"Change, T>20\u00b0C","low":10.0,"high":25.0,"label":"10\u201325 pp","fill":"#f4a582","fillOpacity":0.45,"stroke":"#f4a582","strokeOpacity":0.5700000000000001,"strokeWeight":0.35},"geometry":{"type":"Polygon","coordinates":[[[14.9,40.95],[15.0,40.95],[15.1,41.0],[15.1,41.1],[15.0,41.2],[15.0,41.2],[14.9,41.2714],[14.8,41.2667],[14.7,41.26],[14.625,41.2],[14.7,41.125],[14.72,41.1],[14.8,41.02],[14.8333,41.0],[14.9,40.95]]]}},{"type":"Feature","properties":{"layer_id":"change_T20","layer_label":"Change, T>20\u00b0C","low":10.0,"high":25.0,"label":"10\u201325 pp","fill":"#f4a582","fillOpacity":0.45,"stroke":"#f4a582","strokeOpacity":0.5700000000000001,"strokeWeight":0.35},"geometry":{"type":"Polygon","coordinates":[[[14.78,41.1],[14.7,41.2],[14.8,41.2167],[14.9,41.2286],[14.94,41.2],[15.0,41.1625],[15.0625,41.1],[15.0,41.0167],[14.9,41.02],[14.8,41.08],[14.78,41.1]]]}},{"type":"Feature","properties":{"layer_id":"change_T20","layer_label":"Change, T>20\u00b0C","low":10.0,"high":25.0,"label":"10\u201325 pp","fill":"#f4a582","fillOpacity":0.45,"stroke":"#f4a582","strokeOpacity":0.5700000000000001,"strokeWeight":0.35},"geometry":{"type":"Polygon","coordinates":[[[39.6,40.9667],[39.6333,41.0],[39.6,41.0333],[39.5778,41.1],[39.5,41.1778],[39.4222,41.1],[39.5,41.0],[39.5,41.0],[39.6,40.9667]]]}},{"type":"Feature","properties":{"layer_id":"change_T20","layer_label":"Change, T>20\u00b0C","low":10.0,"high":25.0,"label":"10\u201325 pp","fill":"#f4a582","fillOpacity":0.45,"stroke":"#f4a582","strokeOpacity":0.5700000000000001,"strokeWeight":0.35},"geometry":{"type":"Polygon","coordinates":[[[31.3,41.0667],[31.3333,41.1],[31.4,41.125],[31.4857,41.2],[31.5,41.22],[31.6,41.3],[31.5,41.3667],[31.4333,41.3],[31.4,41.275],[31.325,41.2],[31.3,41.1333],[31.2,41.1],[31.3,41.0667]]]}},{"type":"Feature","properties":{"layer_id":"change_T20","layer_label":"Change, T>20\u00b0C","low":10.0,"high":25.0,"label":"10\u201325 pp","fill":"#f4a582","fillOpacity":0.45,"stroke":"#f4a582","strokeOpacity":0.5700000000000001,"strokeWeight":0.35},"geometry":{"type":"Polygon","coordinates":[[[37.0,41.0667],[37.1,41.04],[37.2,41.0333],[37.3,41.0286],[37.4,41.0],[37.4846,41.1],[37.4,41.1846],[37.3,41.1714],[37.2,41.1667],[37.1,41.16],[37.0818,41.2],[37.0,41.2818],[36.98,41.3],[36.9,41.38],[36.8,41.3833],[36.7,41.38],[36.62,41.3],[36.6,41.2333],[36.55,41.2],[36.6,41.1667],[36.7,41.15],[36.8,41.125],[36.9,41.1],[36.9,41.1],[37.0,41.0667]]]}},{"type":"Feature","properties":{"layer_id":"change_T20","layer_label":"Change, T>20\u00b0C","low":10.0,"high":25.0,"label":"10\u201325 pp","fill":"#f4a582","fillOpacity":0.45,"stroke":"#f4a582","strokeOpacity":0.5700000000000001,"strokeWeight":0.35},"geometry":{"type":"Polygon","coordinates":[[[36.8,41.2],[36.8,41.2],[36.7,41.2167],[36.65,41.3],[36.7,41.35],[36.8,41.3583],[36.9,41.35],[36.95,41.3],[37.0,41.2545],[37.0545,41.2],[37.0,41.125],[36.9,41.175],[36.8,41.2]]]}},{"type":"Feature","properties":{"layer_id":"change_T20","layer_label":"Change, T>20\u00b0C","low":10.0,"high":25.0,"label":"10\u201325 pp","fill":"#f4a582","fillOpacity":0.45,"stroke":"#f4a582","strokeOpacity":0.5700000000000001,"strokeWeight":0.35},"geometry":{"type":"Polygon","coordinates":[[[40.7,41.0222],[40.8,41.025],[40.9,41.0333],[41.0,41.1],[40.9,41.1667],[40.88,41.2],[40.8,41.28],[40.72,41.2],[40.7,41.1778],[40.6222,41.1],[40.7,41.0222]]]}},{"type":"Feature","properties":{"layer_id":"change_T20","layer_label":"Change, T>20\u00b0C","low":10.0,"high":25.0,"label":"10\u201325 pp","fill":"#f4a582","fillOpacity":0.45,"stroke":"#f4a582","strokeOpacity":0.5700000000000001,"strokeWeight":0.35},"geometry":{"type":"Polygon","coordinates":[[[40.6556,41.1],[40.7,41.1444],[40.75,41.2],[40.8,41.25],[40.85,41.2],[40.9,41.1167],[40.925,41.1],[40.9,41.0833],[40.8,41.0625],[40.7,41.0556],[40.6556,41.1]]]}},{"type":"Feature","properties":{"layer_id":"change_T20","layer_label":"Change, T>20\u00b0C","low":10.0,"high":25.0,"label":"10\u201325 pp","fill":"#f4a582","fillOpacity":0.45,"stroke":"#f4a582","strokeOpacity":0.5700000000000001,"strokeWeight":0.35},"geometry":{"type":"Polygon","coordinates":[[[41.3,41.25],[41.35,41.3],[41.4,41.32],[41.5,41.4],[41.4,41.48],[41.32,41.4],[41.3,41.35],[41.25,41.3],[41.3,41.25]]]}},{"type":"Feature","properties":{"layer_id":"change_T20","layer_label":"Change, T>20\u00b0C","low":10.0,"high":25.0,"label":"10\u201325 pp","fill":"#f4a582","fillOpacity":0.45,"stroke":"#f4a582","strokeOpacity":0.5700000000000001,"strokeWeight":0.35},"geometry":{"type":"Polygon","coordinates":[[[45.0,41.25],[45.0,41.3],[45.0,41.325],[44.9,41.3444],[44.8286,41.4],[44.825,41.5],[44.9,41.575],[45.0,41.575],[45.0,41.6],[45.0,41.65],[44.9,41.65],[44.8333,41.6],[44.8,41.5667],[44.75,41.5],[44.775,41.4],[44.8,41.3667],[44.9,41.3111],[44.9333,41.3],[45.0,41.25]]]}},{"type":"Feature","properties":{"layer_id":"change_T20","layer_label":"Change, T>20\u00b0C","low":10.0,"high":25.0,"label":"10\u201325 pp","fill":"#f4a582","fillOpacity":0.45,"stroke":"#f4a582","strokeOpacity":0.5700000000000001,"strokeWeight":0.35},"geometry":{"type":"Polygon","coordinates":[[[22.0,41.3],[22.1,41.4],[22.1,41.4],[22.15,41.5],[22.2,41.6],[22.2,41.7],[22.1,41.8],[22.0,41.7],[22.0333,41.6],[22.0,41.5667],[21.96,41.5],[21.9167,41.4],[22.0,41.3]]]}},{"type":"Feature","properties":{"layer_id":"change_T20","layer_label":"Change, T>20\u00b0C","low":10.0,"high":25.0,"label":"10\u201325 pp","fill":"#f4a582","fillOpacity":0.45,"stroke":"#f4a582","strokeOpacity":0.5700000000000001,"strokeWeight":0.35},"geometry":{"type":"Polygon","coordinates":[[[36.2,41.34],[36.26,41.4],[36.2,41.46],[36.18,41.5],[36.1,41.58],[36.0818,41.6],[36.05,41.7],[36.0,41.75],[35.9,41.76],[35.84,41.7],[35.8,41.6857],[35.7,41.6714],[35.6167,41.6],[35.7,41.5167],[35.75,41.5],[35.8,41.4667],[35.9,41.44],[36.0,41.4125],[36.1,41.4],[36.1,41.4],[36.2,41.34]]]}},{"type":"Feature","properties":{"layer_id":"change_T20","layer_label":"Change, T>20\u00b0C","low":10.0,"high":25.0,"label":"10\u201325 pp","fill":"#f4a582","fillOpacity":0.45,"stroke":"#f4a582","strokeOpacity":0.5700000000000001,"strokeWeight":0.35},"geometry":{"type":"Polygon","coordinates":[[[35.9,41.5],[35.9,41.5],[35.8,41.5182],[35.7,41.5667],[35.6667,41.6],[35.7,41.6286],[35.8,41.6643],[35.9,41.7],[36.0,41.6857],[36.0545,41.6],[36.1,41.55],[36.15,41.5],[36.1,41.4375],[36.0,41.45],[35.9,41.5]]]}},{"type":"Feature","properties":{"layer_id":"change_T20","layer_label":"Change, T>20\u00b0C","low":10.0,"high":25.0,"label":"10\u201325 pp","fill":"#f4a582","fillOpacity":0.45,"stroke":"#f4a582","strokeOpacity":0.5700000000000001,"strokeWeight":0.35},"geometry":{"type":"Polygon","coordinates":[[[8.9,41.45],[9.0,41.45],[9.1,41.4667],[9.15,41.5],[9.2,41.52],[9.2667,41.6],[9.3,41.65],[9.3667,41.7],[9.4,41.7125],[9.4778,41.8],[9.4,41.8778],[9.3,41.8],[9.3,41.8],[9.2,41.7],[9.2,41.7],[9.1,41.6875],[9.0,41.7],[9.0,41.7],[8.96,41.8],[8.95,41.9],[8.95,42.0],[8.9,42.1],[8.9,42.1],[8.8,42.2],[8.8,42.2],[8.74,42.3],[8.74,42.4],[8.8,42.46],[8.9,42.5],[8.8,42.55],[8.7,42.5],[8.7,42.5],[8.65,42.4],[8.65,42.3],[8.65,42.2],[8.7,42.1333],[8.725,42.1],[8.74,42.0],[8.7333,41.9],[8.7,41.8],[8.8,41.7333],[8.8222,41.7],[8.9,41.6],[8.9,41.6],[8.9,41.6],[8.85,41.5],[8.9,41.45]]]}},{"type":"Feature","properties":{"layer_id":"change_T20","layer_label":"Change, T>20\u00b0C","low":10.0,"high":25.0,"label":"10\u201325 pp","fill":"#f4a582","fillOpacity":0.45,"stroke":"#f4a582","strokeOpacity":0.5700000000000001,"strokeWeight":0.35},"geometry":{"type":"Polygon","coordinates":[[[41.6,41.4],[41.6667,41.5],[41.7,41.5286],[41.7714,41.6],[41.8,41.65],[41.85,41.7],[41.8,41.75],[41.75,41.7],[41.7,41.6714],[41.6286,41.6],[41.6,41.5667],[41.5333,41.5],[41.6,41.4]]]}},{"type":"Feature","properties":{"layer_id":"change_T20","layer_label":"Change, T>20\u00b0C","low":10.0,"high":25.0,"label":"10\u201325 pp","fill":"#f4a582","fillOpacity":0.45,"stroke":"#f4a582","strokeOpacity":0.5700000000000001,"strokeWeight":0.35},"geometry":{"type":"Polygon","coordinates":[[[21.7,41.5],[21.8,41.6],[21.8,41.6],[21.9,41.65],[22.0,41.7],[21.9,41.8],[21.9,41.8],[21.8,41.9],[21.8,41.9],[21.8,42.0],[21.7,42.1],[21.6,42.05],[21.5,42.0333],[21.45,42.0],[21.5,41.9667],[21.5667,41.9],[21.6,41.8667],[21.7,41.8],[21.7,41.8],[21.7,41.7],[21.7,41.7],[21.6333,41.6],[21.7,41.5]]]}},{"type":"Feature","properties":{"layer_id":"change_T20","layer_label":"Change, T>20\u00b0C","low":10.0,"high":25.0,"label":"10\u201325 pp","fill":"#f4a582","fillOpacity":0.45,"stroke":"#f4a582","strokeOpacity":0.5700000000000001,"strokeWeight":0.35},"geometry":{"type":"Polygon","coordinates":[[[19.7,41.7],[19.75,41.8],[19.75,41.9],[19.75,42.0],[19.7,42.0667],[19.68,42.1],[19.6,42.1667],[19.5667,42.2],[19.5,42.2667],[19.4667,42.3],[19.4333,42.4],[19.4,42.4333],[19.3,42.4833],[19.2,42.5],[19.1,42.46],[19.04,42.4],[19.0,42.3667],[18.9,42.3714],[18.8,42.4],[18.725,42.3],[18.8,42.225],[18.82,42.2],[18.9,42.12],[19.0,42.1222],[19.0286,42.1],[19.1,42.0286],[19.12,42.0],[19.2,41.92],[19.3,41.92],[19.34,41.9],[19.4,41.84],[19.5,41.825],[19.6,41.8286],[19.6667,41.8],[19.7,41.7]]]}},{"type":"Feature","properties":{"layer_id":"change_T20","layer_label":"Change, T>20\u00b0C","low":10.0,"high":25.0,"label":"10\u201325 pp","fill":"#f4a582","fillOpacity":0.45,"stroke":"#f4a582","strokeOpacity":0.5700000000000001,"strokeWeight":0.35},"geometry":{"type":"Polygon","coordinates":[[[19.4,41.9],[19.4,41.9],[19.3,41.95],[19.2,41.95],[19.15,42.0],[19.1,42.0714],[19.0714,42.1],[19.0,42.1556],[18.9,42.15],[18.85,42.2],[18.8,42.2625],[18.7625,42.3],[18.8,42.35],[18.9,42.3286],[19.0,42.3167],[19.1,42.4],[19.1,42.4],[19.2,42.4625],[19.3,42.4583],[19.3778,42.4],[19.4,42.3333],[19.4167,42.3],[19.5,42.2167],[19.5167,42.2],[19.6,42.1167],[19.62,42.1],[19.68,42.0],[19.65,41.9],[19.6,41.8714],[19.5,41.8625],[19.4,41.9]]]}},{"type":"Feature","properties":{"layer_id":"change_T20","layer_label":"Change, T>20\u00b0C","low":10.0,"high":25.0,"label":"10\u201325 pp","fill":"#f4a582","fillOpacity":0.45,"stroke":"#f4a582","strokeOpacity":0.5700000000000001,"strokeWeight":0.35},"geometry":{"type":"Polygon","coordinates":[[[35.1,41.8286],[35.1714,41.9],[35.1,41.9714],[35.0846,42.0],[35.0833,42.1],[35.0,42.1833],[34.9167,42.1],[34.9154,42.0],[35.0,41.9],[35.0,41.9],[35.1,41.8286]]]}},{"type":"Feature","properties":{"layer_id":"change_T20","layer_label":"Change, T>20\u00b0C","low":10.0,"high":25.0,"label":"10\u201325 pp","fill":"#f4a582","fillOpacity":0.45,"stroke":"#f4a582","strokeOpacity":0.5700000000000001,"strokeWeight":0.35},"geometry":{"type":"Polygon","coordinates":[[[35.06,41.9],[35.0,41.9273],[34.9385,42.0],[34.9417,42.1],[35.0,42.1583],[35.0583,42.1],[35.0615,42.0],[35.1,41.9286],[35.1286,41.9],[35.1,41.8714],[35.06,41.9]]]}},{"type":"Feature","properties":{"layer_id":"change_T20","layer_label":"Change, T>20\u00b0C","low":10.0,"high":25.0,"label":"10\u201325 pp","fill":"#f4a582","fillOpacity":0.45,"stroke":"#f4a582","strokeOpacity":0.5700000000000001,"strokeWeight":0.35},"geometry":{"type":"Polygon","coordinates":[[[41.8,41.8167],[41.9,41.8143],[42.0,41.8667],[42.0333,41.9],[42.1,41.9667],[42.15,42.0],[42.2,42.0167],[42.3,42.0667],[42.4,42.0667],[42.45,42.1],[42.5,42.1143],[42.6,42.11],[42.7,42.1125],[42.8,42.1222],[42.9,42.2],[42.8333,42.3],[42.8,42.3333],[42.7,42.38],[42.6,42.38],[42.5,42.4],[42.5,42.4],[42.4,42.45],[42.3,42.4857],[42.25,42.5],[42.2,42.5333],[42.1,42.6],[42.0,42.575],[41.9667,42.6],[41.9,42.65],[41.8,42.66],[41.75,42.7],[41.7,42.75],[41.6,42.8],[41.6,42.8],[41.5,42.8778],[41.4,42.8917],[41.38,42.9],[41.3,42.9667],[41.2,43.0],[41.2,43.0],[41.1,43.08],[41.0,43.0909],[40.9667,43.1],[40.9,43.15],[40.8,43.175],[40.725,43.1],[40.8,43.025],[40.9,43.05],[40.9167,43.0],[41.0,42.9167],[41.02,42.9],[41.1,42.82],[41.2,42.8182],[41.3,42.8333],[41.3154,42.8],[41.4,42.7154],[41.4182,42.7],[41.5,42.6182],[41.5154,42.6],[41.5,42.575],[41.425,42.5],[41.5,42.425],[41.52,42.4],[41.5333,42.3],[41.6,42.2333],[41.62,42.2],[41.7,42.12],[41.72,42.1],[41.725,42.0],[41.7167,41.9],[41.8,41.8167]]]}},{"type":"Feature","properties":{"layer_id":"change_T20","layer_label":"Change, T>20\u00b0C","low":10.0,"high":25.0,"label":"10\u201325 pp","fill":"#f4a582","fillOpacity":0.45,"stroke":"#f4a582","strokeOpacity":0.5700000000000001,"strokeWeight":0.35},"geometry":{"type":"Polygon","coordinates":[[[41.7417,41.9],[41.7625,42.0],[41.75,42.1],[41.7,42.15],[41.65,42.2],[41.6,42.2833],[41.5833,42.3],[41.55,42.4],[41.5,42.4625],[41.4625,42.5],[41.5,42.5375],[41.5385,42.6],[41.5,42.6455],[41.4455,42.7],[41.4,42.7385],[41.3385,42.8],[41.4,42.8667],[41.5,42.8444],[41.5571,42.8],[41.6,42.7571],[41.68,42.7],[41.7,42.6889],[41.8,42.6],[41.8,42.6],[41.9,42.55],[42.0,42.5],[42.0,42.5],[42.1,42.5],[42.2,42.4333],[42.3,42.4429],[42.375,42.4],[42.4,42.3833],[42.5,42.3667],[42.6,42.35],[42.7,42.35],[42.7714,42.3],[42.8,42.2667],[42.8571,42.2],[42.8,42.1556],[42.7,42.15],[42.6,42.14],[42.5,42.1571],[42.425,42.2],[42.4,42.2167],[42.3,42.2],[42.3,42.2],[42.25,42.1],[42.2,42.0667],[42.1,42.0667],[42.06,42.0],[42.0,41.94],[41.96,41.9],[41.9,41.8571],[41.8,41.8417],[41.7417,41.9]]]}},{"type":"Feature","properties":{"layer_id":"change_T20","layer_label":"Change, T>20\u00b0C","low":10.0,"high":25.0,"label":"10\u201325 pp","fill":"#f4a582","fillOpacity":0.45,"stroke":"#f4a582","strokeOpacity":0.5700000000000001,"strokeWeight":0.35},"geometry":{"type":"Polygon","coordinates":[[[41.05,42.9],[41.0,42.9417],[40.9417,43.0],[41.0,43.0636],[41.1,43.05],[41.1625,43.0],[41.2,42.9667],[41.3,42.9167],[41.32,42.9],[41.3,42.8833],[41.2,42.8455],[41.1,42.85],[41.05,42.9]]]}},{"type":"Feature","properties":{"layer_id":"change_T20","layer_label":"Change, T>20\u00b0C","low":10.0,"high":25.0,"label":"10\u201325 pp","fill":"#f4a582","fillOpacity":0.45,"stroke":"#f4a582","strokeOpacity":0.5700000000000001,"strokeWeight":0.35},"geometry":{"type":"Polygon","coordinates":[[[9.3,41.95],[9.4,41.95],[9.5,41.9667],[9.5333,42.0],[9.5,42.05],[9.4667,42.1],[9.5,42.125],[9.56,42.2],[9.575,42.3],[9.5833,42.4],[9.55,42.5],[9.5,42.55],[9.4778,42.6],[9.5,42.6333],[9.5667,42.7],[9.5,42.8],[9.4,42.7667],[9.3,42.7714],[9.2,42.76],[9.14,42.7],[9.1,42.675],[9.0,42.6714],[8.9286,42.6],[9.0,42.5],[9.0,42.5],[9.1,42.45],[9.15,42.4],[9.2,42.35],[9.25,42.3],[9.25,42.2],[9.2667,42.1],[9.2667,42.0],[9.3,41.95]]]}},{"type":"Feature","properties":{"layer_id":"change_T20","layer_label":"Change, T>20\u00b0C","low":10.0,"high":25.0,"label":"10\u201325 pp","fill":"#f4a582","fillOpacity":0.45,"stroke":"#f4a582","strokeOpacity":0.5700000000000001,"strokeWeight":0.35},"geometry":{"type":"Polygon","coordinates":[[[9.35,42.2],[9.4,42.2667],[9.425,42.3],[9.4222,42.4],[9.5,42.4875],[9.5583,42.4],[9.5375,42.3],[9.5,42.2],[9.5,42.2],[9.4,42.1333],[9.35,42.2]]]}},{"type":"Feature","properties":{"layer_id":"change_T20","layer_label":"Change, T>20\u00b0C","low":10.0,"high":25.0,"label":"10\u201325 pp","fill":"#f4a582","fillOpacity":0.45,"stroke":"#f4a582","strokeOpacity":0.5700000000000001,"strokeWeight":0.35},"geometry":{"type":"Polygon","coordinates":[[[8.9714,42.6],[9.0,42.6286],[9.1,42.6375],[9.2,42.7],[9.2,42.7],[9.3,42.7286],[9.3667,42.7],[9.4,42.68],[9.4444,42.6],[9.4,42.5],[9.3,42.6],[9.3,42.6],[9.3,42.6],[9.2,42.575],[9.1,42.54],[9.0,42.56],[8.9714,42.6]]]}},{"type":"Feature","properties":{"layer_id":"change_T20","layer_label":"Change, T>20\u00b0C","low":10.0,"high":25.0,"label":"10\u201325 pp","fill":"#f4a582","fillOpacity":0.45,"stroke":"#f4a582","strokeOpacity":0.5700000000000001,"strokeWeight":0.35},"geometry":{"type":"Polygon","coordinates":[[[24.9,42.1],[25.0,42.2],[24.9,42.3],[24.9,42.3],[24.8,42.4],[24.7,42.3],[24.8,42.2],[24.8,42.2],[24.9,42.1]]]}},{"type":"Feature","properties":{"layer_id":"change_T20","layer_label":"Change, T>20\u00b0C","low":10.0,"high":25.0,"label":"10\u201325 pp","fill":"#f4a582","fillOpacity":0.45,"stroke":"#f4a582","strokeOpacity":0.5700000000000001,"strokeWeight":0.35},"geometry":{"type":"Polygon","coordinates":[[[26.7,42.15],[26.75,42.2],[26.75,42.3],[26.7,42.35],[26.6,42.35],[26.5,42.35],[26.4,42.3],[26.5,42.2],[26.6,42.2],[26.6,42.2],[26.7,42.15]]]}},{"type":"Feature","properties":{"layer_id":"change_T20","layer_label":"Change, T>20\u00b0C","low":10.0,"high":25.0,"label":"10\u201325 pp","fill":"#f4a582","fillOpacity":0.45,"stroke":"#f4a582","strokeOpacity":0.5700000000000001,"strokeWeight":0.35},"geometry":{"type":"Polygon","coordinates":[[[18.4,42.425],[18.5,42.45],[18.5667,42.5],[18.5,42.55],[18.4,42.575],[18.3778,42.6],[18.3,42.7],[18.3,42.7],[18.2,42.7714],[18.1,42.7818],[18.0182,42.7],[18.1,42.6182],[18.1182,42.6],[18.2,42.5182],[18.3,42.5222],[18.325,42.5],[18.4,42.425]]]}},{"type":"Feature","properties":{"layer_id":"change_T20","layer_label":"Change, T>20\u00b0C","low":10.0,"high":25.0,"label":"10\u201325 pp","fill":"#f4a582","fillOpacity":0.45,"stroke":"#f4a582","strokeOpacity":0.5700000000000001,"strokeWeight":0.35},"geometry":{"type":"Polygon","coordinates":[[[18.1455,42.6],[18.1,42.6455],[18.0455,42.7],[18.1,42.7545],[18.2,42.7286],[18.24,42.7],[18.3,42.6571],[18.3444,42.6],[18.3,42.5556],[18.2,42.5455],[18.1455,42.6]]]}},{"type":"Feature","properties":{"layer_id":"change_T20","layer_label":"Change, T>20\u00b0C","low":10.0,"high":25.0,"label":"10\u201325 pp","fill":"#f4a582","fillOpacity":0.45,"stroke":"#f4a582","strokeOpacity":0.5700000000000001,"strokeWeight":0.35},"geometry":{"type":"Polygon","coordinates":[[[17.1,42.8667],[17.1333,42.9],[17.2,42.92],[17.3,42.9182],[17.3818,43.0],[17.4,43.0286],[17.4286,43.0],[17.5,42.9286],[17.54,42.9],[17.6,42.84],[17.7,42.8667],[17.8,42.9],[17.7,42.95],[17.65,43.0],[17.6,43.05],[17.55,43.1],[17.5,43.1333],[17.4,43.1714],[17.3286,43.1],[17.3,43.0818],[17.2,43.08],[17.175,43.1],[17.1,43.175],[17.0,43.1333],[16.9667,43.1],[17.0,43.0667],[17.0286,43.0],[17.0,42.9],[17.1,42.8667]]]}},{"type":"Feature","properties":{"layer_id":"change_T20","layer_label":"Change, T>20\u00b0C","low":10.0,"high":25.0,"label":"10\u201325 pp","fill":"#f4a582","fillOpacity":0.45,"stroke":"#f4a582","strokeOpacity":0.5700000000000001,"strokeWeight":0.35},"geometry":{"type":"Polygon","coordinates":[[[17.0714,43.0],[17.04,43.1],[17.1,43.1375],[17.1375,43.1],[17.2,43.05],[17.3,43.0545],[17.3545,43.0],[17.3,42.9455],[17.2,42.95],[17.1,42.95],[17.0714,43.0]]]}},{"type":"Feature","properties":{"layer_id":"change_T20","layer_label":"Change, T>20\u00b0C","low":10.0,"high":25.0,"label":"10\u201325 pp","fill":"#f4a582","fillOpacity":0.45,"stroke":"#f4a582","strokeOpacity":0.5700000000000001,"strokeWeight":0.35},"geometry":{"type":"Polygon","coordinates":[[[40.6,43.0154],[40.6846,43.1],[40.6,43.1846],[40.58,43.2],[40.5,43.28],[40.4,43.2857],[40.3143,43.2],[40.4,43.1143],[40.5,43.12],[40.5154,43.1],[40.6,43.0154]]]}},{"type":"Feature","properties":{"layer_id":"change_T20","layer_label":"Change, T>20\u00b0C","low":10.0,"high":25.0,"label":"10\u201325 pp","fill":"#f4a582","fillOpacity":0.45,"stroke":"#f4a582","strokeOpacity":0.5700000000000001,"strokeWeight":0.35},"geometry":{"type":"Polygon","coordinates":[[[40.5385,43.1],[40.5,43.15],[40.4,43.1357],[40.3357,43.2],[40.4,43.2643],[40.5,43.25],[40.55,43.2],[40.6,43.1615],[40.6615,43.1],[40.6,43.0385],[40.5385,43.1]]]}},{"type":"Feature","properties":{"layer_id":"change_T20","layer_label":"Change, T>20\u00b0C","low":10.0,"high":25.0,"label":"10\u201325 pp","fill":"#f4a582","fillOpacity":0.45,"stroke":"#f4a582","strokeOpacity":0.5700000000000001,"strokeWeight":0.35},"geometry":{"type":"Polygon","coordinates":[[[16.6,43.22],[16.7,43.2182],[16.7818,43.3],[16.7,43.3818],[16.6,43.38],[16.52,43.3],[16.6,43.22]]]}},{"type":"Feature","properties":{"layer_id":"change_T20","layer_label":"Change, T>20\u00b0C","low":10.0,"high":25.0,"label":"10\u201325 pp","fill":"#f4a582","fillOpacity":0.45,"stroke":"#f4a582","strokeOpacity":0.5700000000000001,"strokeWeight":0.35},"geometry":{"type":"Polygon","coordinates":[[[17.0,43.2667],[17.0333,43.3],[17.0,43.4],[17.0,43.4],[16.9,43.4833],[16.8286,43.4],[16.9,43.3286],[16.9667,43.3],[17.0,43.2667]]]}},{"type":"Feature","properties":{"layer_id":"change_T20","layer_label":"Change, T>20\u00b0C","low":10.0,"high":25.0,"label":"10\u201325 pp","fill":"#f4a582","fillOpacity":0.45,"stroke":"#f4a582","strokeOpacity":0.5700000000000001,"strokeWeight":0.35},"geometry":{"type":"Polygon","coordinates":[[[16.6,43.425],[16.7,43.45],[16.8,43.5],[16.7,43.55],[16.6,43.5857],[16.55,43.6],[16.5,43.6333],[16.4,43.6333],[16.3,43.66],[16.2,43.6667],[16.1667,43.7],[16.1,43.8],[16.1,43.8],[16.1,43.8],[16.1333,43.9],[16.1,43.9333],[16.0,43.95],[15.9,44.0],[15.9,44.0],[15.8,44.0667],[15.7667,44.1],[15.7,44.1667],[15.65,44.2],[15.6,44.2333],[15.5,44.2667],[15.4333,44.3],[15.4,44.3333],[15.3667,44.3],[15.3,44.275],[15.2,44.28],[15.12,44.2],[15.2,44.12],[15.225,44.1],[15.3,44.025],[15.325,44.0],[15.4,43.925],[15.5,43.925],[15.6,43.95],[15.6222,43.9],[15.62,43.8],[15.7,43.72],[15.8,43.7182],[15.9,43.7182],[15.925,43.7],[15.92,43.6],[16.0,43.52],[16.1,43.525],[16.2,43.55],[16.3,43.54],[16.4,43.5667],[16.5,43.5667],[16.525,43.5],[16.6,43.425]]]}},{"type":"Feature","properties":{"layer_id":"change_T20","layer_label":"Change, T>20\u00b0C","low":10.0,"high":25.0,"label":"10\u201325 pp","fill":"#f4a582","fillOpacity":0.45,"stroke":"#f4a582","strokeOpacity":0.5700000000000001,"strokeWeight":0.35},"geometry":{"type":"Polygon","coordinates":[[[15.95,43.6],[15.9625,43.7],[15.9,43.7455],[15.8,43.7455],[15.7,43.75],[15.65,43.8],[15.6556,43.9],[15.7,43.98],[15.78,43.9],[15.8,43.8857],[15.9,43.8857],[16.0,43.8],[16.0,43.8],[16.075,43.7],[16.1,43.675],[16.175,43.6],[16.1,43.5625],[16.0,43.55],[15.95,43.6]]]}},{"type":"Feature","properties":{"layer_id":"change_T20","layer_label":"Change, T>20\u00b0C","low":10.0,"high":25.0,"label":"10\u201325 pp","fill":"#f4a582","fillOpacity":0.45,"stroke":"#f4a582","strokeOpacity":0.5700000000000001,"strokeWeight":0.35},"geometry":{"type":"Polygon","coordinates":[[[15.3625,44.0],[15.3,44.0625],[15.2625,44.1],[15.2,44.15],[15.15,44.2],[15.2,44.25],[15.3,44.2375],[15.4,44.2333],[15.5,44.2167],[15.5333,44.2],[15.5,44.1],[15.5,44.1],[15.5,44.1],[15.575,44.0],[15.5,43.9625],[15.4,43.9625],[15.3625,44.0]]]}},{"type":"Feature","properties":{"layer_id":"change_T20","layer_label":"Change, T>20\u00b0C","low":10.0,"high":25.0,"label":"10\u201325 pp","fill":"#f4a582","fillOpacity":0.45,"stroke":"#f4a582","strokeOpacity":0.5700000000000001,"strokeWeight":0.35},"geometry":{"type":"Polygon","coordinates":[[[7.4,43.74],[7.5,43.7333],[7.5667,43.8],[7.5,43.8667],[7.4,43.86],[7.325,43.8],[7.4,43.74]]]}},{"type":"Feature","properties":{"layer_id":"change_T20","layer_label":"Change, T>20\u00b0C","low":10.0,"high":25.0,"label":"10\u201325 pp","fill":"#f4a582","fillOpacity":0.45,"stroke":"#f4a582","strokeOpacity":0.5700000000000001,"strokeWeight":0.35},"geometry":{"type":"Polygon","coordinates":[[[7.8,43.7333],[7.8667,43.8],[7.9,43.85],[8.0,43.8222],[8.1,43.82],[8.18,43.9],[8.175,44.0],[8.2,44.02],[8.28,44.1],[8.2,44.1889],[8.1,44.1667],[8.02,44.1],[8.0,44.08],[7.9333,44.0],[7.9,43.95],[7.8,43.9333],[7.7,43.9],[7.7333,43.8],[7.8,43.7333]]]}},{"type":"Feature","properties":{"layer_id":"change_T20","layer_label":"Change, T>20\u00b0C","low":10.0,"high":25.0,"label":"10\u201325 pp","fill":"#f4a582","fillOpacity":0.45,"stroke":"#f4a582","strokeOpacity":0.5700000000000001,"strokeWeight":0.35},"geometry":{"type":"Polygon","coordinates":[[[7.92,43.9],[7.9833,44.0],[8.0,44.02],[8.08,44.1],[8.1,44.1167],[8.2,44.1556],[8.25,44.1],[8.2,44.05],[8.1375,44.0],[8.15,43.9],[8.1,43.85],[8.0,43.8556],[7.92,43.9]]]}},{"type":"Feature","properties":{"layer_id":"change_T20","layer_label":"Change, T>20\u00b0C","low":10.0,"high":25.0,"label":"10\u201325 pp","fill":"#f4a582","fillOpacity":0.45,"stroke":"#f4a582","strokeOpacity":0.5700000000000001,"strokeWeight":0.35},"geometry":{"type":"Polygon","coordinates":[[[1.3,43.9],[1.4,43.9],[1.5,44.0],[1.4,44.1],[1.3,44.1],[1.2,44.0],[1.3,43.9]]]}},{"type":"Feature","properties":{"layer_id":"change_T20","layer_label":"Change, T>20\u00b0C","low":10.0,"high":25.0,"label":"10\u201325 pp","fill":"#f4a582","fillOpacity":0.45,"stroke":"#f4a582","strokeOpacity":0.5700000000000001,"strokeWeight":0.35},"geometry":{"type":"Polygon","coordinates":[[[8.4,44.2333],[8.4667,44.3],[8.5,44.3333],[8.6,44.3333],[8.6667,44.4],[8.6,44.4667],[8.5,44.4667],[8.4,44.5],[8.32,44.4],[8.3,44.3],[8.4,44.2333]]]}},{"type":"Feature","properties":{"layer_id":"change_T20","layer_label":"Change, T>20\u00b0C","low":10.0,"high":25.0,"label":"10\u201325 pp","fill":"#f4a582","fillOpacity":0.45,"stroke":"#f4a582","strokeOpacity":0.5700000000000001,"strokeWeight":0.35},"geometry":{"type":"Polygon","coordinates":[[[20.7,44.5],[20.8,44.5],[20.85,44.6],[20.8,44.7],[20.8,44.7],[20.8,44.7],[20.9,44.7],[21.0,44.7],[21.0,44.7],[21.1,44.6],[21.15,44.7],[21.2,44.8],[21.1,44.9],[21.0,44.9],[20.9,44.9],[20.8,44.9],[20.8,44.9],[20.7,44.9667],[20.675,45.0],[20.7,45.0333],[20.8,45.1],[20.8,45.1],[20.8,45.1],[20.85,45.0],[20.9,44.9],[21.0,44.9],[21.05,45.0],[21.1,45.1],[21.1,45.2],[21.05,45.3],[21.0,45.4],[20.9,45.3],[20.9,45.3],[20.8,45.3],[20.7,45.2],[20.7,45.2],[20.7,45.2],[20.7,45.3],[20.6,45.4],[20.6,45.4],[20.6,45.4],[20.7,45.5],[20.7,45.6],[20.6,45.7],[20.5,45.7],[20.4,45.6],[20.4,45.6],[20.3,45.5],[20.3,45.5],[20.2,45.4],[20.2,45.4],[20.1,45.4],[20.0,45.3],[20.0,45.3],[19.9,45.2],[20.0,45.1],[20.0,45.1],[20.1,45.0],[20.2,45.0],[20.2,45.0],[20.3,44.9],[20.4,44.9],[20.4,44.9],[20.4,44.8],[20.45,44.7],[20.5,44.65],[20.6,44.6],[20.6,44.6],[20.7,44.5]]]}},{"type":"Feature","properties":{"layer_id":"change_T20","layer_label":"Change, T>20\u00b0C","low":10.0,"high":25.0,"label":"10\u201325 pp","fill":"#f4a582","fillOpacity":0.45,"stroke":"#f4a582","strokeOpacity":0.5700000000000001,"strokeWeight":0.35},"geometry":{"type":"Polygon","coordinates":[[[34.3,44.55],[34.4,44.5222],[34.4778,44.6],[34.4714,44.7],[34.4,44.7833],[34.3,44.7],[34.3,44.7],[34.2333,44.6],[34.3,44.55]]]}},{"type":"Feature","properties":{"layer_id":"change_T20","layer_label":"Change, T>20\u00b0C","low":10.0,"high":25.0,"label":"10\u201325 pp","fill":"#f4a582","fillOpacity":0.45,"stroke":"#f4a582","strokeOpacity":0.5700000000000001,"strokeWeight":0.35},"geometry":{"type":"Polygon","coordinates":[[[19.9,44.6],[20.0,44.7],[19.9,44.8],[19.8,44.7],[19.9,44.6]]]}},{"type":"Feature","properties":{"layer_id":"change_T20","layer_label":"Change, T>20\u00b0C","low":10.0,"high":25.0,"label":"10\u201325 pp","fill":"#f4a582","fillOpacity":0.45,"stroke":"#f4a582","strokeOpacity":0.5700000000000001,"strokeWeight":0.35},"geometry":{"type":"Polygon","coordinates":[[[41.6,44.7],[41.7,44.8],[41.6,44.9],[41.5,44.8],[41.6,44.7]]]}},{"type":"Feature","properties":{"layer_id":"change_T20","layer_label":"Change, T>20\u00b0C","low":10.0,"high":25.0,"label":"10\u201325 pp","fill":"#f4a582","fillOpacity":0.45,"stroke":"#f4a582","strokeOpacity":0.5700000000000001,"strokeWeight":0.35},"geometry":{"type":"Polygon","coordinates":[[[13.9,44.85],[13.95,44.9],[14.0,44.9333],[14.1,44.9286],[14.1714,45.0],[14.2,45.025],[14.275,45.1],[14.2667,45.2],[14.2,45.3],[14.1,45.3],[14.1,45.3],[14.0,45.35],[13.9,45.4],[13.9,45.4],[13.9,45.5],[13.8,45.6],[13.7,45.5667],[13.6333,45.5],[13.6,45.4714],[13.5286,45.4],[13.5286,45.3],[13.6,45.2286],[13.65,45.2],[13.64,45.1],[13.7,45.04],[13.7286,45.0],[13.8,44.9286],[13.85,44.9],[13.9,44.85]]]}},{"type":"Feature","properties":{"layer_id":"change_T20","layer_label":"Change, T>20\u00b0C","low":10.0,"high":25.0,"label":"10\u201325 pp","fill":"#f4a582","fillOpacity":0.45,"stroke":"#f4a582","strokeOpacity":0.5700000000000001,"strokeWeight":0.35},"geometry":{"type":"Polygon","coordinates":[[[13.7714,45.0],[13.8,45.0667],[13.9,45.05],[14.0,45.1],[14.0,45.2],[14.0,45.2],[14.1,45.24],[14.2,45.225],[14.2167,45.2],[14.2375,45.1],[14.2,45.0625],[14.1286,45.0],[14.1,44.9714],[14.0,44.9833],[13.9,44.9333],[13.8,44.9714],[13.7714,45.0]]]}},{"type":"Feature","properties":{"layer_id":"change_T20","layer_label":"Change, T>20\u00b0C","low":10.0,"high":25.0,"label":"10\u201325 pp","fill":"#f4a582","fillOpacity":0.45,"stroke":"#f4a582","strokeOpacity":0.5700000000000001,"strokeWeight":0.35},"geometry":{"type":"Polygon","coordinates":[[[13.5714,45.3],[13.5714,45.4],[13.6,45.4286],[13.6833,45.5],[13.7,45.5167],[13.7333,45.5],[13.7,45.4],[13.7,45.3],[13.7,45.3],[13.6,45.2714],[13.5714,45.3]]]}},{"type":"Feature","properties":{"layer_id":"change_T20","layer_label":"Change, T>20\u00b0C","low":10.0,"high":25.0,"label":"10\u201325 pp","fill":"#f4a582","fillOpacity":0.45,"stroke":"#f4a582","strokeOpacity":0.5700000000000001,"strokeWeight":0.35},"geometry":{"type":"Polygon","coordinates":[[[14.3,44.8333],[14.4,44.8333],[14.4667,44.9],[14.4,44.9667],[14.3,44.9667],[14.2333,44.9],[14.3,44.8333]]]}},{"type":"Feature","properties":{"layer_id":"change_T20","layer_label":"Change, T>20\u00b0C","low":10.0,"high":25.0,"label":"10\u201325 pp","fill":"#f4a582","fillOpacity":0.45,"stroke":"#f4a582","strokeOpacity":0.5700000000000001,"strokeWeight":0.35},"geometry":{"type":"Polygon","coordinates":[[[19.7,44.85],[19.8,44.8],[19.9,44.9],[19.8,45.0],[19.7,45.0],[19.65,44.9],[19.7,44.85]]]}},{"type":"Feature","properties":{"layer_id":"change_T20","layer_label":"Change, T>20\u00b0C","low":10.0,"high":25.0,"label":"10\u201325 pp","fill":"#f4a582","fillOpacity":0.45,"stroke":"#f4a582","strokeOpacity":0.5700000000000001,"strokeWeight":0.35},"geometry":{"type":"Polygon","coordinates":[[[33.0,46.4],[33.0,46.4],[33.1,46.475],[33.2,46.4667],[33.3,46.48],[33.4,46.48],[33.5,46.5],[33.5,46.5],[33.6,46.6],[33.6,46.6],[33.6,46.6],[33.5,46.6],[33.4,46.6],[33.3,46.6],[33.3,46.6],[33.2,46.5667],[33.1,46.55],[33.0,46.5667],[32.9333,46.5],[33.0,46.4],[33.0,46.4]]]}},{"type":"Feature","properties":{"layer_id":"change_T20","layer_label":"Change, T>20\u00b0C","low":10.0,"high":25.0,"label":"10\u201325 pp","fill":"#f4a582","fillOpacity":0.45,"stroke":"#f4a582","strokeOpacity":0.5700000000000001,"strokeWeight":0.35},"geometry":{"type":"Polygon","coordinates":[[[43.8,46.5],[43.9,46.5],[44.0,46.5],[44.1,46.475],[44.2,46.5],[44.2,46.5],[44.3,46.6],[44.4,46.6],[44.4,46.6],[44.4,46.7],[44.4,46.7],[44.3,46.7],[44.2,46.8],[44.3,46.9],[44.3,46.9],[44.35,47.0],[44.3,47.05],[44.25,47.1],[44.2,47.125],[44.1,47.1],[44.0,47.1],[43.9,47.1],[43.9,47.1],[43.9,47.1],[44.0,47.1],[44.05,47.0],[44.1,46.9],[44.0,46.8667],[43.9,46.85],[43.8,46.9],[43.8,46.9],[43.8,46.9],[43.8,46.8],[43.7,46.75],[43.65,46.7],[43.65,46.6],[43.7,46.5667],[43.8,46.5],[43.8,46.5]]]}},{"type":"Feature","properties":{"layer_id":"change_T20","layer_label":"Change, T>20\u00b0C","low":10.0,"high":25.0,"label":"10\u201325 pp","fill":"#f4a582","fillOpacity":0.45,"stroke":"#f4a582","strokeOpacity":0.5700000000000001,"strokeWeight":0.35},"geometry":{"type":"Polygon","coordinates":[[[43.3,46.7],[43.4,46.7],[43.4,46.7],[43.5,46.8],[43.5,46.8],[43.5,46.8],[43.4,46.9],[43.5,46.95],[43.55,47.0],[43.6,47.1],[43.6,47.1],[43.65,47.2],[43.6,47.3],[43.6,47.3],[43.5,47.3],[43.4,47.3],[43.4,47.3],[43.3,47.2],[43.2,47.3],[43.2,47.3],[43.1,47.3],[43.0,47.4],[43.0,47.4],[42.9,47.4],[42.9,47.4],[42.8,47.3],[42.8,47.3],[42.7,47.2],[42.7,47.2],[42.6,47.1],[42.6,47.1],[42.6,47.1],[42.65,47.0],[42.6667,46.9],[42.6,46.8],[42.6,46.8],[42.6,46.8],[42.7,46.8],[42.8,46.7667],[42.9,46.7667],[42.95,46.8],[42.9,46.9],[42.95,47.0],[43.0,47.1],[43.1,47.0],[43.1,47.0],[43.2,46.9],[43.15,46.8],[43.2,46.75],[43.3,46.7],[43.3,46.7]]]}},{"type":"Feature","properties":{"layer_id":"change_T20","layer_label":"Change, T>20\u00b0C","low":10.0,"high":25.0,"label":"10\u201325 pp","fill":"#f4a582","fillOpacity":0.45,"stroke":"#f4a582","strokeOpacity":0.5700000000000001,"strokeWeight":0.35},"geometry":{"type":"Polygon","coordinates":[[[30.5,46.9],[30.6,46.9],[30.7,47.0],[30.6,47.1],[30.5,47.1],[30.4,47.0],[30.5,46.9]]]}},{"type":"Feature","properties":{"layer_id":"change_T20","layer_label":"Change, T>20\u00b0C","low":10.0,"high":25.0,"label":"10\u201325 pp","fill":"#f4a582","fillOpacity":0.45,"stroke":"#f4a582","strokeOpacity":0.5700000000000001,"strokeWeight":0.35},"geometry":{"type":"Polygon","coordinates":[[[27.7,47.2],[27.8,47.3],[27.7,47.4],[27.6,47.3],[27.7,47.2]]]}},{"type":"Feature","properties":{"layer_id":"change_T20","layer_label":"Change, T>20\u00b0C","low":10.0,"high":25.0,"label":"10\u201325 pp","fill":"#f4a582","fillOpacity":0.45,"stroke":"#f4a582","strokeOpacity":0.5700000000000001,"strokeWeight":0.35},"geometry":{"type":"Polygon","coordinates":[[[39.9,48.45],[40.0,48.5],[39.9,48.6],[39.9,48.6],[39.8,48.7],[39.8,48.7],[39.7,48.75],[39.6,48.7],[39.6,48.6],[39.7,48.5],[39.8,48.5],[39.8,48.5],[39.9,48.45]]]}},{"type":"Feature","properties":{"layer_id":"change_T20","layer_label":"Change, T>20\u00b0C","low":10.0,"high":25.0,"label":"10\u201325 pp","fill":"#f4a582","fillOpacity":0.45,"stroke":"#f4a582","strokeOpacity":0.5700000000000001,"strokeWeight":0.35},"geometry":{"type":"Polygon","coordinates":[[[32.5,48.95],[32.6,48.9],[32.7,48.9],[32.8,48.9],[32.9,48.9],[33.0,48.9],[33.1,48.9],[33.2,48.9],[33.3,49.0],[33.3,49.0],[33.4,49.1],[33.3,49.2],[33.3,49.2],[33.3,49.3],[33.3,49.4],[33.2,49.5],[33.1,49.5],[33.1,49.5],[33.0,49.6],[32.9,49.6],[32.8,49.6],[32.7,49.6],[32.6,49.6],[32.5,49.6],[32.4,49.6],[32.3,49.6],[32.2,49.6],[32.1,49.575],[32.0,49.575],[31.9,49.5],[31.9,49.4],[31.9,49.3],[31.9,49.3],[31.85,49.2],[31.9,49.15],[32.0,49.15],[32.1,49.1],[32.2,49.1],[32.2,49.1],[32.3,49.05],[32.4,49.0333],[32.45,49.0],[32.5,48.95]]]}},{"type":"Feature","properties":{"layer_id":"change_T20","layer_label":"Change, T>20\u00b0C","low":10.0,"high":25.0,"label":"10\u201325 pp","fill":"#f4a582","fillOpacity":0.45,"stroke":"#f4a582","strokeOpacity":0.5700000000000001,"strokeWeight":0.35},"geometry":{"type":"Polygon","coordinates":[[[32.4333,49.1],[32.5,49.2],[32.6,49.2],[32.6,49.2],[32.6,49.2],[32.5,49.2],[32.4,49.2],[32.3,49.2],[32.2333,49.3],[32.2,49.4],[32.3,49.5],[32.4,49.5],[32.5,49.45],[32.6,49.5],[32.7,49.4],[32.7,49.4],[32.7,49.4],[32.8,49.4333],[32.9,49.4333],[33.0,49.4],[33.0,49.4],[33.05,49.3],[33.1,49.25],[33.1333,49.2],[33.1,49.1],[33.1,49.1],[33.0,49.0667],[32.9,49.05],[32.8333,49.1],[32.8,49.1143],[32.7,49.1],[32.7,49.1],[32.6,49.0667],[32.5,49.05],[32.4333,49.1]]]}},{"type":"Feature","properties":{"layer_id":"change_T20","layer_label":"Change, T>20\u00b0C","low":10.0,"high":25.0,"label":"10\u201325 pp","fill":"#f4a582","fillOpacity":0.45,"stroke":"#f4a582","strokeOpacity":0.5700000000000001,"strokeWeight":0.35},"geometry":{"type":"Polygon","coordinates":[[[41.0,49.7],[41.1,49.7],[41.2,49.8],[41.1,49.9],[41.1,49.9],[41.0,50.0],[40.9,50.0],[40.8,49.9],[40.9,49.8],[40.9,49.8],[41.0,49.7]]]}},{"type":"Feature","properties":{"layer_id":"change_T20","layer_label":"Change, T>20\u00b0C","low":10.0,"high":25.0,"label":"10\u201325 pp","fill":"#f4a582","fillOpacity":0.45,"stroke":"#f4a582","strokeOpacity":0.5700000000000001,"strokeWeight":0.35},"geometry":{"type":"Polygon","coordinates":[[[31.4,49.85],[31.5,49.8],[31.6,49.9],[31.55,50.0],[31.5,50.05],[31.4,50.05],[31.3,50.05],[31.2,50.0],[31.3,49.95],[31.35,49.9],[31.4,49.85]]]}},{"type":"Feature","properties":{"layer_id":"change_T20","layer_label":"Change, T>20\u00b0C","low":10.0,"high":25.0,"label":"10\u201325 pp","fill":"#f4a582","fillOpacity":0.45,"stroke":"#f4a582","strokeOpacity":0.5700000000000001,"strokeWeight":0.35},"geometry":{"type":"Polygon","coordinates":[[[30.4,50.725],[30.5,50.75],[30.55,50.8],[30.6,50.9],[30.5,51.0],[30.5,51.0],[30.5,51.0],[30.55,51.1],[30.5,51.15],[30.45,51.1],[30.4,51.0667],[30.3333,51.0],[30.4,50.9333],[30.45,50.9],[30.4,50.875],[30.325,50.8],[30.4,50.725]]]}},{"type":"Feature","properties":{"layer_id":"change_T20","layer_label":"Change, T>20\u00b0C","low":10.0,"high":25.0,"label":"10\u201325 pp","fill":"#f4a582","fillOpacity":0.45,"stroke":"#f4a582","strokeOpacity":0.5700000000000001,"strokeWeight":0.35},"geometry":{"type":"Polygon","coordinates":[[[38.0,58.25],[38.1,58.25],[38.2,58.25],[38.3,58.25],[38.4,58.25],[38.5,58.25],[38.6,58.3],[38.5,58.4],[38.5,58.4],[38.4,58.5],[38.3,58.5],[38.3,58.5],[38.3,58.6],[38.2,58.65],[38.1,58.7],[38.05,58.6],[38.1,58.5],[38.1,58.5],[38.1,58.5],[38.0,58.45],[37.95,58.5],[37.9,58.55],[37.8,58.5],[37.85,58.4],[37.9,58.35],[37.95,58.3],[38.0,58.25]]]}},{"type":"Feature","properties":{"layer_id":"change_T20","layer_label":"Change, T>20\u00b0C","low":10.0,"high":25.0,"label":"10\u201325 pp","fill":"#f4a582","fillOpacity":0.45,"stroke":"#f4a582","strokeOpacity":0.5700000000000001,"strokeWeight":0.35},"geometry":{"type":"Polygon","coordinates":[[[27.5,58.45],[27.6,58.4667],[27.6333,58.5],[27.65,58.6],[27.6333,58.7],[27.6,58.8],[27.6,58.8],[27.5,58.9],[27.4,58.8],[27.4,58.7],[27.4,58.6],[27.4,58.5],[27.5,58.45]]]}},{"type":"Feature","properties":{"layer_id":"change_T20","layer_label":"Change, T>20\u00b0C","low":10.0,"high":25.0,"label":"10\u201325 pp","fill":"#f4a582","fillOpacity":0.45,"stroke":"#f4a582","strokeOpacity":0.5700000000000001,"strokeWeight":0.35},"geometry":{"type":"Polygon","coordinates":[[[31.3,60.05],[31.4,60.05],[31.5,60.05],[31.55,60.1],[31.6,60.15],[31.7,60.15],[31.75,60.2],[31.8,60.25],[31.9,60.25],[32.0,60.25],[32.1,60.2],[32.2,60.2],[32.3,60.2],[32.4,60.2],[32.5,60.25],[32.6,60.3],[32.6,60.3],[32.7,60.4],[32.6,60.5],[32.5,60.5],[32.4,60.4],[32.4,60.4],[32.3,60.4],[32.2,60.35],[32.1,60.35],[32.0,60.35],[31.9,60.35],[31.8,60.35],[31.7,60.3],[31.7,60.3],[31.6,60.3],[31.5,60.3],[31.4,60.3],[31.3,60.3],[31.3,60.3],[31.2,60.3667],[31.1,60.35],[31.0,60.35],[30.9667,60.3],[31.0,60.2667],[31.0667,60.2],[31.1,60.1667],[31.2,60.1],[31.2,60.1],[31.3,60.05]]]}},{"type":"Feature","properties":{"layer_id":"change_T20","layer_label":"Change, T>20\u00b0C","low":25.0,"high":50.0,"label":"25\u201350 pp","fill":"#d6604d","fillOpacity":0.6,"stroke":"#d6604d","strokeOpacity":0.72,"strokeWeight":0.35},"geometry":{"type":"Polygon","coordinates":[[[-5.3,34.0],[-5.2,34.0],[-5.2,34.0],[-5.2,34.0],[-5.1,34.0],[-5.0,34.0],[-4.9,34.0],[-4.8,34.0],[-4.8,34.0],[-4.8,34.0],[-4.7,34.0],[-4.6,34.0],[-4.5,34.0],[-4.475,34.0],[-4.4,34.1],[-4.4,34.1],[-4.3,34.15],[-4.2333,34.2],[-4.2,34.225],[-4.1,34.2667],[-4.0,34.3],[-4.1,34.35],[-4.15,34.4],[-4.2,34.4333],[-4.3,34.4333],[-4.3667,34.5],[-4.4,34.52],[-4.5,34.55],[-4.6,34.55],[-4.7,34.5],[-4.7,34.5],[-4.7,34.5],[-4.8,34.5333],[-4.9,34.55],[-5.0,34.5667],[-5.1,34.525],[-5.2,34.5],[-5.2,34.4],[-5.2,34.4],[-5.3,34.3],[-5.3,34.3],[-5.3667,34.2],[-5.3333,34.1],[-5.3333,34.0],[-5.3,34.0]]]}},{"type":"Feature","properties":{"layer_id":"change_T20","layer_label":"Change, T>20\u00b0C","low":25.0,"high":50.0,"label":"25\u201350 pp","fill":"#d6604d","fillOpacity":0.6,"stroke":"#d6604d","strokeOpacity":0.72,"strokeWeight":0.35},"geometry":{"type":"Polygon","coordinates":[[[-3.6,34.0],[-3.5667,34.0],[-3.5,34.04],[-3.4,34.0],[-3.3,34.0],[-3.2,34.1],[-3.2,34.2],[-3.2,34.2],[-3.1,34.3],[-3.1,34.3],[-3.1,34.3],[-3.05,34.2],[-3.1,34.1667],[-3.2,34.1],[-3.1,34.06],[-3.0,34.05],[-2.9,34.1],[-2.9,34.1],[-2.8,34.1667],[-2.7333,34.2],[-2.8,34.3],[-2.8,34.3],[-2.8,34.3],[-2.75,34.4],[-2.8,34.475],[-2.8333,34.5],[-2.8,34.55],[-2.75,34.5],[-2.7,34.475],[-2.6,34.5],[-2.6,34.6],[-2.6667,34.7],[-2.65,34.8],[-2.6,34.82],[-2.5,34.86],[-2.4,34.9],[-2.4,34.9],[-2.3,34.9286],[-2.2,34.9375],[-2.1,34.9429],[-2.0,34.9333],[-1.9,34.9],[-1.8,35.0],[-1.8,35.0],[-1.7,35.0],[-1.7,35.0],[-1.6,34.9],[-1.5,34.95],[-1.4,34.9667],[-1.35,35.0],[-1.3,35.05],[-1.2,35.0],[-1.1,35.0],[-1.0,35.1],[-1.0,35.1],[-0.9,35.2],[-0.9,35.2],[-0.8,35.2],[-0.8,35.2],[-0.7,35.15],[-0.6,35.1333],[-0.55,35.1],[-0.5,35.05],[-0.4,35.05],[-0.3,35.05],[-0.2,35.05],[-0.1,35.0667],[0.0,35.1],[0.0,35.1],[0.1,35.1],[0.2,35.1],[0.2667,35.2],[0.3,35.25],[0.4,35.25],[0.5,35.3],[0.5,35.3],[0.6,35.3],[0.6,35.3],[0.6,35.3],[0.5,35.2],[0.6,35.15],[0.7,35.2],[0.7,35.2],[0.7667,35.3],[0.8,35.3333],[0.9,35.3],[1.0,35.3],[1.0,35.3],[1.1,35.2667],[1.1333,35.3],[1.1,35.35],[1.05,35.4],[1.1,35.4333],[1.1667,35.5],[1.2,35.5333],[1.22,35.5],[1.3,35.4333],[1.4,35.5],[1.4,35.5],[1.5,35.5143],[1.6,35.6],[1.6,35.6],[1.6,35.6],[1.7,35.5333],[1.78,35.6],[1.8,35.6333],[1.8667,35.7],[1.8,35.74],[1.7,35.7571],[1.6,35.7667],[1.5333,35.7],[1.5,35.675],[1.4,35.7],[1.3,35.6667],[1.2667,35.7],[1.3,35.75],[1.35,35.8],[1.3,35.85],[1.25,35.9],[1.3,35.925],[1.4,35.95],[1.46,36.0],[1.5,36.0667],[1.55,36.1],[1.6,36.125],[1.7,36.1333],[1.8,36.15],[1.9,36.1],[2.0,36.1],[2.1,36.1333],[2.2,36.2],[2.1,36.3],[2.0,36.28],[1.95,36.3],[1.9,36.3333],[1.8,36.4],[1.7,36.35],[1.6,36.325],[1.5,36.3333],[1.4,36.4],[1.4,36.4],[1.3,36.4429],[1.2,36.4375],[1.1,36.4167],[1.0,36.4444],[0.9333,36.4],[0.9,36.35],[0.85,36.3],[0.8,36.25],[0.7,36.2],[0.7,36.2],[0.6,36.1],[0.7,36.0],[0.8,36.0],[0.9,36.1],[0.9,36.2],[0.9,36.2],[1.0,36.2333],[1.1,36.25],[1.2,36.24],[1.3,36.2],[1.3,36.2],[1.3,36.1],[1.3,36.1],[1.2,36.05],[1.1,36.0],[1.1,36.0],[1.1,36.0],[1.1,36.1],[1.0,36.1667],[0.9,36.1],[0.95,36.0],[1.0,35.9],[1.0,35.9],[1.0,35.9],[0.9,35.9],[0.8,35.9],[0.7,35.8],[0.7,35.8],[0.6,35.75],[0.5,35.8],[0.4,35.8],[0.3,35.8],[0.2,35.7667],[0.1,35.7],[0.1,35.7],[0.0,35.6667],[-0.08,35.6],[-0.1,35.5667],[-0.125,35.6],[-0.2,35.6429],[-0.3,35.65],[-0.4,35.6667],[-0.5,35.625],[-0.6,35.6375],[-0.7,35.6],[-0.7,35.6],[-0.7,35.6],[-0.8,35.65],[-0.9,35.6333],[-1.0,35.6286],[-1.05,35.6],[-1.0,35.5333],[-0.9,35.55],[-0.85,35.5],[-0.9,35.4833],[-0.9833,35.4],[-1.0,35.38],[-1.1,35.36],[-1.2,35.325],[-1.25,35.3],[-1.3,35.28],[-1.4,35.2286],[-1.5,35.2],[-1.5,35.2],[-1.5,35.2],[-1.6,35.2375],[-1.6375,35.2],[-1.7,35.1444],[-1.8,35.15],[-1.9,35.1],[-1.9,35.1],[-2.0,35.0286],[-2.1,35.0444],[-2.2,35.05],[-2.3,35.05],[-2.4,35.1],[-2.5,35.0583],[-2.6,35.0583],[-2.7,35.0583],[-2.8,35.0545],[-2.8417,35.1],[-2.9,35.1583],[-2.9455,35.2],[-3.0,35.3],[-3.1,35.2545],[-3.2,35.2545],[-3.3,35.2545],[-3.4,35.25],[-3.5,35.2545],[-3.6,35.25],[-3.7,35.25],[-3.8,35.25],[-3.9,35.25],[-4.0,35.25],[-4.1,35.2286],[-4.2,35.2375],[-4.2375,35.2],[-4.2,35.1],[-4.1,35.15],[-4.0,35.1286],[-3.9333,35.1],[-3.9,35.0833],[-3.85,35.1],[-3.8,35.1167],[-3.7,35.1286],[-3.6,35.1],[-3.5,35.1],[-3.5,35.1],[-3.4,35.05],[-3.3,35.0],[-3.2,35.0],[-3.1,35.0],[-3.0,35.0],[-3.0,35.0],[-2.9,34.9],[-2.9,34.9],[-2.9,34.9],[-3.0,34.9],[-3.1,34.8],[-3.1,34.8],[-3.2,34.7333],[-3.3,34.7333],[-3.32,34.7],[-3.3333,34.6],[-3.35,34.5],[-3.35,34.4],[-3.3,34.3],[-3.3,34.3],[-3.3,34.3],[-3.4,34.2667],[-3.45,34.2],[-3.5,34.16],[-3.6,34.2],[-3.7,34.1],[-3.62,34.0],[-3.6,34.0]]]}},{"type":"Feature","properties":{"layer_id":"change_T20","layer_label":"Change, T>20\u00b0C","low":25.0,"high":50.0,"label":"25\u201350 pp","fill":"#d6604d","fillOpacity":0.6,"stroke":"#d6604d","strokeOpacity":0.72,"strokeWeight":0.35},"geometry":{"type":"Polygon","coordinates":[[[-2.7,34.9],[-2.8,34.95],[-2.8333,35.0],[-2.8,35.0091],[-2.7,35.0167],[-2.6,35.0167],[-2.5,35.0167],[-2.4,35.0167],[-2.3,35.0],[-2.4,34.9833],[-2.5,34.96],[-2.6,34.9333],[-2.7,34.9],[-2.7,34.9],[-2.7,34.9]]]}},{"type":"Feature","properties":{"layer_id":"change_T20","layer_label":"Change, T>20\u00b0C","low":25.0,"high":50.0,"label":"25\u201350 pp","fill":"#d6604d","fillOpacity":0.6,"stroke":"#d6604d","strokeOpacity":0.72,"strokeWeight":0.35},"geometry":{"type":"Polygon","coordinates":[[[0.85,35.5],[0.85,35.6],[0.9,35.7],[0.95,35.6],[1.0,35.5667],[1.05,35.5],[1.0,35.4333],[0.9,35.4333],[0.85,35.5]]]}},{"type":"Feature","properties":{"layer_id":"change_T20","layer_label":"Change, T>20\u00b0C","low":25.0,"high":50.0,"label":"25\u201350 pp","fill":"#d6604d","fillOpacity":0.6,"stroke":"#d6604d","strokeOpacity":0.72,"strokeWeight":0.35},"geometry":{"type":"Polygon","coordinates":[[[1.7,34.0],[1.8,34.0],[1.9,34.0],[1.9,34.0],[1.9,34.0],[2.0,34.0],[2.1,34.0],[2.0,34.1],[2.0,34.1],[1.9,34.1667],[1.8,34.1],[1.8,34.1],[1.7,34.05],[1.6667,34.0],[1.7,34.0]]]}},{"type":"Feature","properties":{"layer_id":"change_T20","layer_label":"Change, T>20\u00b0C","low":25.0,"high":50.0,"label":"25\u201350 pp","fill":"#d6604d","fillOpacity":0.6,"stroke":"#d6604d","strokeOpacity":0.72,"strokeWeight":0.35},"geometry":{"type":"Polygon","coordinates":[[[2.3,34.0],[2.4,34.0],[2.5,34.0],[2.6,34.0],[2.7,34.0],[2.8,34.0],[2.9,34.0],[2.95,34.0],[2.9,34.1],[2.9,34.1],[2.9,34.1],[2.95,34.2],[2.9,34.25],[2.8,34.3],[2.8,34.3],[2.7667,34.4],[2.7,34.44],[2.6,34.5],[2.6,34.5],[2.6,34.5],[2.5333,34.4],[2.5,34.3833],[2.45,34.4],[2.4,34.42],[2.3,34.4],[2.3,34.4],[2.2,34.3667],[2.15,34.3],[2.2,34.25],[2.3,34.2],[2.3,34.2],[2.3,34.1],[2.3,34.1],[2.25,34.0],[2.3,34.0]]]}},{"type":"Feature","properties":{"layer_id":"change_T20","layer_label":"Change, T>20\u00b0C","low":25.0,"high":50.0,"label":"25\u201350 pp","fill":"#d6604d","fillOpacity":0.6,"stroke":"#d6604d","strokeOpacity":0.72,"strokeWeight":0.35},"geometry":{"type":"Polygon","coordinates":[[[38.0,34.0],[38.0,34.0],[38.1,34.0],[38.2,34.0],[38.3,34.0],[38.4,34.0],[38.3,34.1],[38.2,34.1],[38.1,34.1],[38.1,34.1],[38.1,34.1],[38.1667,34.2],[38.2,34.225],[38.3,34.25],[38.4,34.2667],[38.5,34.3],[38.5,34.4],[38.4,34.5],[38.4,34.5],[38.3,34.6],[38.3,34.6],[38.3,34.6],[38.4,34.7],[38.3,34.7429],[38.2,34.7167],[38.1667,34.7],[38.1,34.6],[38.1,34.6],[38.08,34.5],[38.1,34.4667],[38.14,34.4],[38.1,34.3],[38.1,34.3],[38.0,34.225],[37.9667,34.2],[37.9667,34.1],[38.0,34.0]]]}},{"type":"Feature","properties":{"layer_id":"change_T20","layer_label":"Change, T>20\u00b0C","low":25.0,"high":50.0,"label":"25\u201350 pp","fill":"#d6604d","fillOpacity":0.6,"stroke":"#d6604d","strokeOpacity":0.72,"strokeWeight":0.35},"geometry":{"type":"Polygon","coordinates":[[[38.6,34.0],[38.7,34.0],[38.8,34.0],[38.85,34.0],[38.85,34.1],[38.8,34.15],[38.7,34.1333],[38.65,34.1],[38.6,34.05],[38.5,34.0],[38.6,34.0]]]}},{"type":"Feature","properties":{"layer_id":"change_T20","layer_label":"Change, T>20\u00b0C","low":25.0,"high":50.0,"label":"25\u201350 pp","fill":"#d6604d","fillOpacity":0.6,"stroke":"#d6604d","strokeOpacity":0.72,"strokeWeight":0.35},"geometry":{"type":"Polygon","coordinates":[[[3.1,34.28],[3.2,34.275],[3.2333,34.3],[3.3,34.35],[3.4,34.375],[3.45,34.4],[3.45,34.5],[3.5,34.6],[3.45,34.7],[3.5,34.75],[3.5167,34.7],[3.5,34.6],[3.6,34.5],[3.6,34.5],[3.7,34.45],[3.75,34.5],[3.8,34.5333],[3.85,34.6],[3.9,34.6667],[4.0,34.6],[4.1,34.6667],[4.1667,34.7],[4.1,34.7667],[4.0,34.7667],[3.9667,34.8],[4.0,34.9],[3.9667,35.0],[4.0,35.1],[3.9,35.15],[3.8667,35.2],[3.9,35.3],[3.9,35.4],[3.9,35.4],[4.0,35.475],[4.0429,35.4],[4.025,35.3],[4.0,35.2],[4.0,35.1],[4.05,35.0],[4.1,34.95],[4.1333,34.9],[4.2,34.8333],[4.3,34.9],[4.3,34.9],[4.4,34.925],[4.4429,35.0],[4.45,35.1],[4.4,35.15],[4.3,35.1],[4.3,35.1],[4.2,35.0],[4.2,35.0],[4.2,35.0],[4.2,35.1],[4.2,35.1],[4.25,35.2],[4.2,35.3],[4.2,35.3],[4.1667,35.4],[4.15,35.5],[4.15,35.6],[4.1,35.65],[4.0333,35.6],[4.0,35.55],[3.9,35.6],[3.8,35.5],[3.8,35.5],[3.7,35.4667],[3.65,35.5],[3.65,35.6],[3.7,35.7],[3.7,35.7],[3.7,35.7],[3.6,35.8],[3.5,35.75],[3.4,35.74],[3.3,35.7333],[3.2,35.7667],[3.1,35.8],[3.1,35.8],[3.0,35.8333],[2.9333,35.9],[2.9,36.0],[2.9,36.0],[2.8,36.06],[2.7,36.05],[2.66,36.0],[2.6,35.9],[2.6,35.9],[2.5,35.8167],[2.4667,35.8],[2.5,35.78],[2.6,35.7167],[2.7,35.7333],[2.8,35.7167],[2.9,35.72],[2.95,35.7],[2.9333,35.6],[2.9,35.5],[2.9,35.4],[3.0,35.38],[3.1,35.35],[3.15,35.4],[3.15,35.5],[3.2,35.5667],[3.3,35.5],[3.4,35.6],[3.4,35.6],[3.4,35.6],[3.45,35.5],[3.5,35.475],[3.575,35.4],[3.5,35.325],[3.4,35.3],[3.4,35.3],[3.35,35.2],[3.3,35.15],[3.2,35.1],[3.3,35.0667],[3.4,35.1],[3.4,35.1],[3.5,35.1667],[3.6,35.2],[3.6,35.2],[3.6,35.2],[3.675,35.1],[3.7,35.0],[3.8,35.0],[3.8,35.0],[3.8,35.0],[3.7,35.0],[3.7,35.0],[3.6,35.025],[3.575,35.0],[3.5,34.925],[3.4,34.9],[3.4,34.8],[3.4,34.8],[3.3667,34.7],[3.3,34.6333],[3.2,34.65],[3.15,34.6],[3.1,34.55],[3.0,34.5],[3.0,34.5],[2.9,34.45],[2.8333,34.4],[2.9,34.3333],[3.0,34.3333],[3.05,34.3],[3.1,34.28]]]}},{"type":"Feature","properties":{"layer_id":"change_T20","layer_label":"Change, T>20\u00b0C","low":25.0,"high":50.0,"label":"25\u201350 pp","fill":"#d6604d","fillOpacity":0.6,"stroke":"#d6604d","strokeOpacity":0.72,"strokeWeight":0.35},"geometry":{"type":"Polygon","coordinates":[[[2.4,34.5667],[2.5,34.55],[2.525,34.6],[2.5,34.7],[2.5,34.7],[2.45,34.8],[2.5,34.85],[2.5333,34.9],[2.55,35.0],[2.5,35.1],[2.5,35.2],[2.5,35.2],[2.5,35.2],[2.55,35.3],[2.5,35.35],[2.4333,35.3],[2.4,35.25],[2.3,35.3],[2.2,35.3],[2.1,35.2],[2.1,35.2],[2.0333,35.1],[2.0667,35.0],[2.1,34.9],[2.1,34.9],[2.1,34.8],[2.1,34.7],[2.2,34.6],[2.225,34.7],[2.3,34.775],[2.36,34.7],[2.3333,34.6],[2.4,34.5667]]]}},{"type":"Feature","properties":{"layer_id":"change_T20","layer_label":"Change, T>20\u00b0C","low":25.0,"high":50.0,"label":"25\u201350 pp","fill":"#d6604d","fillOpacity":0.6,"stroke":"#d6604d","strokeOpacity":0.72,"strokeWeight":0.35},"geometry":{"type":"Polygon","coordinates":[[[2.2333,34.9],[2.3,34.95],[2.3333,35.0],[2.4,35.0571],[2.48,35.0],[2.4,34.9],[2.4,34.9],[2.3,34.8333],[2.2333,34.9]]]}},{"type":"Feature","properties":{"layer_id":"change_T20","layer_label":"Change, T>20\u00b0C","low":25.0,"high":50.0,"label":"25\u201350 pp","fill":"#d6604d","fillOpacity":0.6,"stroke":"#d6604d","strokeOpacity":0.72,"strokeWeight":0.35},"geometry":{"type":"Polygon","coordinates":[[[8.3,34.575],[8.4,34.575],[8.5,34.575],[8.6,34.55],[8.6333,34.6],[8.7,34.64],[8.8,34.64],[8.9,34.65],[8.9667,34.7],[9.0,34.7143],[9.05,34.7],[9.1,34.6667],[9.2,34.6667],[9.25,34.7],[9.3,34.7333],[9.3667,34.8],[9.4,34.8333],[9.4667,34.9],[9.5,34.9333],[9.6,34.9286],[9.6833,35.0],[9.6667,35.1],[9.7,35.1667],[9.8,35.2],[9.8,35.2],[9.85,35.3],[9.9,35.35],[10.0,35.4],[10.0,35.4],[10.05,35.5],[10.0,35.55],[9.98,35.6],[10.0,35.7],[10.0,35.7],[10.05,35.8],[10.1,35.825],[10.175,35.9],[10.2,35.95],[10.25,35.9],[10.3,35.85],[10.4,35.85],[10.4333,35.9],[10.4,35.9333],[10.3,36.0],[10.3,36.0],[10.3,36.0],[10.4,36.1],[10.4,36.2],[10.4,36.2],[10.4375,36.3],[10.4375,36.4],[10.475,36.5],[10.4,36.6],[10.4,36.6],[10.3,36.6333],[10.2333,36.7],[10.2,36.75],[10.1,36.8],[10.1,36.8],[10.0,36.9],[9.9,36.8667],[9.85,36.9],[9.9,37.0],[9.8,37.05],[9.7,37.05],[9.62,37.1],[9.6,37.125],[9.55,37.1],[9.5,37.0],[9.5,36.9],[9.5,36.9],[9.4333,36.8],[9.5,36.7],[9.4,36.6],[9.3,36.6],[9.4,36.6],[9.5,36.5],[9.55,36.6],[9.5,36.7],[9.6,36.7333],[9.625,36.7],[9.65,36.6],[9.65,36.5],[9.7,36.4],[9.7,36.4],[9.7,36.3],[9.8,36.2],[9.8,36.2],[9.8,36.2],[9.725,36.1],[9.75,36.0],[9.8,35.95],[9.8333,36.0],[9.9,36.05],[9.94,36.0],[9.9,35.95],[9.8333,35.9],[9.8,35.85],[9.75,35.9],[9.7,35.95],[9.6667,35.9],[9.65,35.8],[9.7,35.75],[9.725,35.7],[9.7,35.65],[9.65,35.7],[9.6,35.75],[9.55,35.7],[9.5,35.6],[9.5,35.6],[9.5,35.6],[9.4,35.6333],[9.3,35.6667],[9.2,35.7],[9.1667,35.6],[9.2,35.55],[9.25,35.5],[9.3,35.4],[9.4,35.4],[9.4,35.4],[9.4,35.4],[9.3333,35.3],[9.3,35.2],[9.3,35.2],[9.2,35.2],[9.1,35.1667],[9.0333,35.1],[9.0,35.0667],[8.9,35.0],[8.9,35.0],[8.85,34.9],[8.8,34.8857],[8.7,34.875],[8.65,34.9],[8.6,34.9333],[8.5,34.9],[8.5,34.9],[8.45,34.8],[8.4,34.78],[8.3,34.7667],[8.2,34.8],[8.2,34.8],[8.2,34.8],[8.3,34.85],[8.4,34.9],[8.3,35.0],[8.2,34.95],[8.15,34.9],[8.1,34.85],[8.0,34.85],[7.9,34.9],[7.8,34.9],[7.8,34.9],[7.7,34.95],[7.6,34.975],[7.5,34.9667],[7.4,34.98],[7.3,34.95],[7.25,34.9],[7.3,34.88],[7.4,34.8429],[7.475,34.8],[7.5,34.7833],[7.6,34.7571],[7.7,34.75],[7.775,34.7],[7.8,34.68],[7.9,34.6429],[8.0,34.62],[8.1,34.6429],[8.2,34.6333],[8.25,34.6],[8.3,34.575]]]}},{"type":"Feature","properties":{"layer_id":"change_T20","layer_label":"Change, T>20\u00b0C","low":25.0,"high":50.0,"label":"25\u201350 pp","fill":"#d6604d","fillOpacity":0.6,"stroke":"#d6604d","strokeOpacity":0.72,"strokeWeight":0.35},"geometry":{"type":"Polygon","coordinates":[[[8.7667,34.8],[8.8,34.8143],[8.9,34.8429],[9.0,34.85],[9.0333,34.9],[9.1,34.9333],[9.2,34.95],[9.3,34.9],[9.2,34.8],[9.2,34.8],[9.1,34.7571],[9.0,34.7857],[8.9,34.75],[8.8,34.7667],[8.7667,34.8]]]}},{"type":"Feature","properties":{"layer_id":"change_T20","layer_label":"Change, T>20\u00b0C","low":25.0,"high":50.0,"label":"25\u201350 pp","fill":"#d6604d","fillOpacity":0.6,"stroke":"#d6604d","strokeOpacity":0.72,"strokeWeight":0.35},"geometry":{"type":"Polygon","coordinates":[[[9.3333,35.1],[9.3625,35.2],[9.4,35.25],[9.5,35.2333],[9.6,35.225],[9.62,35.2],[9.6,35.15],[9.55,35.1],[9.5,35.075],[9.4,35.0333],[9.3333,35.1]]]}},{"type":"Feature","properties":{"layer_id":"change_T20","layer_label":"Change, T>20\u00b0C","low":25.0,"high":50.0,"label":"25\u201350 pp","fill":"#d6604d","fillOpacity":0.6,"stroke":"#d6604d","strokeOpacity":0.72,"strokeWeight":0.35},"geometry":{"type":"Polygon","coordinates":[[[36.3,34.6],[36.4,34.675],[36.5,34.65],[36.6,34.62],[36.7,34.6333],[36.8,34.7],[36.8,34.7],[36.9,34.8],[36.9,34.8],[36.975,34.9],[37.0,35.0],[37.0,35.1],[37.0,35.1],[37.0,35.1],[37.0,35.0],[37.05,34.9],[37.1,34.8],[37.2,34.9],[37.2,34.9],[37.3,34.9],[37.4,34.96],[37.4667,35.0],[37.4,35.1],[37.4,35.1],[37.4,35.1],[37.5,35.1],[37.5,35.1],[37.6,35.0667],[37.7,35.0667],[37.75,35.1],[37.8,35.12],[37.9,35.14],[37.9667,35.1],[38.0,35.075],[38.1,35.05],[38.1667,35.1],[38.1,35.1667],[38.0667,35.2],[38.0,35.3],[38.0,35.3],[37.9,35.4],[37.9,35.4],[37.8,35.48],[37.7,35.475],[37.6,35.4333],[37.5,35.4286],[37.4,35.4333],[37.3,35.44],[37.2,35.45],[37.15,35.5],[37.1,35.6],[37.1,35.6],[37.05,35.7],[37.0,35.7167],[36.9,35.7167],[36.8167,35.8],[36.8,35.82],[36.7556,35.9],[36.7,35.9556],[36.6429,36.0],[36.68,36.1],[36.7,36.1143],[36.8,36.2],[36.8,36.2],[36.9,36.2143],[37.0,36.25],[37.075,36.3],[37.1,36.325],[37.175,36.4],[37.2,36.4333],[37.25,36.5],[37.25,36.6],[37.3,36.7],[37.3,36.7],[37.4,36.78],[37.42,36.8],[37.4333,36.9],[37.5,37.0],[37.5,37.0],[37.6,37.0],[37.6667,37.1],[37.68,37.2],[37.6,37.28],[37.5857,37.3],[37.6,37.4],[37.6,37.4],[37.7,37.4],[37.8,37.45],[37.9,37.45],[37.95,37.5],[38.0,37.6],[38.0,37.6],[38.1,37.6],[38.18,37.7],[38.2,37.72],[38.28,37.8],[38.2,37.85],[38.1,37.8286],[38.0333,37.8],[38.0,37.7833],[37.9,37.7333],[37.8,37.7],[37.8,37.7],[37.7,37.6625],[37.6,37.65],[37.5,37.62],[37.475,37.6],[37.4,37.54],[37.3,37.5],[37.36,37.4],[37.36,37.3],[37.4,37.2],[37.4,37.2],[37.4,37.2],[37.38,37.1],[37.3,37.0333],[37.2,37.02],[37.15,37.0],[37.1,36.95],[37.05,36.9],[37.0,36.8833],[36.9375,36.8],[36.9,36.7571],[36.8,36.7],[36.8,36.7],[36.8,36.7],[36.7667,36.8],[36.78,36.9],[36.8,36.95],[36.82,37.0],[36.8167,37.1],[36.8,37.1333],[36.7,37.14],[36.6,37.1],[36.6,37.0],[36.6,37.0],[36.52,36.9],[36.5,36.8857],[36.425,36.8],[36.4,36.78],[36.36,36.8],[36.3571,36.9],[36.3625,37.0],[36.4,37.06],[36.4333,37.1],[36.5,37.1444],[36.5556,37.2],[36.5,37.2833],[36.45,37.3],[36.4667,37.4],[36.4,37.4857],[36.3,37.5],[36.3,37.5],[36.2,37.56],[36.1,37.5571],[36.05,37.6],[36.0,37.6375],[35.9,37.6714],[35.8,37.67],[35.7,37.6286],[35.6667,37.6],[35.6,37.55],[35.5,37.525],[35.475,37.5],[35.4,37.4571],[35.3,37.4444],[35.2429,37.4],[35.2,37.35],[35.1,37.35],[35.0375,37.3],[35.0,37.27],[34.93,37.2],[34.9,37.17],[34.8,37.1286],[34.76,37.1],[34.7,37.0625],[34.6,37.0167],[34.5833,37.0],[34.5,36.9167],[34.4833,36.9],[34.5,36.85],[34.6,36.8417],[34.7,36.9],[34.7,36.9],[34.8,36.9833],[34.85,37.0],[34.9,37.0125],[34.9875,37.1],[35.0,37.1125],[35.1,37.2],[35.1,37.2],[35.2,37.2625],[35.3,37.2714],[35.34,37.3],[35.4,37.3429],[35.5,37.3286],[35.6,37.4],[35.6,37.4],[35.7,37.4143],[35.8,37.44],[35.9,37.4333],[36.0,37.45],[36.1,37.4],[36.1,37.4],[36.2,37.3556],[36.3,37.325],[36.375,37.3],[36.3667,37.2],[36.3333,37.1],[36.3,37.0833],[36.25,37.0],[36.2556,36.9],[36.2625,36.8],[36.2333,36.7],[36.24,36.6],[36.2667,36.5],[36.3,36.475],[36.3333,36.5],[36.4,36.5286],[36.5,36.52],[36.52,36.5],[36.6,36.4],[36.6,36.4],[36.6167,36.3],[36.6,36.2833],[36.5286,36.2],[36.5,36.1667],[36.4333,36.1],[36.4,36.0333],[36.3,36.0667],[36.2,36.08],[36.1,36.0625],[36.0375,36.0],[36.0333,35.9],[36.0182,35.8],[36.0182,35.7],[36.0385,35.6],[36.0333,35.5],[36.0455,35.4],[36.0417,35.3],[36.0222,35.2],[36.0333,35.1],[36.0571,35.0],[36.1,34.95],[36.16,34.9],[36.2,34.86],[36.275,34.8],[36.2714,34.7],[36.3,34.6]]]}},{"type":"Feature","properties":{"layer_id":"change_T20","layer_label":"Change, T>20\u00b0C","low":25.0,"high":50.0,"label":"25\u201350 pp","fill":"#d6604d","fillOpacity":0.6,"stroke":"#d6604d","strokeOpacity":0.72,"strokeWeight":0.35},"geometry":{"type":"Polygon","coordinates":[[[36.55,34.8],[36.6,34.9],[36.6,34.9],[36.7,34.95],[36.75,34.9],[36.7,34.825],[36.65,34.8],[36.6,34.75],[36.55,34.8]]]}},{"type":"Feature","properties":{"layer_id":"change_T20","layer_label":"Change, T>20\u00b0C","low":25.0,"high":50.0,"label":"25\u201350 pp","fill":"#d6604d","fillOpacity":0.6,"stroke":"#d6604d","strokeOpacity":0.72,"strokeWeight":0.35},"geometry":{"type":"Polygon","coordinates":[[[36.375,35.1],[36.375,35.2],[36.35,35.3],[36.3,35.36],[36.2,35.4],[36.2,35.4],[36.2,35.4],[36.15,35.3],[36.1333,35.2],[36.1,35.1333],[36.0778,35.2],[36.0833,35.3],[36.0909,35.4],[36.0667,35.5],[36.0769,35.6],[36.0636,35.7],[36.0636,35.8],[36.075,35.9],[36.1,36.0],[36.1,36.0],[36.2,36.03],[36.3,36.0111],[36.32,36.0],[36.3,35.9],[36.3,35.9],[36.3,35.9],[36.4,35.9],[36.4,35.9],[36.5,35.96],[36.6,35.9333],[36.7,35.9],[36.7,35.8],[36.6,35.7333],[36.55,35.7],[36.5,35.6],[36.575,35.5],[36.5,35.4],[36.5,35.4],[36.5,35.3],[36.4333,35.2],[36.5,35.1333],[36.5333,35.1],[36.5,35.075],[36.4,35.0667],[36.375,35.1]]]}},{"type":"Feature","properties":{"layer_id":"change_T20","layer_label":"Change, T>20\u00b0C","low":25.0,"high":50.0,"label":"25\u201350 pp","fill":"#d6604d","fillOpacity":0.6,"stroke":"#d6604d","strokeOpacity":0.72,"strokeWeight":0.35},"geometry":{"type":"Polygon","coordinates":[[[36.6667,35.2],[36.6,35.25],[36.5,35.3],[36.6,35.4],[36.7,35.4],[36.8,35.3667],[36.9,35.3],[36.85,35.2],[36.8,35.1],[36.7,35.1667],[36.6667,35.2]]]}},{"type":"Feature","properties":{"layer_id":"change_T20","layer_label":"Change, T>20\u00b0C","low":25.0,"high":50.0,"label":"25\u201350 pp","fill":"#d6604d","fillOpacity":0.6,"stroke":"#d6604d","strokeOpacity":0.72,"strokeWeight":0.35},"geometry":{"type":"Polygon","coordinates":[[[36.7,36.3],[36.7667,36.4],[36.7,36.44],[36.625,36.5],[36.6,36.5167],[36.5167,36.6],[36.5,36.62],[36.4,36.6],[36.4,36.6],[36.3,36.58],[36.29,36.6],[36.275,36.7],[36.3,36.76],[36.4,36.73],[36.4875,36.8],[36.5,36.8143],[36.6,36.85],[36.7,36.85],[36.7111,36.8],[36.7,36.775],[36.6571,36.7],[36.7,36.6],[36.7,36.6],[36.7,36.6],[36.8,36.6167],[36.9,36.6667],[36.95,36.7],[37.0,36.8],[37.1,36.7333],[37.2,36.7],[37.1,36.65],[37.075,36.6],[37.075,36.5],[37.06,36.4],[37.0,36.34],[36.9333,36.3],[36.9,36.2857],[36.8,36.2833],[36.7,36.3]]]}},{"type":"Feature","properties":{"layer_id":"change_T20","layer_label":"Change, T>20\u00b0C","low":25.0,"high":50.0,"label":"25\u201350 pp","fill":"#d6604d","fillOpacity":0.6,"stroke":"#d6604d","strokeOpacity":0.72,"strokeWeight":0.35},"geometry":{"type":"Polygon","coordinates":[[[32.7,34.85],[32.8,34.85],[32.9,34.9],[32.9,34.9],[32.9,34.9],[33.0,34.8667],[33.1,34.8417],[33.1875,34.9],[33.16,35.0],[33.1,35.0545],[33.0,35.05],[32.9,35.0286],[32.8,35.0167],[32.7,35.0375],[32.6,35.0],[32.6375,34.9],[32.7,34.85]]]}},{"type":"Feature","properties":{"layer_id":"change_T20","layer_label":"Change, T>20\u00b0C","low":25.0,"high":50.0,"label":"25\u201350 pp","fill":"#d6604d","fillOpacity":0.6,"stroke":"#d6604d","strokeOpacity":0.72,"strokeWeight":0.35},"geometry":{"type":"Polygon","coordinates":[[[2.8,34.95],[2.9,34.96],[2.9667,35.0],[3.0,35.025],[3.1,35.02],[3.2,35.1],[3.1,35.1667],[3.0,35.15],[2.9,35.15],[2.8,35.1],[2.8,35.1],[2.75,35.0],[2.8,34.95]]]}},{"type":"Feature","properties":{"layer_id":"change_T20","layer_label":"Change, T>20\u00b0C","low":25.0,"high":50.0,"label":"25\u201350 pp","fill":"#d6604d","fillOpacity":0.6,"stroke":"#d6604d","strokeOpacity":0.72,"strokeWeight":0.35},"geometry":{"type":"Polygon","coordinates":[[[6.7,34.9833],[6.8,34.9667],[6.9,35.0],[6.9,35.0],[6.94,35.1],[7.0,35.15],[7.075,35.2],[7.0,35.2375],[6.9,35.2444],[6.8,35.2444],[6.72,35.2],[6.7,35.1667],[6.6,35.1],[6.6,35.0],[6.7,34.9833]]]}},{"type":"Feature","properties":{"layer_id":"change_T20","layer_label":"Change, T>20\u00b0C","low":25.0,"high":50.0,"label":"25\u201350 pp","fill":"#d6604d","fillOpacity":0.6,"stroke":"#d6604d","strokeOpacity":0.72,"strokeWeight":0.35},"geometry":{"type":"Polygon","coordinates":[[[7.2,34.95],[7.25,35.0],[7.3,35.1],[7.2,35.15],[7.1,35.1],[7.1,35.0],[7.2,34.95]]]}},{"type":"Feature","properties":{"layer_id":"change_T20","layer_label":"Change, T>20\u00b0C","low":25.0,"high":50.0,"label":"25\u201350 pp","fill":"#d6604d","fillOpacity":0.6,"stroke":"#d6604d","strokeOpacity":0.72,"strokeWeight":0.35},"geometry":{"type":"Polygon","coordinates":[[[25.0,34.9714],[25.1,34.9556],[25.2,34.9556],[25.2444,35.0],[25.3,35.0455],[25.3857,35.1],[25.375,35.2],[25.3167,35.3],[25.3,35.3167],[25.2667,35.3],[25.2,35.2667],[25.1,35.3],[25.1,35.3],[25.0,35.3583],[24.9125,35.3],[25.0,35.2125],[25.0143,35.2],[25.0,35.1857],[24.9,35.1778],[24.83,35.1],[24.9,35.0364],[24.9667,35.0],[25.0,34.9714]]]}},{"type":"Feature","properties":{"layer_id":"change_T20","layer_label":"Change, T>20\u00b0C","low":25.0,"high":50.0,"label":"25\u201350 pp","fill":"#d6604d","fillOpacity":0.6,"stroke":"#d6604d","strokeOpacity":0.72,"strokeWeight":0.35},"geometry":{"type":"Polygon","coordinates":[[[38.2,34.9833],[38.3,34.9625],[38.4,34.975],[38.5,35.0],[38.4,35.05],[38.3,35.075],[38.2,35.05],[38.1667,35.0],[38.2,34.9833]]]}},{"type":"Feature","properties":{"layer_id":"change_T20","layer_label":"Change, T>20\u00b0C","low":25.0,"high":50.0,"label":"25\u201350 pp","fill":"#d6604d","fillOpacity":0.6,"stroke":"#d6604d","strokeOpacity":0.72,"strokeWeight":0.35},"geometry":{"type":"Polygon","coordinates":[[[5.8,35.1833],[5.9,35.15],[6.0,35.1667],[6.05,35.2],[6.0,35.25],[5.9,35.28],[5.8,35.3],[5.78,35.2],[5.8,35.1833]]]}},{"type":"Feature","properties":{"layer_id":"change_T20","layer_label":"Change, T>20\u00b0C","low":25.0,"high":50.0,"label":"25\u201350 pp","fill":"#d6604d","fillOpacity":0.6,"stroke":"#d6604d","strokeOpacity":0.72,"strokeWeight":0.35},"geometry":{"type":"Polygon","coordinates":[[[24.4,35.1455],[24.5,35.1357],[24.6,35.1429],[24.6667,35.2],[24.68,35.3],[24.6,35.3444],[24.5,35.3615],[24.4,35.3667],[24.3,35.3643],[24.25,35.4],[24.2,35.45],[24.15,35.4],[24.2,35.3375],[24.225,35.3],[24.3,35.2357],[24.3455,35.2],[24.4,35.1455]]]}},{"type":"Feature","properties":{"layer_id":"change_T20","layer_label":"Change, T>20\u00b0C","low":25.0,"high":50.0,"label":"25\u201350 pp","fill":"#d6604d","fillOpacity":0.6,"stroke":"#d6604d","strokeOpacity":0.72,"strokeWeight":0.35},"geometry":{"type":"Polygon","coordinates":[[[24.3909,35.2],[24.3,35.2714],[24.2667,35.3],[24.3,35.3286],[24.4,35.3333],[24.5,35.3231],[24.575,35.3],[24.58,35.2],[24.5,35.1714],[24.4,35.1909],[24.3909,35.2]]]}},{"type":"Feature","properties":{"layer_id":"change_T20","layer_label":"Change, T>20\u00b0C","low":25.0,"high":50.0,"label":"25\u201350 pp","fill":"#d6604d","fillOpacity":0.6,"stroke":"#d6604d","strokeOpacity":0.72,"strokeWeight":0.35},"geometry":{"type":"Polygon","coordinates":[[[23.7,35.2714],[23.8,35.2556],[23.8667,35.3],[23.9,35.34],[23.9333,35.4],[23.9,35.4429],[23.8,35.4615],[23.7,35.4545],[23.6,35.45],[23.55,35.4],[23.6,35.3167],[23.6333,35.3],[23.7,35.2714]]]}},{"type":"Feature","properties":{"layer_id":"change_T20","layer_label":"Change, T>20\u00b0C","low":25.0,"high":50.0,"label":"25\u201350 pp","fill":"#d6604d","fillOpacity":0.6,"stroke":"#d6604d","strokeOpacity":0.72,"strokeWeight":0.35},"geometry":{"type":"Polygon","coordinates":[[[-5.1,35.3375],[-5.05,35.4],[-5.1,35.45],[-5.1385,35.5],[-5.2,35.5615],[-5.2417,35.6],[-5.2625,35.7],[-5.3,35.7375],[-5.4,35.7],[-5.4,35.7],[-5.4333,35.6],[-5.4,35.575],[-5.34,35.5],[-5.3,35.4714],[-5.2,35.4273],[-5.1625,35.4],[-5.1,35.3375]]]}},{"type":"Feature","properties":{"layer_id":"change_T20","layer_label":"Change, T>20\u00b0C","low":25.0,"high":50.0,"label":"25\u201350 pp","fill":"#d6604d","fillOpacity":0.6,"stroke":"#d6604d","strokeOpacity":0.72,"strokeWeight":0.35},"geometry":{"type":"Polygon","coordinates":[[[2.2,35.3],[2.3,35.3],[2.35,35.4],[2.3,35.4667],[2.2,35.5],[2.1,35.4],[2.2,35.3]]]}},{"type":"Feature","properties":{"layer_id":"change_T20","layer_label":"Change, T>20\u00b0C","low":25.0,"high":50.0,"label":"25\u201350 pp","fill":"#d6604d","fillOpacity":0.6,"stroke":"#d6604d","strokeOpacity":0.72,"strokeWeight":0.35},"geometry":{"type":"Polygon","coordinates":[[[5.7,35.3667],[5.8,35.3],[5.9,35.4],[5.8,35.425],[5.7,35.4333],[5.65,35.5],[5.6,35.6],[5.6,35.6],[5.5,35.65],[5.4,35.68],[5.35,35.7],[5.3,35.725],[5.2667,35.7],[5.2,35.6333],[5.18,35.6],[5.2,35.575],[5.3,35.5667],[5.4,35.5],[5.4,35.5],[5.5,35.45],[5.6,35.4],[5.6,35.4],[5.7,35.3667]]]}},{"type":"Feature","properties":{"layer_id":"change_T20","layer_label":"Change, T>20\u00b0C","low":25.0,"high":50.0,"label":"25\u201350 pp","fill":"#d6604d","fillOpacity":0.6,"stroke":"#d6604d","strokeOpacity":0.72,"strokeWeight":0.35},"geometry":{"type":"Polygon","coordinates":[[[10.7,35.4],[10.8,35.5],[10.8,35.6],[10.7167,35.7],[10.7,35.7167],[10.6,35.8],[10.6,35.8],[10.5,35.8333],[10.45,35.8],[10.5,35.75],[10.55,35.7],[10.55,35.6],[10.6,35.5],[10.6,35.5],[10.7,35.4]]]}},{"type":"Feature","properties":{"layer_id":"change_T20","layer_label":"Change, T>20\u00b0C","low":25.0,"high":50.0,"label":"25\u201350 pp","fill":"#d6604d","fillOpacity":0.6,"stroke":"#d6604d","strokeOpacity":0.72,"strokeWeight":0.35},"geometry":{"type":"Polygon","coordinates":[[[6.9,35.5667],[6.95,35.6],[7.0,35.625],[7.1,35.65],[7.2,35.7],[7.1,35.725],[7.0,35.76],[6.9,35.7],[6.9,35.7],[6.9,35.7],[6.9,35.8],[6.8,35.8167],[6.7,35.8],[6.7,35.8],[6.7,35.8],[6.6,35.8333],[6.5667,35.8],[6.6,35.7667],[6.65,35.7],[6.7,35.6333],[6.8,35.65],[6.85,35.6],[6.9,35.5667]]]}},{"type":"Feature","properties":{"layer_id":"change_T20","layer_label":"Change, T>20\u00b0C","low":25.0,"high":50.0,"label":"25\u201350 pp","fill":"#d6604d","fillOpacity":0.6,"stroke":"#d6604d","strokeOpacity":0.72,"strokeWeight":0.35},"geometry":{"type":"Polygon","coordinates":[[[-5.5,35.725],[-5.4625,35.8],[-5.4,35.8556],[-5.3556,35.9],[-5.4,35.9444],[-5.5,35.9444],[-5.5444,35.9],[-5.56,35.8],[-5.5,35.725]]]}},{"type":"Feature","properties":{"layer_id":"change_T20","layer_label":"Change, T>20\u00b0C","low":25.0,"high":50.0,"label":"25\u201350 pp","fill":"#d6604d","fillOpacity":0.6,"stroke":"#d6604d","strokeOpacity":0.72,"strokeWeight":0.35},"geometry":{"type":"Polygon","coordinates":[[[0.3,35.8],[0.4,35.8],[0.5,35.8],[0.55,35.9],[0.5,35.9667],[0.4,36.0],[0.3,35.95],[0.225,35.9],[0.3,35.8]]]}},{"type":"Feature","properties":{"layer_id":"change_T20","layer_label":"Change, T>20\u00b0C","low":25.0,"high":50.0,"label":"25\u201350 pp","fill":"#d6604d","fillOpacity":0.6,"stroke":"#d6604d","strokeOpacity":0.72,"strokeWeight":0.35},"geometry":{"type":"Polygon","coordinates":[[[-5.7,36.0714],[-5.6,36.0714],[-5.5333,36.1],[-5.5,36.1333],[-5.4,36.1833],[-5.3833,36.2],[-5.3,36.2833],[-5.2833,36.3],[-5.2625,36.4],[-5.2,36.4455],[-5.1,36.45],[-5.0,36.4625],[-4.9,36.4455],[-4.8,36.45],[-4.7,36.4455],[-4.6455,36.5],[-4.6,36.5833],[-4.5833,36.6],[-4.5,36.6556],[-4.4,36.6556],[-4.3,36.7],[-4.3,36.7],[-4.2,36.7455],[-4.1,36.7556],[-4.0,36.7556],[-3.9,36.7714],[-3.8,36.7714],[-3.7,36.75],[-3.6,36.75],[-3.5,36.7455],[-3.4,36.7385],[-3.3,36.7625],[-3.2,36.7625],[-3.1,36.7556],[-3.0,36.7455],[-2.9,36.7455],[-2.8,36.75],[-2.7,36.75],[-2.65,36.8],[-2.6,36.8556],[-2.5,36.8556],[-2.4,36.8556],[-2.3,36.8714],[-2.2333,36.9],[-2.2,36.9143],[-2.1,36.9417],[-2.03,37.0],[-2.0,37.0231],[-1.9,37.0714],[-1.8714,37.1],[-1.85,37.2],[-1.8,37.2833],[-1.7833,37.3],[-1.7,37.3556],[-1.65,37.4],[-1.6,37.4571],[-1.54,37.5],[-1.5,37.52],[-1.42,37.6],[-1.4,37.6333],[-1.3,37.65],[-1.2,37.6625],[-1.125,37.7],[-1.1,37.725],[-1.0,37.7556],[-0.9556,37.8],[-0.9,37.8556],[-0.85,37.9],[-0.8,38.0],[-0.8333,38.1],[-0.8,38.1286],[-0.7286,38.2],[-0.7,38.2667],[-0.6833,38.3],[-0.6,38.3833],[-0.575,38.4],[-0.5,38.46],[-0.4333,38.5],[-0.5,38.55],[-0.6,38.5286],[-0.7,38.5333],[-0.8,38.5],[-0.8,38.5],[-0.9,38.4],[-0.9,38.4],[-1.0,38.35],[-1.0667,38.3],[-1.1,38.28],[-1.1333,38.3],[-1.2,38.35],[-1.3,38.4],[-1.3,38.4],[-1.4,38.4667],[-1.5,38.45],[-1.6,38.5],[-1.7,38.5],[-1.8,38.45],[-1.9,38.4],[-1.8,38.35],[-1.7833,38.3],[-1.7,38.2],[-1.7,38.2],[-1.6,38.1],[-1.5,38.1],[-1.5,38.1],[-1.5,38.0],[-1.45,37.9],[-1.45,37.8],[-1.5,37.7857],[-1.6,37.7571],[-1.7,37.7],[-1.7,37.7],[-1.725,37.6],[-1.8,37.5571],[-1.88,37.5],[-1.9,37.4833],[-2.0,37.4333],[-2.1,37.4167],[-2.2,37.4167],[-2.225,37.4],[-2.2,37.38],[-2.1,37.35],[-2.0857,37.3],[-2.1,37.2],[-2.1,37.2],[-2.2,37.1333],[-2.3,37.1167],[-2.4,37.1375],[-2.5,37.1286],[-2.6,37.1286],[-2.7,37.1286],[-2.74,37.1],[-2.7,37.0667],[-2.65,37.0],[-2.6667,36.9],[-2.7,36.8714],[-2.8,36.85],[-2.9,36.8667],[-2.95,36.9],[-3.0,36.9429],[-3.1,36.9857],[-3.2,36.9],[-3.2,36.9],[-3.3,36.85],[-3.4,36.8727],[-3.5,36.8857],[-3.6,36.8833],[-3.7,36.8556],[-3.8,36.8286],[-3.9,36.8286],[-4.0,36.8444],[-4.1,36.8571],[-4.2,36.86],[-4.3,36.85],[-4.4,36.8],[-4.4,36.8],[-4.5,36.8],[-4.6,36.8],[-4.6,36.8],[-4.7,36.88],[-4.8,36.8667],[-4.9,36.8],[-4.8,36.7333],[-4.78,36.7],[-4.8,36.675],[-4.9,36.64],[-5.0,36.6167],[-5.0333,36.6],[-5.1,36.5714],[-5.2,36.575],[-5.25,36.6],[-5.3,36.6667],[-5.35,36.7],[-5.3,36.725],[-5.2,36.78],[-5.18,36.8],[-5.1333,36.9],[-5.2,36.95],[-5.2667,36.9],[-5.3,36.875],[-5.3333,36.9],[-5.3,36.95],[-5.2667,37.0],[-5.2,37.0667],[-5.1,37.0571],[-5.0,37.1],[-5.0,37.1],[-4.9,37.1333],[-4.8,37.14],[-4.7,37.14],[-4.6,37.16],[-4.5,37.2],[-4.5,37.2],[-4.4,37.2],[-4.375,37.3],[-4.4,37.3333],[-4.45,37.4],[-4.46,37.5],[-4.4,37.5429],[-4.3,37.56],[-4.2,37.5222],[-4.1,37.5182],[-4.0,37.5714],[-3.9714,37.6],[-4.0,37.7],[-4.0,37.7],[-4.0,37.7],[-3.9,37.8],[-3.9,37.8],[-3.8,37.8],[-3.7,37.81],[-3.6,37.8167],[-3.5167,37.9],[-3.5,37.92],[-3.45,37.9],[-3.4,37.88],[-3.32,37.8],[-3.3,37.7833],[-3.2,37.7],[-3.15,37.8],[-3.1,37.84],[-3.0625,37.9],[-3.05,38.0],[-3.0,38.1],[-3.0,38.1],[-2.9,38.1667],[-2.88,38.2],[-2.8,38.28],[-2.7833,38.3],[-2.775,38.4],[-2.8,38.425],[-2.9,38.425],[-3.0,38.425],[-3.1,38.45],[-3.2,38.4833],[-3.25,38.5],[-3.25,38.6],[-3.2167,38.7],[-3.2,38.725],[-3.1,38.74],[-3.04,38.8],[-3.0,38.9],[-3.0,38.9],[-2.975,39.0],[-2.9,39.075],[-2.8,39.1],[-2.8,39.1],[-2.7333,39.2],[-2.725,39.3],[-2.75,39.4],[-2.8,39.5],[-2.8,39.5],[-2.9,39.55],[-2.95,39.6],[-2.975,39.7],[-3.0,39.7333],[-3.1,39.8],[-3.1,39.8],[-3.2,39.85],[-3.3,39.85],[-3.4,39.8],[-3.4,39.8],[-3.5,39.7],[-3.5,39.7],[-3.5,39.7],[-3.5,39.8],[-3.5,39.9],[-3.5,39.9],[-3.45,40.0],[-3.4,40.1],[-3.4,40.1],[-3.4,40.1],[-3.3,40.05],[-3.2,40.05],[-3.1,40.1],[-3.1,40.2],[-3.2,40.25],[-3.3,40.2],[-3.3,40.2],[-3.3,40.2],[-3.4,40.25],[-3.425,40.3],[-3.4333,40.4],[-3.5,40.5],[-3.6,40.4333],[-3.7,40.4333],[-3.8,40.4167],[-3.8333,40.4],[-3.8,40.35],[-3.7667,40.3],[-3.8,40.2667],[-3.85,40.3],[-3.9,40.3333],[-4.0,40.4],[-4.1,40.3],[-4.1,40.3],[-4.2,40.2333],[-4.25,40.2],[-4.3,40.1667],[-4.4,40.1667],[-4.5,40.15],[-4.55,40.1],[-4.6,40.05],[-4.7,40.05],[-4.8,40.0],[-4.8,40.0],[-4.9,40.0],[-5.0,39.9333],[-5.05,39.9],[-5.1,39.8667],[-5.2,39.9],[-5.3,39.9],[-5.3667,39.8],[-5.4,39.7667],[-5.5,39.8],[-5.5,39.8],[-5.6,39.9],[-5.6,39.9],[-5.7,39.94],[-5.8,39.95],[-5.9,39.9333],[-5.9667,40.0],[-6.0,40.02],[-6.1,40.04],[-6.2,40.0],[-6.2,40.0],[-6.225,39.9],[-6.3,39.85],[-6.4,39.9],[-6.4429,39.8],[-6.45,39.7],[-6.5,39.65],[-6.6,39.6667],[-6.65,39.6],[-6.6333,39.5],[-6.6333,39.4],[-6.6,39.35],[-6.5667,39.3],[-6.6,39.2],[-6.6,39.2],[-6.7,39.1],[-6.7,39.1],[-6.8,39.0],[-6.7,38.9667],[-6.6333,38.9],[-6.6,38.85],[-6.55,38.8],[-6.5333,38.7],[-6.5,38.6833],[-6.4,38.6333],[-6.3667,38.6],[-6.3,38.5714],[-6.2,38.5714],[-6.1333,38.6],[-6.1,38.625],[-6.0,38.7],[-6.0,38.7],[-6.0,38.7],[-5.9,38.6167],[-5.8,38.6],[-5.7,38.6],[-5.7,38.6],[-5.68,38.5],[-5.66,38.4],[-5.7,38.3],[-5.7,38.3],[-5.8,38.2333],[-5.9,38.22],[-5.9333,38.2],[-6.0,38.1333],[-6.025,38.1],[-6.08,38.0],[-6.1,37.975],[-6.2,37.9429],[-6.3,37.9429],[-6.4,37.9429],[-6.46,37.9],[-6.5,37.86],[-6.56,37.8],[-6.6,37.7667],[-6.7,37.7667],[-6.8,37.75],[-6.9,37.74],[-7.0,37.7],[-7.0,37.7],[-7.1,37.675],[-7.16,37.6],[-7.2,37.5333],[-7.2333,37.5],[-7.3,37.4333],[-7.35,37.4],[-7.4,37.375],[-7.5,37.3],[-7.5,37.3],[-7.6,37.2],[-7.5,37.1625],[-7.4,37.1625],[-7.3,37.1714],[-7.2,37.1625],[-7.1,37.1455],[-7.0,37.1625],[-6.9,37.1833],[-6.8,37.15],[-6.75,37.1],[-6.7,37.05],[-6.6,37.05],[-6.5444,37.0],[-6.5,36.9556],[-6.42,37.0],[-6.4,37.0333],[-6.3,37.0],[-6.2,37.0],[-6.1,37.0333],[-6.05,37.0],[-6.1,36.95],[-6.2,37.0],[-6.3,37.0],[-6.3667,36.9],[-6.4,36.8],[-6.4,36.8],[-6.4444,36.7],[-6.4,36.6556],[-6.3,36.6714],[-6.2375,36.6],[-6.2,36.5625],[-6.1286,36.5],[-6.1,36.4],[-6.06,36.5],[-6.0,36.575],[-5.9,36.55],[-5.8,36.6],[-5.8,36.6],[-5.7,36.6333],[-5.6,36.6],[-5.6,36.6],[-5.5333,36.5],[-5.5,36.45],[-5.475,36.4],[-5.5,36.3667],[-5.55,36.3],[-5.5667,36.2],[-5.6,36.1667],[-5.62,36.2],[-5.7,36.3],[-5.7,36.3],[-5.8,36.4],[-5.9,36.35],[-6.0,36.35],[-6.1,36.4],[-6.1167,36.3],[-6.1,36.2833],[-6.0167,36.2],[-6.0,36.1833],[-5.9833,36.2],[-5.9,36.2833],[-5.8286,36.2],[-5.8,36.1714],[-5.7286,36.1],[-5.7,36.0714]]]}},{"type":"Feature","properties":{"layer_id":"change_T20","layer_label":"Change, T>20\u00b0C","low":25.0,"high":50.0,"label":"25\u201350 pp","fill":"#d6604d","fillOpacity":0.6,"stroke":"#d6604d","strokeOpacity":0.72,"strokeWeight":0.35},"geometry":{"type":"Polygon","coordinates":[[[-2.0714,37.1],[-2.0167,37.2],[-2.0143,37.3],[-2.0,37.325],[-1.9,37.4],[-1.8571,37.3],[-1.9,37.2],[-1.9,37.2],[-1.9375,37.1],[-2.0,37.0615],[-2.0714,37.1]]]}},{"type":"Feature","properties":{"layer_id":"change_T20","layer_label":"Change, T>20\u00b0C","low":25.0,"high":50.0,"label":"25\u201350 pp","fill":"#d6604d","fillOpacity":0.6,"stroke":"#d6604d","strokeOpacity":0.72,"strokeWeight":0.35},"geometry":{"type":"Polygon","coordinates":[[[-6.66,37.2],[-6.7,37.2667],[-6.75,37.3],[-6.7,37.35],[-6.65,37.3],[-6.6,37.275],[-6.5,37.3],[-6.4667,37.2],[-6.5,37.15],[-6.6,37.1],[-6.66,37.2]]]}},{"type":"Feature","properties":{"layer_id":"change_T20","layer_label":"Change, T>20\u00b0C","low":25.0,"high":50.0,"label":"25\u201350 pp","fill":"#d6604d","fillOpacity":0.6,"stroke":"#d6604d","strokeOpacity":0.72,"strokeWeight":0.35},"geometry":{"type":"Polygon","coordinates":[[[-5.0,37.6],[-4.9,37.7],[-4.9,37.7],[-4.9,37.7],[-4.95,37.8],[-4.9,37.85],[-4.8667,37.8],[-4.8,37.75],[-4.7,37.75],[-4.6,37.7667],[-4.5,37.8],[-4.5,37.8],[-4.4,37.8833],[-4.3667,37.9],[-4.3,37.94],[-4.2,37.96],[-4.1,37.9667],[-4.0,38.0],[-3.9,38.0],[-3.9,38.0],[-3.8,38.08],[-3.7,38.05],[-3.6667,38.1],[-3.7,38.1667],[-3.7333,38.2],[-3.75,38.3],[-3.7,38.35],[-3.65,38.3],[-3.6,38.2667],[-3.5,38.275],[-3.45,38.3],[-3.5,38.4],[-3.5,38.4],[-3.5,38.4],[-3.4,38.4],[-3.3,38.4],[-3.35,38.3],[-3.3,38.275],[-3.2667,38.3],[-3.2,38.4],[-3.15,38.3],[-3.2,38.2333],[-3.225,38.2],[-3.3,38.15],[-3.375,38.1],[-3.4,38.05],[-3.5,38.02],[-3.55,38.0],[-3.6,37.9],[-3.6,37.9],[-3.7,37.86],[-3.8,37.8625],[-3.9,37.8625],[-4.0,37.86],[-4.05,37.8],[-4.0833,37.7],[-4.0429,37.6],[-4.1,37.5636],[-4.2,37.5778],[-4.24,37.6],[-4.3,37.65],[-4.4,37.65],[-4.5,37.625],[-4.6,37.6333],[-4.7,37.6],[-4.7,37.6],[-4.8,37.56],[-4.9,37.56],[-5.0,37.6]]]}},{"type":"Feature","properties":{"layer_id":"change_T20","layer_label":"Change, T>20\u00b0C","low":25.0,"high":50.0,"label":"25\u201350 pp","fill":"#d6604d","fillOpacity":0.6,"stroke":"#d6604d","strokeOpacity":0.72,"strokeWeight":0.35},"geometry":{"type":"Polygon","coordinates":[[[-5.6667,37.7],[-5.6,37.7286],[-5.5,37.7222],[-5.4,37.7667],[-5.3667,37.8],[-5.3,37.84],[-5.2,37.82],[-5.15,37.8],[-5.2,37.78],[-5.2571,37.7],[-5.3,37.65],[-5.4,37.6667],[-5.5,37.6667],[-5.6,37.65],[-5.6667,37.7]]]}},{"type":"Feature","properties":{"layer_id":"change_T20","layer_label":"Change, T>20\u00b0C","low":25.0,"high":50.0,"label":"25\u201350 pp","fill":"#d6604d","fillOpacity":0.6,"stroke":"#d6604d","strokeOpacity":0.72,"strokeWeight":0.35},"geometry":{"type":"Polygon","coordinates":[[[-5.4333,37.9],[-5.45,38.0],[-5.4,38.1],[-5.4,38.1],[-5.4,38.2],[-5.3,38.2333],[-5.2,38.2143],[-5.1,38.25],[-5.0,38.2667],[-4.9,38.2],[-5.0,38.1333],[-5.1,38.15],[-5.2,38.1667],[-5.2667,38.1],[-5.2,38.0333],[-5.15,38.0],[-5.2,37.95],[-5.3,37.9667],[-5.3667,37.9],[-5.4,37.88],[-5.4333,37.9]]]}},{"type":"Feature","properties":{"layer_id":"change_T20","layer_label":"Change, T>20\u00b0C","low":25.0,"high":50.0,"label":"25\u201350 pp","fill":"#d6604d","fillOpacity":0.6,"stroke":"#d6604d","strokeOpacity":0.72,"strokeWeight":0.35},"geometry":{"type":"Polygon","coordinates":[[[-3.3429,37.9],[-3.3,38.0],[-3.3,38.0],[-3.2,38.0429],[-3.14,38.0],[-3.2,37.9],[-3.2,37.9],[-3.3,37.8571],[-3.3429,37.9]]]}},{"type":"Feature","properties":{"layer_id":"change_T20","layer_label":"Change, T>20\u00b0C","low":25.0,"high":50.0,"label":"25\u201350 pp","fill":"#d6604d","fillOpacity":0.6,"stroke":"#d6604d","strokeOpacity":0.72,"strokeWeight":0.35},"geometry":{"type":"Polygon","coordinates":[[[-4.9,38.1],[-4.9,38.2],[-4.8,38.2333],[-4.7,38.22],[-4.6,38.2143],[-4.5,38.2],[-4.6,38.175],[-4.7,38.1],[-4.7,38.1],[-4.8,38.0667],[-4.9,38.1]]]}},{"type":"Feature","properties":{"layer_id":"change_T20","layer_label":"Change, T>20\u00b0C","low":25.0,"high":50.0,"label":"25\u201350 pp","fill":"#d6604d","fillOpacity":0.6,"stroke":"#d6604d","strokeOpacity":0.72,"strokeWeight":0.35},"geometry":{"type":"Polygon","coordinates":[[[-5.6,38.2],[-5.55,38.3],[-5.5,38.4],[-5.5,38.4],[-5.45,38.5],[-5.4,38.6],[-5.4,38.6],[-5.3,38.6429],[-5.22,38.7],[-5.3,38.78],[-5.4,38.7714],[-5.5,38.7714],[-5.5833,38.7],[-5.6,38.68],[-5.7,38.6833],[-5.7333,38.7],[-5.8,38.75],[-5.9,38.8],[-5.8,38.8667],[-5.7,38.8333],[-5.6,38.85],[-5.5,38.9],[-5.5,38.9],[-5.5,38.9],[-5.6,38.95],[-5.7,38.95],[-5.7667,39.0],[-5.8,39.05],[-5.8333,39.1],[-5.8,39.15],[-5.7,39.1667],[-5.6,39.16],[-5.5,39.15],[-5.4,39.1],[-5.4,39.1],[-5.3,39.0],[-5.3,39.0],[-5.3,39.0],[-5.3,39.1],[-5.2,39.2],[-5.1,39.2],[-5.0,39.15],[-4.9,39.1],[-4.8,39.1],[-4.8,39.1],[-4.7,39.1],[-4.7,39.1],[-4.6,39.125],[-4.55,39.1],[-4.5,39.0],[-4.5,38.9],[-4.5,38.9],[-4.4,38.8],[-4.5,38.7],[-4.5,38.7],[-4.6,38.675],[-4.66,38.6],[-4.7,38.5667],[-4.8,38.5667],[-4.8667,38.6],[-4.9,38.65],[-4.95,38.6],[-5.0,38.5667],[-5.1,38.6],[-5.1,38.6],[-5.1,38.6],[-5.15,38.5],[-5.2,38.475],[-5.275,38.4],[-5.3,38.3667],[-5.3667,38.3],[-5.4,38.2],[-5.4,38.2],[-5.5,38.1],[-5.6,38.2]]]}},{"type":"Feature","properties":{"layer_id":"change_T20","layer_label":"Change, T>20\u00b0C","low":25.0,"high":50.0,"label":"25\u201350 pp","fill":"#d6604d","fillOpacity":0.6,"stroke":"#d6604d","strokeOpacity":0.72,"strokeWeight":0.35},"geometry":{"type":"Polygon","coordinates":[[[-4.65,38.3],[-4.7,38.4],[-4.7,38.4],[-4.7,38.4],[-4.6,38.4333],[-4.5333,38.5],[-4.5333,38.6],[-4.5,38.6167],[-4.4,38.6],[-4.3,38.6],[-4.3,38.6],[-4.3,38.6],[-4.4,38.6],[-4.45,38.5],[-4.4,38.4],[-4.3,38.4],[-4.3,38.4],[-4.3,38.4],[-4.4,38.4],[-4.5,38.3],[-4.5,38.3],[-4.6,38.2857],[-4.65,38.3]]]}},{"type":"Feature","properties":{"layer_id":"change_T20","layer_label":"Change, T>20\u00b0C","low":25.0,"high":50.0,"label":"25\u201350 pp","fill":"#d6604d","fillOpacity":0.6,"stroke":"#d6604d","strokeOpacity":0.72,"strokeWeight":0.35},"geometry":{"type":"Polygon","coordinates":[[[-4.35,38.9],[-4.3,38.95],[-4.2,39.0],[-4.2,39.0],[-4.1,39.0333],[-4.0,39.0],[-4.1,38.9],[-4.1,38.9],[-4.2,38.8],[-4.3,38.8],[-4.35,38.9]]]}},{"type":"Feature","properties":{"layer_id":"change_T20","layer_label":"Change, T>20\u00b0C","low":25.0,"high":50.0,"label":"25\u201350 pp","fill":"#d6604d","fillOpacity":0.6,"stroke":"#d6604d","strokeOpacity":0.72,"strokeWeight":0.35},"geometry":{"type":"Polygon","coordinates":[[[-4.0333,39.2],[-4.1,39.2667],[-4.15,39.3],[-4.2,39.35],[-4.3,39.4],[-4.4,39.325],[-4.5,39.3333],[-4.6,39.3],[-4.6,39.3],[-4.6,39.3],[-4.6,39.3],[-4.5667,39.4],[-4.6,39.42],[-4.7,39.4833],[-4.75,39.5],[-4.8,39.5167],[-4.9,39.5],[-4.9,39.5],[-4.9,39.5],[-5.0,39.5333],[-5.1,39.5333],[-5.2,39.5333],[-5.225,39.5],[-5.3,39.4571],[-5.4,39.4],[-5.4,39.4],[-5.5,39.38],[-5.6,39.38],[-5.65,39.4],[-5.6667,39.5],[-5.6,39.55],[-5.55,39.6],[-5.5,39.64],[-5.4,39.65],[-5.3,39.65],[-5.2,39.6333],[-5.1,39.65],[-5.06,39.7],[-5.0,39.76],[-4.9,39.775],[-4.8,39.775],[-4.7,39.775],[-4.6,39.78],[-4.5667,39.8],[-4.5,39.9],[-4.5,39.9],[-4.5,39.9],[-4.4333,39.8],[-4.4,39.7],[-4.3,39.7],[-4.2,39.7],[-4.1,39.775],[-4.0,39.7],[-3.9,39.7],[-3.9,39.7],[-3.9,39.6],[-3.8,39.5],[-3.7,39.54],[-3.6,39.55],[-3.55,39.5],[-3.5,39.4333],[-3.48,39.4],[-3.5,39.35],[-3.55,39.3],[-3.6,39.275],[-3.7,39.3],[-3.8,39.2667],[-3.9,39.2],[-3.9,39.2],[-4.0,39.1833],[-4.0333,39.2]]]}},{"type":"Feature","properties":{"layer_id":"change_T20","layer_label":"Change, T>20\u00b0C","low":25.0,"high":50.0,"label":"25\u201350 pp","fill":"#d6604d","fillOpacity":0.6,"stroke":"#d6604d","strokeOpacity":0.72,"strokeWeight":0.35},"geometry":{"type":"Polygon","coordinates":[[[-4.9,39.3],[-4.9,39.4],[-4.8,39.42],[-4.7,39.4],[-4.7,39.4],[-4.6833,39.3],[-4.7,39.25],[-4.8,39.2667],[-4.9,39.3]]]}},{"type":"Feature","properties":{"layer_id":"change_T20","layer_label":"Change, T>20\u00b0C","low":25.0,"high":50.0,"label":"25\u201350 pp","fill":"#d6604d","fillOpacity":0.6,"stroke":"#d6604d","strokeOpacity":0.72,"strokeWeight":0.35},"geometry":{"type":"Polygon","coordinates":[[[4.3,36.1667],[4.3667,36.2],[4.4,36.225],[4.45,36.3],[4.4,36.35],[4.3,36.3625],[4.2,36.3625],[4.1,36.3625],[4.0,36.3571],[3.9,36.3429],[3.85,36.3],[3.9,36.225],[4.0,36.2],[4.1,36.2444],[4.2,36.2286],[4.25,36.2],[4.3,36.1667]]]}},{"type":"Feature","properties":{"layer_id":"change_T20","layer_label":"Change, T>20\u00b0C","low":25.0,"high":50.0,"label":"25\u201350 pp","fill":"#d6604d","fillOpacity":0.6,"stroke":"#d6604d","strokeOpacity":0.72,"strokeWeight":0.35},"geometry":{"type":"Polygon","coordinates":[[[9.4,36.15],[9.45,36.2],[9.4,36.3],[9.4,36.3],[9.3,36.3333],[9.2,36.3],[9.3,36.2],[9.3,36.2],[9.4,36.15]]]}},{"type":"Feature","properties":{"layer_id":"change_T20","layer_label":"Change, T>20\u00b0C","low":25.0,"high":50.0,"label":"25\u201350 pp","fill":"#d6604d","fillOpacity":0.6,"stroke":"#d6604d","strokeOpacity":0.72,"strokeWeight":0.35},"geometry":{"type":"Polygon","coordinates":[[[29.5,36.2556],[29.6,36.25],[29.6714,36.3],[29.6,36.35],[29.5,36.35],[29.4636,36.4],[29.4286,36.5],[29.45,36.6],[29.4444,36.7],[29.4,36.7444],[29.3,36.7583],[29.2,36.7545],[29.1,36.8],[29.1,36.8],[29.0167,36.9],[29.0,37.0],[28.9,36.9333],[28.875,36.9],[28.9,36.875],[28.9429,36.8],[29.0,36.7556],[29.0455,36.7],[29.0556,36.6],[29.1,36.5556],[29.1357,36.5],[29.2,36.4308],[29.3,36.4143],[29.3125,36.4],[29.4,36.3417],[29.4556,36.3],[29.5,36.2556]]]}},{"type":"Feature","properties":{"layer_id":"change_T20","layer_label":"Change, T>20\u00b0C","low":25.0,"high":50.0,"label":"25\u201350 pp","fill":"#d6604d","fillOpacity":0.6,"stroke":"#d6604d","strokeOpacity":0.72,"strokeWeight":0.35},"geometry":{"type":"Polygon","coordinates":[[[29.1714,36.5],[29.1333,36.6],[29.1,36.65],[29.0909,36.7],[29.1,36.7167],[29.2,36.7091],[29.3,36.7167],[29.3667,36.7],[29.4,36.6],[29.325,36.5],[29.3,36.4857],[29.2,36.4692],[29.1714,36.5]]]}},{"type":"Feature","properties":{"layer_id":"change_T20","layer_label":"Change, T>20\u00b0C","low":25.0,"high":50.0,"label":"25\u201350 pp","fill":"#d6604d","fillOpacity":0.6,"stroke":"#d6604d","strokeOpacity":0.72,"strokeWeight":0.35},"geometry":{"type":"Polygon","coordinates":[[[33.3,36.25],[33.4,36.2455],[33.5,36.2455],[33.6,36.2556],[33.65,36.3],[33.7,36.3571],[33.76,36.4],[33.8,36.4667],[33.9,36.45],[34.0,36.4455],[34.06,36.5],[34.0,36.5545],[33.9,36.55],[33.8,36.5167],[33.7,36.5667],[33.625,36.6],[33.6,36.6167],[33.5,36.625],[33.4571,36.7],[33.4,36.7444],[33.3,36.78],[33.2,36.8],[33.1714,36.7],[33.2,36.65],[33.2286,36.6],[33.3,36.5286],[33.3222,36.5],[33.4,36.4364],[33.5,36.4167],[33.5333,36.4],[33.5,36.3857],[33.4,36.36],[33.3,36.35],[33.2286,36.3],[33.3,36.25]]]}},{"type":"Feature","properties":{"layer_id":"change_T20","layer_label":"Change, T>20\u00b0C","low":25.0,"high":50.0,"label":"25\u201350 pp","fill":"#d6604d","fillOpacity":0.6,"stroke":"#d6604d","strokeOpacity":0.72,"strokeWeight":0.35},"geometry":{"type":"Polygon","coordinates":[[[37.4,36.2833],[37.4333,36.3],[37.5,36.4],[37.4,36.5],[37.3,36.4333],[37.25,36.4],[37.3,36.35],[37.35,36.3],[37.4,36.2833]]]}},{"type":"Feature","properties":{"layer_id":"change_T20","layer_label":"Change, T>20\u00b0C","low":25.0,"high":50.0,"label":"25\u201350 pp","fill":"#d6604d","fillOpacity":0.6,"stroke":"#d6604d","strokeOpacity":0.72,"strokeWeight":0.35},"geometry":{"type":"Polygon","coordinates":[[[2.4,36.45],[2.5,36.45],[2.55,36.5],[2.6,36.525],[2.65,36.5],[2.7,36.4],[2.725,36.5],[2.7,36.55],[2.675,36.6],[2.6,36.6375],[2.54,36.6],[2.5,36.5333],[2.4,36.5333],[2.3,36.5],[2.4,36.45]]]}},{"type":"Feature","properties":{"layer_id":"change_T20","layer_label":"Change, T>20\u00b0C","low":25.0,"high":50.0,"label":"25\u201350 pp","fill":"#d6604d","fillOpacity":0.6,"stroke":"#d6604d","strokeOpacity":0.72,"strokeWeight":0.35},"geometry":{"type":"Polygon","coordinates":[[[8.6,36.4],[8.7,36.4],[8.8,36.45],[8.9,36.45],[9.0,36.5],[8.9,36.55],[8.8,36.5333],[8.7,36.5333],[8.6,36.5333],[8.5667,36.5],[8.6,36.4]]]}},{"type":"Feature","properties":{"layer_id":"change_T20","layer_label":"Change, T>20\u00b0C","low":25.0,"high":50.0,"label":"25\u201350 pp","fill":"#d6604d","fillOpacity":0.6,"stroke":"#d6604d","strokeOpacity":0.72,"strokeWeight":0.35},"geometry":{"type":"Polygon","coordinates":[[[3.0,36.55],[3.05,36.6],[3.1,36.6333],[3.2,36.64],[3.3,36.625],[3.4,36.7],[3.3,36.7375],[3.2,36.7375],[3.1,36.7286],[3.0,36.7],[3.0,36.7],[2.9667,36.6],[3.0,36.55]]]}},{"type":"Feature","properties":{"layer_id":"change_T20","layer_label":"Change, T>20\u00b0C","low":25.0,"high":50.0,"label":"25\u201350 pp","fill":"#d6604d","fillOpacity":0.6,"stroke":"#d6604d","strokeOpacity":0.72,"strokeWeight":0.35},"geometry":{"type":"Polygon","coordinates":[[[31.9,36.5625],[32.0,36.55],[32.0625,36.6],[32.0,36.6625],[31.925,36.7],[31.9,36.725],[31.85,36.8],[31.8,36.8375],[31.7167,36.9],[31.7,36.9167],[31.6,36.9615],[31.5111,36.9],[31.6,36.8385],[31.6714,36.8],[31.7,36.7714],[31.7625,36.7],[31.8,36.6625],[31.8625,36.6],[31.9,36.5625]]]}},{"type":"Feature","properties":{"layer_id":"change_T20","layer_label":"Change, T>20\u00b0C","low":25.0,"high":50.0,"label":"25\u201350 pp","fill":"#d6604d","fillOpacity":0.6,"stroke":"#d6604d","strokeOpacity":0.72,"strokeWeight":0.35},"geometry":{"type":"Polygon","coordinates":[[[3.9,36.74],[4.0,36.74],[4.1,36.75],[4.2,36.775],[4.3,36.8],[4.2,36.8333],[4.1,36.85],[4.0,36.8429],[3.9,36.8375],[3.8,36.8],[3.9,36.74]]]}},{"type":"Feature","properties":{"layer_id":"change_T20","layer_label":"Change, T>20\u00b0C","low":25.0,"high":50.0,"label":"25\u201350 pp","fill":"#d6604d","fillOpacity":0.6,"stroke":"#d6604d","strokeOpacity":0.72,"strokeWeight":0.35},"geometry":{"type":"Polygon","coordinates":[[[7.0,36.7833],[7.1,36.7667],[7.2,36.8],[7.2,36.9],[7.1,36.9167],[7.05,36.9],[7.0,36.85],[6.9667,36.8],[7.0,36.7833]]]}},{"type":"Feature","properties":{"layer_id":"change_T20","layer_label":"Change, T>20\u00b0C","low":25.0,"high":50.0,"label":"25\u201350 pp","fill":"#d6604d","fillOpacity":0.6,"stroke":"#d6604d","strokeOpacity":0.72,"strokeWeight":0.35},"geometry":{"type":"Polygon","coordinates":[[[7.5,36.75],[7.6,36.74],[7.7,36.7375],[7.8,36.7667],[7.9,36.76],[8.0,36.8],[7.9,36.8286],[7.8,36.8167],[7.7,36.9],[7.6,36.9],[7.5,36.8667],[7.4,36.8],[7.5,36.75]]]}},{"type":"Feature","properties":{"layer_id":"change_T20","layer_label":"Change, T>20\u00b0C","low":25.0,"high":50.0,"label":"25\u201350 pp","fill":"#d6604d","fillOpacity":0.6,"stroke":"#d6604d","strokeOpacity":0.72,"strokeWeight":0.35},"geometry":{"type":"Polygon","coordinates":[[[22.3,36.7455],[22.4,36.7385],[22.5,36.7714],[22.5333,36.8],[22.5643,36.9],[22.6,36.9455],[22.7,36.9333],[22.725,36.9],[22.8,36.8182],[22.8333,36.8],[22.9,36.7429],[22.95,36.8],[23.0,36.8333],[23.0615,36.9],[23.0,36.9615],[22.95,37.0],[22.95,37.1],[22.9,37.15],[22.8444,37.1],[22.8167,37.0],[22.8,36.99],[22.7857,37.0],[22.7,37.0545],[22.6,37.075],[22.5714,37.1],[22.5,37.1625],[22.4167,37.1],[22.4333,37.0],[22.425,36.9],[22.4,36.8727],[22.3,36.8667],[22.27,36.9],[22.2,36.97],[22.1417,36.9],[22.2,36.8417],[22.2455,36.8],[22.3,36.7455]]]}},{"type":"Feature","properties":{"layer_id":"change_T20","layer_label":"Change, T>20\u00b0C","low":25.0,"high":50.0,"label":"25\u201350 pp","fill":"#d6604d","fillOpacity":0.6,"stroke":"#d6604d","strokeOpacity":0.72,"strokeWeight":0.35},"geometry":{"type":"Polygon","coordinates":[[[22.7667,36.9],[22.8,36.94],[22.9,37.0],[23.0,36.9231],[23.0231,36.9],[23.0,36.875],[22.9,36.85],[22.8,36.8636],[22.7667,36.9]]]}},{"type":"Feature","properties":{"layer_id":"change_T20","layer_label":"Change, T>20\u00b0C","low":25.0,"high":50.0,"label":"25\u201350 pp","fill":"#d6604d","fillOpacity":0.6,"stroke":"#d6604d","strokeOpacity":0.72,"strokeWeight":0.35},"geometry":{"type":"Polygon","coordinates":[[[43.5,36.7833],[43.6,36.7833],[43.65,36.8],[43.7,36.8167],[43.8,36.8],[43.9,36.8],[43.9,36.8],[44.0,36.78],[44.1,36.7571],[44.2,36.75],[44.25,36.8],[44.2,36.825],[44.1,36.86],[44.0,36.85],[43.98,36.9],[43.9,36.9571],[43.84,37.0],[43.8,37.0333],[43.7,37.0],[43.7,37.0],[43.6,36.92],[43.5,36.9],[43.5,36.9],[43.4,36.8],[43.5,36.7833]]]}},{"type":"Feature","properties":{"layer_id":"change_T20","layer_label":"Change, T>20\u00b0C","low":25.0,"high":50.0,"label":"25\u201350 pp","fill":"#d6604d","fillOpacity":0.6,"stroke":"#d6604d","strokeOpacity":0.72,"strokeWeight":0.35},"geometry":{"type":"Polygon","coordinates":[[[14.7,36.8571],[14.8,36.8571],[14.875,36.9],[14.8,36.95],[14.7,37.0],[14.7,37.0],[14.7,37.0],[14.8,37.1],[14.7,37.15],[14.6,37.1667],[14.55,37.2],[14.5,37.2333],[14.4,37.22],[14.3,37.2],[14.3,37.2],[14.3,37.2],[14.2,37.22],[14.1,37.24],[14.0,37.24],[13.9,37.2333],[13.8,37.25],[13.7,37.275],[13.6625,37.2],[13.7,37.1625],[13.8,37.1556],[13.9,37.1714],[14.0,37.1714],[14.1,37.1714],[14.2,37.1],[14.2,37.1],[14.3,37.0833],[14.4,37.1],[14.4,37.1],[14.5,37.1333],[14.52,37.1],[14.55,37.0],[14.6,36.94],[14.64,36.9],[14.7,36.8571]]]}},{"type":"Feature","properties":{"layer_id":"change_T20","layer_label":"Change, T>20\u00b0C","low":25.0,"high":50.0,"label":"25\u201350 pp","fill":"#d6604d","fillOpacity":0.6,"stroke":"#d6604d","strokeOpacity":0.72,"strokeWeight":0.35},"geometry":{"type":"Polygon","coordinates":[[[-8.0,36.9714],[-7.9,36.9625],[-7.8,36.9556],[-7.7556,37.0],[-7.7,37.0625],[-7.6625,37.1],[-7.7,37.1429],[-7.8,37.1286],[-7.9,37.1],[-7.9,37.1],[-8.0,37.0333],[-8.0286,37.0],[-8.0,36.9714]]]}},{"type":"Feature","properties":{"layer_id":"change_T20","layer_label":"Change, T>20\u00b0C","low":25.0,"high":50.0,"label":"25\u201350 pp","fill":"#d6604d","fillOpacity":0.6,"stroke":"#d6604d","strokeOpacity":0.72,"strokeWeight":0.35},"geometry":{"type":"Polygon","coordinates":[[[15.0,36.9429],[15.0571,37.0],[15.0625,37.1],[15.025,37.2],[15.0,37.3],[15.0,37.3],[14.9,37.35],[14.8667,37.4],[14.85,37.5],[14.9,37.55],[15.0,37.58],[15.0333,37.6],[15.0,37.6167],[14.9,37.6444],[14.8,37.675],[14.7667,37.7],[14.7,37.74],[14.65,37.7],[14.7,37.6],[14.7,37.6],[14.7,37.6],[14.65,37.5],[14.7,37.4333],[14.7333,37.4],[14.7333,37.3],[14.8,37.2],[14.8,37.2],[14.9,37.1],[14.9,37.1],[14.9333,37.0],[15.0,36.9429]]]}},{"type":"Feature","properties":{"layer_id":"change_T20","layer_label":"Change, T>20\u00b0C","low":25.0,"high":50.0,"label":"25\u201350 pp","fill":"#d6604d","fillOpacity":0.6,"stroke":"#d6604d","strokeOpacity":0.72,"strokeWeight":0.35},"geometry":{"type":"Polygon","coordinates":[[[21.8,36.975],[21.85,37.0],[21.9,37.0125],[22.0,37.1],[21.9,37.2],[21.8,37.2],[21.8,37.2],[21.8,37.2],[21.8333,37.3],[21.8,37.4],[21.8,37.4],[21.7667,37.5],[21.7875,37.6],[21.7714,37.7],[21.7,37.7556],[21.6,37.7875],[21.5889,37.8],[21.5818,37.9],[21.6,37.9286],[21.6625,38.0],[21.7,38.05],[21.7429,38.1],[21.74,38.2],[21.8,38.275],[21.9,38.3],[21.9,38.3],[22.0,38.32],[22.1,38.35],[22.1833,38.4],[22.1,38.4625],[22.0,38.4667],[21.9,38.4571],[21.8,38.4667],[21.7,38.48],[21.6875,38.5],[21.6,38.5778],[21.5667,38.6],[21.5,38.6571],[21.45,38.7],[21.4,38.775],[21.3875,38.8],[21.35,38.9],[21.3,38.925],[21.225,39.0],[21.2,39.02],[21.1833,39.0],[21.1417,38.9],[21.1,38.8545],[21.0,38.8444],[20.9556,38.8],[20.9833,38.7],[21.0,38.68],[21.1,38.64],[21.2,38.6625],[21.3,38.64],[21.3444,38.6],[21.4,38.5],[21.4,38.5],[21.5,38.4375],[21.6,38.4222],[21.6333,38.4],[21.6625,38.3],[21.6714,38.2],[21.6,38.1583],[21.5,38.1],[21.5,38.1],[21.5,38.1],[21.4,38.1286],[21.3714,38.1],[21.35,38.0],[21.3,37.95],[21.2667,37.9],[21.2625,37.8],[21.3,37.7625],[21.3714,37.7],[21.4,37.6714],[21.5,37.65],[21.5357,37.6],[21.6,37.5357],[21.6455,37.5],[21.6417,37.4],[21.6556,37.3],[21.6417,37.2],[21.6,37.1],[21.7,37.0286],[21.7667,37.0],[21.8,36.975]]]}},{"type":"Feature","properties":{"layer_id":"change_T20","layer_label":"Change, T>20\u00b0C","low":25.0,"high":50.0,"label":"25\u201350 pp","fill":"#d6604d","fillOpacity":0.6,"stroke":"#d6604d","strokeOpacity":0.72,"strokeWeight":0.35},"geometry":{"type":"Polygon","coordinates":[[[21.6833,37.4],[21.6909,37.5],[21.6,37.5714],[21.5714,37.6],[21.5,37.7],[21.6,37.725],[21.7,37.7],[21.7,37.7],[21.725,37.6],[21.7111,37.5],[21.7286,37.4],[21.7,37.3333],[21.6833,37.4]]]}},{"type":"Feature","properties":{"layer_id":"change_T20","layer_label":"Change, T>20\u00b0C","low":25.0,"high":50.0,"label":"25\u201350 pp","fill":"#d6604d","fillOpacity":0.6,"stroke":"#d6604d","strokeOpacity":0.72,"strokeWeight":0.35},"geometry":{"type":"Polygon","coordinates":[[[21.44,37.8],[21.45,37.9],[21.45,38.0],[21.5,38.0444],[21.5714,38.1],[21.6,38.1167],[21.65,38.1],[21.6,38.0],[21.6,38.0],[21.5364,37.9],[21.5333,37.8],[21.5,37.7],[21.44,37.8]]]}},{"type":"Feature","properties":{"layer_id":"change_T20","layer_label":"Change, T>20\u00b0C","low":25.0,"high":50.0,"label":"25\u201350 pp","fill":"#d6604d","fillOpacity":0.6,"stroke":"#d6604d","strokeOpacity":0.72,"strokeWeight":0.35},"geometry":{"type":"Polygon","coordinates":[[[28.7,36.9625],[28.8,36.975],[28.8333,37.0],[28.8,37.0167],[28.7,37.06],[28.68,37.1],[28.7,37.2],[28.7,37.2],[28.8,37.2625],[28.86,37.3],[28.84,37.4],[28.8,37.5],[28.8,37.5],[28.76,37.6],[28.7,37.675],[28.675,37.7],[28.7,37.72],[28.78,37.8],[28.8,37.81],[28.9,37.825],[28.9143,37.8],[29.0,37.7455],[29.1,37.7417],[29.2,37.7333],[29.3,37.7455],[29.4,37.75],[29.5,37.7625],[29.6,37.75],[29.66,37.7],[29.7,37.6714],[29.7667,37.7],[29.8,37.725],[29.85,37.8],[29.8,37.85],[29.7,37.85],[29.6,37.85],[29.54,37.9],[29.5,38.0],[29.4,37.94],[29.3,37.9545],[29.2,37.97],[29.1727,38.0],[29.15,38.1],[29.2,38.125],[29.3,38.15],[29.4,38.15],[29.4333,38.2],[29.4,38.25],[29.38,38.3],[29.3,38.3667],[29.25,38.4],[29.2,38.4286],[29.1,38.4],[29.1,38.4],[29.0,38.3],[29.0,38.3],[28.9,38.3],[28.9,38.3],[28.8,38.38],[28.78,38.4],[28.7,38.4571],[28.625,38.5],[28.7,38.575],[28.8,38.6],[28.8,38.6],[28.8333,38.7],[28.8,38.725],[28.725,38.8],[28.7,38.82],[28.6,38.82],[28.5,38.8],[28.5,38.7],[28.55,38.6],[28.5,38.5833],[28.4857,38.6],[28.4,38.675],[28.3,38.6667],[28.2,38.675],[28.1,38.7],[28.1,38.7],[28.0,38.8],[28.0,38.8],[27.95,38.9],[27.9333,39.0],[27.9,39.1],[27.9,39.1],[27.8,39.125],[27.7,39.125],[27.6,39.1],[27.6,39.0],[27.6,39.0],[27.5,38.9333],[27.4,38.9],[27.4,38.9],[27.3,38.9],[27.3,38.9],[27.3,38.9],[27.4,39.0],[27.4,39.0],[27.5,39.0667],[27.6,39.1],[27.55,39.2],[27.5,39.25],[27.4,39.3],[27.4,39.3],[27.3,39.325],[27.275,39.3],[27.2,39.2667],[27.1,39.2625],[27.0,39.3],[27.0,39.3],[27.0,39.3],[27.0667,39.4],[27.1,39.4429],[27.18,39.5],[27.16,39.6],[27.1,39.6429],[27.0,39.6429],[26.9,39.6375],[26.8,39.6167],[26.7,39.62],[26.6333,39.7],[26.6667,39.8],[26.7,39.85],[26.8,39.9],[26.7,39.95],[26.6,39.9857],[26.55,40.0],[26.5833,40.1],[26.6,40.12],[26.7,40.2],[26.7,40.2],[26.8,40.22],[26.9,40.22],[26.9333,40.2],[26.95,40.1],[27.0,40.075],[27.1,40.075],[27.15,40.1],[27.2,40.1143],[27.3,40.15],[27.4,40.1571],[27.5,40.12],[27.5333,40.1],[27.6,40.05],[27.6667,40.0],[27.7,39.95],[27.8,39.9],[27.9,40.0],[27.9,40.0],[27.9,40.0],[28.0,39.9667],[28.1,39.9333],[28.2,39.975],[28.3,40.0],[28.3,40.0],[28.4,40.06],[28.5,40.08],[28.52,40.1],[28.6,40.14],[28.7,40.1714],[28.74,40.2],[28.8,40.2375],[28.9,40.2333],[29.0,40.24],[29.1,40.2444],[29.1833,40.3],[29.1,40.3714],[29.0,40.3545],[28.9,40.3545],[28.8667,40.4],[28.9,40.45],[29.0,40.4455],[29.0667,40.5],[29.1,40.5375],[29.2,40.55],[29.26,40.6],[29.3,40.6286],[29.4,40.6],[29.4286,40.7],[29.5,40.7455],[29.6,40.75],[29.7,40.775],[29.8,40.7667],[29.9,40.7667],[30.0,40.78],[30.05,40.8],[30.0,40.8333],[29.9,40.8333],[29.8,40.84],[29.7,40.825],[29.6,40.9],[29.6,40.9],[29.6,40.9],[29.675,41.0],[29.7,41.0125],[29.75,41.0],[29.8,40.975],[29.9,40.9571],[30.0,40.94],[30.1,40.94],[30.2,40.9667],[30.3,40.9833],[30.35,41.0],[30.4,41.0111],[30.5,41.01],[30.6,41.0222],[30.7,41.0333],[30.7615,41.1],[30.7,41.1615],[30.6,41.1583],[30.5,41.1643],[30.4,41.1615],[30.3,41.1615],[30.2,41.1615],[30.1,41.1583],[30.0,41.1583],[29.9,41.1545],[29.8,41.1615],[29.7,41.1583],[29.65,41.2],[29.6,41.25],[29.55,41.2],[29.5,41.1583],[29.4,41.1545],[29.3,41.2],[29.3,41.2],[29.2,41.25],[29.1,41.25],[29.0,41.2444],[28.9,41.2444],[28.8286,41.3],[28.8,41.3286],[28.7,41.3167],[28.6,41.3286],[28.5,41.3375],[28.4286,41.4],[28.4,41.4286],[28.3,41.4545],[28.2545,41.5],[28.2,41.5545],[28.1286,41.6],[28.1,41.6286],[28.0286,41.7],[28.0,41.7286],[27.9444,41.8],[28.0,41.8417],[28.0583,41.9],[28.0,41.9583],[27.9583,42.0],[27.9643,42.1],[27.9,42.1643],[27.8583,42.2],[27.8,42.2583],[27.7583,42.3],[27.7643,42.4],[27.7,42.4643],[27.6,42.4615],[27.5,42.4286],[27.45,42.4],[27.5,42.3333],[27.5111,42.3],[27.6,42.2],[27.6,42.2],[27.7,42.1],[27.7,42.1],[27.8,42.0],[27.8,42.0],[27.82,41.9],[27.8429,41.8],[27.8125,41.7],[27.8,41.6667],[27.76,41.6],[27.725,41.5],[27.7667,41.4],[27.7333,41.3],[27.7,41.2667],[27.6333,41.2],[27.6,41.1857],[27.5,41.16],[27.425,41.1],[27.4,41.0833],[27.3,41.08],[27.2667,41.1],[27.2,41.2],[27.1,41.1333],[27.0,41.1],[27.0,41.1],[26.9,41.1],[26.8,41.0],[26.8,41.0],[26.8,41.0],[26.8,41.1],[26.8,41.1],[26.85,41.2],[26.9,41.3],[26.9,41.3],[27.0,41.4],[26.9,41.4667],[26.85,41.5],[26.8,41.55],[26.7,41.5],[26.7,41.5],[26.7,41.5],[26.65,41.6],[26.6,41.6333],[26.55,41.6],[26.55,41.5],[26.5,41.4667],[26.4333,41.4],[26.4,41.3667],[26.3,41.375],[26.25,41.4],[26.2,41.4333],[26.15,41.4],[26.15,41.3],[26.1833,41.2],[26.1333,41.1],[26.1,41.075],[26.0,41.0444],[25.9,41.0167],[25.8,41.0333],[25.7,41.0833],[25.68,41.1],[25.6,41.1444],[25.5,41.1333],[25.4,41.1],[25.4,41.1],[25.3,41.1],[25.3,41.1],[25.2,41.1286],[25.1,41.1167],[25.0,41.1167],[24.9,41.1],[24.9,41.1],[24.8,41.08],[24.7,41.0727],[24.6,41.0375],[24.55,41.0],[24.6,40.9625],[24.7,40.9385],[24.8,40.9385],[24.9,40.95],[25.0,40.95],[25.1,40.9625],[25.2,41.0],[25.2,41.0],[25.2,41.0],[25.3,40.9455],[25.4,40.95],[25.5,40.9455],[25.55,40.9],[25.6,40.85],[25.7,40.8385],[25.8,40.8556],[25.9,40.8556],[26.0,40.85],[26.0417,40.8],[26.1,40.7],[26.1,40.7],[26.2,40.65],[26.3,40.6385],[26.4,40.6385],[26.5,40.6357],[26.6,40.6357],[26.7,40.6333],[26.8,40.6],[26.9,40.6],[26.9,40.6],[27.0,40.5833],[27.0167,40.6],[27.1,40.6417],[27.2,40.6417],[27.2583,40.7],[27.3,40.7417],[27.4,40.7357],[27.4643,40.8],[27.4583,40.9],[27.5,40.9417],[27.6,40.9385],[27.7,40.9417],[27.8,40.9556],[27.9,40.9625],[27.975,41.0],[28.0,41.02],[28.1,41.0556],[28.2,41.0455],[28.3,41.05],[28.4,41.05],[28.5,41.0375],[28.6,41.0375],[28.7,41.0286],[28.8,41.0],[28.8,41.0],[28.9,40.9833],[29.0,40.9417],[29.1,40.9455],[29.2,40.9455],[29.25,40.9],[29.3,40.85],[29.35,40.8],[29.3,40.75],[29.25,40.7],[29.2,40.6375],[29.1,40.65],[29.0,40.6444],[28.9556,40.6],[28.9,40.55],[28.85,40.5],[28.8,40.4667],[28.7333,40.4],[28.7,40.3375],[28.6,40.3545],[28.5444,40.4],[28.5,40.4444],[28.4,40.45],[28.3,40.45],[28.2,40.4286],[28.1,40.4167],[28.0833,40.4],[28.0,40.3545],[27.9375,40.4],[27.9,40.4375],[27.8625,40.4],[27.8,40.3583],[27.7417,40.3],[27.7,40.2667],[27.6,40.2583],[27.5,40.2444],[27.4643,40.3],[27.4,40.3643],[27.3375,40.4],[27.3,40.4375],[27.2,40.4375],[27.1,40.4667],[27.0,40.4688],[26.9,40.4643],[26.8444,40.5],[26.8,40.6],[26.7556,40.5],[26.7,40.4667],[26.6,40.4667],[26.5,40.4545],[26.4,40.4167],[26.3,40.4],[26.35,40.3],[26.3,40.2333],[26.25,40.2],[26.22,40.1],[26.3,40.0556],[26.3455,40.0],[26.3,39.9583],[26.2,39.9375],[26.1625,39.9],[26.2,39.8],[26.2,39.8],[26.2,39.8],[26.1455,39.7],[26.1714,39.6],[26.2,39.56],[26.3,39.5455],[26.4,39.5417],[26.5,39.5417],[26.6,39.5455],[26.7,39.5833],[26.8,39.5833],[26.9,39.55],[26.9429,39.5],[26.9,39.4625],[26.8286,39.4],[26.8364,39.3],[26.8,39.22],[26.7833,39.2],[26.8,39.1833],[26.9,39.1],[26.9,39.1],[27.0,39.05],[27.0333,39.0],[27.0625,38.9],[27.0,38.8286],[26.9714,38.8],[26.95,38.7],[26.975,38.6],[27.0,38.55],[27.0167,38.5],[27.1,38.45],[27.15,38.4],[27.1,38.35],[27.0,38.3375],[26.9,38.3286],[26.8714,38.3],[26.9,38.2667],[26.9571,38.2],[27.0,38.1625],[27.1,38.1],[27.1,38.1],[27.2,38.0833],[27.2714,38.0],[27.3,37.9333],[27.3167,37.9],[27.4,37.8],[27.4,37.8],[27.5,37.7],[27.5,37.7],[27.5385,37.6],[27.525,37.5],[27.6,37.425],[27.6667,37.4],[27.7,37.3833],[27.8,37.3375],[27.8375,37.3],[27.8375,37.2],[27.9,37.1444],[28.0,37.1333],[28.1,37.1],[28.2,37.1111],[28.3,37.1167],[28.4,37.2],[28.3286,37.3],[28.375,37.4],[28.4,37.45],[28.5,37.4222],[28.5222,37.4],[28.56,37.3],[28.54,37.2],[28.5,37.1667],[28.4333,37.1],[28.5,37.0556],[28.6,37.0273],[28.65,37.0],[28.7,36.9625]]]}},{"type":"Feature","properties":{"layer_id":"change_T20","layer_label":"Change, T>20\u00b0C","low":25.0,"high":50.0,"label":"25\u201350 pp","fill":"#d6604d","fillOpacity":0.6,"stroke":"#d6604d","strokeOpacity":0.72,"strokeWeight":0.35},"geometry":{"type":"Polygon","coordinates":[[[28.5778,37.4],[28.5,37.4778],[28.46,37.5],[28.4,37.6],[28.4,37.6],[28.38,37.7],[28.3,37.75],[28.2,37.76],[28.1333,37.7],[28.1,37.6],[28.1,37.6],[28.0,37.5667],[27.9,37.55],[27.85,37.5],[27.8,37.4],[27.7,37.5],[27.8,37.6],[27.8,37.6],[27.8,37.6],[27.7,37.625],[27.675,37.6],[27.7,37.5],[27.6,37.4875],[27.5875,37.5],[27.5769,37.6],[27.5833,37.7],[27.6,37.72],[27.7,37.7375],[27.8,37.7286],[27.9,37.7],[27.9,37.7],[27.9,37.7],[28.0,37.74],[28.0429,37.8],[28.0,37.86],[27.9,37.875],[27.8,37.8714],[27.7,37.8625],[27.6,37.88],[27.5,37.8667],[27.4,37.9],[27.4,37.9],[27.375,38.0],[27.3667,38.1],[27.3,38.1667],[27.2,38.18],[27.1,38.2],[27.2,38.3],[27.3,38.25],[27.4,38.25],[27.5,38.2429],[27.6,38.25],[27.7,38.2286],[27.8,38.2364],[27.9,38.2111],[28.0,38.2],[27.9,38.1667],[27.85,38.1],[27.8,38.0818],[27.7,38.0833],[27.6,38.0],[27.6,38.0],[27.6,38.0],[27.7,37.9375],[27.8,37.9182],[27.9,37.9167],[28.0,37.9167],[28.1,37.9333],[28.2,37.9455],[28.3,37.95],[28.325,37.9],[28.4,37.8625],[28.46,37.9],[28.5,37.95],[28.6,37.9625],[28.7,37.98],[28.72,38.0],[28.8,38.0667],[28.84,38.0],[28.8667,37.9],[28.8,37.86],[28.7,37.82],[28.6833,37.8],[28.6,37.7286],[28.5333,37.7],[28.6,37.65],[28.65,37.6],[28.6667,37.5],[28.7,37.4667],[28.74,37.4],[28.7,37.3],[28.6,37.36],[28.5778,37.4]]]}},{"type":"Feature","properties":{"layer_id":"change_T20","layer_label":"Change, T>20\u00b0C","low":25.0,"high":50.0,"label":"25\u201350 pp","fill":"#d6604d","fillOpacity":0.6,"stroke":"#d6604d","strokeOpacity":0.72,"strokeWeight":0.35},"geometry":{"type":"Polygon","coordinates":[[[28.9857,37.8],[29.0,37.81],[29.1,37.825],[29.175,37.9],[29.2,37.92],[29.3,37.9091],[29.325,37.9],[29.4,37.8],[29.3,37.7909],[29.2,37.7889],[29.1,37.7833],[29.0,37.7909],[28.9857,37.8]]]}},{"type":"Feature","properties":{"layer_id":"change_T20","layer_label":"Change, T>20\u00b0C","low":25.0,"high":50.0,"label":"25\u201350 pp","fill":"#d6604d","fillOpacity":0.6,"stroke":"#d6604d","strokeOpacity":0.72,"strokeWeight":0.35},"geometry":{"type":"Polygon","coordinates":[[[28.9429,37.9],[28.9,37.975],[28.89,38.0],[28.9,38.0167],[29.0,38.0167],[29.0111,38.0],[29.1,37.9111],[29.1125,37.9],[29.1,37.8875],[29.0,37.86],[28.9429,37.9]]]}},{"type":"Feature","properties":{"layer_id":"change_T20","layer_label":"Change, T>20\u00b0C","low":25.0,"high":50.0,"label":"25\u201350 pp","fill":"#d6604d","fillOpacity":0.6,"stroke":"#d6604d","strokeOpacity":0.72,"strokeWeight":0.35},"geometry":{"type":"Polygon","coordinates":[[[27.7,38.0],[27.7,38.0],[27.8,38.0364],[27.9,38.0625],[28.0,38.0714],[28.1,38.0556],[28.2,38.02],[28.22,38.0],[28.2,37.9909],[28.1,37.9667],[28.0,37.9583],[27.9,37.9583],[27.8,37.9636],[27.7,38.0],[27.7,38.0]]]}},{"type":"Feature","properties":{"layer_id":"change_T20","layer_label":"Change, T>20\u00b0C","low":25.0,"high":50.0,"label":"25\u201350 pp","fill":"#d6604d","fillOpacity":0.6,"stroke":"#d6604d","strokeOpacity":0.72,"strokeWeight":0.35},"geometry":{"type":"Polygon","coordinates":[[[28.32,38.1],[28.3,38.2],[28.3,38.2],[28.2,38.2583],[28.1,38.26],[28.0,38.2625],[27.9,38.2667],[27.8,38.2818],[27.7,38.3],[27.6,38.3],[27.6,38.3],[27.5,38.4],[27.4,38.4],[27.4,38.4],[27.4,38.5],[27.4,38.6],[27.4,38.6],[27.4,38.6],[27.4,38.5],[27.5,38.4],[27.6,38.425],[27.7,38.4333],[27.8,38.4556],[27.9,38.4714],[28.0,38.4714],[28.1,38.4714],[28.2,38.4417],[28.3,38.46],[28.36,38.4],[28.4,38.3333],[28.4143,38.3],[28.5,38.2],[28.5,38.2],[28.6,38.15],[28.7,38.1364],[28.7571,38.1],[28.7,38.05],[28.6,38.0333],[28.5,38.0429],[28.4,38.0429],[28.32,38.1]]]}},{"type":"Feature","properties":{"layer_id":"change_T20","layer_label":"Change, T>20\u00b0C","low":25.0,"high":50.0,"label":"25\u201350 pp","fill":"#d6604d","fillOpacity":0.6,"stroke":"#d6604d","strokeOpacity":0.72,"strokeWeight":0.35},"geometry":{"type":"Polygon","coordinates":[[[29.1,38.2],[29.1,38.2],[29.1,38.3],[29.1,38.3],[29.2,38.3625],[29.2833,38.3],[29.28,38.2],[29.2,38.1667],[29.1,38.2]]]}},{"type":"Feature","properties":{"layer_id":"change_T20","layer_label":"Change, T>20\u00b0C","low":25.0,"high":50.0,"label":"25\u201350 pp","fill":"#d6604d","fillOpacity":0.6,"stroke":"#d6604d","strokeOpacity":0.72,"strokeWeight":0.35},"geometry":{"type":"Polygon","coordinates":[[[28.4857,38.3],[28.46,38.4],[28.5,38.5],[28.6,38.42],[28.65,38.4],[28.6,38.3667],[28.5333,38.3],[28.5,38.2833],[28.4857,38.3]]]}},{"type":"Feature","properties":{"layer_id":"change_T20","layer_label":"Change, T>20\u00b0C","low":25.0,"high":50.0,"label":"25\u201350 pp","fill":"#d6604d","fillOpacity":0.6,"stroke":"#d6604d","strokeOpacity":0.72,"strokeWeight":0.35},"geometry":{"type":"Polygon","coordinates":[[[27.1,38.5],[27.15,38.6],[27.1333,38.7],[27.2,38.8],[27.2,38.8],[27.3,38.8375],[27.4,38.8167],[27.5,38.82],[27.6,38.8333],[27.625,38.8],[27.6,38.7],[27.6,38.7],[27.6,38.7],[27.7,38.6],[27.7,38.6],[27.7,38.6],[27.8,38.62],[27.9,38.6286],[27.95,38.6],[27.9,38.56],[27.8,38.55],[27.75,38.5],[27.7,38.4889],[27.6667,38.5],[27.6,38.55],[27.5333,38.6],[27.5,38.65],[27.4,38.6714],[27.3,38.7],[27.25,38.6],[27.2667,38.5],[27.2,38.4],[27.1,38.5]]]}},{"type":"Feature","properties":{"layer_id":"change_T20","layer_label":"Change, T>20\u00b0C","low":25.0,"high":50.0,"label":"25\u201350 pp","fill":"#d6604d","fillOpacity":0.6,"stroke":"#d6604d","strokeOpacity":0.72,"strokeWeight":0.35},"geometry":{"type":"Polygon","coordinates":[[[27.25,39.1],[27.2,39.1667],[27.1,39.2],[27.1,39.2],[27.1,39.2],[27.2,39.2111],[27.3,39.22],[27.4,39.2167],[27.42,39.2],[27.4,39.1],[27.4,39.1],[27.3,39.0333],[27.25,39.1]]]}},{"type":"Feature","properties":{"layer_id":"change_T20","layer_label":"Change, T>20\u00b0C","low":25.0,"high":50.0,"label":"25\u201350 pp","fill":"#d6604d","fillOpacity":0.6,"stroke":"#d6604d","strokeOpacity":0.72,"strokeWeight":0.35},"geometry":{"type":"Polygon","coordinates":[[[26.275,39.6],[26.2,39.675],[26.1909,39.7],[26.2,39.7167],[26.2714,39.8],[26.25,39.9],[26.3,39.9167],[26.4,39.9],[26.3667,39.8],[26.4,39.75],[26.5,39.8],[26.525,39.7],[26.6,39.625],[26.62,39.6],[26.6,39.5909],[26.5,39.5833],[26.4,39.5833],[26.3,39.5909],[26.275,39.6]]]}},{"type":"Feature","properties":{"layer_id":"change_T20","layer_label":"Change, T>20\u00b0C","low":25.0,"high":50.0,"label":"25\u201350 pp","fill":"#d6604d","fillOpacity":0.6,"stroke":"#d6604d","strokeOpacity":0.72,"strokeWeight":0.35},"geometry":{"type":"Polygon","coordinates":[[[27.9,40.1],[28.0,40.1333],[28.04,40.2],[28.0,40.2667],[27.9,40.2],[27.9,40.2],[27.8,40.1167],[27.7,40.1286],[27.6,40.16],[27.5333,40.2],[27.6,40.2167],[27.7,40.2333],[27.7833,40.3],[27.8,40.3167],[27.9,40.35],[28.0,40.3091],[28.1,40.32],[28.2,40.3571],[28.3,40.4],[28.4,40.4],[28.5,40.3],[28.4667,40.2],[28.4,40.16],[28.34,40.1],[28.3,40.0714],[28.2,40.05],[28.1,40.0375],[28.0,40.08],[27.9,40.1]]]}},{"type":"Feature","properties":{"layer_id":"change_T20","layer_label":"Change, T>20\u00b0C","low":25.0,"high":50.0,"label":"25\u201350 pp","fill":"#d6604d","fillOpacity":0.6,"stroke":"#d6604d","strokeOpacity":0.72,"strokeWeight":0.35},"geometry":{"type":"Polygon","coordinates":[[[26.38,40.2],[26.4,40.225],[26.45,40.3],[26.48,40.4],[26.5,40.4091],[26.6,40.4333],[26.7,40.4333],[26.8,40.48],[26.9,40.4286],[27.0,40.4375],[27.1,40.4333],[27.1714,40.4],[27.2,40.3667],[27.3,40.35],[27.4,40.3286],[27.4286,40.3],[27.4,40.2333],[27.3,40.2333],[27.25,40.2],[27.2,40.1857],[27.1,40.2],[27.1,40.2],[27.0,40.26],[26.9333,40.3],[26.9,40.32],[26.8,40.32],[26.78,40.3],[26.7,40.2556],[26.6,40.22],[26.575,40.2],[26.5,40.1],[26.4,40.15],[26.38,40.2]]]}},{"type":"Feature","properties":{"layer_id":"change_T20","layer_label":"Change, T>20\u00b0C","low":25.0,"high":50.0,"label":"25\u201350 pp","fill":"#d6604d","fillOpacity":0.6,"stroke":"#d6604d","strokeOpacity":0.72,"strokeWeight":0.35},"geometry":{"type":"Polygon","coordinates":[[[26.2,40.7],[26.2,40.7],[26.1,40.7714],[26.0833,40.8],[26.1,40.9],[26.1,40.9],[26.1,40.9],[26.05,41.0],[26.1,41.0125],[26.2,41.0667],[26.2333,41.1],[26.3,41.2],[26.3,41.2],[26.4,41.2],[26.5,41.2],[26.5,41.2],[26.6,41.15],[26.65,41.1],[26.6333,41.0],[26.7,40.9],[26.7,40.9],[26.8,40.88],[26.9,40.85],[26.9333,40.8],[27.0,40.76],[27.1,40.75],[27.2,40.8],[27.2167,40.7],[27.2,40.6833],[27.1,40.6833],[27.0,40.6571],[26.9,40.6625],[26.8,40.6556],[26.7,40.6667],[26.6,40.6714],[26.5,40.6714],[26.4,40.6769],[26.3,40.6769],[26.2,40.7]]]}},{"type":"Feature","properties":{"layer_id":"change_T20","layer_label":"Change, T>20\u00b0C","low":25.0,"high":50.0,"label":"25\u201350 pp","fill":"#d6604d","fillOpacity":0.6,"stroke":"#d6604d","strokeOpacity":0.72,"strokeWeight":0.35},"geometry":{"type":"Polygon","coordinates":[[[29.4,40.8],[29.4,40.8],[29.3,40.9],[29.3,40.9],[29.2,40.9909],[29.1,40.9909],[29.0,40.9833],[28.9667,41.0],[28.9,41.08],[28.8,41.1],[28.9,41.15],[29.0,41.1667],[29.1,41.2],[29.2,41.1],[29.2,41.1],[29.3,41.1],[29.3,41.1],[29.4,41.1091],[29.5,41.1167],[29.6,41.2],[29.7,41.1167],[29.8,41.1231],[29.9,41.1091],[30.0,41.1167],[30.1,41.1167],[30.2,41.1231],[30.3,41.1231],[30.4,41.1231],[30.5,41.1286],[30.6,41.1167],[30.7,41.1231],[30.7231,41.1],[30.7,41.075],[30.6,41.0778],[30.5,41.06],[30.4,41.0667],[30.3,41.0571],[30.2,41.05],[30.1,41.05],[30.0,41.05],[29.9,41.0667],[29.8,41.0571],[29.7,41.075],[29.6,41.05],[29.55,41.0],[29.5,40.9333],[29.475,40.9],[29.5,40.85],[29.525,40.8],[29.5,40.7909],[29.4,40.8]]]}},{"type":"Feature","properties":{"layer_id":"change_T20","layer_label":"Change, T>20\u00b0C","low":25.0,"high":50.0,"label":"25\u201350 pp","fill":"#d6604d","fillOpacity":0.6,"stroke":"#d6604d","strokeOpacity":0.72,"strokeWeight":0.35},"geometry":{"type":"Polygon","coordinates":[[[27.4,41.0],[27.5,41.05],[27.5667,41.1],[27.6,41.1143],[27.7,41.15],[27.8,41.1667],[27.8333,41.2],[27.9,41.2667],[27.925,41.3],[27.9,41.4],[27.9,41.4],[27.85,41.5],[27.86,41.6],[27.875,41.7],[27.9,41.7667],[27.94,41.7],[28.0,41.625],[28.025,41.6],[28.1,41.525],[28.2,41.5091],[28.2091,41.5],[28.2,41.45],[28.1,41.4],[28.1,41.4],[28.1,41.4],[28.2,41.3],[28.2,41.3],[28.25,41.2],[28.3,41.1],[28.2,41.0909],[28.15,41.1],[28.1,41.2],[28.1,41.2],[28.1,41.2],[28.0,41.1333],[27.975,41.1],[27.9,41.04],[27.8,41.0333],[27.7667,41.0],[27.7,40.9833],[27.6,40.9769],[27.5,40.9833],[27.4,41.0]]]}},{"type":"Feature","properties":{"layer_id":"change_T20","layer_label":"Change, T>20\u00b0C","low":25.0,"high":50.0,"label":"25\u201350 pp","fill":"#d6604d","fillOpacity":0.6,"stroke":"#d6604d","strokeOpacity":0.72,"strokeWeight":0.35},"geometry":{"type":"Polygon","coordinates":[[[27.8714,42.0],[27.8,42.0714],[27.7714,42.1],[27.7,42.1714],[27.6714,42.2],[27.6,42.2625],[27.5667,42.3],[27.55,42.4],[27.6,42.4231],[27.7,42.4286],[27.7286,42.4],[27.7167,42.3],[27.8,42.2167],[27.8167,42.2],[27.9,42.1286],[27.9286,42.1],[27.9167,42.0],[27.9,41.9333],[27.8714,42.0]]]}},{"type":"Feature","properties":{"layer_id":"change_T20","layer_label":"Change, T>20\u00b0C","low":25.0,"high":50.0,"label":"25\u201350 pp","fill":"#d6604d","fillOpacity":0.6,"stroke":"#d6604d","strokeOpacity":0.72,"strokeWeight":0.35},"geometry":{"type":"Polygon","coordinates":[[[-3.9,37.0833],[-3.8,37.0625],[-3.7,37.0444],[-3.6,37.1],[-3.6,37.1],[-3.5833,37.2],[-3.6,37.2333],[-3.7,37.2857],[-3.8,37.2375],[-3.9,37.2286],[-4.0,37.2],[-4.0,37.1],[-3.9,37.0833]]]}},{"type":"Feature","properties":{"layer_id":"change_T20","layer_label":"Change, T>20\u00b0C","low":25.0,"high":50.0,"label":"25\u201350 pp","fill":"#d6604d","fillOpacity":0.6,"stroke":"#d6604d","strokeOpacity":0.72,"strokeWeight":0.35},"geometry":{"type":"Polygon","coordinates":[[[30.7,37.1333],[30.8,37.2],[30.8,37.2],[30.8,37.2],[30.9,37.15],[31.0,37.1429],[31.0571,37.2],[31.0,37.2444],[30.9375,37.3],[30.9,37.3375],[30.8,37.35],[30.75,37.3],[30.7,37.25],[30.66,37.2],[30.7,37.1333]]]}},{"type":"Feature","properties":{"layer_id":"change_T20","layer_label":"Change, T>20\u00b0C","low":25.0,"high":50.0,"label":"25\u201350 pp","fill":"#d6604d","fillOpacity":0.6,"stroke":"#d6604d","strokeOpacity":0.72,"strokeWeight":0.35},"geometry":{"type":"Polygon","coordinates":[[[42.5,37.15],[42.6,37.2],[42.6,37.2],[42.7,37.2],[42.7333,37.3],[42.7,37.3286],[42.6,37.35],[42.55,37.3],[42.5,37.22],[42.45,37.2],[42.5,37.15]]]}},{"type":"Feature","properties":{"layer_id":"change_T20","layer_label":"Change, T>20\u00b0C","low":25.0,"high":50.0,"label":"25\u201350 pp","fill":"#d6604d","fillOpacity":0.6,"stroke":"#d6604d","strokeOpacity":0.72,"strokeWeight":0.35},"geometry":{"type":"Polygon","coordinates":[[[29.4,37.275],[29.5,37.25],[29.5429,37.3],[29.55,37.4],[29.5,37.4714],[29.4667,37.5],[29.4,37.5444],[29.32,37.5],[29.34,37.4],[29.3833,37.3],[29.4,37.275]]]}},{"type":"Feature","properties":{"layer_id":"change_T20","layer_label":"Change, T>20\u00b0C","low":25.0,"high":50.0,"label":"25\u201350 pp","fill":"#d6604d","fillOpacity":0.6,"stroke":"#d6604d","strokeOpacity":0.72,"strokeWeight":0.35},"geometry":{"type":"Polygon","coordinates":[[[36.9,37.25],[37.0,37.2571],[37.06,37.3],[37.1,37.34],[37.16,37.4],[37.2,37.4667],[37.3,37.5],[37.2,37.5167],[37.1,37.5444],[37.0,37.5667],[36.9,37.6],[36.8,37.5],[36.8333,37.4],[36.825,37.3],[36.9,37.25]]]}},{"type":"Feature","properties":{"layer_id":"change_T20","layer_label":"Change, T>20\u00b0C","low":25.0,"high":50.0,"label":"25\u201350 pp","fill":"#d6604d","fillOpacity":0.6,"stroke":"#d6604d","strokeOpacity":0.72,"strokeWeight":0.35},"geometry":{"type":"Polygon","coordinates":[[[41.4,37.275],[41.425,37.3],[41.5,37.35],[41.6,37.35],[41.7,37.3],[41.8,37.4],[41.78,37.5],[41.72,37.6],[41.7,37.62],[41.6,37.675],[41.5,37.7],[41.5,37.7],[41.4,37.8],[41.4,37.8],[41.3,37.8333],[41.25,37.8],[41.2,37.7],[41.2,37.7],[41.1,37.65],[41.0,37.6333],[40.98,37.6],[41.0,37.55],[41.0333,37.5],[41.1,37.46],[41.1667,37.5],[41.2,37.55],[41.3,37.5667],[41.4,37.6],[41.4,37.6],[41.4,37.6],[41.475,37.5],[41.4,37.4],[41.4,37.4],[41.3,37.3],[41.4,37.275]]]}},{"type":"Feature","properties":{"layer_id":"change_T20","layer_label":"Change, T>20\u00b0C","low":25.0,"high":50.0,"label":"25\u201350 pp","fill":"#d6604d","fillOpacity":0.6,"stroke":"#d6604d","strokeOpacity":0.72,"strokeWeight":0.35},"geometry":{"type":"Polygon","coordinates":[[[42.3,37.28],[42.4,37.25],[42.42,37.3],[42.4,37.325],[42.35,37.4],[42.375,37.5],[42.3,37.575],[42.2,37.55],[42.1,37.5625],[42.0625,37.6],[42.0429,37.7],[42.0,37.76],[41.9625,37.7],[41.9444,37.6],[41.9,37.52],[41.85,37.5],[41.9,37.475],[41.96,37.4],[42.0,37.35],[42.1,37.3667],[42.2,37.375],[42.275,37.3],[42.3,37.28]]]}},{"type":"Feature","properties":{"layer_id":"change_T20","layer_label":"Change, T>20\u00b0C","low":25.0,"high":50.0,"label":"25\u201350 pp","fill":"#d6604d","fillOpacity":0.6,"stroke":"#d6604d","strokeOpacity":0.72,"strokeWeight":0.35},"geometry":{"type":"Polygon","coordinates":[[[13.4,37.3556],[13.5,37.3625],[13.55,37.4],[13.5,37.475],[13.475,37.5],[13.4,37.56],[13.3,37.5],[13.35,37.4],[13.4,37.3556]]]}},{"type":"Feature","properties":{"layer_id":"change_T20","layer_label":"Change, T>20\u00b0C","low":25.0,"high":50.0,"label":"25\u201350 pp","fill":"#d6604d","fillOpacity":0.6,"stroke":"#d6604d","strokeOpacity":0.72,"strokeWeight":0.35},"geometry":{"type":"Polygon","coordinates":[[[22.7,37.3444],[22.75,37.4],[22.7167,37.5],[22.8,37.5714],[22.9,37.5714],[22.9833,37.5],[23.0,37.4833],[23.0167,37.5],[23.0714,37.6],[23.05,37.7],[23.0615,37.8],[23.0,37.8667],[22.92,37.9],[22.9,37.9167],[22.8,37.95],[22.75,38.0],[22.7,38.0167],[22.65,38.0],[22.6222,37.9],[22.64,37.8],[22.6167,37.7],[22.6,37.6667],[22.56,37.6],[22.5429,37.5],[22.6,37.4429],[22.6375,37.4],[22.7,37.3444]]]}},{"type":"Feature","properties":{"layer_id":"change_T20","layer_label":"Change, T>20\u00b0C","low":25.0,"high":50.0,"label":"25\u201350 pp","fill":"#d6604d","fillOpacity":0.6,"stroke":"#d6604d","strokeOpacity":0.72,"strokeWeight":0.35},"geometry":{"type":"Polygon","coordinates":[[[40.4,37.3333],[40.5,37.3333],[40.6,37.3],[40.7,37.4],[40.7,37.5],[40.7,37.5],[40.8,37.55],[40.82,37.6],[40.8,37.62],[40.7,37.625],[40.6,37.62],[40.5,37.6],[40.5,37.6],[40.5,37.6],[40.4,37.65],[40.35,37.7],[40.3,37.75],[40.25,37.7],[40.26,37.6],[40.3,37.5],[40.3,37.5],[40.3333,37.4],[40.4,37.3333]]]}},{"type":"Feature","properties":{"layer_id":"change_T20","layer_label":"Change, T>20\u00b0C","low":25.0,"high":50.0,"label":"25\u201350 pp","fill":"#d6604d","fillOpacity":0.6,"stroke":"#d6604d","strokeOpacity":0.72,"strokeWeight":0.35},"geometry":{"type":"Polygon","coordinates":[[[13.2,37.5333],[13.3,37.6],[13.2,37.7],[13.2,37.7],[13.2,37.8],[13.2,37.8],[13.2333,37.9],[13.3,38.0],[13.2,38.0333],[13.1,38.06],[13.0,38.0286],[12.9,38.0444],[12.8444,38.1],[12.8,38.1444],[12.7,38.15],[12.6,38.1286],[12.5714,38.1],[12.5556,38.0],[12.5833,37.9],[12.6,37.8],[12.6,37.8],[12.7,37.7667],[12.7667,37.7],[12.8,37.6833],[12.9,37.66],[13.0,37.62],[13.1,37.6],[13.1,37.6],[13.2,37.5333]]]}},{"type":"Feature","properties":{"layer_id":"change_T20","layer_label":"Change, T>20\u00b0C","low":25.0,"high":50.0,"label":"25\u201350 pp","fill":"#d6604d","fillOpacity":0.6,"stroke":"#d6604d","strokeOpacity":0.72,"strokeWeight":0.35},"geometry":{"type":"Polygon","coordinates":[[[39.8,37.575],[39.9,37.5333],[40.0,37.5667],[40.025,37.6],[40.04,37.7],[40.0667,37.8],[40.0,37.9],[39.9,37.9],[39.9,37.9],[39.8,37.9667],[39.7,38.0],[39.7,38.0],[39.6,38.1],[39.5,38.0333],[39.4,38.0667],[39.3,38.0],[39.3,38.0],[39.3,38.0],[39.3,38.1],[39.3,38.1],[39.4,38.1333],[39.5,38.1333],[39.6,38.1],[39.7,38.1],[39.8,38.1],[39.9,38.1143],[40.0,38.1],[40.0,38.1],[40.1,38.06],[40.2,38.1],[40.2,38.1],[40.2667,38.2],[40.3,38.2333],[40.4,38.3],[40.4,38.3],[40.5,38.3],[40.5,38.3],[40.6,38.2],[40.6,38.2],[40.6,38.2],[40.5167,38.1],[40.6,38.0286],[40.7,38.05],[40.8,38.0333],[40.9,38.05],[41.0,38.06],[41.1,38.0667],[41.2,38.025],[41.225,38.0],[41.3,37.94],[41.4,37.9375],[41.5,37.9286],[41.6,38.0],[41.5,38.0833],[41.45,38.1],[41.4,38.1333],[41.3333,38.2],[41.35,38.3],[41.3,38.4],[41.3,38.4],[41.2,38.5],[41.2,38.5],[41.1,38.5375],[41.0,38.5545],[40.9,38.5545],[40.8,38.5545],[40.725,38.5],[40.7,38.45],[40.6,38.46],[40.5,38.4667],[40.4,38.46],[40.3,38.5],[40.2,38.5],[40.1,38.4833],[40.0,38.5],[40.0,38.5],[39.9286,38.6],[39.9167,38.7],[39.9857,38.8],[39.9,38.86],[39.8,38.8545],[39.7,38.85],[39.6,38.8545],[39.5,38.8556],[39.4,38.8375],[39.3,38.8571],[39.2625,38.9],[39.2,38.95],[39.1,38.92],[39.0,38.95],[38.9333,38.9],[38.9,38.875],[38.8667,38.9],[38.8,39.0],[38.8,39.0],[38.7,39.025],[38.675,39.0],[38.62,38.9],[38.6,38.8667],[38.5,38.8167],[38.4,38.8],[38.4,38.8],[38.3,38.7167],[38.2833,38.7],[38.25,38.6],[38.2,38.55],[38.18,38.5],[38.1667,38.4],[38.2,38.3667],[38.3,38.36],[38.4,38.35],[38.5,38.4],[38.5,38.5],[38.5,38.5],[38.5,38.5],[38.5,38.4],[38.55,38.3],[38.6,38.2667],[38.7,38.3],[38.7,38.4],[38.7,38.4],[38.8,38.4],[38.8,38.4],[38.8,38.4],[38.7,38.3],[38.7,38.3],[38.68,38.2],[38.7,38.1667],[38.8,38.1833],[38.9,38.1833],[39.0,38.175],[39.1,38.2],[39.1,38.2],[39.1,38.2],[39.1,38.2],[39.1,38.1],[39.0,38.05],[38.9,38.0],[38.9,38.0],[38.8,37.9714],[38.7,37.9889],[38.6667,38.0],[38.6,38.05],[38.5,38.0286],[38.4,38.0],[38.4,38.0],[38.3,37.9167],[38.28,37.9],[38.3,37.85],[38.4,37.82],[38.5,37.8125],[38.6,37.83],[38.7,37.8273],[38.8,37.8286],[38.9,37.8333],[38.9571,37.9],[39.0,37.95],[39.1,37.92],[39.15,37.9],[39.2,37.8],[39.3,37.85],[39.4,37.8],[39.4,37.8],[39.5,37.7667],[39.6,37.7333],[39.64,37.7],[39.7,37.65],[39.775,37.6],[39.8,37.575]]]}},{"type":"Feature","properties":{"layer_id":"change_T20","layer_label":"Change, T>20\u00b0C","low":25.0,"high":50.0,"label":"25\u201350 pp","fill":"#d6604d","fillOpacity":0.6,"stroke":"#d6604d","strokeOpacity":0.72,"strokeWeight":0.35},"geometry":{"type":"Polygon","coordinates":[[[39.2667,38.3],[39.2,38.3667],[39.1667,38.4],[39.2,38.45],[39.3,38.4833],[39.4,38.45],[39.5,38.475],[39.6,38.5],[39.6,38.5],[39.7,38.56],[39.7429,38.5],[39.7,38.44],[39.6333,38.4],[39.6,38.3833],[39.5,38.325],[39.45,38.3],[39.4,38.2667],[39.3,38.2667],[39.2667,38.3]]]}},{"type":"Feature","properties":{"layer_id":"change_T20","layer_label":"Change, T>20\u00b0C","low":25.0,"high":50.0,"label":"25\u201350 pp","fill":"#d6604d","fillOpacity":0.6,"stroke":"#d6604d","strokeOpacity":0.72,"strokeWeight":0.35},"geometry":{"type":"Polygon","coordinates":[[[39.0,38.4],[38.9,38.5],[38.9,38.5],[38.8,38.525],[38.7,38.5667],[38.65,38.6],[38.625,38.7],[38.7,38.75],[38.8,38.75],[38.9,38.7571],[39.0,38.8],[39.1,38.7],[39.1,38.7],[39.12,38.6],[39.1,38.55],[39.05,38.5],[39.0,38.4],[39.0,38.4],[39.0,38.4]]]}},{"type":"Feature","properties":{"layer_id":"change_T20","layer_label":"Change, T>20\u00b0C","low":25.0,"high":50.0,"label":"25\u201350 pp","fill":"#d6604d","fillOpacity":0.6,"stroke":"#d6604d","strokeOpacity":0.72,"strokeWeight":0.35},"geometry":{"type":"Polygon","coordinates":[[[36.8,37.65],[36.9,37.6],[36.9429,37.7],[36.92,37.8],[36.9,37.8167],[36.8,37.8],[36.8,37.8],[36.75,37.7],[36.8,37.65]]]}},{"type":"Feature","properties":{"layer_id":"change_T20","layer_label":"Change, T>20\u00b0C","low":25.0,"high":50.0,"label":"25\u201350 pp","fill":"#d6604d","fillOpacity":0.6,"stroke":"#d6604d","strokeOpacity":0.72,"strokeWeight":0.35},"geometry":{"type":"Polygon","coordinates":[[[15.1,37.9],[15.2,37.94],[15.3,37.9556],[15.4,37.9333],[15.4545,38.0],[15.4375,38.1],[15.4,38.16],[15.3,38.1667],[15.2,38.1],[15.2,38.1],[15.1,38.025],[15.05,38.0],[15.1,37.9]]]}},{"type":"Feature","properties":{"layer_id":"change_T20","layer_label":"Change, T>20\u00b0C","low":25.0,"high":50.0,"label":"25\u201350 pp","fill":"#d6604d","fillOpacity":0.6,"stroke":"#d6604d","strokeOpacity":0.72,"strokeWeight":0.35},"geometry":{"type":"Polygon","coordinates":[[[23.8,37.9625],[23.9,37.96],[24.0,37.9833],[24.0167,38.0],[24.0615,38.1],[24.1,38.1556],[24.1444,38.2],[24.1,38.2444],[24.0167,38.3],[24.0,38.3333],[23.975,38.4],[24.0,38.425],[24.06,38.5],[24.0692,38.6],[24.0,38.6643],[23.9,38.6167],[23.8545,38.7],[23.8,38.7545],[23.7,38.7444],[23.6286,38.8],[23.6,38.8286],[23.56,38.8],[23.5,38.775],[23.45,38.8],[23.4,38.86],[23.3778,38.9],[23.3167,39.0],[23.3,39.0167],[23.25,39.0],[23.2,38.9857],[23.14,38.9],[23.2,38.8455],[23.2833,38.8],[23.3,38.7833],[23.3455,38.7],[23.3,38.6545],[23.2,38.6583],[23.1444,38.7],[23.1,38.7444],[23.0,38.7583],[22.9,38.7615],[22.8444,38.8],[22.8375,38.9],[22.8,38.96],[22.7,38.925],[22.6,38.9],[22.7,38.88],[22.75,38.8],[22.7,38.7],[22.7333,38.6],[22.7333,38.5],[22.8,38.4],[22.9,38.42],[22.925,38.4],[22.9,38.35],[22.8,38.4],[22.7625,38.3],[22.8,38.2625],[22.9,38.2833],[23.0,38.2625],[23.0714,38.2],[23.1,38.1714],[23.2,38.15],[23.2625,38.1],[23.3,38.0571],[23.4,38.05],[23.5,38.0417],[23.6,38.0385],[23.7,38.0333],[23.725,38.0],[23.8,37.9625]]]}},{"type":"Feature","properties":{"layer_id":"change_T20","layer_label":"Change, T>20\u00b0C","low":25.0,"high":50.0,"label":"25\u201350 pp","fill":"#d6604d","fillOpacity":0.6,"stroke":"#d6604d","strokeOpacity":0.72,"strokeWeight":0.35},"geometry":{"type":"Polygon","coordinates":[[[23.8429,38.1],[23.85,38.2],[23.86,38.3],[23.8,38.375],[23.78,38.4],[23.76,38.5],[23.7,38.575],[23.6,38.6],[23.6,38.6],[23.6,38.6],[23.5,38.55],[23.4909,38.6],[23.4,38.6909],[23.3909,38.7],[23.4,38.7333],[23.5,38.7333],[23.6,38.74],[23.6667,38.7],[23.7,38.65],[23.75,38.7],[23.8,38.7091],[23.8091,38.7],[23.82,38.6],[23.9,38.5333],[23.95,38.6],[24.0,38.6286],[24.0308,38.6],[24.01,38.5],[24.0,38.4875],[23.9125,38.4],[23.9333,38.3],[24.0,38.2429],[24.075,38.2],[24.0231,38.1],[24.0,38.0571],[23.9,38.0429],[23.8429,38.1]]]}},{"type":"Feature","properties":{"layer_id":"change_T20","layer_label":"Change, T>20\u00b0C","low":25.0,"high":50.0,"label":"25\u201350 pp","fill":"#d6604d","fillOpacity":0.6,"stroke":"#d6604d","strokeOpacity":0.72,"strokeWeight":0.35},"geometry":{"type":"Polygon","coordinates":[[[23.1333,38.4],[23.1,38.425],[23.0,38.5],[23.0,38.5],[22.9,38.5333],[22.8333,38.6],[22.8,38.62],[22.7556,38.7],[22.8,38.78],[22.9,38.7231],[23.0,38.7167],[23.0667,38.7],[23.1,38.6],[23.1,38.6],[23.1,38.6],[23.2,38.6167],[23.3,38.6091],[23.3091,38.6],[23.3,38.575],[23.225,38.5],[23.24,38.4],[23.2,38.35],[23.1333,38.4]]]}},{"type":"Feature","properties":{"layer_id":"change_T20","layer_label":"Change, T>20\u00b0C","low":25.0,"high":50.0,"label":"25\u201350 pp","fill":"#d6604d","fillOpacity":0.6,"stroke":"#d6604d","strokeOpacity":0.72,"strokeWeight":0.35},"geometry":{"type":"Polygon","coordinates":[[[15.7,38.1],[15.7667,38.2],[15.8,38.2333],[15.9,38.28],[16.0,38.24],[16.0667,38.2],[16.1,38.1667],[16.1333,38.2],[16.18,38.3],[16.1,38.4],[16.1,38.5],[16.1,38.4],[16.0,38.36],[15.9,38.3167],[15.8,38.3444],[15.7556,38.3],[15.7,38.2444],[15.62,38.2],[15.7,38.1]]]}},{"type":"Feature","properties":{"layer_id":"change_T20","layer_label":"Change, T>20\u00b0C","low":25.0,"high":50.0,"label":"25\u201350 pp","fill":"#d6604d","fillOpacity":0.6,"stroke":"#d6604d","strokeOpacity":0.72,"strokeWeight":0.35},"geometry":{"type":"Polygon","coordinates":[[[43.0,38.3417],[43.1,38.3385],[43.2,38.3833],[43.2167,38.4],[43.2615,38.5],[43.2,38.5667],[43.16,38.6],[43.2,38.68],[43.2167,38.7],[43.26,38.8],[43.3,38.85],[43.4,38.8833],[43.4167,38.9],[43.4,38.925],[43.3,38.9444],[43.2,38.9444],[43.1,38.9375],[43.0625,38.9],[43.0,38.8],[43.0,38.8],[42.9,38.7],[42.9,38.7],[42.9,38.7],[42.8,38.7167],[42.7,38.72],[42.6,38.7375],[42.5,38.7286],[42.4714,38.7],[42.45,38.6],[42.5,38.5714],[42.6,38.6],[42.6,38.6],[42.6,38.6],[42.6714,38.5],[42.7,38.4714],[42.8,38.4417],[42.9,38.4333],[42.93,38.4],[43.0,38.3417]]]}},{"type":"Feature","properties":{"layer_id":"change_T20","layer_label":"Change, T>20\u00b0C","low":25.0,"high":50.0,"label":"25\u201350 pp","fill":"#d6604d","fillOpacity":0.6,"stroke":"#d6604d","strokeOpacity":0.72,"strokeWeight":0.35},"geometry":{"type":"Polygon","coordinates":[[[42.98,38.4],[42.9,38.4889],[42.8,38.4833],[42.76,38.5],[42.8,38.54],[42.9,38.5333],[43.0,38.525],[43.1,38.5],[43.1,38.5],[43.1,38.5],[43.2,38.525],[43.2231,38.5],[43.2,38.4571],[43.1429,38.4],[43.1,38.3769],[43.0,38.3833],[42.98,38.4]]]}},{"type":"Feature","properties":{"layer_id":"change_T20","layer_label":"Change, T>20\u00b0C","low":25.0,"high":50.0,"label":"25\u201350 pp","fill":"#d6604d","fillOpacity":0.6,"stroke":"#d6604d","strokeOpacity":0.72,"strokeWeight":0.35},"geometry":{"type":"Polygon","coordinates":[[[33.2,38.4667],[33.3,38.45],[33.4,38.425],[33.5,38.44],[33.6,38.45],[33.7,38.45],[33.725,38.5],[33.74,38.6],[33.7167,38.7],[33.7,38.7167],[33.6,38.78],[33.575,38.8],[33.5625,38.9],[33.52,39.0],[33.5,39.05],[33.4,39.08],[33.3,39.075],[33.2,39.0],[33.2,39.0],[33.1,38.9],[33.1,38.9],[33.0,38.8],[33.0,38.8],[32.9667,38.7],[33.0,38.65],[33.1,38.6],[33.1,38.6],[33.1667,38.5],[33.2,38.4667]]]}},{"type":"Feature","properties":{"layer_id":"change_T20","layer_label":"Change, T>20\u00b0C","low":25.0,"high":50.0,"label":"25\u201350 pp","fill":"#d6604d","fillOpacity":0.6,"stroke":"#d6604d","strokeOpacity":0.72,"strokeWeight":0.35},"geometry":{"type":"Polygon","coordinates":[[[-0.2,38.55],[-0.1,38.55],[-0.05,38.6],[-0.0286,38.7],[-0.075,38.8],[-0.1,38.8167],[-0.2,38.88],[-0.22,38.9],[-0.2,39.0],[-0.3,39.0571],[-0.36,39.1],[-0.3571,39.2],[-0.3833,39.3],[-0.3833,39.4],[-0.4,39.42],[-0.45,39.5],[-0.4,39.58],[-0.3833,39.6],[-0.3,39.6833],[-0.28,39.7],[-0.2333,39.8],[-0.2,39.8375],[-0.1444,39.9],[-0.1,39.98],[-0.0833,40.0],[0.0,40.05],[0.0833,40.1],[0.1,40.1333],[0.1286,40.2],[0.1,40.24],[0.05,40.2],[0.0,40.1714],[-0.1,40.1333],[-0.15,40.1],[-0.2,40.0333],[-0.2333,40.0],[-0.3,39.9333],[-0.3333,39.9],[-0.3667,39.8],[-0.4,39.725],[-0.4333,39.7],[-0.5,39.66],[-0.575,39.6],[-0.6,39.5],[-0.5833,39.4],[-0.6,39.3],[-0.6,39.3],[-0.65,39.2],[-0.7,39.1333],[-0.725,39.1],[-0.7667,39.0],[-0.725,38.9],[-0.7,38.85],[-0.6,38.8],[-0.6,38.8],[-0.5,38.75],[-0.4,38.76],[-0.3,38.725],[-0.2667,38.7],[-0.3,38.6],[-0.2,38.55]]]}},{"type":"Feature","properties":{"layer_id":"change_T20","layer_label":"Change, T>20\u00b0C","low":25.0,"high":50.0,"label":"25\u201350 pp","fill":"#d6604d","fillOpacity":0.6,"stroke":"#d6604d","strokeOpacity":0.72,"strokeWeight":0.35},"geometry":{"type":"Polygon","coordinates":[[[-0.6,39.0],[-0.6,39.0],[-0.5667,39.1],[-0.55,39.2],[-0.5,39.275],[-0.44,39.2],[-0.46,39.1],[-0.45,39.0],[-0.5,38.98],[-0.6,39.0],[-0.6,39.0]]]}},{"type":"Feature","properties":{"layer_id":"change_T20","layer_label":"Change, T>20\u00b0C","low":25.0,"high":50.0,"label":"25\u201350 pp","fill":"#d6604d","fillOpacity":0.6,"stroke":"#d6604d","strokeOpacity":0.72,"strokeWeight":0.35},"geometry":{"type":"Polygon","coordinates":[[[16.3,38.75],[16.4,38.7],[16.5,38.7625],[16.5375,38.8],[16.6,38.8714],[16.7,38.8833],[16.8,38.9],[16.8,38.9],[16.9,38.9833],[16.95,39.0],[16.9,39.05],[16.8,39.075],[16.75,39.0],[16.7,38.925],[16.6,38.94],[16.5,38.95],[16.4,38.95],[16.375,39.0],[16.3,39.06],[16.26,39.1],[16.2,39.175],[16.1625,39.1],[16.2,39.04],[16.24,39.0],[16.3,38.9],[16.3,38.9],[16.3,38.9],[16.28,38.8],[16.3,38.75]]]}},{"type":"Feature","properties":{"layer_id":"change_T20","layer_label":"Change, T>20\u00b0C","low":25.0,"high":50.0,"label":"25\u201350 pp","fill":"#d6604d","fillOpacity":0.6,"stroke":"#d6604d","strokeOpacity":0.72,"strokeWeight":0.35},"geometry":{"type":"Polygon","coordinates":[[[22.5,38.7667],[22.52,38.8],[22.6,38.9],[22.5,38.9333],[22.4,39.0],[22.4,39.0],[22.3,39.06],[22.2,39.0571],[22.1,39.04],[22.05,39.0],[22.1,38.9],[22.1,38.9],[22.2,38.8833],[22.3,38.8444],[22.4,38.8167],[22.45,38.8],[22.5,38.7667]]]}},{"type":"Feature","properties":{"layer_id":"change_T20","layer_label":"Change, T>20\u00b0C","low":25.0,"high":50.0,"label":"25\u201350 pp","fill":"#d6604d","fillOpacity":0.6,"stroke":"#d6604d","strokeOpacity":0.72,"strokeWeight":0.35},"geometry":{"type":"Polygon","coordinates":[[[8.7,39.075],[8.75,39.1],[8.7,39.2],[8.7,39.2],[8.6,39.3],[8.525,39.2],[8.6,39.14],[8.6667,39.1],[8.7,39.075]]]}},{"type":"Feature","properties":{"layer_id":"change_T20","layer_label":"Change, T>20\u00b0C","low":25.0,"high":50.0,"label":"25\u201350 pp","fill":"#d6604d","fillOpacity":0.6,"stroke":"#d6604d","strokeOpacity":0.72,"strokeWeight":0.35},"geometry":{"type":"Polygon","coordinates":[[[20.6,39.0385],[20.7,39.0417],[20.8,39.1],[20.8,39.2],[20.7,39.2333],[20.6333,39.3],[20.6,39.3333],[20.5,39.3778],[20.4667,39.4],[20.42,39.5],[20.4,39.525],[20.3571,39.6],[20.3,39.65],[20.2429,39.7],[20.2,39.75],[20.14,39.8],[20.1667,39.9],[20.1,39.975],[20.0455,39.9],[20.0714,39.8],[20.1,39.7333],[20.125,39.7],[20.1455,39.6],[20.2,39.5455],[20.2357,39.5],[20.3,39.41],[20.32,39.4],[20.4,39.3],[20.4,39.3],[20.4385,39.2],[20.5,39.1385],[20.5385,39.1],[20.6,39.0385]]]}},{"type":"Feature","properties":{"layer_id":"change_T20","layer_label":"Change, T>20\u00b0C","low":25.0,"high":50.0,"label":"25\u201350 pp","fill":"#d6604d","fillOpacity":0.6,"stroke":"#d6604d","strokeOpacity":0.72,"strokeWeight":0.35},"geometry":{"type":"Polygon","coordinates":[[[20.5769,39.1],[20.5,39.1769],[20.4769,39.2],[20.4714,39.3],[20.5,39.3222],[20.54,39.3],[20.6,39.225],[20.625,39.2],[20.7,39.14],[20.7286,39.1],[20.7,39.0833],[20.6,39.0769],[20.5769,39.1]]]}},{"type":"Feature","properties":{"layer_id":"change_T20","layer_label":"Change, T>20\u00b0C","low":25.0,"high":50.0,"label":"25\u201350 pp","fill":"#d6604d","fillOpacity":0.6,"stroke":"#d6604d","strokeOpacity":0.72,"strokeWeight":0.35},"geometry":{"type":"Polygon","coordinates":[[[20.9,39.0455],[21.0,39.05],[21.0714,39.1],[21.0,39.2],[20.9,39.2],[20.8,39.1],[20.9,39.0455]]]}},{"type":"Feature","properties":{"layer_id":"change_T20","layer_label":"Change, T>20\u00b0C","low":25.0,"high":50.0,"label":"25\u201350 pp","fill":"#d6604d","fillOpacity":0.6,"stroke":"#d6604d","strokeOpacity":0.72,"strokeWeight":0.35},"geometry":{"type":"Polygon","coordinates":[[[45.0,39.06],[45.0,39.1],[45.0,39.2],[45.0,39.3],[45.0,39.35],[44.975,39.4],[45.0,39.5],[45.0,39.5],[45.0,39.6],[45.0,39.625],[44.95,39.7],[44.9,39.7375],[44.8,39.7286],[44.7286,39.8],[44.7,39.9],[44.7,39.9],[44.6,39.9636],[44.5429,40.0],[44.5,40.0375],[44.4,40.075],[44.3,40.025],[44.2667,40.0],[44.3,39.98],[44.35,39.9],[44.4,39.8556],[44.5,39.8571],[44.54,39.8],[44.55,39.7],[44.6,39.6375],[44.7,39.6333],[44.72,39.6],[44.8,39.55],[44.8571,39.5],[44.825,39.4],[44.8,39.375],[44.7,39.3286],[44.66,39.3],[44.7,39.26],[44.76,39.2],[44.8,39.1714],[44.9,39.175],[44.96,39.1],[45.0,39.06]]]}},{"type":"Feature","properties":{"layer_id":"change_T20","layer_label":"Change, T>20\u00b0C","low":25.0,"high":50.0,"label":"25\u201350 pp","fill":"#d6604d","fillOpacity":0.6,"stroke":"#d6604d","strokeOpacity":0.72,"strokeWeight":0.35},"geometry":{"type":"Polygon","coordinates":[[[16.1,39.1714],[16.1667,39.2],[16.2,39.3],[16.2,39.3],[16.3,39.35],[16.3333,39.4],[16.32,39.5],[16.3,39.55],[16.25,39.5],[16.2,39.475],[16.1,39.5],[16.1,39.5],[16.0,39.52],[15.9833,39.5],[15.9714,39.4],[16.0,39.3714],[16.0714,39.3],[16.0714,39.2],[16.1,39.1714]]]}},{"type":"Feature","properties":{"layer_id":"change_T20","layer_label":"Change, T>20\u00b0C","low":25.0,"high":50.0,"label":"25\u201350 pp","fill":"#d6604d","fillOpacity":0.6,"stroke":"#d6604d","strokeOpacity":0.72,"strokeWeight":0.35},"geometry":{"type":"Polygon","coordinates":[[[16.9,39.12],[16.9667,39.2],[16.9833,39.3],[16.9667,39.4],[16.9,39.4667],[16.8,39.4],[16.8167,39.3],[16.82,39.2],[16.9,39.12]]]}},{"type":"Feature","properties":{"layer_id":"change_T20","layer_label":"Change, T>20\u00b0C","low":25.0,"high":50.0,"label":"25\u201350 pp","fill":"#d6604d","fillOpacity":0.6,"stroke":"#d6604d","strokeOpacity":0.72,"strokeWeight":0.35},"geometry":{"type":"Polygon","coordinates":[[[22.3,39.15],[22.4,39.125],[22.5,39.16],[22.6,39.15],[22.7,39.1167],[22.7667,39.2],[22.7,39.2667],[22.6286,39.3],[22.68,39.4],[22.6,39.5],[22.6,39.5],[22.5,39.57],[22.4,39.5778],[22.3778,39.6],[22.375,39.7],[22.4,39.725],[22.5,39.725],[22.54,39.7],[22.6,39.65],[22.675,39.6],[22.7,39.55],[22.72,39.5],[22.8,39.42],[22.8125,39.4],[22.9,39.3417],[23.0,39.3417],[23.1,39.3333],[23.1444,39.4],[23.1,39.4444],[23.0643,39.5],[23.0,39.5643],[22.9375,39.6],[22.9375,39.7],[22.9,39.7375],[22.85,39.8],[22.8,39.85],[22.7286,39.9],[22.7,39.9286],[22.6375,40.0],[22.6,40.0375],[22.54,40.0],[22.5,39.9333],[22.475,39.9],[22.4,39.8667],[22.325,39.9],[22.3,39.9167],[22.2,39.9778],[22.16,40.0],[22.1,40.05],[22.0,40.025],[21.975,40.0],[22.0,39.9667],[22.0222,39.9],[22.1,39.8222],[22.125,39.8],[22.15,39.7],[22.1,39.68],[22.0,39.625],[21.9,39.625],[21.8,39.6625],[21.7,39.6833],[21.6667,39.7],[21.62,39.8],[21.6,39.8333],[21.575,39.8],[21.5667,39.7],[21.6,39.6],[21.6,39.6],[21.65,39.5],[21.68,39.4],[21.7,39.3833],[21.8,39.3333],[21.8375,39.3],[21.9,39.2444],[22.0,39.2375],[22.1,39.2333],[22.2,39.21],[22.2333,39.2],[22.3,39.15]]]}},{"type":"Feature","properties":{"layer_id":"change_T20","layer_label":"Change, T>20\u00b0C","low":25.0,"high":50.0,"label":"25\u201350 pp","fill":"#d6604d","fillOpacity":0.6,"stroke":"#d6604d","strokeOpacity":0.72,"strokeWeight":0.35},"geometry":{"type":"Polygon","coordinates":[[[22.375,39.2],[22.3,39.275],[22.2,39.26],[22.1,39.2889],[22.0,39.3],[22.0,39.3],[21.95,39.4],[22.0,39.45],[22.025,39.5],[22.1,39.575],[22.12,39.6],[22.2,39.65],[22.28,39.7],[22.2,39.78],[22.1875,39.8],[22.1,39.8778],[22.0778,39.9],[22.1,39.95],[22.2,39.9222],[22.2333,39.9],[22.3,39.82],[22.4,39.8111],[22.5,39.82],[22.55,39.8],[22.5,39.7875],[22.4,39.7875],[22.3125,39.7],[22.3222,39.6],[22.4,39.5222],[22.5,39.52],[22.5286,39.5],[22.5,39.4],[22.5,39.4],[22.5,39.4],[22.55,39.3],[22.5,39.25],[22.425,39.2],[22.4,39.1875],[22.375,39.2]]]}},{"type":"Feature","properties":{"layer_id":"change_T20","layer_label":"Change, T>20\u00b0C","low":25.0,"high":50.0,"label":"25\u201350 pp","fill":"#d6604d","fillOpacity":0.6,"stroke":"#d6604d","strokeOpacity":0.72,"strokeWeight":0.35},"geometry":{"type":"Polygon","coordinates":[[[22.875,39.4],[22.9,39.5],[22.9,39.5],[23.0,39.5286],[23.0286,39.5],[23.0667,39.4],[23.0,39.3833],[22.9,39.3833],[22.875,39.4]]]}},{"type":"Feature","properties":{"layer_id":"change_T20","layer_label":"Change, T>20\u00b0C","low":25.0,"high":50.0,"label":"25\u201350 pp","fill":"#d6604d","fillOpacity":0.6,"stroke":"#d6604d","strokeOpacity":0.72,"strokeWeight":0.35},"geometry":{"type":"Polygon","coordinates":[[[9.2,39.2833],[9.3,39.2556],[9.4,39.25],[9.5,39.3],[9.4,39.3333],[9.3,39.3571],[9.2,39.35],[9.18,39.3],[9.2,39.2833]]]}},{"type":"Feature","properties":{"layer_id":"change_T20","layer_label":"Change, T>20\u00b0C","low":25.0,"high":50.0,"label":"25\u201350 pp","fill":"#d6604d","fillOpacity":0.6,"stroke":"#d6604d","strokeOpacity":0.72,"strokeWeight":0.35},"geometry":{"type":"Polygon","coordinates":[[[8.8,39.3],[8.9,39.325],[9.0,39.3833],[9.1,39.3571],[9.175,39.4],[9.1,39.46],[9.0,39.45],[8.95,39.5],[8.9,39.525],[8.8,39.6],[8.8,39.6],[8.7333,39.7],[8.7,39.8],[8.6,39.7286],[8.5,39.7286],[8.4714,39.7],[8.4714,39.6],[8.5,39.56],[8.6,39.575],[8.7,39.5],[8.7,39.5],[8.775,39.4],[8.8,39.3]]]}},{"type":"Feature","properties":{"layer_id":"change_T20","layer_label":"Change, T>20\u00b0C","low":25.0,"high":50.0,"label":"25\u201350 pp","fill":"#d6604d","fillOpacity":0.6,"stroke":"#d6604d","strokeOpacity":0.72,"strokeWeight":0.35},"geometry":{"type":"Polygon","coordinates":[[[16.4,39.5667],[16.5,39.55],[16.6,39.5444],[16.65,39.6],[16.6,39.65],[16.5,39.6444],[16.4,39.6333],[16.3333,39.6],[16.4,39.5667]]]}},{"type":"Feature","properties":{"layer_id":"change_T20","layer_label":"Change, T>20\u00b0C","low":25.0,"high":50.0,"label":"25\u201350 pp","fill":"#d6604d","fillOpacity":0.6,"stroke":"#d6604d","strokeOpacity":0.72,"strokeWeight":0.35},"geometry":{"type":"Polygon","coordinates":[[[16.5,39.8833],[16.5167,39.9],[16.5571,40.0],[16.55,40.1],[16.5667,40.2],[16.5857,40.3],[16.6,40.3143],[16.7,40.3667],[16.7167,40.4],[16.8,40.4833],[16.9,40.5],[16.9,40.5],[17.0,40.5167],[17.1,40.5417],[17.2,40.5333],[17.3,40.5308],[17.4,40.53],[17.5,40.5167],[17.6,40.5222],[17.7,40.5333],[17.8,40.575],[17.9,40.5333],[18.0,40.5143],[18.0545,40.6],[18.0,40.6545],[17.9,40.6444],[17.8,40.6333],[17.7,40.6667],[17.625,40.7],[17.6,40.7167],[17.5286,40.8],[17.5,40.8286],[17.4,40.8333],[17.3,40.9],[17.3,40.9],[17.2,40.9286],[17.1286,41.0],[17.1,41.0286],[17.0,41.0714],[16.9,41.1],[16.8,41.1],[16.8,41.1],[16.7,41.16],[16.65,41.2],[16.6,41.2286],[16.5,41.2444],[16.4,41.25],[16.3167,41.3],[16.3,41.3167],[16.2,41.3286],[16.1,41.4],[16.1,41.4],[16.0,41.4167],[15.9,41.4167],[15.8,41.5],[15.8,41.5],[15.8,41.5],[15.8286,41.6],[15.9,41.6625],[16.0,41.6833],[16.0167,41.7],[16.0571,41.8],[16.0,41.8571],[15.9,41.8667],[15.86,41.9],[15.8,41.9375],[15.7625,41.9],[15.7,41.8444],[15.6,41.85],[15.5,41.8571],[15.4,41.875],[15.3,41.8444],[15.2,41.85],[15.1,41.8571],[15.0625,41.9],[15.0,41.9833],[14.9,42.0],[14.9,42.0],[14.8,42.0375],[14.74,42.0],[14.8,41.925],[14.8333,41.9],[14.9,41.8667],[14.9667,41.8],[15.0,41.7667],[15.0571,41.7],[15.1,41.625],[15.1333,41.6],[15.2,41.55],[15.3,41.5],[15.3,41.5],[15.35,41.4],[15.4,41.35],[15.5,41.3],[15.5,41.3],[15.55,41.2],[15.6,41.15],[15.65,41.1],[15.7,41.05],[15.8,41.0],[15.9,41.025],[16.0,41.05],[16.1,41.1],[16.1,41.1],[16.2,41.16],[16.3,41.15],[16.4,41.1167],[16.45,41.1],[16.5,41.0667],[16.5667,41.0],[16.6,40.975],[16.7,40.9167],[16.7143,40.9],[16.75,40.8],[16.7,40.7],[16.7,40.7],[16.7,40.7],[16.6,40.75],[16.5,40.8],[16.4,40.8],[16.3,40.7],[16.4,40.6],[16.4,40.6],[16.4,40.5],[16.4111,40.4],[16.4,40.35],[16.35,40.3],[16.3,40.2],[16.3667,40.1],[16.4,40.0833],[16.4556,40.0],[16.4667,39.9],[16.5,39.8833]]]}},{"type":"Feature","properties":{"layer_id":"change_T20","layer_label":"Change, T>20\u00b0C","low":25.0,"high":50.0,"label":"25\u201350 pp","fill":"#d6604d","fillOpacity":0.6,"stroke":"#d6604d","strokeOpacity":0.72,"strokeWeight":0.35},"geometry":{"type":"Polygon","coordinates":[[[16.48,40.3],[16.4667,40.4],[16.4714,40.5],[16.5,40.5333],[16.6,40.5571],[16.7,40.55],[16.7333,40.5],[16.7,40.4667],[16.62,40.4],[16.6,40.3857],[16.5143,40.3],[16.5,40.25],[16.48,40.3]]]}},{"type":"Feature","properties":{"layer_id":"change_T20","layer_label":"Change, T>20\u00b0C","low":25.0,"high":50.0,"label":"25\u201350 pp","fill":"#d6604d","fillOpacity":0.6,"stroke":"#d6604d","strokeOpacity":0.72,"strokeWeight":0.35},"geometry":{"type":"Polygon","coordinates":[[[16.8,40.6],[16.8667,40.7],[16.9,40.8],[16.8,40.88],[16.7857,40.9],[16.8,40.925],[16.9,40.9333],[16.95,40.9],[17.0,40.8],[17.0,40.7],[17.0,40.6],[16.9,40.5833],[16.8,40.6]]]}},{"type":"Feature","properties":{"layer_id":"change_T20","layer_label":"Change, T>20\u00b0C","low":25.0,"high":50.0,"label":"25\u201350 pp","fill":"#d6604d","fillOpacity":0.6,"stroke":"#d6604d","strokeOpacity":0.72,"strokeWeight":0.35},"geometry":{"type":"Polygon","coordinates":[[[17.0,40.6],[17.1,40.7],[17.1,40.7],[17.1,40.8],[17.2,40.84],[17.3,40.8286],[17.34,40.8],[17.4,40.74],[17.4667,40.7],[17.5,40.6],[17.4,40.58],[17.3,40.5692],[17.2,40.575],[17.1,40.5833],[17.0,40.6]]]}},{"type":"Feature","properties":{"layer_id":"change_T20","layer_label":"Change, T>20\u00b0C","low":25.0,"high":50.0,"label":"25\u201350 pp","fill":"#d6604d","fillOpacity":0.6,"stroke":"#d6604d","strokeOpacity":0.72,"strokeWeight":0.35},"geometry":{"type":"Polygon","coordinates":[[[15.275,41.6],[15.275,41.7],[15.3,41.75],[15.4,41.7],[15.4,41.7],[15.5,41.6333],[15.6,41.6],[15.5,41.575],[15.4,41.575],[15.3,41.5833],[15.275,41.6]]]}},{"type":"Feature","properties":{"layer_id":"change_T20","layer_label":"Change, T>20\u00b0C","low":25.0,"high":50.0,"label":"25\u201350 pp","fill":"#d6604d","fillOpacity":0.6,"stroke":"#d6604d","strokeOpacity":0.72,"strokeWeight":0.35},"geometry":{"type":"Polygon","coordinates":[[[19.9,39.95],[20.0,39.9833],[20.0333,40.0],[20.0,40.02],[19.9,40.0625],[19.87,40.1],[19.8,40.1636],[19.7417,40.1],[19.8,40.0417],[19.85,40.0],[19.9,39.95]]]}},{"type":"Feature","properties":{"layer_id":"change_T20","layer_label":"Change, T>20\u00b0C","low":25.0,"high":50.0,"label":"25\u201350 pp","fill":"#d6604d","fillOpacity":0.6,"stroke":"#d6604d","strokeOpacity":0.72,"strokeWeight":0.35},"geometry":{"type":"Polygon","coordinates":[[[15.2,40.0625],[15.3,40.0556],[15.35,40.1],[15.3,40.15],[15.22,40.2],[15.2,40.22],[15.1556,40.3],[15.1167,40.4],[15.16,40.5],[15.1333,40.6],[15.1,40.6167],[15.0,40.65],[14.9333,40.7],[14.9,40.7333],[14.8,40.7833],[14.7667,40.8],[14.7,40.85],[14.6333,40.9],[14.6,40.92],[14.5,40.94],[14.45,41.0],[14.4,41.05],[14.3,41.1],[14.2,41.075],[14.1714,41.1],[14.15,41.2],[14.1,41.22],[14.0,41.225],[13.9,41.2833],[13.8,41.275],[13.7455,41.2],[13.8,41.1455],[13.9,41.15],[13.9455,41.1],[14.0,41.0333],[14.0375,41.0],[14.1,40.9375],[14.2,40.9],[14.2,40.9],[14.3,40.8714],[14.3833,40.8],[14.4,40.7833],[14.5,40.7143],[14.6,40.7],[14.6,40.7],[14.7,40.6625],[14.8,40.65],[14.9,40.6333],[14.92,40.6],[14.9833,40.5],[15.0,40.4833],[15.0833,40.4],[15.05,40.3],[15.0714,40.2],[15.1,40.1714],[15.1625,40.1],[15.2,40.0625]]]}},{"type":"Feature","properties":{"layer_id":"change_T20","layer_label":"Change, T>20\u00b0C","low":25.0,"high":50.0,"label":"25\u201350 pp","fill":"#d6604d","fillOpacity":0.6,"stroke":"#d6604d","strokeOpacity":0.72,"strokeWeight":0.35},"geometry":{"type":"Polygon","coordinates":[[[21.9,40.15],[21.96,40.2],[22.0,40.3],[21.9,40.3556],[21.8,40.3],[21.85,40.2],[21.9,40.15]]]}},{"type":"Feature","properties":{"layer_id":"change_T20","layer_label":"Change, T>20\u00b0C","low":25.0,"high":50.0,"label":"25\u201350 pp","fill":"#d6604d","fillOpacity":0.6,"stroke":"#d6604d","strokeOpacity":0.72,"strokeWeight":0.35},"geometry":{"type":"Polygon","coordinates":[[[0.2,40.2833],[0.3,40.2714],[0.3286,40.3],[0.35,40.4],[0.4,40.425],[0.46,40.5],[0.45,40.6],[0.5,40.6333],[0.55,40.7],[0.6,40.8],[0.6,40.8],[0.7,40.9],[0.7,40.9],[0.8,40.9333],[0.9,41.0],[0.9,41.0],[1.0,41.0625],[1.1,41.1],[1.0,41.16],[0.9,41.18],[0.8,41.175],[0.75,41.2],[0.7,41.225],[0.6,41.3],[0.6,41.3],[0.6,41.4],[0.6,41.4],[0.6667,41.5],[0.7,41.55],[0.75,41.6],[0.75,41.7],[0.7,41.8],[0.6,41.8],[0.6,41.8],[0.5,41.85],[0.4,41.8333],[0.3,41.85],[0.2,41.8],[0.2,41.8],[0.1,41.7667],[0.0,41.725],[-0.1,41.7],[0.0,41.65],[0.1,41.6],[0.1,41.6],[0.1,41.6],[0.05,41.5],[0.1,41.4],[0.1,41.4],[0.1,41.4],[0.0,41.3],[0.05,41.2],[0.1,41.1667],[0.2,41.1667],[0.3,41.2],[0.3,41.2],[0.4,41.2],[0.4,41.2],[0.5,41.125],[0.6,41.1],[0.6,41.1],[0.6,41.0],[0.6,41.0],[0.5,41.0],[0.45,40.9],[0.4,40.8],[0.4,40.8],[0.38,40.7],[0.35,40.6],[0.3,40.5667],[0.2333,40.5],[0.25,40.4],[0.2,40.35],[0.175,40.3],[0.2,40.2833]]]}},{"type":"Feature","properties":{"layer_id":"change_T20","layer_label":"Change, T>20\u00b0C","low":25.0,"high":50.0,"label":"25\u201350 pp","fill":"#d6604d","fillOpacity":0.6,"stroke":"#d6604d","strokeOpacity":0.72,"strokeWeight":0.35},"geometry":{"type":"Polygon","coordinates":[[[19.5,40.2556],[19.55,40.3],[19.6,40.3444],[19.7,40.3625],[19.775,40.4],[19.8,40.5],[19.7,40.6],[19.7,40.6],[19.7,40.6],[19.75,40.7],[19.8,40.8],[19.775,40.9],[19.7714,41.0],[19.7333,41.1],[19.7667,41.2],[19.7667,41.3],[19.7714,41.4],[19.7,41.4714],[19.6778,41.5],[19.6571,41.6],[19.6,41.6444],[19.5556,41.6],[19.5417,41.5],[19.5,41.4],[19.575,41.3],[19.5556,41.2],[19.5,41.1444],[19.4556,41.1],[19.4714,41.0],[19.4,40.9615],[19.3385,40.9],[19.3714,40.8],[19.3625,40.7],[19.4,40.6625],[19.4714,40.6],[19.5,40.5333],[19.525,40.5],[19.5,40.4833],[19.45,40.4],[19.4556,40.3],[19.5,40.2556]]]}},{"type":"Feature","properties":{"layer_id":"change_T20","layer_label":"Change, T>20\u00b0C","low":25.0,"high":50.0,"label":"25\u201350 pp","fill":"#d6604d","fillOpacity":0.6,"stroke":"#d6604d","strokeOpacity":0.72,"strokeWeight":0.35},"geometry":{"type":"Polygon","coordinates":[[[22.4,40.2333],[22.4333,40.3],[22.5,40.35],[22.6,40.3571],[22.6375,40.4],[22.6375,40.5],[22.7,40.6],[22.7,40.6],[22.7,40.6],[22.8,40.5833],[22.8167,40.6],[22.9,40.6625],[22.9556,40.6],[23.0,40.5333],[23.05,40.5],[23.1,40.4714],[23.2,40.4],[23.2,40.4],[23.3,40.3429],[23.4,40.35],[23.5,40.325],[23.6,40.3429],[23.7,40.33],[23.7778,40.4],[23.8,40.4333],[23.8444,40.5],[23.8,40.5444],[23.75,40.6],[23.7583,40.7],[23.8,40.7625],[23.9,40.7625],[24.0,40.7455],[24.1,40.75],[24.2,40.7455],[24.2545,40.8],[24.3,40.8833],[24.3167,40.9],[24.36,41.0],[24.3,41.0429],[24.22,41.1],[24.2,41.1167],[24.1,41.1545],[24.0,41.1444],[23.9,41.1286],[23.8333,41.1],[23.8,41.075],[23.7,41.0],[23.7,41.0],[23.6,41.0],[23.5,40.98],[23.48,41.0],[23.5,41.02],[23.6,41.0],[23.6333,41.1],[23.6,41.1167],[23.5,41.15],[23.45,41.1],[23.4,41.05],[23.32,41.1],[23.4,41.18],[23.42,41.2],[23.4,41.225],[23.3,41.28],[23.2,41.28],[23.1,41.28],[23.0,41.2667],[22.9333,41.2],[22.9,41.1667],[22.8,41.1714],[22.75,41.2],[22.7,41.25],[22.6,41.3],[22.5,41.2333],[22.4667,41.2],[22.475,41.1],[22.5,41.0667],[22.525,41.0],[22.5182,40.9],[22.5,40.8667],[22.4333,40.8],[22.4,40.7],[22.4,40.7],[22.4,40.7],[22.3,40.7667],[22.2,40.7667],[22.15,40.7],[22.2,40.6333],[22.22,40.6],[22.3,40.52],[22.35,40.5],[22.38,40.4],[22.3667,40.3],[22.4,40.2333]]]}},{"type":"Feature","properties":{"layer_id":"change_T20","layer_label":"Change, T>20\u00b0C","low":25.0,"high":50.0,"label":"25\u201350 pp","fill":"#d6604d","fillOpacity":0.6,"stroke":"#d6604d","strokeOpacity":0.72,"strokeWeight":0.35},"geometry":{"type":"Polygon","coordinates":[[[22.475,40.6],[22.5,40.6333],[22.55,40.7],[22.52,40.8],[22.5636,40.9],[22.5875,41.0],[22.6,41.0333],[22.7,41.0],[22.7,41.0],[22.7,41.0],[22.8,41.1],[22.9,41.0],[22.9,41.0],[22.95,40.9],[22.95,40.8],[22.9,40.7667],[22.8,40.8],[22.8,40.8],[22.8,40.8],[22.7667,40.7],[22.7,40.6714],[22.6167,40.6],[22.6,40.5667],[22.5,40.55],[22.475,40.6]]]}},{"type":"Feature","properties":{"layer_id":"change_T20","layer_label":"Change, T>20\u00b0C","low":25.0,"high":50.0,"label":"25\u201350 pp","fill":"#d6604d","fillOpacity":0.6,"stroke":"#d6604d","strokeOpacity":0.72,"strokeWeight":0.35},"geometry":{"type":"Polygon","coordinates":[[[23.45,40.6],[23.5,40.7],[23.5,40.7],[23.6,40.7286],[23.6714,40.8],[23.7,40.85],[23.75,40.8],[23.7167,40.7],[23.7,40.6],[23.7,40.6],[23.6,40.575],[23.5,40.5857],[23.45,40.6]]]}},{"type":"Feature","properties":{"layer_id":"change_T20","layer_label":"Change, T>20\u00b0C","low":25.0,"high":50.0,"label":"25\u201350 pp","fill":"#d6604d","fillOpacity":0.6,"stroke":"#d6604d","strokeOpacity":0.72,"strokeWeight":0.35},"geometry":{"type":"Polygon","coordinates":[[[23.175,40.9],[23.1,40.975],[23.0,41.0],[23.0,41.0],[23.0,41.0],[23.1,41.05],[23.2,41.0],[23.2,41.0],[23.3,40.9333],[23.3667,40.9],[23.3,40.85],[23.2,40.8833],[23.175,40.9]]]}},{"type":"Feature","properties":{"layer_id":"change_T20","layer_label":"Change, T>20\u00b0C","low":25.0,"high":50.0,"label":"25\u201350 pp","fill":"#d6604d","fillOpacity":0.6,"stroke":"#d6604d","strokeOpacity":0.72,"strokeWeight":0.35},"geometry":{"type":"Polygon","coordinates":[[[29.6,40.375],[29.65,40.4],[29.6375,40.5],[29.6,40.5375],[29.5,40.5667],[29.42,40.5],[29.5,40.4333],[29.5667,40.4],[29.6,40.375]]]}},{"type":"Feature","properties":{"layer_id":"change_T20","layer_label":"Change, T>20\u00b0C","low":25.0,"high":50.0,"label":"25\u201350 pp","fill":"#d6604d","fillOpacity":0.6,"stroke":"#d6604d","strokeOpacity":0.72,"strokeWeight":0.35},"geometry":{"type":"Polygon","coordinates":[[[9.5,40.725],[9.6,40.7],[9.6286,40.8],[9.6,40.8667],[9.575,40.9],[9.5,40.96],[9.4,40.9],[9.4,40.8],[9.5,40.725]]]}},{"type":"Feature","properties":{"layer_id":"change_T20","layer_label":"Change, T>20\u00b0C","low":25.0,"high":50.0,"label":"25\u201350 pp","fill":"#d6604d","fillOpacity":0.6,"stroke":"#d6604d","strokeOpacity":0.72,"strokeWeight":0.35},"geometry":{"type":"Polygon","coordinates":[[[22.1,40.7667],[22.15,40.8],[22.15,40.9],[22.14,41.0],[22.1,41.0333],[22.0333,41.0],[22.0,40.9],[22.075,40.8],[22.1,40.7667]]]}},{"type":"Feature","properties":{"layer_id":"change_T20","layer_label":"Change, T>20\u00b0C","low":25.0,"high":50.0,"label":"25\u201350 pp","fill":"#d6604d","fillOpacity":0.6,"stroke":"#d6604d","strokeOpacity":0.72,"strokeWeight":0.35},"geometry":{"type":"Polygon","coordinates":[[[39.9,40.8625],[40.0,40.8556],[40.1,40.8556],[40.2,40.8625],[40.3,40.8833],[40.3333,40.9],[40.3,40.9167],[40.2,40.9375],[40.1,40.9444],[40.0,40.9444],[39.9,40.9375],[39.84,40.9],[39.9,40.8625]]]}},{"type":"Feature","properties":{"layer_id":"change_T20","layer_label":"Change, T>20\u00b0C","low":25.0,"high":50.0,"label":"25\u201350 pp","fill":"#d6604d","fillOpacity":0.6,"stroke":"#d6604d","strokeOpacity":0.72,"strokeWeight":0.35},"geometry":{"type":"Polygon","coordinates":[[[9.3,40.975],[9.4,41.0],[9.3,41.05],[9.275,41.1],[9.2,41.1375],[9.1,41.14],[9.0,41.1167],[8.9833,41.1],[9.0,41.0],[9.1,41.05],[9.2,41.025],[9.25,41.0],[9.3,40.975]]]}},{"type":"Feature","properties":{"layer_id":"change_T20","layer_label":"Change, T>20\u00b0C","low":25.0,"high":50.0,"label":"25\u201350 pp","fill":"#d6604d","fillOpacity":0.6,"stroke":"#d6604d","strokeOpacity":0.72,"strokeWeight":0.35},"geometry":{"type":"Polygon","coordinates":[[[1.2,41.0833],[1.2167,41.1],[1.3,41.2],[1.3,41.2],[1.3,41.2],[1.4,41.1625],[1.4375,41.2],[1.4,41.3],[1.4,41.3],[1.3,41.325],[1.25,41.3],[1.2,41.28],[1.12,41.2],[1.1,41.1],[1.2,41.0833]]]}},{"type":"Feature","properties":{"layer_id":"change_T20","layer_label":"Change, T>20\u00b0C","low":25.0,"high":50.0,"label":"25\u201350 pp","fill":"#d6604d","fillOpacity":0.6,"stroke":"#d6604d","strokeOpacity":0.72,"strokeWeight":0.35},"geometry":{"type":"Polygon","coordinates":[[[14.8,41.08],[14.9,41.02],[15.0,41.0167],[15.0625,41.1],[15.0,41.1625],[14.94,41.2],[14.9,41.2286],[14.8,41.2167],[14.7,41.2],[14.78,41.1],[14.8,41.08]]]}},{"type":"Feature","properties":{"layer_id":"change_T20","layer_label":"Change, T>20\u00b0C","low":25.0,"high":50.0,"label":"25\u201350 pp","fill":"#d6604d","fillOpacity":0.6,"stroke":"#d6604d","strokeOpacity":0.72,"strokeWeight":0.35},"geometry":{"type":"Polygon","coordinates":[[[40.7,41.0556],[40.8,41.0625],[40.9,41.0833],[40.925,41.1],[40.9,41.1167],[40.85,41.2],[40.8,41.25],[40.75,41.2],[40.7,41.1444],[40.6556,41.1],[40.7,41.0556]]]}},{"type":"Feature","properties":{"layer_id":"change_T20","layer_label":"Change, T>20\u00b0C","low":25.0,"high":50.0,"label":"25\u201350 pp","fill":"#d6604d","fillOpacity":0.6,"stroke":"#d6604d","strokeOpacity":0.72,"strokeWeight":0.35},"geometry":{"type":"Polygon","coordinates":[[[1.6,41.1714],[1.6667,41.2],[1.7,41.225],[1.8,41.2833],[1.9,41.2833],[1.95,41.3],[2.0,41.325],[2.075,41.4],[2.1,41.45],[2.2,41.4714],[2.24,41.5],[2.2,41.5667],[2.1,41.5333],[2.0,41.5333],[1.95,41.5],[1.9,41.475],[1.8,41.425],[1.75,41.4],[1.7,41.375],[1.6,41.35],[1.5,41.35],[1.4,41.3],[1.5,41.2714],[1.5714,41.2],[1.6,41.1714]]]}},{"type":"Feature","properties":{"layer_id":"change_T20","layer_label":"Change, T>20\u00b0C","low":25.0,"high":50.0,"label":"25\u201350 pp","fill":"#d6604d","fillOpacity":0.6,"stroke":"#d6604d","strokeOpacity":0.72,"strokeWeight":0.35},"geometry":{"type":"Polygon","coordinates":[[[36.9,41.175],[37.0,41.125],[37.0545,41.2],[37.0,41.2545],[36.95,41.3],[36.9,41.35],[36.8,41.3583],[36.7,41.35],[36.65,41.3],[36.7,41.2167],[36.8,41.2],[36.8,41.2],[36.9,41.175]]]}},{"type":"Feature","properties":{"layer_id":"change_T20","layer_label":"Change, T>20\u00b0C","low":25.0,"high":50.0,"label":"25\u201350 pp","fill":"#d6604d","fillOpacity":0.6,"stroke":"#d6604d","strokeOpacity":0.72,"strokeWeight":0.35},"geometry":{"type":"Polygon","coordinates":[[[44.9,41.3444],[45.0,41.325],[45.0,41.4],[45.0,41.5],[45.0,41.575],[44.9,41.575],[44.825,41.5],[44.8286,41.4],[44.9,41.3444]]]}},{"type":"Feature","properties":{"layer_id":"change_T20","layer_label":"Change, T>20\u00b0C","low":25.0,"high":50.0,"label":"25\u201350 pp","fill":"#d6604d","fillOpacity":0.6,"stroke":"#d6604d","strokeOpacity":0.72,"strokeWeight":0.35},"geometry":{"type":"Polygon","coordinates":[[[36.0,41.45],[36.1,41.4375],[36.15,41.5],[36.1,41.55],[36.0545,41.6],[36.0,41.6857],[35.9,41.7],[35.8,41.6643],[35.7,41.6286],[35.6667,41.6],[35.7,41.5667],[35.8,41.5182],[35.9,41.5],[35.9,41.5],[36.0,41.45]]]}},{"type":"Feature","properties":{"layer_id":"change_T20","layer_label":"Change, T>20\u00b0C","low":25.0,"high":50.0,"label":"25\u201350 pp","fill":"#d6604d","fillOpacity":0.6,"stroke":"#d6604d","strokeOpacity":0.72,"strokeWeight":0.35},"geometry":{"type":"Polygon","coordinates":[[[12.7,41.575],[12.8,41.58],[12.9,41.6],[12.8,41.625],[12.725,41.7],[12.7,41.7333],[12.66,41.8],[12.7,41.9],[12.7,42.0],[12.65,42.1],[12.6,42.2],[12.5,42.1],[12.5,42.1],[12.4,42.1],[12.3,42.1],[12.3,42.1],[12.2,42.16],[12.1333,42.2],[12.1,42.2333],[12.0333,42.3],[12.0333,42.4],[12.0,42.5],[12.0,42.5],[12.0,42.5],[12.0333,42.6],[12.0,42.65],[11.9,42.6333],[11.875,42.6],[11.8,42.525],[11.7,42.5667],[11.65,42.6],[11.6,42.625],[11.5,42.7],[11.5,42.7],[11.4,42.725],[11.3,42.8],[11.3,42.8],[11.3,42.9],[11.2,42.95],[11.1,42.98],[11.0,43.0],[11.0,43.0],[10.9,43.0714],[10.8333,43.1],[10.8,43.15],[10.775,43.2],[10.7,43.3],[10.7,43.3],[10.7,43.4],[10.7,43.4],[10.7,43.4],[10.8,43.35],[10.85,43.4],[10.8,43.5],[10.8,43.5],[10.8,43.6],[10.7,43.7],[10.7,43.7],[10.6,43.7333],[10.5,43.76],[10.4,43.8],[10.4,43.8],[10.4,43.9],[10.3,43.94],[10.25,44.0],[10.2,44.0375],[10.1625,44.0],[10.2,43.925],[10.2333,43.9],[10.2556,43.8],[10.2625,43.7],[10.3,43.6625],[10.3625,43.6],[10.3556,43.5],[10.4,43.4556],[10.45,43.4],[10.5,43.35],[10.5625,43.3],[10.5714,43.2],[10.6,43.16],[10.7,43.1],[10.7,43.1],[10.7714,43.0],[10.8,42.9714],[10.8714,42.9],[10.9,42.8333],[10.92,42.8],[11.0,42.76],[11.1,42.7667],[11.1444,42.7],[11.2,42.6286],[11.2333,42.6],[11.3,42.55],[11.4,42.525],[11.5,42.5],[11.5,42.5],[11.5667,42.4],[11.6,42.3714],[11.7,42.38],[11.8,42.35],[11.85,42.3],[11.9,42.275],[11.95,42.2],[11.9714,42.1],[12.0,42.06],[12.1,42.1],[12.1,42.1],[12.1,42.1],[12.2,42.05],[12.275,42.0],[12.3,41.95],[12.3333,41.9],[12.375,41.8],[12.4,41.775],[12.5,41.7],[12.5,41.7],[12.6,41.63],[12.675,41.6],[12.7,41.575]]]}},{"type":"Feature","properties":{"layer_id":"change_T20","layer_label":"Change, T>20\u00b0C","low":25.0,"high":50.0,"label":"25\u201350 pp","fill":"#d6604d","fillOpacity":0.6,"stroke":"#d6604d","strokeOpacity":0.72,"strokeWeight":0.35},"geometry":{"type":"Polygon","coordinates":[[[2.9,41.7],[2.9,41.7],[3.0,41.7556],[3.0444,41.8],[3.1,41.8714],[3.1333,41.9],[3.2,42.0],[3.1,42.1],[3.1,42.1],[3.1,42.1],[3.1375,42.2],[3.1,42.3],[3.0,42.2667],[2.9333,42.2],[2.9,42.1],[2.9,42.0],[2.9,42.0],[2.85,41.9],[2.8,41.8],[2.8,41.7],[2.9,41.7]]]}},{"type":"Feature","properties":{"layer_id":"change_T20","layer_label":"Change, T>20\u00b0C","low":25.0,"high":50.0,"label":"25\u201350 pp","fill":"#d6604d","fillOpacity":0.6,"stroke":"#d6604d","strokeOpacity":0.72,"strokeWeight":0.35},"geometry":{"type":"Polygon","coordinates":[[[19.5,41.8625],[19.6,41.8714],[19.65,41.9],[19.68,42.0],[19.62,42.1],[19.6,42.1167],[19.5167,42.2],[19.5,42.2167],[19.4167,42.3],[19.4,42.3333],[19.3778,42.4],[19.3,42.4583],[19.2,42.4625],[19.1,42.4],[19.1,42.4],[19.0,42.3167],[18.9,42.3286],[18.8,42.35],[18.7625,42.3],[18.8,42.2625],[18.85,42.2],[18.9,42.15],[19.0,42.1556],[19.0714,42.1],[19.1,42.0714],[19.15,42.0],[19.2,41.95],[19.3,41.95],[19.4,41.9],[19.4,41.9],[19.5,41.8625]]]}},{"type":"Feature","properties":{"layer_id":"change_T20","layer_label":"Change, T>20\u00b0C","low":25.0,"high":50.0,"label":"25\u201350 pp","fill":"#d6604d","fillOpacity":0.6,"stroke":"#d6604d","strokeOpacity":0.72,"strokeWeight":0.35},"geometry":{"type":"Polygon","coordinates":[[[19.1375,42.3],[19.2,42.4],[19.2,42.4],[19.3,42.4167],[19.3222,42.4],[19.35,42.3],[19.3,42.2636],[19.2,42.2667],[19.1375,42.3]]]}},{"type":"Feature","properties":{"layer_id":"change_T20","layer_label":"Change, T>20\u00b0C","low":25.0,"high":50.0,"label":"25\u201350 pp","fill":"#d6604d","fillOpacity":0.6,"stroke":"#d6604d","strokeOpacity":0.72,"strokeWeight":0.35},"geometry":{"type":"Polygon","coordinates":[[[35.1,41.8714],[35.1286,41.9],[35.1,41.9286],[35.0615,42.0],[35.0583,42.1],[35.0,42.1583],[34.9417,42.1],[34.9385,42.0],[35.0,41.9273],[35.06,41.9],[35.1,41.8714]]]}},{"type":"Feature","properties":{"layer_id":"change_T20","layer_label":"Change, T>20\u00b0C","low":25.0,"high":50.0,"label":"25\u201350 pp","fill":"#d6604d","fillOpacity":0.6,"stroke":"#d6604d","strokeOpacity":0.72,"strokeWeight":0.35},"geometry":{"type":"Polygon","coordinates":[[[41.8,41.8417],[41.9,41.8571],[41.96,41.9],[42.0,41.94],[42.06,42.0],[42.1,42.0667],[42.2,42.0667],[42.25,42.1],[42.3,42.2],[42.3,42.2],[42.4,42.2167],[42.425,42.2],[42.5,42.1571],[42.6,42.14],[42.7,42.15],[42.8,42.1556],[42.8571,42.2],[42.8,42.2667],[42.7714,42.3],[42.7,42.35],[42.6,42.35],[42.5,42.3667],[42.4,42.3833],[42.375,42.4],[42.3,42.4429],[42.2,42.4333],[42.1,42.5],[42.0,42.5],[42.0,42.5],[41.9,42.55],[41.8,42.6],[41.8,42.6],[41.7,42.6889],[41.68,42.7],[41.6,42.7571],[41.5571,42.8],[41.5,42.8444],[41.4,42.8667],[41.3385,42.8],[41.4,42.7385],[41.4455,42.7],[41.5,42.6455],[41.5385,42.6],[41.5,42.5375],[41.4625,42.5],[41.5,42.4625],[41.55,42.4],[41.5833,42.3],[41.6,42.2833],[41.65,42.2],[41.7,42.15],[41.75,42.1],[41.7625,42.0],[41.7417,41.9],[41.8,41.8417]]]}},{"type":"Feature","properties":{"layer_id":"change_T20","layer_label":"Change, T>20\u00b0C","low":25.0,"high":50.0,"label":"25\u201350 pp","fill":"#d6604d","fillOpacity":0.6,"stroke":"#d6604d","strokeOpacity":0.72,"strokeWeight":0.35},"geometry":{"type":"Polygon","coordinates":[[[42.05,42.2],[42.0,42.2333],[41.9,42.2],[41.8,42.2],[41.75,42.3],[41.7,42.4],[41.7,42.4],[41.6,42.5],[41.6,42.5],[41.5769,42.6],[41.6,42.675],[41.7,42.6333],[41.7375,42.6],[41.8,42.5],[41.8,42.5],[41.8667,42.4],[41.9,42.3667],[42.0,42.34],[42.1,42.3],[42.1,42.3],[42.12,42.2],[42.1,42.18],[42.05,42.2]]]}},{"type":"Feature","properties":{"layer_id":"change_T20","layer_label":"Change, T>20\u00b0C","low":25.0,"high":50.0,"label":"25\u201350 pp","fill":"#d6604d","fillOpacity":0.6,"stroke":"#d6604d","strokeOpacity":0.72,"strokeWeight":0.35},"geometry":{"type":"Polygon","coordinates":[[[9.4,42.1333],[9.5,42.2],[9.5,42.2],[9.5375,42.3],[9.5583,42.4],[9.5,42.4875],[9.4222,42.4],[9.425,42.3],[9.4,42.2667],[9.35,42.2],[9.4,42.1333]]]}},{"type":"Feature","properties":{"layer_id":"change_T20","layer_label":"Change, T>20\u00b0C","low":25.0,"high":50.0,"label":"25\u201350 pp","fill":"#d6604d","fillOpacity":0.6,"stroke":"#d6604d","strokeOpacity":0.72,"strokeWeight":0.35},"geometry":{"type":"Polygon","coordinates":[[[2.9,42.58],[3.0,42.6],[2.9167,42.7],[2.9375,42.8],[2.9,42.875],[2.825,42.8],[2.8,42.75],[2.775,42.7],[2.8,42.6667],[2.8667,42.6],[2.9,42.58]]]}},{"type":"Feature","properties":{"layer_id":"change_T20","layer_label":"Change, T>20\u00b0C","low":25.0,"high":50.0,"label":"25\u201350 pp","fill":"#d6604d","fillOpacity":0.6,"stroke":"#d6604d","strokeOpacity":0.72,"strokeWeight":0.35},"geometry":{"type":"Polygon","coordinates":[[[9.0,42.56],[9.1,42.54],[9.2,42.575],[9.3,42.6],[9.3,42.6],[9.3,42.6],[9.4,42.5],[9.4444,42.6],[9.4,42.68],[9.3667,42.7],[9.3,42.7286],[9.2,42.7],[9.2,42.7],[9.1,42.6375],[9.0,42.6286],[8.9714,42.6],[9.0,42.56]]]}},{"type":"Feature","properties":{"layer_id":"change_T20","layer_label":"Change, T>20\u00b0C","low":25.0,"high":50.0,"label":"25\u201350 pp","fill":"#d6604d","fillOpacity":0.6,"stroke":"#d6604d","strokeOpacity":0.72,"strokeWeight":0.35},"geometry":{"type":"Polygon","coordinates":[[[14.0,42.5667],[14.0167,42.6],[14.0375,42.7],[14.0,42.7375],[13.9,42.7167],[13.85,42.7],[13.9,42.6],[13.9,42.6],[14.0,42.5667]]]}},{"type":"Feature","properties":{"layer_id":"change_T20","layer_label":"Change, T>20\u00b0C","low":25.0,"high":50.0,"label":"25\u201350 pp","fill":"#d6604d","fillOpacity":0.6,"stroke":"#d6604d","strokeOpacity":0.72,"strokeWeight":0.35},"geometry":{"type":"Polygon","coordinates":[[[18.2,42.5455],[18.3,42.5556],[18.3444,42.6],[18.3,42.6571],[18.24,42.7],[18.2,42.7286],[18.1,42.7545],[18.0455,42.7],[18.1,42.6455],[18.1455,42.6],[18.2,42.5455]]]}},{"type":"Feature","properties":{"layer_id":"change_T20","layer_label":"Change, T>20\u00b0C","low":25.0,"high":50.0,"label":"25\u201350 pp","fill":"#d6604d","fillOpacity":0.6,"stroke":"#d6604d","strokeOpacity":0.72,"strokeWeight":0.35},"geometry":{"type":"Polygon","coordinates":[[[27.5,42.5556],[27.6,42.5357],[27.6643,42.6],[27.7,42.6357],[27.8,42.6455],[27.8545,42.7],[27.8615,42.8],[27.8,42.9],[27.7,42.8],[27.7,42.8],[27.6,42.7333],[27.55,42.7],[27.5,42.68],[27.4,42.6],[27.5,42.5556]]]}},{"type":"Feature","properties":{"layer_id":"change_T20","layer_label":"Change, T>20\u00b0C","low":25.0,"high":50.0,"label":"25\u201350 pp","fill":"#d6604d","fillOpacity":0.6,"stroke":"#d6604d","strokeOpacity":0.72,"strokeWeight":0.35},"geometry":{"type":"Polygon","coordinates":[[[41.1,42.85],[41.2,42.8455],[41.3,42.8833],[41.32,42.9],[41.3,42.9167],[41.2,42.9667],[41.1625,43.0],[41.1,43.05],[41.0,43.0636],[40.9417,43.0],[41.0,42.9417],[41.05,42.9],[41.1,42.85]]]}},{"type":"Feature","properties":{"layer_id":"change_T20","layer_label":"Change, T>20\u00b0C","low":25.0,"high":50.0,"label":"25\u201350 pp","fill":"#d6604d","fillOpacity":0.6,"stroke":"#d6604d","strokeOpacity":0.72,"strokeWeight":0.35},"geometry":{"type":"Polygon","coordinates":[[[17.1,42.95],[17.2,42.95],[17.3,42.9455],[17.3545,43.0],[17.3,43.0545],[17.2,43.05],[17.1375,43.1],[17.1,43.1375],[17.04,43.1],[17.0714,43.0],[17.1,42.95]]]}},{"type":"Feature","properties":{"layer_id":"change_T20","layer_label":"Change, T>20\u00b0C","low":25.0,"high":50.0,"label":"25\u201350 pp","fill":"#d6604d","fillOpacity":0.6,"stroke":"#d6604d","strokeOpacity":0.72,"strokeWeight":0.35},"geometry":{"type":"Polygon","coordinates":[[[13.8,43.0333],[13.8444,43.1],[13.8,43.1444],[13.75,43.2],[13.7167,43.3],[13.7444,43.4],[13.7,43.4444],[13.6,43.45],[13.5545,43.5],[13.5375,43.6],[13.5,43.6375],[13.4,43.6375],[13.3,43.6286],[13.2375,43.7],[13.2,43.7375],[13.1,43.7375],[13.0,43.7],[13.1,43.6],[13.1,43.6],[13.2,43.525],[13.3,43.5],[13.3,43.5],[13.4,43.4],[13.4,43.4],[13.5,43.3],[13.5,43.3],[13.5667,43.2],[13.6,43.1667],[13.7,43.1],[13.7,43.1],[13.8,43.0333]]]}},{"type":"Feature","properties":{"layer_id":"change_T20","layer_label":"Change, T>20\u00b0C","low":25.0,"high":50.0,"label":"25\u201350 pp","fill":"#d6604d","fillOpacity":0.6,"stroke":"#d6604d","strokeOpacity":0.72,"strokeWeight":0.35},"geometry":{"type":"Polygon","coordinates":[[[27.9,43.05],[27.95,43.1],[28.0,43.1455],[28.0545,43.2],[28.0444,43.3],[28.0,43.3571],[27.9333,43.3],[27.9,43.2667],[27.8429,43.2],[27.8286,43.1],[27.9,43.05]]]}},{"type":"Feature","properties":{"layer_id":"change_T20","layer_label":"Change, T>20\u00b0C","low":25.0,"high":50.0,"label":"25\u201350 pp","fill":"#d6604d","fillOpacity":0.6,"stroke":"#d6604d","strokeOpacity":0.72,"strokeWeight":0.35},"geometry":{"type":"Polygon","coordinates":[[[40.6,43.0385],[40.6615,43.1],[40.6,43.1615],[40.55,43.2],[40.5,43.25],[40.4,43.2643],[40.3357,43.2],[40.4,43.1357],[40.5,43.15],[40.5385,43.1],[40.6,43.0385]]]}},{"type":"Feature","properties":{"layer_id":"change_T20","layer_label":"Change, T>20\u00b0C","low":25.0,"high":50.0,"label":"25\u201350 pp","fill":"#d6604d","fillOpacity":0.6,"stroke":"#d6604d","strokeOpacity":0.72,"strokeWeight":0.35},"geometry":{"type":"Polygon","coordinates":[[[4.7,43.3714],[4.8,43.3714],[4.9,43.3714],[5.0,43.3833],[5.0167,43.4],[5.0,43.45],[4.9667,43.5],[5.0,43.6],[4.9,43.65],[4.8,43.7],[4.8,43.7],[4.7,43.775],[4.6,43.8],[4.5,43.8],[4.4,43.75],[4.3,43.7],[4.3,43.7],[4.2,43.675],[4.1,43.65],[4.0333,43.6],[4.1,43.5714],[4.2,43.5625],[4.2714,43.5],[4.3,43.4714],[4.3286,43.5],[4.4,43.5714],[4.5,43.5833],[4.5556,43.5],[4.6,43.4556],[4.68,43.5],[4.7,43.5333],[4.8,43.52],[4.8333,43.5],[4.8,43.4667],[4.7,43.4667],[4.6714,43.4],[4.7,43.3714]]]}},{"type":"Feature","properties":{"layer_id":"change_T20","layer_label":"Change, T>20\u00b0C","low":25.0,"high":50.0,"label":"25\u201350 pp","fill":"#d6604d","fillOpacity":0.6,"stroke":"#d6604d","strokeOpacity":0.72,"strokeWeight":0.35},"geometry":{"type":"Polygon","coordinates":[[[28.1,43.3833],[28.2,43.35],[28.3,43.3455],[28.4,43.3625],[28.5,43.3625],[28.5375,43.4],[28.5375,43.5],[28.5545,43.6],[28.5444,43.7],[28.5444,43.8],[28.5286,43.9],[28.6,43.95],[28.65,44.0],[28.7,44.05],[28.75,44.1],[28.7,44.15],[28.6,44.15],[28.5167,44.2],[28.6,44.2455],[28.7,44.25],[28.75,44.3],[28.7545,44.4],[28.8,44.45],[28.85,44.5],[28.8,44.55],[28.75,44.6],[28.7,44.7],[28.6167,44.6],[28.6,44.575],[28.54,44.5],[28.52,44.4],[28.5,44.35],[28.4,44.3],[28.45,44.2],[28.4333,44.1],[28.45,44.0],[28.4,43.9333],[28.3667,43.9],[28.3667,43.8],[28.3,43.7],[28.3,43.7],[28.2667,43.6],[28.2,43.5333],[28.18,43.5],[28.1,43.42],[28.075,43.4],[28.1,43.3833]]]}},{"type":"Feature","properties":{"layer_id":"change_T20","layer_label":"Change, T>20\u00b0C","low":25.0,"high":50.0,"label":"25\u201350 pp","fill":"#d6604d","fillOpacity":0.6,"stroke":"#d6604d","strokeOpacity":0.72,"strokeWeight":0.35},"geometry":{"type":"Polygon","coordinates":[[[28.2,43.4],[28.2,43.4],[28.3,43.5],[28.3,43.5],[28.4,43.6],[28.4,43.6],[28.5,43.65],[28.5091,43.6],[28.5,43.5667],[28.4333,43.5],[28.4,43.4667],[28.3333,43.4],[28.3,43.3909],[28.2,43.4],[28.2,43.4]]]}},{"type":"Feature","properties":{"layer_id":"change_T20","layer_label":"Change, T>20\u00b0C","low":25.0,"high":50.0,"label":"25\u201350 pp","fill":"#d6604d","fillOpacity":0.6,"stroke":"#d6604d","strokeOpacity":0.72,"strokeWeight":0.35},"geometry":{"type":"Polygon","coordinates":[[[16.0,43.55],[16.1,43.5625],[16.175,43.6],[16.1,43.675],[16.075,43.7],[16.0,43.8],[16.0,43.8],[15.9,43.8857],[15.8,43.8857],[15.78,43.9],[15.7,43.98],[15.6556,43.9],[15.65,43.8],[15.7,43.75],[15.8,43.7455],[15.9,43.7455],[15.9625,43.7],[15.95,43.6],[16.0,43.55]]]}},{"type":"Feature","properties":{"layer_id":"change_T20","layer_label":"Change, T>20\u00b0C","low":25.0,"high":50.0,"label":"25\u201350 pp","fill":"#d6604d","fillOpacity":0.6,"stroke":"#d6604d","strokeOpacity":0.72,"strokeWeight":0.35},"geometry":{"type":"Polygon","coordinates":[[[24.6,43.55],[24.7,43.55],[24.75,43.6],[24.7,43.7],[24.7,43.7],[24.7,43.7],[24.8,43.7],[24.9,43.7333],[25.0,43.75],[25.1,43.8],[25.1,43.8],[25.1,43.8],[25.2,43.7],[25.3,43.7],[25.3,43.7],[25.3,43.7],[25.2,43.7],[25.1,43.7],[25.05,43.6],[25.1,43.55],[25.2,43.575],[25.3,43.575],[25.4,43.6],[25.4,43.6],[25.5,43.6],[25.5,43.6],[25.6,43.55],[25.65,43.6],[25.6,43.65],[25.55,43.7],[25.5,43.75],[25.4,43.8],[25.4,43.8],[25.4,43.9],[25.4,43.9],[25.4,43.9],[25.5,43.85],[25.55,43.9],[25.6,44.0],[25.5,44.1],[25.4,44.1],[25.4,44.1],[25.3,44.15],[25.2,44.1],[25.2,44.1],[25.1,44.05],[25.0,44.05],[24.9,44.05],[24.8,44.0],[24.8,44.0],[24.8,44.0],[24.75,44.1],[24.7,44.15],[24.6,44.2],[24.5,44.2],[24.5,44.2],[24.4,44.25],[24.3,44.2],[24.3,44.1],[24.4,44.05],[24.4333,44.0],[24.4,43.9],[24.4,43.9],[24.3,43.9],[24.2,43.8333],[24.1,43.8333],[24.0,43.85],[23.95,43.9],[23.92,44.0],[23.9,44.1],[23.8,44.1],[23.7,44.0],[23.7,44.0],[23.7,44.0],[23.6,44.1],[23.5,44.1],[23.5,44.1],[23.5,44.1],[23.6,44.2],[23.5,44.3],[23.4,44.3],[23.3,44.2],[23.3,44.2],[23.2,44.2],[23.2,44.2],[23.1,44.225],[23.0,44.25],[22.9,44.2],[23.0,44.1],[23.0,44.1],[23.0333,44.0],[23.0,43.95],[22.975,43.9],[23.0,43.8667],[23.1,43.9],[23.1,43.9],[23.2,43.95],[23.25,43.9],[23.3,43.8667],[23.4,43.84],[23.5,43.8667],[23.6,43.85],[23.7,43.8],[23.7,43.8],[23.8,43.7333],[23.9,43.7667],[24.0,43.775],[24.1,43.775],[24.2,43.75],[24.25,43.7],[24.3,43.6667],[24.4,43.6],[24.5,43.6],[24.5,43.6],[24.6,43.55]]]}},{"type":"Feature","properties":{"layer_id":"change_T20","layer_label":"Change, T>20\u00b0C","low":25.0,"high":50.0,"label":"25\u201350 pp","fill":"#d6604d","fillOpacity":0.6,"stroke":"#d6604d","strokeOpacity":0.72,"strokeWeight":0.35},"geometry":{"type":"Polygon","coordinates":[[[39.7,43.5357],[39.8,43.5556],[39.8667,43.6],[39.8,43.6444],[39.7167,43.7],[39.7,43.7167],[39.6167,43.8],[39.6,43.82],[39.5,43.8889],[39.48,43.9],[39.4,44.0],[39.4,44.0],[39.3167,44.1],[39.3,44.12],[39.2,44.1833],[39.1667,44.2],[39.1,44.25],[39.0714,44.2],[39.1,44.1714],[39.15,44.1],[39.2,44.05],[39.25,44.0],[39.3,43.95],[39.3556,43.9],[39.4,43.8556],[39.4385,43.8],[39.5,43.7385],[39.5385,43.7],[39.6,43.6385],[39.6357,43.6],[39.7,43.5357]]]}},{"type":"Feature","properties":{"layer_id":"change_T20","layer_label":"Change, T>20\u00b0C","low":25.0,"high":50.0,"label":"25\u201350 pp","fill":"#d6604d","fillOpacity":0.6,"stroke":"#d6604d","strokeOpacity":0.72,"strokeWeight":0.35},"geometry":{"type":"Polygon","coordinates":[[[44.1,43.58],[44.2,43.5],[44.25,43.6],[44.3,43.625],[44.4,43.6],[44.5,43.6],[44.6,43.6],[44.7,43.6],[44.7,43.6],[44.8,43.5667],[44.9,43.56],[45.0,43.5],[45.0,43.6],[45.0,43.625],[44.9,43.675],[44.8,43.6667],[44.7,43.6625],[44.6,43.6714],[44.5,43.6714],[44.4333,43.7],[44.4,43.75],[44.3,43.7667],[44.2,43.8],[44.2,43.8],[44.125,43.9],[44.1,43.925],[44.0,43.9333],[43.9,44.0],[43.9,44.0],[43.8333,44.1],[43.8,44.15],[43.7667,44.2],[43.7,44.2667],[43.65,44.3],[43.7,44.4],[43.7,44.4],[43.7,44.5],[43.7,44.6],[43.7,44.7],[43.8,44.8],[43.8,44.8],[43.9,44.9],[44.0,44.9],[44.0,44.9],[44.1,45.0],[44.2,45.0],[44.2,45.0],[44.25,45.1],[44.2,45.15],[44.1,45.2],[44.2,45.25],[44.3,45.2333],[44.4,45.2],[44.4,45.2],[44.4,45.2],[44.4,45.3],[44.45,45.4],[44.5,45.4333],[44.55,45.4],[44.6,45.3667],[44.65,45.3],[44.7,45.2667],[44.8,45.2333],[44.85,45.2],[44.9,45.1],[44.9,45.0],[44.8,44.9],[44.8,44.9],[44.7,44.8],[44.6,44.8],[44.5,44.8],[44.4,44.8],[44.4,44.8],[44.4,44.8],[44.5,44.8],[44.6,44.7],[44.6,44.6],[44.6,44.6],[44.7,44.6],[44.8,44.55],[44.9,44.55],[45.0,44.5],[45.0,44.5],[45.0,44.5],[45.0,44.6],[45.0,44.7],[45.0,44.8],[45.0,44.9],[45.0,45.0],[45.0,45.1],[45.0,45.2],[45.0,45.3],[45.0,45.4],[45.0,45.5],[45.0,45.6],[45.0,45.7],[45.0,45.8],[45.0,45.8333],[44.95,45.9],[44.9,45.9667],[44.8,46.0],[44.85,46.1],[44.8,46.2],[44.8,46.2],[44.7667,46.3],[44.75,46.4],[44.8,46.5],[44.9,46.5],[45.0,46.45],[45.0,46.5],[45.0,46.55],[44.9,46.5],[44.8,46.5],[44.7,46.5],[44.6667,46.6],[44.6667,46.7],[44.7,46.75],[44.7333,46.8],[44.8,46.9],[44.8,46.9],[44.9,47.0],[44.9,47.0],[45.0,47.1],[45.0,47.1],[45.0,47.2],[45.0,47.3],[45.0,47.4],[45.0,47.4],[44.9,47.4],[44.8,47.4],[44.7,47.5],[44.7,47.5],[44.6,47.55],[44.575,47.6],[44.6,47.7],[44.6,47.7],[44.6,47.8],[44.6,47.9],[44.7,48.0],[44.8,47.9],[44.8,47.8],[44.8,47.8],[44.8,47.8],[44.9,47.9],[44.9,47.9],[44.9,47.9],[44.8,48.0],[44.8333,48.1],[44.9,48.2],[45.0,48.2],[45.0,48.2],[45.0,48.2],[44.9,48.2],[44.8,48.25],[44.7,48.3],[44.75,48.4],[44.8,48.5],[44.8,48.5],[44.8,48.6],[44.8,48.6],[44.7,48.7],[44.6,48.6],[44.6,48.6],[44.6,48.6],[44.6,48.7],[44.6,48.7],[44.7,48.7],[44.8,48.8],[44.8,48.8],[44.875,48.9],[44.8,48.96],[44.76,49.0],[44.8,49.04],[44.9,49.05],[44.9667,49.0],[45.0,48.9],[44.9,48.8],[45.0,48.76],[45.0,48.8],[45.0,48.9],[45.0,49.0],[45.0,49.1],[45.0,49.1],[44.9667,49.2],[45.0,49.2333],[45.0,49.3],[45.0,49.4],[45.0,49.5],[45.0,49.6],[45.0,49.7],[44.9,49.6],[44.9,49.6],[44.8,49.5],[44.8,49.5],[44.75,49.4],[44.7,49.3],[44.7,49.3],[44.65,49.2],[44.7,49.1],[44.7,49.1],[44.7,49.1],[44.6,49.1],[44.5,49.0],[44.5,48.9],[44.5,48.9],[44.4,48.8],[44.4,48.8],[44.3,48.7],[44.3,48.6],[44.3,48.5],[44.3,48.5],[44.2,48.4],[44.2,48.3],[44.2,48.3],[44.1,48.3],[44.0,48.2],[44.0,48.2],[44.0,48.2],[43.9,48.3],[43.8,48.3],[43.8,48.3],[43.8,48.4],[43.8,48.4],[43.85,48.5],[43.8,48.55],[43.7,48.5333],[43.6,48.5333],[43.5,48.5],[43.5,48.5],[43.45,48.4],[43.4,48.35],[43.375,48.4],[43.3,48.475],[43.2,48.4833],[43.1,48.4714],[43.0333,48.5],[43.1,48.55],[43.2,48.55],[43.3,48.5333],[43.4,48.6],[43.3,48.6667],[43.2,48.65],[43.1,48.6667],[43.0,48.6333],[42.95,48.6],[42.9,48.55],[42.8667,48.5],[42.8,48.45],[42.7,48.4333],[42.65,48.4],[42.6,48.375],[42.5,48.3],[42.5,48.3],[42.4,48.2],[42.4,48.2],[42.3,48.15],[42.2,48.14],[42.1,48.1],[42.1,48.1],[42.025,48.0],[42.0,47.95],[41.9,47.9],[41.9,47.9],[41.8,47.8667],[41.7,47.875],[41.6,47.88],[41.55,47.9],[41.5,47.9333],[41.45,47.9],[41.4,47.88],[41.3,47.8],[41.3,47.8],[41.3,47.8],[41.2,47.85],[41.1,47.9],[41.0,47.875],[40.9,47.8],[40.9,47.8],[40.8,47.8],[40.7333,47.7],[40.7,47.6714],[40.6,47.6333],[40.5,47.6333],[40.4,47.7],[40.4,47.7],[40.3,47.725],[40.2,47.7],[40.2,47.7],[40.15,47.6],[40.2,47.5],[40.2,47.5],[40.2,47.5],[40.1,47.45],[40.0,47.4],[40.0,47.4],[39.9,47.4],[39.8,47.35],[39.7,47.3667],[39.6,47.3333],[39.5,47.3667],[39.45,47.4],[39.4,47.5],[39.4,47.5],[39.4,47.6],[39.3,47.65],[39.2,47.65],[39.1,47.65],[39.0,47.6333],[38.9,47.65],[38.8,47.625],[38.7,47.6],[38.7,47.6],[38.6,47.54],[38.5,47.5],[38.5,47.5],[38.5,47.5],[38.4,47.5333],[38.3,47.525],[38.25,47.5],[38.2,47.4667],[38.1,47.4333],[38.0,47.4333],[37.9,47.45],[37.8,47.45],[37.7,47.425],[37.6,47.4],[37.6,47.4],[37.6,47.4],[37.5,47.42],[37.45,47.4],[37.4,47.375],[37.3,47.3],[37.3,47.3],[37.2,47.275],[37.1,47.2667],[37.0,47.2333],[36.9,47.2],[36.9,47.2],[36.8,47.15],[36.7,47.15],[36.6,47.1333],[36.5,47.1333],[36.45,47.1],[36.4,47.0667],[36.3,47.05],[36.2,47.05],[36.1,47.0],[36.1,47.0],[36.1,47.0],[36.0,47.05],[35.9,47.1],[35.8,47.0],[35.8,47.0],[35.8,47.0],[35.7,47.1],[35.7,47.1],[35.6,47.2],[35.6,47.2],[35.5,47.2333],[35.4,47.2],[35.5,47.1],[35.5,47.1],[35.5,47.1],[35.4,47.05],[35.35,47.0],[35.3,46.9],[35.3,46.9],[35.3,46.9],[35.2,46.95],[35.1,46.95],[35.0,47.0],[34.9,47.0],[34.8,46.95],[34.7,46.9],[34.7,46.9],[34.6,46.8],[34.6,46.8],[34.5,46.7],[34.5,46.7],[34.4,46.7],[34.3,46.7],[34.3,46.7],[34.3,46.8],[34.3,46.9],[34.3,47.0],[34.3,47.0],[34.4,47.1],[34.4,47.1],[34.5,47.1],[34.6,47.1],[34.7,47.1],[34.8,47.1],[34.9,47.1],[35.0,47.15],[35.1,47.15],[35.2,47.1333],[35.3,47.2],[35.2,47.3],[35.1,47.3],[35.1,47.3],[35.1,47.3],[35.2,47.3],[35.3,47.35],[35.3333,47.4],[35.375,47.5],[35.4,47.6],[35.4,47.7],[35.3,47.7667],[35.25,47.8],[35.2,47.85],[35.1,47.8],[35.1,47.7],[35.1,47.7],[35.0,47.68],[34.9,47.7],[34.9,47.7],[34.8,47.7667],[34.7,47.7667],[34.6,47.7667],[34.5,47.8],[34.4,47.76],[34.3,47.75],[34.2,47.76],[34.1,47.75],[34.0,47.7333],[33.9,47.7333],[33.85,47.7],[33.8,47.65],[33.7,47.6],[33.7,47.5],[33.7,47.5],[33.6,47.4],[33.6,47.3],[33.6,47.3],[33.5,47.3],[33.4,47.2],[33.4,47.2],[33.3,47.15],[33.25,47.1],[33.2,47.0],[33.2,47.0],[33.1,46.9],[33.1,46.9],[33.0,46.9],[33.0,46.9],[32.9,47.0],[32.9,47.0],[32.8,47.05],[32.7,47.0],[32.7,47.0],[32.6,46.9],[32.6,46.9],[32.6,46.9],[32.5,46.9333],[32.4,46.9333],[32.3,46.9333],[32.2,46.95],[32.1,46.96],[32.0,46.925],[31.95,46.9],[31.9,46.8667],[31.85,46.9],[31.8,46.925],[31.75,46.9],[31.7,46.8667],[31.6,46.85],[31.5,46.85],[31.4,46.85],[31.3,46.85],[31.2333,46.8],[31.2,46.78],[31.1,46.75],[31.0,46.75],[30.9,46.75],[30.8,46.72],[30.75,46.7],[30.7,46.6667],[30.6,46.65],[30.5333,46.6],[30.5,46.5],[30.5,46.5],[30.4,46.475],[30.3,46.475],[30.2625,46.4],[30.3,46.3625],[30.4,46.3625],[30.4455,46.3],[30.4,46.2545],[30.3,46.2545],[30.2,46.2444],[30.1,46.3],[30.0,46.25],[29.95,46.2],[29.9,46.175],[29.8,46.1667],[29.7,46.1],[29.7,46.1],[29.6,46.0],[29.6,46.0],[29.5,46.0],[29.4,46.0],[29.4,46.0],[29.3,46.1],[29.2,46.05],[29.1,46.0],[29.1,46.0],[29.0,46.0],[29.0,46.0],[28.9,46.1],[28.8,46.1],[28.8,46.1],[28.75,46.2],[28.7,46.25],[28.65,46.2],[28.6,46.15],[28.5,46.1],[28.5,46.0],[28.5,46.0],[28.4,45.9333],[28.3,45.9333],[28.2333,46.0],[28.2,46.05],[28.1,46.1],[28.0667,46.0],[28.0,45.9333],[27.9667,45.9],[27.9,45.8],[27.9,45.7],[27.9,45.7],[27.9,45.7],[27.8,45.8],[27.7,45.7],[27.7,45.7],[27.6,45.7],[27.5,45.6],[27.5,45.6],[27.4,45.5],[27.4,45.5],[27.3,45.4],[27.3,45.3],[27.3,45.2],[27.4,45.1],[27.5,45.15],[27.6,45.1],[27.7,45.2],[27.7,45.2],[27.8,45.3],[27.8,45.3],[27.9,45.3],[27.9,45.3],[27.9,45.2],[27.9,45.1],[27.95,45.0],[27.95,44.9],[27.9,44.85],[27.8,44.85],[27.7,44.9],[27.6,44.8],[27.7,44.7],[27.8,44.7],[27.8,44.7],[27.9,44.65],[27.95,44.7],[28.0,44.8],[28.0,44.8],[28.05,44.9],[28.1,44.95],[28.2,45.0],[28.15,45.1],[28.2,45.2],[28.2,45.2],[28.3,45.225],[28.4,45.2],[28.5,45.2],[28.6,45.2],[28.6,45.2],[28.7,45.15],[28.8,45.1333],[28.9,45.1],[28.9,45.1],[29.0,45.0833],[29.0455,45.0],[29.0455,44.9],[29.1,44.8455],[29.1417,44.8],[29.2,44.7417],[29.3,44.75],[29.4,44.75],[29.45,44.8],[29.5,44.8417],[29.6,44.8417],[29.6583,44.9],[29.65,45.0],[29.6615,45.1],[29.6583,45.2],[29.7,45.2455],[29.7545,45.3],[29.7545,45.4],[29.7,45.4545],[29.65,45.5],[29.6583,45.6],[29.7,45.6455],[29.7545,45.7],[29.8,45.7357],[29.9,45.7385],[29.9615,45.8],[30.0,45.8417],[30.1,45.8385],[30.2,45.8417],[30.2583,45.9],[30.3,45.9417],[30.3583,46.0],[30.3615,46.1],[30.4,46.1455],[30.5,46.1385],[30.6,46.1333],[30.6667,46.2],[30.6615,46.3],[30.7,46.3455],[30.7545,46.4],[30.7,46.4545],[30.6286,46.5],[30.7,46.5714],[30.8,46.5714],[30.8286,46.6],[30.9,46.6625],[31.0,46.6625],[31.1,46.6556],[31.2,46.6556],[31.3,46.65],[31.4,46.65],[31.5,46.65],[31.6,46.6455],[31.7,46.6385],[31.8,46.6417],[31.9,46.6385],[32.0,46.6455],[32.1,46.65],[32.2,46.6625],[32.3,46.6833],[32.3556,46.6],[32.3,46.55],[32.25,46.5],[32.2,46.4643],[32.1,46.4615],[32.0385,46.4],[32.0,46.3583],[31.9417,46.3],[32.0,46.2417],[32.0417,46.2],[32.1,46.1417],[32.2,46.1417],[32.3,46.1385],[32.4,46.1385],[32.5,46.1455],[32.6,46.1385],[32.7,46.1357],[32.8,46.1357],[32.9,46.1357],[33.0,46.1385],[33.1,46.1385],[33.2,46.1385],[33.3,46.1333],[33.4,46.1357],[33.4333,46.1],[33.5,46.0333],[33.5667,46.1],[33.6,46.1357],[33.6333,46.1],[33.6357,46.0],[33.6,45.9615],[33.5385,45.9],[33.5,45.8615],[33.4,45.8583],[33.3417,45.8],[33.3,45.7545],[33.2,45.7583],[33.1417,45.7],[33.1,45.6545],[33.0615,45.7],[33.0,45.7615],[32.9385,45.7],[32.9,45.6615],[32.8385,45.6],[32.8,45.5583],[32.7417,45.5],[32.7,45.4643],[32.6,45.4545],[32.5,45.45],[32.45,45.4],[32.5,45.35],[32.6,45.3455],[32.7,45.3357],[32.7643,45.4],[32.8,45.4417],[32.8417,45.4],[32.9,45.3417],[33.0,45.3417],[33.1,45.3417],[33.1455,45.3],[33.2,45.2455],[33.2625,45.2],[33.3,45.1625],[33.4,45.1417],[33.4583,45.2],[33.5,45.2556],[33.5556,45.2],[33.5385,45.1],[33.6,45.0385],[33.6625,45.0],[33.6714,44.9],[33.6,44.8444],[33.5556,44.8],[33.5,44.7444],[33.4556,44.7],[33.4333,44.6],[33.5,44.5333],[33.5385,44.5],[33.6,44.4385],[33.7,44.4556],[33.7571,44.5],[33.76,44.6],[33.8,44.6667],[33.9,44.7],[33.8,44.7333],[33.76,44.8],[33.75,44.9],[33.8,44.95],[33.84,45.0],[33.9,45.06],[33.9667,45.1],[34.0,45.2],[34.0,45.2],[34.1,45.3],[34.1,45.4],[34.1,45.4],[34.2,45.4],[34.3,45.4],[34.4,45.5],[34.4,45.5],[34.4,45.5],[34.5,45.4],[34.5,45.4],[34.6,45.35],[34.7,45.3],[34.7,45.3],[34.7,45.3],[34.6,45.2],[34.7,45.175],[34.8,45.1333],[34.85,45.1],[34.9,45.05],[35.0,45.1],[35.0,45.1],[35.0,45.1],[35.0,45.0],[35.0,45.0],[34.9,44.99],[34.8,44.9667],[34.7333,44.9],[34.7,44.8667],[34.6,44.85],[34.5625,44.8],[34.6,44.7625],[34.7,44.7556],[34.7444,44.8],[34.8,44.8556],[34.9,44.8357],[35.0,44.8417],[35.1,44.8417],[35.1583,44.9],[35.2,44.9385],[35.2615,45.0],[35.3,45.0385],[35.3625,45.0],[35.4,44.9625],[35.4375,45.0],[35.4375,45.1],[35.5,45.1833],[35.5333,45.2],[35.5,45.2167],[35.4,45.225],[35.3,45.24],[35.225,45.3],[35.2,45.3333],[35.1333,45.4],[35.1,45.5],[35.1,45.5],[35.0,45.6],[35.0,45.6],[34.9,45.7],[34.9,45.7],[34.8,45.76],[34.7714,45.8],[34.7,45.8625],[34.6,45.8778],[34.5333,45.9],[34.5333,46.0],[34.6,46.05],[34.7,46.0667],[34.7333,46.1],[34.8,46.15],[34.9,46.15],[35.0,46.2],[35.0,46.2],[35.1,46.275],[35.2,46.3],[35.2,46.3],[35.3,46.325],[35.4,46.35],[35.4667,46.4],[35.5,46.4143],[35.6,46.425],[35.7,46.5],[35.7,46.5],[35.8,46.5],[35.9,46.5],[36.0,46.5],[36.1,46.525],[36.2,46.54],[36.275,46.6],[36.3,46.6083],[36.4,46.6286],[36.5,46.68],[36.6,46.7],[36.6,46.7],[36.7,46.7333],[36.8,46.7375],[36.9,46.78],[36.9333,46.8],[37.0,46.8222],[37.1,46.8286],[37.2,46.9],[37.2,46.9],[37.3,46.9],[37.4,46.9167],[37.5,46.95],[37.6,46.975],[37.65,47.0],[37.7,47.0333],[37.8,47.0333],[37.9,47.025],[38.0,47.025],[38.1,47.025],[38.2,47.04],[38.3,47.025],[38.4,47.0333],[38.5,47.0333],[38.55,47.0],[38.5333,46.9],[38.5,46.8667],[38.46,46.8],[38.425,46.7],[38.4,46.6909],[38.3,46.6625],[38.2,46.6429],[38.1,46.6286],[38.0,46.6167],[37.95,46.6],[37.9,46.5667],[37.85,46.5],[37.9,46.4667],[38.0,46.45],[38.1,46.4167],[38.1333,46.4],[38.2,46.3714],[38.3,46.3125],[38.35,46.3],[38.4,46.2667],[38.4333,46.2],[38.4,46.16],[38.3,46.1167],[38.2667,46.1],[38.2375,46.0],[38.2125,45.9],[38.2,45.875],[38.1,45.8625],[38.0,45.8286],[37.9714,45.8],[37.9,45.7375],[37.8625,45.7],[37.8,45.6286],[37.7667,45.6],[37.7,45.5],[37.7,45.5],[37.65,45.4],[37.6,45.35],[37.5,45.3],[37.5,45.3],[37.4,45.25],[37.36,45.2],[37.3143,45.1],[37.3,45.05],[37.2833,45.0],[37.3,44.9],[37.3,44.9],[37.3417,44.8],[37.4,44.7417],[37.5,44.7385],[37.6,44.7417],[37.6357,44.7],[37.7,44.6357],[37.7643,44.7],[37.8,44.7714],[37.9,44.7714],[37.95,44.7],[38.0,44.65],[38.0385,44.6],[38.1,44.5385],[38.1333,44.5],[38.2,44.4333],[38.3,44.4385],[38.3333,44.4],[38.4,44.3333],[38.5,44.3357],[38.6,44.3333],[38.7,44.3294],[38.7417,44.3],[38.8,44.2417],[38.9,44.2333],[39.0,44.2833],[39.0333,44.3],[39.0,44.35],[38.975,44.4],[38.9,44.475],[38.8,44.4889],[38.7,44.5],[38.6,44.5],[38.6,44.5],[38.5,44.55],[38.4,44.5833],[38.3,44.5889],[38.25,44.6],[38.2,44.7],[38.2,44.7],[38.2,44.7],[38.3,44.7333],[38.4,44.7333],[38.5,44.8],[38.5,44.8],[38.5,44.8],[38.6,44.7333],[38.7,44.75],[38.8,44.7],[38.9,44.7],[39.0,44.7],[39.1,44.7],[39.1,44.7],[39.2,44.6],[39.3,44.6],[39.4,44.6],[39.4,44.6],[39.5,44.55],[39.6,44.6],[39.6,44.6],[39.7,44.6],[39.8,44.6],[39.9,44.6333],[40.0,44.6333],[40.1,44.65],[40.2,44.7],[40.2,44.7],[40.3,44.725],[40.4,44.725],[40.5,44.725],[40.6,44.725],[40.7,44.75],[40.75,44.8],[40.8,44.8333],[40.9,44.9],[40.9,44.9],[41.0,44.9333],[41.1,44.9],[41.2,44.9],[41.25,45.0],[41.3,45.1],[41.3,45.1],[41.4,45.1667],[41.5,45.1333],[41.5333,45.1],[41.6,45.06],[41.65,45.1],[41.7,45.2],[41.68,45.3],[41.7,45.32],[41.8,45.3],[41.9,45.35],[42.0,45.325],[42.1,45.325],[42.2,45.325],[42.3,45.3],[42.3,45.3],[42.3,45.3],[42.2667,45.2],[42.2667,45.1],[42.3,45.0667],[42.4,45.1],[42.4,45.2],[42.4,45.2],[42.5,45.2],[42.5,45.2],[42.5,45.2],[42.4,45.1],[42.5,45.05],[42.6,45.0],[42.7,45.0],[42.8,45.0],[42.9,45.0],[42.9,45.0],[43.0,44.9],[43.0,44.9],[43.0,44.8],[43.0,44.8],[42.95,44.7],[42.9667,44.6],[43.0,44.5],[43.0,44.5],[43.1,44.4],[43.1,44.4],[43.2,44.3],[43.2,44.3],[43.3,44.2667],[43.4,44.2],[43.4,44.2],[43.45,44.1],[43.5,44.075],[43.6,44.025],[43.7,44.0],[43.7,44.0],[43.75,43.9],[43.8,43.8667],[43.9,43.9],[43.9,43.9],[43.9,43.9],[43.9,43.8],[43.98,43.7],[44.0,43.675],[44.075,43.6],[44.1,43.58]]]}},{"type":"Feature","properties":{"layer_id":"change_T20","layer_label":"Change, T>20\u00b0C","low":25.0,"high":50.0,"label":"25\u201350 pp","fill":"#d6604d","fillOpacity":0.6,"stroke":"#d6604d","strokeOpacity":0.72,"strokeWeight":0.35},"geometry":{"type":"Polygon","coordinates":[[[38.7833,44.3],[38.7,44.3588],[38.6,44.3667],[38.5,44.3714],[38.4,44.3667],[38.3667,44.4],[38.3,44.4769],[38.2,44.4667],[38.1667,44.5],[38.2,44.5556],[38.3,44.5333],[38.4,44.5],[38.4,44.5],[38.5,44.45],[38.6,44.45],[38.7,44.4583],[38.8,44.4333],[38.86,44.4],[38.9,44.3714],[38.9556,44.3],[38.9,44.2667],[38.8,44.2833],[38.7833,44.3]]]}},{"type":"Feature","properties":{"layer_id":"change_T20","layer_label":"Change, T>20\u00b0C","low":25.0,"high":50.0,"label":"25\u201350 pp","fill":"#d6604d","fillOpacity":0.6,"stroke":"#d6604d","strokeOpacity":0.72,"strokeWeight":0.35},"geometry":{"type":"Polygon","coordinates":[[[33.5769,44.5],[33.5,44.5667],[33.4667,44.6],[33.5,44.6833],[33.55,44.7],[33.6,44.75],[33.65,44.7],[33.6333,44.6],[33.675,44.5],[33.6,44.4769],[33.5769,44.5]]]}},{"type":"Feature","properties":{"layer_id":"change_T20","layer_label":"Change, T>20\u00b0C","low":25.0,"high":50.0,"label":"25\u201350 pp","fill":"#d6604d","fillOpacity":0.6,"stroke":"#d6604d","strokeOpacity":0.72,"strokeWeight":0.35},"geometry":{"type":"Polygon","coordinates":[[[43.5,44.5],[43.5,44.6],[43.5,44.7],[43.5,44.7],[43.5,44.7],[43.5,44.7],[43.4,44.7],[43.4,44.7],[43.35,44.8],[43.4,44.9],[43.4,45.0],[43.3,45.1],[43.2,45.1],[43.2,45.1],[43.2,45.1],[43.3,45.2],[43.2,45.3],[43.2,45.3],[43.1,45.4],[43.0,45.4],[42.9,45.3],[42.9,45.3],[42.8,45.25],[42.75,45.3],[42.8,45.4],[42.8,45.5],[42.9,45.4],[43.0,45.5],[43.0,45.6],[43.1,45.5],[43.2,45.5],[43.2,45.5],[43.3,45.4],[43.3,45.4],[43.3,45.3],[43.4,45.2],[43.5,45.2],[43.5,45.2],[43.5,45.2],[43.4,45.1],[43.5,45.0],[43.6,45.0],[43.6,45.0],[43.65,44.9],[43.7,44.8],[43.7,44.7],[43.6,44.6],[43.6,44.6],[43.6,44.6],[43.7,44.5],[43.6,44.45],[43.5,44.5],[43.5,44.5]]]}},{"type":"Feature","properties":{"layer_id":"change_T20","layer_label":"Change, T>20\u00b0C","low":25.0,"high":50.0,"label":"25\u201350 pp","fill":"#d6604d","fillOpacity":0.6,"stroke":"#d6604d","strokeOpacity":0.72,"strokeWeight":0.35},"geometry":{"type":"Polygon","coordinates":[[[37.6714,44.7],[37.6,44.7833],[37.5,44.7769],[37.4,44.7833],[37.3833,44.8],[37.4,44.9],[37.4,44.9],[37.4,44.9],[37.38,45.0],[37.3857,45.1],[37.4,45.125],[37.5,45.1571],[37.56,45.2],[37.6,45.25],[37.7,45.3],[37.7,45.3],[37.8,45.4],[37.8,45.4],[37.9,45.5],[37.9,45.5],[37.9333,45.6],[38.0,45.7],[38.0,45.7],[38.1,45.8],[38.2,45.7667],[38.3,45.8],[38.3,45.8],[38.3,45.8],[38.275,45.9],[38.3,46.0],[38.3,46.0],[38.4,46.06],[38.5,46.06],[38.54,46.1],[38.52,46.2],[38.5,46.2333],[38.4667,46.3],[38.4,46.3444],[38.3,46.375],[38.26,46.4],[38.2,46.4429],[38.1,46.5],[38.2,46.5667],[38.3,46.6],[38.3,46.6],[38.4,46.6455],[38.5,46.66],[38.5333,46.7],[38.6,46.8],[38.6,46.8],[38.7,46.85],[38.8,46.86],[38.9,46.9],[38.9,46.9],[38.975,47.0],[39.0,47.0333],[39.1,47.0333],[39.2,47.0333],[39.2667,47.1],[39.2,47.1667],[39.1,47.1667],[39.0,47.2],[39.0,47.2],[38.9,47.2],[38.9,47.2],[38.8,47.16],[38.7,47.16],[38.6,47.15],[38.5,47.16],[38.4,47.15],[38.3,47.14],[38.2,47.1333],[38.1,47.1333],[38.0,47.15],[37.9,47.1333],[37.8,47.1375],[37.7,47.1375],[37.6,47.12],[37.58,47.1],[37.5,47.0429],[37.4625,47.0],[37.4,46.9583],[37.3,46.9556],[37.2,46.9556],[37.1,46.9],[37.1,46.9],[37.0,46.8778],[36.9,46.8444],[36.8,46.8],[36.7,46.8333],[36.6,46.8],[36.6,46.8],[36.5,46.7571],[36.4,46.7],[36.4,46.7],[36.3,46.65],[36.2,46.6333],[36.1,46.6333],[36.0,46.625],[35.9,46.625],[35.85,46.6],[35.8,46.5833],[35.7,46.5714],[35.6,46.5286],[35.5333,46.5],[35.5,46.4857],[35.4667,46.5],[35.4,46.54],[35.3667,46.5],[35.3,46.4333],[35.25,46.4],[35.2,46.3714],[35.1,46.3667],[35.0,46.32],[34.975,46.3],[34.9,46.25],[34.8,46.2429],[34.7,46.22],[34.6,46.2],[34.5,46.2],[34.5,46.2],[34.5,46.2],[34.525,46.1],[34.5,46.08],[34.4667,46.1],[34.4,46.14],[34.3,46.175],[34.25,46.2],[34.2,46.22],[34.1,46.2167],[34.0667,46.2],[34.0,46.1],[33.9333,46.2],[33.9,46.22],[33.8,46.225],[33.7,46.2],[33.7,46.2],[33.6,46.1714],[33.5333,46.1],[33.5,46.0667],[33.4667,46.1],[33.4,46.1714],[33.3,46.1667],[33.2,46.1769],[33.1,46.1769],[33.0,46.1769],[32.9,46.1714],[32.8,46.1714],[32.7,46.1714],[32.6,46.1769],[32.5,46.1909],[32.4,46.1769],[32.3,46.1769],[32.2,46.1833],[32.1,46.1833],[32.0833,46.2],[32.0,46.2833],[31.9833,46.3],[32.0,46.3167],[32.0769,46.4],[32.1,46.4231],[32.2,46.4286],[32.3,46.5],[32.4,46.4667],[32.5,46.4667],[32.6,46.425],[32.65,46.4],[32.6,46.35],[32.58,46.3],[32.6,46.275],[32.7,46.2571],[32.8,46.28],[32.8333,46.3],[32.9,46.3333],[33.0,46.3286],[33.1,46.3333],[33.2,46.3667],[33.3,46.375],[33.4,46.375],[33.5,46.375],[33.6,46.4],[33.6,46.4],[33.7,46.45],[33.8,46.45],[33.9,46.45],[34.0,46.45],[34.1,46.4667],[34.2,46.4667],[34.3,46.46],[34.4,46.46],[34.5,46.46],[34.6,46.4667],[34.7,46.475],[34.75,46.5],[34.8,46.525],[34.9,46.575],[34.95,46.6],[35.0,46.6333],[35.1,46.66],[35.1667,46.7],[35.2,46.725],[35.3,46.775],[35.4,46.78],[35.45,46.8],[35.5,46.85],[35.6,46.9],[35.6,46.9],[35.6,46.9],[35.7,46.85],[35.8,46.84],[35.9,46.84],[36.0,46.84],[36.1,46.85],[36.1667,46.9],[36.2,46.92],[36.3,46.92],[36.4,46.94],[36.5,46.9667],[36.5333,47.0],[36.6,47.0333],[36.7,47.0333],[36.8,47.0429],[36.9,47.05],[36.96,47.1],[37.0,47.1333],[37.1,47.14],[37.2,47.16],[37.3,47.2],[37.3,47.2],[37.4,47.25],[37.5,47.3],[37.5,47.3],[37.6,47.3167],[37.7,47.32],[37.8,47.325],[37.9,47.325],[38.0,47.32],[38.1,47.32],[38.2,47.325],[38.3,47.325],[38.4,47.3],[38.4,47.3],[38.5,47.3],[38.6,47.3],[38.7,47.3],[38.7,47.3],[38.8,47.3667],[38.9,47.35],[39.0,47.325],[39.1,47.325],[39.15,47.3],[39.2,47.25],[39.3,47.24],[39.4,47.2667],[39.5,47.225],[39.6,47.2],[39.6,47.2],[39.7,47.2],[39.75,47.1],[39.7,47.0667],[39.6,47.05],[39.55,47.0],[39.6,46.9667],[39.7,46.9333],[39.8,46.9333],[39.9,46.9],[39.9,46.9],[40.0,46.8],[40.0,46.8],[40.02,46.7],[40.0,46.6],[40.0,46.6],[40.0,46.6],[40.1,46.5],[40.1,46.5],[40.2,46.4],[40.2,46.4],[40.2,46.4],[40.3,46.44],[40.3667,46.4],[40.4,46.3],[40.4,46.3],[40.5,46.25],[40.6,46.2333],[40.7,46.2],[40.7,46.2],[40.8,46.2],[40.9,46.2],[40.95,46.1],[41.0,46.0667],[41.05,46.1],[41.1,46.2],[41.1,46.2],[41.1,46.2],[41.0,46.3],[41.0,46.3],[40.9,46.4],[41.0,46.4667],[41.1,46.5],[41.1,46.5],[41.2,46.6],[41.2,46.6],[41.3,46.625],[41.375,46.7],[41.3,46.8],[41.3,46.8],[41.2,46.9],[41.3,47.0],[41.3,47.0],[41.3,47.0],[41.2,47.06],[41.1333,47.1],[41.1,47.15],[41.0,47.175],[40.9,47.1667],[40.8,47.1],[40.7,47.1],[40.6,47.15],[40.5,47.15],[40.45,47.2],[40.5,47.3],[40.5,47.3],[40.6,47.35],[40.7,47.3],[40.7,47.3],[40.8,47.3],[40.9,47.25],[41.0,47.3],[41.0,47.3],[41.1,47.4],[41.2,47.4],[41.3,47.4],[41.4,47.4],[41.5,47.4],[41.6,47.35],[41.7,47.3],[41.7,47.3],[41.8,47.3],[41.9,47.2],[41.8,47.1],[41.8,47.1],[41.7,47.0],[41.7,47.0],[41.7,47.0],[41.8,46.9667],[41.9,46.9333],[42.0,46.9],[42.0,46.9],[42.1,46.9],[42.2,46.9],[42.3,46.9],[42.35,46.8],[42.4,46.775],[42.5,46.74],[42.6,46.7167],[42.625,46.7],[42.7,46.64],[42.7667,46.6],[42.8,46.575],[42.9,46.575],[43.0,46.5667],[43.0667,46.5],[43.1,46.45],[43.2,46.45],[43.3,46.45],[43.4,46.475],[43.5,46.4],[43.5,46.4],[43.5,46.4],[43.6,46.4667],[43.7,46.425],[43.7333,46.4],[43.7,46.3],[43.7,46.3],[43.7,46.3],[43.7,46.3],[43.8,46.3333],[43.9,46.3],[43.9,46.3],[44.0,46.3],[44.1,46.25],[44.15,46.2],[44.2,46.1667],[44.3,46.15],[44.4,46.1],[44.4,46.0],[44.4,46.0],[44.5,46.0],[44.55,45.9],[44.5,45.8],[44.5,45.8],[44.4,45.7],[44.3,45.8],[44.35,45.9],[44.3,45.95],[44.25,46.0],[44.2,46.0333],[44.1,46.0333],[44.05,46.0],[44.1,45.95],[44.15,45.9],[44.2,45.85],[44.3,45.8],[44.3,45.7],[44.3,45.7],[44.4,45.7],[44.5,45.6],[44.4,45.55],[44.3,45.5],[44.3,45.5],[44.2,45.4667],[44.15,45.5],[44.2,45.6],[44.2,45.6],[44.2,45.6],[44.1,45.6],[44.1,45.6],[44.0,45.55],[43.95,45.6],[43.9,45.65],[43.8,45.7],[43.8,45.7],[43.8,45.7],[43.7,45.65],[43.65,45.7],[43.6,45.75],[43.5,45.7],[43.4,45.7],[43.4,45.7],[43.3,45.6667],[43.2,45.65],[43.1,45.7],[43.1,45.8],[43.1,45.9],[43.2,46.0],[43.2,46.0],[43.2,46.1],[43.2,46.1],[43.1,46.1],[43.0,46.1],[42.9,46.2],[42.95,46.3],[42.9,46.3333],[42.8,46.4],[42.8,46.4],[42.7,46.4],[42.6,46.425],[42.525,46.5],[42.5,46.52],[42.4,46.5],[42.4,46.5],[42.4,46.5],[42.5,46.4],[42.5,46.4],[42.6,46.35],[42.65,46.3],[42.7,46.25],[42.75,46.2],[42.7,46.1],[42.6,46.1],[42.5,46.2],[42.5,46.2],[42.5,46.2],[42.4,46.1],[42.3,46.1],[42.2,46.1],[42.2,46.1],[42.2,46.1],[42.3,46.1],[42.4,46.0],[42.3,45.95],[42.2,45.9],[42.1,46.0],[42.1,46.0],[42.0,46.0],[42.0,46.0],[41.9,45.9],[41.8,45.9],[41.75,46.0],[41.7,46.05],[41.65,46.0],[41.6,45.95],[41.55,45.9],[41.5,45.85],[41.4,45.8],[41.4,45.8],[41.3,45.75],[41.2,45.7],[41.1,45.8],[41.1,45.9],[41.1,45.9],[41.0,45.9333],[40.9,45.9333],[40.8,45.9],[40.8,45.9],[40.7,45.8],[40.6,45.9],[40.6,45.9],[40.5,45.95],[40.4,45.95],[40.35,45.9],[40.4,45.8],[40.3,45.7],[40.2,45.8],[40.2,45.8],[40.2,45.8],[40.2,45.7],[40.2,45.6],[40.2,45.6],[40.3,45.5],[40.3,45.4],[40.2,45.3],[40.2,45.3],[40.2,45.3],[40.3,45.3],[40.3,45.3],[40.4,45.4],[40.5,45.4],[40.6,45.4],[40.7,45.4],[40.8,45.4],[40.9,45.4],[41.0,45.4],[41.0,45.4],[41.1,45.4333],[41.1333,45.4],[41.1,45.3],[41.1,45.3],[41.05,45.2],[41.0,45.15],[40.9,45.15],[40.8,45.2],[40.8,45.2],[40.7,45.2],[40.7,45.2],[40.6,45.1],[40.5,45.1],[40.4,45.1],[40.3,45.1],[40.3,45.1],[40.2,45.0],[40.1,45.0],[40.1,45.0],[40.1,45.0],[40.2,44.9],[40.1,44.9],[40.0,44.8],[40.0,44.8],[39.9,44.8],[39.8,44.8],[39.8,44.8],[39.7,44.85],[39.6,44.8333],[39.5,44.825],[39.4,44.8],[39.4,44.8],[39.4,44.8],[39.3,44.8333],[39.2,44.84],[39.1,44.85],[39.0,44.85],[38.9,44.875],[38.85,44.9],[38.8,44.95],[38.7,44.9667],[38.6,44.975],[38.5,44.975],[38.4,44.94],[38.3,44.9667],[38.2,44.95],[38.1,44.95],[38.0,45.0],[38.0,45.0],[38.0,45.0],[37.9,44.98],[37.85,45.0],[37.9,45.1],[37.9,45.1],[37.9,45.1],[37.8,45.1],[37.7,45.1],[37.7,45.1],[37.6333,45.0],[37.6,44.9],[37.7,44.8],[37.7,44.8],[37.7286,44.7],[37.7,44.6714],[37.6714,44.7]]]}},{"type":"Feature","properties":{"layer_id":"change_T20","layer_label":"Change, T>20\u00b0C","low":25.0,"high":50.0,"label":"25\u201350 pp","fill":"#d6604d","fillOpacity":0.6,"stroke":"#d6604d","strokeOpacity":0.72,"strokeWeight":0.35},"geometry":{"type":"Polygon","coordinates":[[[29.1833,44.8],[29.1,44.8909],[29.0909,44.9],[29.0909,45.0],[29.1,45.025],[29.2,45.06],[29.3,45.1],[29.3,45.1],[29.4,45.175],[29.4333,45.2],[29.4,45.3],[29.4,45.3],[29.3,45.4],[29.2,45.4],[29.1,45.4],[29.1,45.4],[29.1,45.4],[29.2,45.4],[29.3,45.5],[29.3,45.5],[29.35,45.6],[29.4,45.65],[29.5,45.7],[29.5,45.7],[29.5,45.7],[29.6,45.6167],[29.6167,45.6],[29.6,45.5],[29.5,45.5],[29.5,45.5],[29.5,45.4],[29.5,45.4],[29.6,45.3],[29.6,45.3],[29.6167,45.2],[29.6231,45.1],[29.6,45.0],[29.5,45.0],[29.4,45.0],[29.4,45.0],[29.4,45.0],[29.5,45.0],[29.6,45.0],[29.6167,44.9],[29.6,44.8833],[29.5,44.8833],[29.4,44.8],[29.3,44.8],[29.3,44.8],[29.2,44.7833],[29.1833,44.8]]]}},{"type":"Feature","properties":{"layer_id":"change_T20","layer_label":"Change, T>20\u00b0C","low":25.0,"high":50.0,"label":"25\u201350 pp","fill":"#d6604d","fillOpacity":0.6,"stroke":"#d6604d","strokeOpacity":0.72,"strokeWeight":0.35},"geometry":{"type":"Polygon","coordinates":[[[34.82,44.9],[34.9,44.94],[35.0,44.9286],[35.0714,45.0],[35.1,45.0667],[35.12,45.1],[35.1,45.12],[35.0,45.1714],[34.96,45.2],[34.9,45.3],[34.9,45.3],[34.8,45.4],[34.8,45.4],[34.7,45.45],[34.65,45.5],[34.6,45.55],[34.5667,45.6],[34.5,45.6333],[34.4,45.65],[34.3,45.68],[34.275,45.7],[34.2,45.75],[34.1,45.75],[34.0,45.775],[33.9,45.8],[33.9,45.8],[33.8,45.8],[33.7,45.82],[33.6667,45.8],[33.6,45.7333],[33.5,45.725],[33.4,45.7333],[33.3833,45.8],[33.4,45.8167],[33.5,45.8231],[33.5769,45.9],[33.6,45.9231],[33.6714,46.0],[33.6667,46.1],[33.7,46.2],[33.8,46.1],[33.8,46.1],[33.9,46.075],[34.0,46.1],[34.1,46.1],[34.2,46.075],[34.3,46.04],[34.34,46.0],[34.4,45.95],[34.4429,45.9],[34.5,45.8556],[34.6,45.8222],[34.7,45.8],[34.7,45.8],[34.7714,45.7],[34.8,45.6714],[34.9,45.6375],[34.9375,45.6],[35.0,45.5444],[35.0444,45.5],[35.05,45.4],[35.1,45.32],[35.12,45.3],[35.2,45.22],[35.225,45.2],[35.3,45.15],[35.36,45.1],[35.3,45.0769],[35.2231,45.0],[35.2,44.9769],[35.1167,44.9],[35.1,44.8833],[35.0,44.8833],[34.9,44.8714],[34.82,44.9]]]}},{"type":"Feature","properties":{"layer_id":"change_T20","layer_label":"Change, T>20\u00b0C","low":25.0,"high":50.0,"label":"25\u201350 pp","fill":"#d6604d","fillOpacity":0.6,"stroke":"#d6604d","strokeOpacity":0.72,"strokeWeight":0.35},"geometry":{"type":"Polygon","coordinates":[[[33.35,45.2],[33.3,45.25],[33.2,45.2909],[33.1909,45.3],[33.2,45.4],[33.3,45.3667],[33.4,45.4],[33.45,45.3],[33.4167,45.2],[33.4,45.1833],[33.35,45.2]]]}},{"type":"Feature","properties":{"layer_id":"change_T20","layer_label":"Change, T>20\u00b0C","low":25.0,"high":50.0,"label":"25\u201350 pp","fill":"#d6604d","fillOpacity":0.6,"stroke":"#d6604d","strokeOpacity":0.72,"strokeWeight":0.35},"geometry":{"type":"Polygon","coordinates":[[[28.5333,45.3],[28.5667,45.4],[28.6,45.45],[28.7,45.4333],[28.7667,45.4],[28.8,45.35],[28.8333,45.3],[28.8,45.275],[28.7,45.3],[28.7,45.3],[28.7,45.3],[28.6,45.2714],[28.5333,45.3]]]}},{"type":"Feature","properties":{"layer_id":"change_T20","layer_label":"Change, T>20\u00b0C","low":25.0,"high":50.0,"label":"25\u201350 pp","fill":"#d6604d","fillOpacity":0.6,"stroke":"#d6604d","strokeOpacity":0.72,"strokeWeight":0.35},"geometry":{"type":"Polygon","coordinates":[[[32.8833,45.4],[32.8,45.4833],[32.7833,45.5],[32.8,45.5167],[32.8769,45.6],[32.9,45.6231],[32.9769,45.7],[33.0,45.7231],[33.0231,45.7],[33.1,45.6091],[33.15,45.6],[33.2,45.5],[33.2,45.4],[33.1,45.3833],[33.0,45.3833],[32.9,45.3833],[32.8833,45.4]]]}},{"type":"Feature","properties":{"layer_id":"change_T20","layer_label":"Change, T>20\u00b0C","low":25.0,"high":50.0,"label":"25\u201350 pp","fill":"#d6604d","fillOpacity":0.6,"stroke":"#d6604d","strokeOpacity":0.72,"strokeWeight":0.35},"geometry":{"type":"Polygon","coordinates":[[[40.4,45.5],[40.5,45.6],[40.5,45.6],[40.6,45.7],[40.7,45.6],[40.6,45.55],[40.55,45.5],[40.5,45.4],[40.4,45.5]]]}},{"type":"Feature","properties":{"layer_id":"change_T20","layer_label":"Change, T>20\u00b0C","low":25.0,"high":50.0,"label":"25\u201350 pp","fill":"#d6604d","fillOpacity":0.6,"stroke":"#d6604d","strokeOpacity":0.72,"strokeWeight":0.35},"geometry":{"type":"Polygon","coordinates":[[[41.6,45.5],[41.6667,45.6],[41.7,45.7],[41.8,45.6],[41.8,45.6],[41.9,45.5],[41.8,45.4667],[41.7,45.45],[41.6,45.5]]]}},{"type":"Feature","properties":{"layer_id":"change_T20","layer_label":"Change, T>20\u00b0C","low":25.0,"high":50.0,"label":"25\u201350 pp","fill":"#d6604d","fillOpacity":0.6,"stroke":"#d6604d","strokeOpacity":0.72,"strokeWeight":0.35},"geometry":{"type":"Polygon","coordinates":[[[42.5667,45.5],[42.5,45.55],[42.4,45.5667],[42.3,45.6],[42.3,45.6],[42.2,45.7],[42.2,45.7],[42.1,45.8],[42.2,45.9],[42.3,45.8],[42.3,45.8],[42.4,45.7],[42.4,45.7],[42.4,45.7],[42.5,45.8],[42.6,45.8],[42.6,45.8],[42.6,45.9],[42.6,45.9],[42.5,46.0],[42.6,46.1],[42.7,46.1],[42.8,46.0],[42.8,45.9],[42.8,45.8],[42.7,45.7],[42.7,45.7],[42.7,45.7],[42.8,45.7],[42.9,45.6],[42.8,45.5],[42.8,45.5],[42.7,45.45],[42.6,45.45],[42.5667,45.5]]]}},{"type":"Feature","properties":{"layer_id":"change_T20","layer_label":"Change, T>20\u00b0C","low":25.0,"high":50.0,"label":"25\u201350 pp","fill":"#d6604d","fillOpacity":0.6,"stroke":"#d6604d","strokeOpacity":0.72,"strokeWeight":0.35},"geometry":{"type":"Polygon","coordinates":[[[29.72,45.8],[29.8,45.88],[29.85,45.9],[29.9,45.9333],[30.0,45.9667],[30.0333,46.0],[30.1,46.0667],[30.1333,46.1],[30.2,46.1667],[30.25,46.2],[30.3,46.2091],[30.4,46.2091],[30.4909,46.3],[30.5,46.35],[30.6,46.375],[30.6231,46.3],[30.6333,46.2],[30.6,46.1667],[30.5,46.1769],[30.4,46.1909],[30.3231,46.1],[30.3167,46.0],[30.3,45.9833],[30.2167,45.9],[30.2,45.8833],[30.1,45.8769],[30.0,45.8833],[29.9231,45.8],[29.9,45.7769],[29.8,45.7714],[29.72,45.8]]]}},{"type":"Feature","properties":{"layer_id":"change_T20","layer_label":"Change, T>20\u00b0C","low":25.0,"high":50.0,"label":"25\u201350 pp","fill":"#d6604d","fillOpacity":0.6,"stroke":"#d6604d","strokeOpacity":0.72,"strokeWeight":0.35},"geometry":{"type":"Polygon","coordinates":[[[33.0,46.4],[32.9333,46.5],[33.0,46.5667],[33.1,46.55],[33.2,46.5667],[33.3,46.6],[33.3,46.6],[33.4,46.6],[33.5,46.6],[33.6,46.6],[33.6,46.6],[33.6,46.6],[33.5,46.5],[33.5,46.5],[33.4,46.48],[33.3,46.48],[33.2,46.4667],[33.1,46.475],[33.0,46.4],[33.0,46.4],[33.0,46.4]]]}},{"type":"Feature","properties":{"layer_id":"change_T20","layer_label":"Change, T>20\u00b0C","low":25.0,"high":50.0,"label":"25\u201350 pp","fill":"#d6604d","fillOpacity":0.6,"stroke":"#d6604d","strokeOpacity":0.72,"strokeWeight":0.35},"geometry":{"type":"Polygon","coordinates":[[[43.8,46.5],[43.7,46.5667],[43.65,46.6],[43.65,46.7],[43.7,46.75],[43.8,46.8],[43.8,46.9],[43.8,46.9],[43.8,46.9],[43.9,46.85],[44.0,46.8667],[44.1,46.9],[44.05,47.0],[44.0,47.1],[43.9,47.1],[43.9,47.1],[43.9,47.1],[44.0,47.1],[44.1,47.1],[44.2,47.125],[44.25,47.1],[44.3,47.05],[44.35,47.0],[44.3,46.9],[44.3,46.9],[44.2,46.8],[44.3,46.7],[44.4,46.7],[44.4,46.7],[44.4,46.6],[44.4,46.6],[44.3,46.6],[44.2,46.5],[44.2,46.5],[44.1,46.475],[44.0,46.5],[43.9,46.5],[43.8,46.5],[43.8,46.5]]]}},{"type":"Feature","properties":{"layer_id":"change_T20","layer_label":"Change, T>20\u00b0C","low":25.0,"high":50.0,"label":"25\u201350 pp","fill":"#d6604d","fillOpacity":0.6,"stroke":"#d6604d","strokeOpacity":0.72,"strokeWeight":0.35},"geometry":{"type":"Polygon","coordinates":[[[31.3,46.7],[31.3,46.7],[31.4,46.7],[31.5,46.7],[31.6,46.725],[31.7,46.75],[31.8,46.74],[31.9,46.75],[32.0,46.7333],[32.1,46.7],[32.0,46.6909],[31.9,46.6769],[31.8,46.6833],[31.7,46.6769],[31.6,46.6909],[31.5,46.7],[31.4,46.7],[31.3,46.7],[31.3,46.7]]]}},{"type":"Feature","properties":{"layer_id":"change_T20","layer_label":"Change, T>20\u00b0C","low":25.0,"high":50.0,"label":"25\u201350 pp","fill":"#d6604d","fillOpacity":0.6,"stroke":"#d6604d","strokeOpacity":0.72,"strokeWeight":0.35},"geometry":{"type":"Polygon","coordinates":[[[43.3,46.7],[43.2,46.75],[43.15,46.8],[43.2,46.9],[43.1,47.0],[43.1,47.0],[43.0,47.1],[42.95,47.0],[42.9,46.9],[42.95,46.8],[42.9,46.7667],[42.8,46.7667],[42.7,46.8],[42.6,46.8],[42.6,46.8],[42.6,46.8],[42.6667,46.9],[42.65,47.0],[42.6,47.1],[42.6,47.1],[42.6,47.1],[42.7,47.2],[42.7,47.2],[42.8,47.3],[42.8,47.3],[42.9,47.4],[42.9,47.4],[43.0,47.4],[43.0,47.4],[43.1,47.3],[43.2,47.3],[43.2,47.3],[43.3,47.2],[43.4,47.3],[43.4,47.3],[43.5,47.3],[43.6,47.3],[43.6,47.3],[43.65,47.2],[43.6,47.1],[43.6,47.1],[43.55,47.0],[43.5,46.95],[43.4,46.9],[43.5,46.8],[43.5,46.8],[43.5,46.8],[43.4,46.7],[43.4,46.7],[43.3,46.7],[43.3,46.7]]]}},{"type":"Feature","properties":{"layer_id":"change_T20","layer_label":"Change, T>20\u00b0C","low":25.0,"high":50.0,"label":"25\u201350 pp","fill":"#d6604d","fillOpacity":0.6,"stroke":"#d6604d","strokeOpacity":0.72,"strokeWeight":0.35},"geometry":{"type":"Polygon","coordinates":[[[44.55,47.0],[44.55,47.1],[44.6,47.2],[44.7,47.1],[44.7,47.0],[44.6,46.9],[44.55,47.0]]]}},{"type":"Feature","properties":{"layer_id":"change_T20","layer_label":"Change, T>20\u00b0C","low":25.0,"high":50.0,"label":"25\u201350 pp","fill":"#d6604d","fillOpacity":0.6,"stroke":"#d6604d","strokeOpacity":0.72,"strokeWeight":0.35},"geometry":{"type":"Polygon","coordinates":[[[42.2,47.3],[42.2,47.3],[42.15,47.4],[42.1,47.425],[42.0,47.4333],[41.9,47.5],[41.9,47.5],[41.8,47.5],[41.7,47.6],[41.8,47.7],[41.8,47.7],[41.9,47.75],[41.95,47.8],[42.0,47.82],[42.08,47.9],[42.1,47.9333],[42.2,48.0],[42.3,48.0],[42.4,47.9],[42.4,47.8],[42.3,47.75],[42.2,47.7],[42.2,47.7],[42.2,47.6],[42.2,47.6],[42.3,47.6],[42.3,47.6],[42.4,47.625],[42.5,47.625],[42.6,47.625],[42.7,47.6667],[42.7333,47.7],[42.8,47.7667],[42.9,47.7667],[42.95,47.8],[43.0,47.85],[43.0143,47.8],[43.0,47.75],[42.9667,47.7],[43.0,47.6],[42.9,47.5],[42.9,47.5],[42.8,47.425],[42.75,47.4],[42.7,47.38],[42.6,47.36],[42.525,47.3],[42.5,47.275],[42.4,47.275],[42.3,47.275],[42.2,47.3]]]}},{"type":"Feature","properties":{"layer_id":"change_T20","layer_label":"Change, T>20\u00b0C","low":25.0,"high":50.0,"label":"25\u201350 pp","fill":"#d6604d","fillOpacity":0.6,"stroke":"#d6604d","strokeOpacity":0.72,"strokeWeight":0.35},"geometry":{"type":"Polygon","coordinates":[[[34.0,47.4],[33.9667,47.5],[34.0,47.5333],[34.1,47.55],[34.2,47.55],[34.3,47.5333],[34.35,47.5],[34.3,47.45],[34.2,47.4333],[34.1,47.45],[34.0,47.4],[34.0,47.4],[34.0,47.4]]]}},{"type":"Feature","properties":{"layer_id":"change_T20","layer_label":"Change, T>20\u00b0C","low":25.0,"high":50.0,"label":"25\u201350 pp","fill":"#d6604d","fillOpacity":0.6,"stroke":"#d6604d","strokeOpacity":0.72,"strokeWeight":0.35},"geometry":{"type":"Polygon","coordinates":[[[34.8,47.5],[34.9,47.55],[35.0,47.55],[35.05,47.6],[35.1,47.6167],[35.2,47.62],[35.2333,47.6],[35.2333,47.5],[35.2,47.475],[35.1,47.4667],[35.0,47.45],[34.9,47.4667],[34.8,47.5]]]}},{"type":"Feature","properties":{"layer_id":"change_T20","layer_label":"Change, T>20\u00b0C","low":25.0,"high":50.0,"label":"25\u201350 pp","fill":"#d6604d","fillOpacity":0.6,"stroke":"#d6604d","strokeOpacity":0.72,"strokeWeight":0.35},"geometry":{"type":"Polygon","coordinates":[[[41.3,47.5],[41.4,47.6],[41.5,47.5],[41.4,47.4],[41.3,47.5]]]}},{"type":"Feature","properties":{"layer_id":"change_T20","layer_label":"Change, T>20\u00b0C","low":25.0,"high":50.0,"label":"25\u201350 pp","fill":"#d6604d","fillOpacity":0.6,"stroke":"#d6604d","strokeOpacity":0.72,"strokeWeight":0.35},"geometry":{"type":"Polygon","coordinates":[[[42.4,47.9],[42.5,48.0],[42.5,48.0],[42.6,48.0667],[42.7,48.1],[42.8,48.0],[42.7,47.95],[42.65,47.9],[42.6,47.85],[42.5,47.85],[42.4,47.9]]]}},{"type":"Feature","properties":{"layer_id":"change_T20","layer_label":"Change, T>20\u00b0C","low":25.0,"high":50.0,"label":"25\u201350 pp","fill":"#d6604d","fillOpacity":0.6,"stroke":"#d6604d","strokeOpacity":0.72,"strokeWeight":0.35},"geometry":{"type":"Polygon","coordinates":[[[8.0,43.8556],[8.1,43.85],[8.15,43.9],[8.1375,44.0],[8.2,44.05],[8.25,44.1],[8.2,44.1556],[8.1,44.1167],[8.08,44.1],[8.0,44.02],[7.9833,44.0],[7.92,43.9],[8.0,43.8556]]]}},{"type":"Feature","properties":{"layer_id":"change_T20","layer_label":"Change, T>20\u00b0C","low":25.0,"high":50.0,"label":"25\u201350 pp","fill":"#d6604d","fillOpacity":0.6,"stroke":"#d6604d","strokeOpacity":0.72,"strokeWeight":0.35},"geometry":{"type":"Polygon","coordinates":[[[12.7,43.8],[12.8,43.8],[12.8444,43.9],[12.8,43.9444],[12.7167,44.0],[12.7,44.0167],[12.6,44.0375],[12.5286,44.1],[12.5,44.1286],[12.4,44.1],[12.4333,44.0],[12.5,43.96],[12.6,43.9],[12.6,43.9],[12.7,43.8]]]}},{"type":"Feature","properties":{"layer_id":"change_T20","layer_label":"Change, T>20\u00b0C","low":25.0,"high":50.0,"label":"25\u201350 pp","fill":"#d6604d","fillOpacity":0.6,"stroke":"#d6604d","strokeOpacity":0.72,"strokeWeight":0.35},"geometry":{"type":"Polygon","coordinates":[[[4.8,43.9],[4.85,44.0],[4.9,44.1],[4.9,44.2],[4.8,44.275],[4.7,44.3],[4.6,44.2],[4.6,44.2],[4.55,44.1],[4.6,44.0667],[4.7,44.05],[4.75,44.0],[4.8,43.9]]]}},{"type":"Feature","properties":{"layer_id":"change_T20","layer_label":"Change, T>20\u00b0C","low":25.0,"high":50.0,"label":"25\u201350 pp","fill":"#d6604d","fillOpacity":0.6,"stroke":"#d6604d","strokeOpacity":0.72,"strokeWeight":0.35},"geometry":{"type":"Polygon","coordinates":[[[15.4,43.9625],[15.5,43.9625],[15.575,44.0],[15.5,44.1],[15.5,44.1],[15.5,44.1],[15.5333,44.2],[15.5,44.2167],[15.4,44.2333],[15.3,44.2375],[15.2,44.25],[15.15,44.2],[15.2,44.15],[15.2625,44.1],[15.3,44.0625],[15.3625,44.0],[15.4,43.9625]]]}},{"type":"Feature","properties":{"layer_id":"change_T20","layer_label":"Change, T>20\u00b0C","low":25.0,"high":50.0,"label":"25\u201350 pp","fill":"#d6604d","fillOpacity":0.6,"stroke":"#d6604d","strokeOpacity":0.72,"strokeWeight":0.35},"geometry":{"type":"Polygon","coordinates":[[[9.9,44.0556],[10.0,44.0556],[10.08,44.1],[10.0,44.18],[9.95,44.2],[9.9,44.2167],[9.8,44.2167],[9.7,44.22],[9.6,44.2333],[9.5714,44.2],[9.6,44.1714],[9.7,44.1833],[9.8,44.1833],[9.8556,44.1],[9.9,44.0556]]]}},{"type":"Feature","properties":{"layer_id":"change_T20","layer_label":"Change, T>20\u00b0C","low":25.0,"high":50.0,"label":"25\u201350 pp","fill":"#d6604d","fillOpacity":0.6,"stroke":"#d6604d","strokeOpacity":0.72,"strokeWeight":0.35},"geometry":{"type":"Polygon","coordinates":[[[12.3,44.24],[12.3375,44.3],[12.35,44.4],[12.3,44.45],[12.2375,44.5],[12.2,44.5375],[12.1444,44.6],[12.175,44.7],[12.175,44.8],[12.2,44.9],[12.2,44.9],[12.25,45.0],[12.2286,45.1],[12.2286,45.2],[12.2,45.2286],[12.1375,45.3],[12.1444,45.4],[12.2,45.4714],[12.3,45.4455],[12.3545,45.5],[12.3,45.6],[12.2,45.55],[12.1,45.5333],[12.0667,45.5],[12.02,45.4],[12.0,45.3667],[11.9,45.3],[11.95,45.2],[11.9667,45.1],[11.9,45.06],[11.85,45.0],[11.86,44.9],[11.8,44.84],[11.7,44.82],[11.6,44.86],[11.5333,44.9],[11.5,44.95],[11.45,44.9],[11.4,44.8],[11.4,44.8],[11.3,44.8],[11.2,44.7714],[11.1,44.8],[11.1,44.8],[11.1,44.9],[11.1,44.9],[11.1667,45.0],[11.1,45.0667],[11.0667,45.1],[11.0,45.2],[10.9,45.1],[10.8,45.15],[10.7,45.15],[10.6667,45.2],[10.6,45.2667],[10.55,45.3],[10.5,45.4],[10.5,45.4],[10.4,45.5],[10.3,45.5],[10.2,45.5],[10.2,45.5],[10.1,45.5167],[10.0,45.5],[10.0,45.5],[9.9,45.4],[10.0,45.3333],[10.1,45.4],[10.1,45.4],[10.1,45.4],[10.2,45.3],[10.3,45.3],[10.3,45.3],[10.4,45.2],[10.5,45.2],[10.5,45.2],[10.5667,45.1],[10.5,45.06],[10.4,45.0667],[10.3,45.05],[10.25,45.1],[10.3,45.2],[10.2,45.3],[10.1,45.2333],[10.0,45.2],[10.1,45.1667],[10.1667,45.1],[10.1,45.05],[10.0,45.0333],[9.9,45.0333],[9.8333,45.1],[9.9,45.2],[9.8,45.25],[9.7,45.25],[9.6,45.2],[9.6,45.2],[9.5,45.2],[9.5,45.2],[9.4,45.2667],[9.3,45.3],[9.2,45.3],[9.1,45.3],[9.1,45.3],[9.0,45.35],[8.9,45.4],[8.8,45.4],[8.7,45.4],[8.6,45.3],[8.6,45.3],[8.6,45.3],[8.5,45.32],[8.45,45.3],[8.4,45.2],[8.5,45.15],[8.5333,45.1],[8.5,45.0],[8.525,44.9],[8.5,44.85],[8.4,44.8],[8.5,44.75],[8.6,44.7333],[8.65,44.7],[8.7,44.6833],[8.8,44.7],[8.7,44.8],[8.7,44.8],[8.7,44.9],[8.7,44.9],[8.8,44.95],[8.9,45.0],[8.9,45.0],[8.9,45.0],[9.0,44.975],[9.1,45.0],[9.0,45.1],[9.0,45.1],[9.0,45.1],[9.1,45.15],[9.1333,45.1],[9.2,45.0],[9.3,45.02],[9.4,45.025],[9.5,45.0],[9.6,45.0],[9.6,45.0],[9.7,44.975],[9.8,44.95],[9.9,44.95],[10.0,44.9],[10.0,44.9],[10.1,44.85],[10.2,44.8],[10.3,44.9],[10.3,44.9],[10.3,44.9],[10.4,44.85],[10.5,44.9],[10.5,44.9],[10.5,44.9],[10.6,44.8],[10.6,44.8],[10.7,44.7],[10.7,44.7],[10.8,44.64],[10.9,44.62],[10.95,44.6],[11.0,44.575],[11.1,44.55],[11.2,44.52],[11.3,44.52],[11.4,44.52],[11.5,44.5],[11.6,44.55],[11.7,44.5333],[11.75,44.5],[11.7,44.45],[11.65,44.4],[11.7,44.35],[11.8,44.4],[11.8,44.4],[11.9,44.4],[12.0,44.425],[12.02,44.4],[12.1,44.3429],[12.2,44.3143],[12.225,44.3],[12.3,44.24]]]}},{"type":"Feature","properties":{"layer_id":"change_T20","layer_label":"Change, T>20\u00b0C","low":25.0,"high":50.0,"label":"25\u201350 pp","fill":"#d6604d","fillOpacity":0.6,"stroke":"#d6604d","strokeOpacity":0.72,"strokeWeight":0.35},"geometry":{"type":"Polygon","coordinates":[[[26.7,44.25],[26.8,44.25],[26.9,44.2],[27.0,44.25],[27.1,44.25],[27.15,44.3],[27.15,44.4],[27.1,44.5],[27.0,44.5],[26.9,44.5],[26.85,44.4],[26.8,44.35],[26.7,44.35],[26.65,44.3],[26.7,44.25]]]}},{"type":"Feature","properties":{"layer_id":"change_T20","layer_label":"Change, T>20\u00b0C","low":25.0,"high":50.0,"label":"25\u201350 pp","fill":"#d6604d","fillOpacity":0.6,"stroke":"#d6604d","strokeOpacity":0.72,"strokeWeight":0.35},"geometry":{"type":"Polygon","coordinates":[[[7.9,44.75],[8.0,44.7667],[8.1,44.7667],[8.2,44.8],[8.2,44.8],[8.3,44.8],[8.4,44.9],[8.3,44.95],[8.2,44.95],[8.1,44.9],[8.1,44.9],[8.0,44.9],[8.0,44.9],[7.9,44.95],[7.875,44.9],[7.875,44.8],[7.9,44.75]]]}},{"type":"Feature","properties":{"layer_id":"change_T20","layer_label":"Change, T>20\u00b0C","low":25.0,"high":50.0,"label":"25\u201350 pp","fill":"#d6604d","fillOpacity":0.6,"stroke":"#d6604d","strokeOpacity":0.72,"strokeWeight":0.35},"geometry":{"type":"Polygon","coordinates":[[[13.8,44.9714],[13.9,44.9333],[14.0,44.9833],[14.1,44.9714],[14.1286,45.0],[14.2,45.0625],[14.2375,45.1],[14.2167,45.2],[14.2,45.225],[14.1,45.24],[14.0,45.2],[14.0,45.2],[14.0,45.1],[13.9,45.05],[13.8,45.0667],[13.7714,45.0],[13.8,44.9714]]]}},{"type":"Feature","properties":{"layer_id":"change_T20","layer_label":"Change, T>20\u00b0C","low":25.0,"high":50.0,"label":"25\u201350 pp","fill":"#d6604d","fillOpacity":0.6,"stroke":"#d6604d","strokeOpacity":0.72,"strokeWeight":0.35},"geometry":{"type":"Polygon","coordinates":[[[35.9,45.1667],[36.0,45.1667],[36.1,45.2],[36.1,45.2],[36.2,45.3],[36.2,45.3],[36.25,45.4],[36.2,45.4167],[36.1,45.4167],[36.075,45.4],[36.0,45.34],[35.9,45.3],[35.9,45.3],[35.85,45.2],[35.9,45.1667]]]}},{"type":"Feature","properties":{"layer_id":"change_T20","layer_label":"Change, T>20\u00b0C","low":25.0,"high":50.0,"label":"25\u201350 pp","fill":"#d6604d","fillOpacity":0.6,"stroke":"#d6604d","strokeOpacity":0.72,"strokeWeight":0.35},"geometry":{"type":"Polygon","coordinates":[[[11.2,45.2],[11.3,45.2],[11.4,45.25],[11.5,45.2],[11.6,45.2],[11.7,45.25],[11.8,45.3],[11.7,45.35],[11.6,45.3333],[11.5,45.3333],[11.4,45.35],[11.3,45.4],[11.3,45.4],[11.2,45.42],[11.1,45.425],[11.0,45.4333],[10.9333,45.5],[10.9,45.5167],[10.85,45.5],[10.8,45.475],[10.775,45.5],[10.7667,45.6],[10.7,45.6286],[10.6,45.65],[10.5,45.6167],[10.475,45.6],[10.5,45.55],[10.5333,45.5],[10.6,45.4333],[10.6333,45.4],[10.7,45.3333],[10.8,45.325],[10.9,45.35],[11.0,45.3],[11.1,45.3],[11.1,45.3],[11.2,45.2]]]}},{"type":"Feature","properties":{"layer_id":"change_T20","layer_label":"Change, T>20\u00b0C","low":25.0,"high":50.0,"label":"25\u201350 pp","fill":"#d6604d","fillOpacity":0.6,"stroke":"#d6604d","strokeOpacity":0.72,"strokeWeight":0.35},"geometry":{"type":"Polygon","coordinates":[[[13.6,45.2714],[13.7,45.3],[13.7,45.3],[13.7,45.4],[13.7333,45.5],[13.7,45.5167],[13.6833,45.5],[13.6,45.4286],[13.5714,45.4],[13.5714,45.3],[13.6,45.2714]]]}},{"type":"Feature","properties":{"layer_id":"change_T20","layer_label":"Change, T>20\u00b0C","low":25.0,"high":50.0,"label":"25\u201350 pp","fill":"#d6604d","fillOpacity":0.6,"stroke":"#d6604d","strokeOpacity":0.72,"strokeWeight":0.35},"geometry":{"type":"Polygon","coordinates":[[[12.5,45.5833],[12.6,45.5714],[12.7,45.5625],[12.7375,45.6],[12.8,45.7],[12.7,45.7333],[12.6,45.725],[12.5,45.7],[12.5,45.7],[12.4,45.6],[12.5,45.5833]]]}},{"type":"Feature","properties":{"layer_id":"change_T20","layer_label":"Change, T>20\u00b0C","low":25.0,"high":50.0,"label":"25\u201350 pp","fill":"#d6604d","fillOpacity":0.6,"stroke":"#d6604d","strokeOpacity":0.72,"strokeWeight":0.35},"geometry":{"type":"Polygon","coordinates":[[[12.9,45.6833],[13.0,45.7],[13.0,45.7],[13.1,45.7],[13.2,45.7625],[13.3,45.7714],[13.4,45.7714],[13.4833,45.7],[13.5,45.6833],[13.5167,45.7],[13.6,45.8],[13.5,45.8],[13.4,45.8667],[13.3,45.8667],[13.2,45.86],[13.1,45.86],[13.0,45.825],[12.9,45.8],[12.9,45.8],[12.8,45.7],[12.9,45.6833]]]}},{"type":"Feature","properties":{"layer_id":"change_T20","layer_label":"Change, T>20\u00b0C","low":25.0,"high":50.0,"label":"25\u201350 pp","fill":"#d6604d","fillOpacity":0.6,"stroke":"#d6604d","strokeOpacity":0.72,"strokeWeight":0.35},"geometry":{"type":"Polygon","coordinates":[[[29.7,46.6667],[29.8,46.65],[29.9,46.7],[29.9,46.8],[29.8,46.85],[29.7,46.85],[29.6,46.9],[29.5,46.8667],[29.4333,46.8],[29.5,46.75],[29.6,46.7],[29.6,46.7],[29.7,46.6667]]]}},{"type":"Feature","properties":{"layer_id":"change_T20","layer_label":"Change, T>20\u00b0C","low":25.0,"high":50.0,"label":"25\u201350 pp","fill":"#d6604d","fillOpacity":0.6,"stroke":"#d6604d","strokeOpacity":0.72,"strokeWeight":0.35},"geometry":{"type":"Polygon","coordinates":[[[32.5,49.05],[32.6,49.0667],[32.7,49.1],[32.7,49.1],[32.8,49.1143],[32.8333,49.1],[32.9,49.05],[33.0,49.0667],[33.1,49.1],[33.1,49.1],[33.1333,49.2],[33.1,49.25],[33.05,49.3],[33.0,49.4],[33.0,49.4],[32.9,49.4333],[32.8,49.4333],[32.7,49.4],[32.7,49.4],[32.7,49.4],[32.6,49.5],[32.5,49.45],[32.4,49.5],[32.3,49.5],[32.2,49.4],[32.2333,49.3],[32.3,49.2],[32.4,49.2],[32.5,49.2],[32.6,49.2],[32.6,49.2],[32.6,49.2],[32.5,49.2],[32.4333,49.1],[32.5,49.05]]]}},{"type":"Feature","properties":{"layer_id":"change_T20","layer_label":"Change, T>20\u00b0C","low":25.0,"high":50.0,"label":"25\u201350 pp","fill":"#d6604d","fillOpacity":0.6,"stroke":"#d6604d","strokeOpacity":0.72,"strokeWeight":0.35},"geometry":{"type":"Polygon","coordinates":[[[32.7667,49.2],[32.7,49.2667],[32.6,49.3],[32.7,49.3167],[32.8,49.32],[32.9,49.3],[32.85,49.2],[32.8,49.1857],[32.7667,49.2]]]}},{"type":"Feature","properties":{"layer_id":"change_T20","layer_label":"Change, T>20\u00b0C","low":50.0,"high":100.0,"label":"50\u2013100 pp","fill":"#b2182b","fillOpacity":0.72,"stroke":"#b2182b","strokeOpacity":0.84,"strokeWeight":0.35},"geometry":{"type":"Polygon","coordinates":[[[8.8,34.7667],[8.9,34.75],[9.0,34.7857],[9.1,34.7571],[9.2,34.8],[9.2,34.8],[9.3,34.9],[9.2,34.95],[9.1,34.9333],[9.0333,34.9],[9.0,34.85],[8.9,34.8429],[8.8,34.8143],[8.7667,34.8],[8.8,34.7667]]]}},{"type":"Feature","properties":{"layer_id":"change_T20","layer_label":"Change, T>20\u00b0C","low":50.0,"high":100.0,"label":"50\u2013100 pp","fill":"#b2182b","fillOpacity":0.72,"stroke":"#b2182b","strokeOpacity":0.84,"strokeWeight":0.35},"geometry":{"type":"Polygon","coordinates":[[[36.6,34.75],[36.65,34.8],[36.7,34.825],[36.75,34.9],[36.7,34.95],[36.6,34.9],[36.6,34.9],[36.55,34.8],[36.6,34.75]]]}},{"type":"Feature","properties":{"layer_id":"change_T20","layer_label":"Change, T>20\u00b0C","low":50.0,"high":100.0,"label":"50\u2013100 pp","fill":"#b2182b","fillOpacity":0.72,"stroke":"#b2182b","strokeOpacity":0.84,"strokeWeight":0.35},"geometry":{"type":"Polygon","coordinates":[[[-2.7,34.9],[-2.7,34.9],[-2.6,34.9333],[-2.5,34.96],[-2.4,34.9833],[-2.3,35.0],[-2.4,35.0167],[-2.5,35.0167],[-2.6,35.0167],[-2.7,35.0167],[-2.8,35.0091],[-2.8333,35.0],[-2.8,34.95],[-2.7,34.9],[-2.7,34.9]]]}},{"type":"Feature","properties":{"layer_id":"change_T20","layer_label":"Change, T>20\u00b0C","low":50.0,"high":100.0,"label":"50\u2013100 pp","fill":"#b2182b","fillOpacity":0.72,"stroke":"#b2182b","strokeOpacity":0.84,"strokeWeight":0.35},"geometry":{"type":"Polygon","coordinates":[[[9.4,35.0333],[9.5,35.075],[9.55,35.1],[9.6,35.15],[9.62,35.2],[9.6,35.225],[9.5,35.2333],[9.4,35.25],[9.3625,35.2],[9.3333,35.1],[9.4,35.0333]]]}},{"type":"Feature","properties":{"layer_id":"change_T20","layer_label":"Change, T>20\u00b0C","low":50.0,"high":100.0,"label":"50\u2013100 pp","fill":"#b2182b","fillOpacity":0.72,"stroke":"#b2182b","strokeOpacity":0.84,"strokeWeight":0.35},"geometry":{"type":"Polygon","coordinates":[[[36.4,35.0667],[36.5,35.075],[36.5333,35.1],[36.5,35.1333],[36.4333,35.2],[36.5,35.3],[36.5,35.4],[36.5,35.4],[36.575,35.5],[36.5,35.6],[36.55,35.7],[36.6,35.7333],[36.7,35.8],[36.7,35.9],[36.6,35.9333],[36.5,35.96],[36.4,35.9],[36.4,35.9],[36.3,35.9],[36.3,35.9],[36.3,35.9],[36.32,36.0],[36.3,36.0111],[36.2,36.03],[36.1,36.0],[36.1,36.0],[36.075,35.9],[36.0636,35.8],[36.0636,35.7],[36.0769,35.6],[36.0667,35.5],[36.0909,35.4],[36.0833,35.3],[36.0778,35.2],[36.1,35.1333],[36.1333,35.2],[36.15,35.3],[36.2,35.4],[36.2,35.4],[36.2,35.4],[36.3,35.36],[36.35,35.3],[36.375,35.2],[36.375,35.1],[36.4,35.0667]]]}},{"type":"Feature","properties":{"layer_id":"change_T20","layer_label":"Change, T>20\u00b0C","low":50.0,"high":100.0,"label":"50\u2013100 pp","fill":"#b2182b","fillOpacity":0.72,"stroke":"#b2182b","strokeOpacity":0.84,"strokeWeight":0.35},"geometry":{"type":"Polygon","coordinates":[[[24.4,35.1909],[24.5,35.1714],[24.58,35.2],[24.575,35.3],[24.5,35.3231],[24.4,35.3333],[24.3,35.3286],[24.2667,35.3],[24.3,35.2714],[24.3909,35.2],[24.4,35.1909]]]}},{"type":"Feature","properties":{"layer_id":"change_T20","layer_label":"Change, T>20\u00b0C","low":50.0,"high":100.0,"label":"50\u2013100 pp","fill":"#b2182b","fillOpacity":0.72,"stroke":"#b2182b","strokeOpacity":0.84,"strokeWeight":0.35},"geometry":{"type":"Polygon","coordinates":[[[36.7,35.1667],[36.8,35.1],[36.85,35.2],[36.9,35.3],[36.8,35.3667],[36.7,35.4],[36.6,35.4],[36.5,35.3],[36.6,35.25],[36.6667,35.2],[36.7,35.1667]]]}},{"type":"Feature","properties":{"layer_id":"change_T20","layer_label":"Change, T>20\u00b0C","low":50.0,"high":100.0,"label":"50\u2013100 pp","fill":"#b2182b","fillOpacity":0.72,"stroke":"#b2182b","strokeOpacity":0.84,"strokeWeight":0.35},"geometry":{"type":"Polygon","coordinates":[[[36.8,36.2833],[36.9,36.2857],[36.9333,36.3],[37.0,36.34],[37.06,36.4],[37.075,36.5],[37.075,36.6],[37.1,36.65],[37.2,36.7],[37.1,36.7333],[37.0,36.8],[36.95,36.7],[36.9,36.6667],[36.8,36.6167],[36.7,36.6],[36.7,36.6],[36.7,36.6],[36.6571,36.7],[36.7,36.775],[36.7111,36.8],[36.7,36.85],[36.6,36.85],[36.5,36.8143],[36.4875,36.8],[36.4,36.73],[36.3,36.76],[36.275,36.7],[36.29,36.6],[36.3,36.58],[36.4,36.6],[36.4,36.6],[36.5,36.62],[36.5167,36.6],[36.6,36.5167],[36.625,36.5],[36.7,36.44],[36.7667,36.4],[36.7,36.3],[36.8,36.2833]]]}},{"type":"Feature","properties":{"layer_id":"change_T20","layer_label":"Change, T>20\u00b0C","low":50.0,"high":100.0,"label":"50\u2013100 pp","fill":"#b2182b","fillOpacity":0.72,"stroke":"#b2182b","strokeOpacity":0.84,"strokeWeight":0.35},"geometry":{"type":"Polygon","coordinates":[[[29.2,36.4692],[29.3,36.4857],[29.325,36.5],[29.4,36.6],[29.3667,36.7],[29.3,36.7167],[29.2,36.7091],[29.1,36.7167],[29.0909,36.7],[29.1,36.65],[29.1333,36.6],[29.1714,36.5],[29.2,36.4692]]]}},{"type":"Feature","properties":{"layer_id":"change_T20","layer_label":"Change, T>20\u00b0C","low":50.0,"high":100.0,"label":"50\u2013100 pp","fill":"#b2182b","fillOpacity":0.72,"stroke":"#b2182b","strokeOpacity":0.84,"strokeWeight":0.35},"geometry":{"type":"Polygon","coordinates":[[[22.8,36.8636],[22.9,36.85],[23.0,36.875],[23.0231,36.9],[23.0,36.9231],[22.9,37.0],[22.8,36.94],[22.7667,36.9],[22.8,36.8636]]]}},{"type":"Feature","properties":{"layer_id":"change_T20","layer_label":"Change, T>20\u00b0C","low":50.0,"high":100.0,"label":"50\u2013100 pp","fill":"#b2182b","fillOpacity":0.72,"stroke":"#b2182b","strokeOpacity":0.84,"strokeWeight":0.35},"geometry":{"type":"Polygon","coordinates":[[[-2.0,37.0615],[-1.9375,37.1],[-1.9,37.2],[-1.9,37.2],[-1.8571,37.3],[-1.9,37.4],[-2.0,37.325],[-2.0143,37.3],[-2.0167,37.2],[-2.0714,37.1],[-2.0,37.0615]]]}},{"type":"Feature","properties":{"layer_id":"change_T20","layer_label":"Change, T>20\u00b0C","low":50.0,"high":100.0,"label":"50\u2013100 pp","fill":"#b2182b","fillOpacity":0.72,"stroke":"#b2182b","strokeOpacity":0.84,"strokeWeight":0.35},"geometry":{"type":"Polygon","coordinates":[[[-6.6,37.1],[-6.5,37.15],[-6.4667,37.2],[-6.5,37.3],[-6.6,37.275],[-6.65,37.3],[-6.7,37.35],[-6.75,37.3],[-6.7,37.2667],[-6.66,37.2],[-6.6,37.1]]]}},{"type":"Feature","properties":{"layer_id":"change_T20","layer_label":"Change, T>20\u00b0C","low":50.0,"high":100.0,"label":"50\u2013100 pp","fill":"#b2182b","fillOpacity":0.72,"stroke":"#b2182b","strokeOpacity":0.84,"strokeWeight":0.35},"geometry":{"type":"Polygon","coordinates":[[[21.7,37.3333],[21.7286,37.4],[21.7111,37.5],[21.725,37.6],[21.7,37.7],[21.7,37.7],[21.6,37.725],[21.5,37.7],[21.5714,37.6],[21.6,37.5714],[21.6909,37.5],[21.6833,37.4],[21.7,37.3333]]]}},{"type":"Feature","properties":{"layer_id":"change_T20","layer_label":"Change, T>20\u00b0C","low":50.0,"high":100.0,"label":"50\u2013100 pp","fill":"#b2182b","fillOpacity":0.72,"stroke":"#b2182b","strokeOpacity":0.84,"strokeWeight":0.35},"geometry":{"type":"Polygon","coordinates":[[[28.6,37.36],[28.7,37.3],[28.74,37.4],[28.7,37.4667],[28.6667,37.5],[28.65,37.6],[28.6,37.65],[28.5333,37.7],[28.6,37.7286],[28.6833,37.8],[28.7,37.82],[28.8,37.86],[28.8667,37.9],[28.84,38.0],[28.8,38.0667],[28.72,38.0],[28.7,37.98],[28.6,37.9625],[28.5,37.95],[28.46,37.9],[28.4,37.8625],[28.325,37.9],[28.3,37.95],[28.2,37.9455],[28.1,37.9333],[28.0,37.9167],[27.9,37.9167],[27.8,37.9182],[27.7,37.9375],[27.6,38.0],[27.6,38.0],[27.6,38.0],[27.7,38.0833],[27.8,38.0818],[27.85,38.1],[27.9,38.1667],[28.0,38.2],[27.9,38.2111],[27.8,38.2364],[27.7,38.2286],[27.6,38.25],[27.5,38.2429],[27.4,38.25],[27.3,38.25],[27.2,38.3],[27.1,38.2],[27.2,38.18],[27.3,38.1667],[27.3667,38.1],[27.375,38.0],[27.4,37.9],[27.4,37.9],[27.5,37.8667],[27.6,37.88],[27.7,37.8625],[27.8,37.8714],[27.9,37.875],[28.0,37.86],[28.0429,37.8],[28.0,37.74],[27.9,37.7],[27.9,37.7],[27.9,37.7],[27.8,37.7286],[27.7,37.7375],[27.6,37.72],[27.5833,37.7],[27.5769,37.6],[27.5875,37.5],[27.6,37.4875],[27.7,37.5],[27.675,37.6],[27.7,37.625],[27.8,37.6],[27.8,37.6],[27.8,37.6],[27.7,37.5],[27.8,37.4],[27.85,37.5],[27.9,37.55],[28.0,37.5667],[28.1,37.6],[28.1,37.6],[28.1333,37.7],[28.2,37.76],[28.3,37.75],[28.38,37.7],[28.4,37.6],[28.4,37.6],[28.46,37.5],[28.5,37.4778],[28.5778,37.4],[28.6,37.36]]]}},{"type":"Feature","properties":{"layer_id":"change_T20","layer_label":"Change, T>20\u00b0C","low":50.0,"high":100.0,"label":"50\u2013100 pp","fill":"#b2182b","fillOpacity":0.72,"stroke":"#b2182b","strokeOpacity":0.84,"strokeWeight":0.35},"geometry":{"type":"Polygon","coordinates":[[[-4.9,37.56],[-4.8,37.56],[-4.7,37.6],[-4.7,37.6],[-4.6,37.6333],[-4.5,37.625],[-4.4,37.65],[-4.3,37.65],[-4.24,37.6],[-4.2,37.5778],[-4.1,37.5636],[-4.0429,37.6],[-4.0833,37.7],[-4.05,37.8],[-4.0,37.86],[-3.9,37.8625],[-3.8,37.8625],[-3.7,37.86],[-3.6,37.9],[-3.6,37.9],[-3.55,38.0],[-3.5,38.02],[-3.4,38.05],[-3.375,38.1],[-3.3,38.15],[-3.225,38.2],[-3.2,38.2333],[-3.15,38.3],[-3.2,38.4],[-3.2667,38.3],[-3.3,38.275],[-3.35,38.3],[-3.3,38.4],[-3.4,38.4],[-3.5,38.4],[-3.5,38.4],[-3.5,38.4],[-3.45,38.3],[-3.5,38.275],[-3.6,38.2667],[-3.65,38.3],[-3.7,38.35],[-3.75,38.3],[-3.7333,38.2],[-3.7,38.1667],[-3.6667,38.1],[-3.7,38.05],[-3.8,38.08],[-3.9,38.0],[-3.9,38.0],[-4.0,38.0],[-4.1,37.9667],[-4.2,37.96],[-4.3,37.94],[-4.3667,37.9],[-4.4,37.8833],[-4.5,37.8],[-4.5,37.8],[-4.6,37.7667],[-4.7,37.75],[-4.8,37.75],[-4.8667,37.8],[-4.9,37.85],[-4.95,37.8],[-4.9,37.7],[-4.9,37.7],[-4.9,37.7],[-5.0,37.6],[-4.9,37.56]]]}},{"type":"Feature","properties":{"layer_id":"change_T20","layer_label":"Change, T>20\u00b0C","low":50.0,"high":100.0,"label":"50\u2013100 pp","fill":"#b2182b","fillOpacity":0.72,"stroke":"#b2182b","strokeOpacity":0.84,"strokeWeight":0.35},"geometry":{"type":"Polygon","coordinates":[[[21.5,37.7],[21.5333,37.8],[21.5364,37.9],[21.6,38.0],[21.6,38.0],[21.65,38.1],[21.6,38.1167],[21.5714,38.1],[21.5,38.0444],[21.45,38.0],[21.45,37.9],[21.44,37.8],[21.5,37.7]]]}},{"type":"Feature","properties":{"layer_id":"change_T20","layer_label":"Change, T>20\u00b0C","low":50.0,"high":100.0,"label":"50\u2013100 pp","fill":"#b2182b","fillOpacity":0.72,"stroke":"#b2182b","strokeOpacity":0.84,"strokeWeight":0.35},"geometry":{"type":"Polygon","coordinates":[[[29.0,37.7909],[29.1,37.7833],[29.2,37.7889],[29.3,37.7909],[29.4,37.8],[29.325,37.9],[29.3,37.9091],[29.2,37.92],[29.175,37.9],[29.1,37.825],[29.0,37.81],[28.9857,37.8],[29.0,37.7909]]]}},{"type":"Feature","properties":{"layer_id":"change_T20","layer_label":"Change, T>20\u00b0C","low":50.0,"high":100.0,"label":"50\u2013100 pp","fill":"#b2182b","fillOpacity":0.72,"stroke":"#b2182b","strokeOpacity":0.84,"strokeWeight":0.35},"geometry":{"type":"Polygon","coordinates":[[[-5.4,37.88],[-5.3667,37.9],[-5.3,37.9667],[-5.2,37.95],[-5.15,38.0],[-5.2,38.0333],[-5.2667,38.1],[-5.2,38.1667],[-5.1,38.15],[-5.0,38.1333],[-4.9,38.2],[-5.0,38.2667],[-5.1,38.25],[-5.2,38.2143],[-5.3,38.2333],[-5.4,38.2],[-5.4,38.1],[-5.4,38.1],[-5.45,38.0],[-5.4333,37.9],[-5.4,37.88]]]}},{"type":"Feature","properties":{"layer_id":"change_T20","layer_label":"Change, T>20\u00b0C","low":50.0,"high":100.0,"label":"50\u2013100 pp","fill":"#b2182b","fillOpacity":0.72,"stroke":"#b2182b","strokeOpacity":0.84,"strokeWeight":0.35},"geometry":{"type":"Polygon","coordinates":[[[-3.3,37.8571],[-3.2,37.9],[-3.2,37.9],[-3.14,38.0],[-3.2,38.0429],[-3.3,38.0],[-3.3,38.0],[-3.3429,37.9],[-3.3,37.8571]]]}},{"type":"Feature","properties":{"layer_id":"change_T20","layer_label":"Change, T>20\u00b0C","low":50.0,"high":100.0,"label":"50\u2013100 pp","fill":"#b2182b","fillOpacity":0.72,"stroke":"#b2182b","strokeOpacity":0.84,"strokeWeight":0.35},"geometry":{"type":"Polygon","coordinates":[[[-4.8,38.0667],[-4.7,38.1],[-4.7,38.1],[-4.6,38.175],[-4.5,38.2],[-4.6,38.2143],[-4.7,38.22],[-4.8,38.2333],[-4.9,38.2],[-4.9,38.1],[-4.8,38.0667]]]}},{"type":"Feature","properties":{"layer_id":"change_T20","layer_label":"Change, T>20\u00b0C","low":50.0,"high":100.0,"label":"50\u2013100 pp","fill":"#b2182b","fillOpacity":0.72,"stroke":"#b2182b","strokeOpacity":0.84,"strokeWeight":0.35},"geometry":{"type":"Polygon","coordinates":[[[23.9,38.0429],[24.0,38.0571],[24.0231,38.1],[24.075,38.2],[24.0,38.2429],[23.9333,38.3],[23.9125,38.4],[24.0,38.4875],[24.01,38.5],[24.0308,38.6],[24.0,38.6286],[23.95,38.6],[23.9,38.5333],[23.82,38.6],[23.8091,38.7],[23.8,38.7091],[23.75,38.7],[23.7,38.65],[23.6667,38.7],[23.6,38.74],[23.5,38.7333],[23.4,38.7333],[23.3909,38.7],[23.4,38.6909],[23.4909,38.6],[23.5,38.55],[23.6,38.6],[23.6,38.6],[23.6,38.6],[23.7,38.575],[23.76,38.5],[23.78,38.4],[23.8,38.375],[23.86,38.3],[23.85,38.2],[23.8429,38.1],[23.9,38.0429]]]}},{"type":"Feature","properties":{"layer_id":"change_T20","layer_label":"Change, T>20\u00b0C","low":50.0,"high":100.0,"label":"50\u2013100 pp","fill":"#b2182b","fillOpacity":0.72,"stroke":"#b2182b","strokeOpacity":0.84,"strokeWeight":0.35},"geometry":{"type":"Polygon","coordinates":[[[-5.5,38.1],[-5.4,38.2],[-5.4,38.2],[-5.3667,38.3],[-5.3,38.3667],[-5.275,38.4],[-5.2,38.475],[-5.15,38.5],[-5.1,38.6],[-5.1,38.6],[-5.1,38.6],[-5.0,38.5667],[-4.95,38.6],[-4.9,38.65],[-4.8667,38.6],[-4.8,38.5667],[-4.7,38.5667],[-4.66,38.6],[-4.6,38.675],[-4.5,38.7],[-4.5,38.7],[-4.4,38.8],[-4.5,38.9],[-4.5,38.9],[-4.5,39.0],[-4.55,39.1],[-4.6,39.125],[-4.7,39.1],[-4.7,39.1],[-4.8,39.1],[-4.8,39.1],[-4.9,39.1],[-5.0,39.15],[-5.1,39.2],[-5.2,39.2],[-5.3,39.1],[-5.3,39.0],[-5.3,39.0],[-5.3,39.0],[-5.4,39.1],[-5.4,39.1],[-5.5,39.15],[-5.6,39.16],[-5.7,39.1667],[-5.8,39.15],[-5.8333,39.1],[-5.8,39.05],[-5.7667,39.0],[-5.7,38.95],[-5.6,38.95],[-5.5,38.9],[-5.5,38.9],[-5.5,38.9],[-5.6,38.85],[-5.7,38.8333],[-5.8,38.8667],[-5.9,38.8],[-5.8,38.75],[-5.7333,38.7],[-5.7,38.6833],[-5.6,38.68],[-5.5833,38.7],[-5.5,38.7714],[-5.4,38.7714],[-5.3,38.78],[-5.22,38.7],[-5.3,38.6429],[-5.4,38.6],[-5.4,38.6],[-5.45,38.5],[-5.5,38.4],[-5.5,38.4],[-5.55,38.3],[-5.6,38.2],[-5.5,38.1]]]}},{"type":"Feature","properties":{"layer_id":"change_T20","layer_label":"Change, T>20\u00b0C","low":50.0,"high":100.0,"label":"50\u2013100 pp","fill":"#b2182b","fillOpacity":0.72,"stroke":"#b2182b","strokeOpacity":0.84,"strokeWeight":0.35},"geometry":{"type":"Polygon","coordinates":[[[29.2,38.1667],[29.28,38.2],[29.2833,38.3],[29.2,38.3625],[29.1,38.3],[29.1,38.3],[29.1,38.2],[29.1,38.2],[29.2,38.1667]]]}},{"type":"Feature","properties":{"layer_id":"change_T20","layer_label":"Change, T>20\u00b0C","low":50.0,"high":100.0,"label":"50\u2013100 pp","fill":"#b2182b","fillOpacity":0.72,"stroke":"#b2182b","strokeOpacity":0.84,"strokeWeight":0.35},"geometry":{"type":"Polygon","coordinates":[[[28.5,38.2833],[28.5333,38.3],[28.6,38.3667],[28.65,38.4],[28.6,38.42],[28.5,38.5],[28.46,38.4],[28.4857,38.3],[28.5,38.2833]]]}},{"type":"Feature","properties":{"layer_id":"change_T20","layer_label":"Change, T>20\u00b0C","low":50.0,"high":100.0,"label":"50\u2013100 pp","fill":"#b2182b","fillOpacity":0.72,"stroke":"#b2182b","strokeOpacity":0.84,"strokeWeight":0.35},"geometry":{"type":"Polygon","coordinates":[[[23.2,38.35],[23.24,38.4],[23.225,38.5],[23.3,38.575],[23.3091,38.6],[23.3,38.6091],[23.2,38.6167],[23.1,38.6],[23.1,38.6],[23.1,38.6],[23.0667,38.7],[23.0,38.7167],[22.9,38.7231],[22.8,38.78],[22.7556,38.7],[22.8,38.62],[22.8333,38.6],[22.9,38.5333],[23.0,38.5],[23.0,38.5],[23.1,38.425],[23.1333,38.4],[23.2,38.35]]]}},{"type":"Feature","properties":{"layer_id":"change_T20","layer_label":"Change, T>20\u00b0C","low":50.0,"high":100.0,"label":"50\u2013100 pp","fill":"#b2182b","fillOpacity":0.72,"stroke":"#b2182b","strokeOpacity":0.84,"strokeWeight":0.35},"geometry":{"type":"Polygon","coordinates":[[[43.0,38.3833],[43.1,38.3769],[43.1429,38.4],[43.2,38.4571],[43.2231,38.5],[43.2,38.525],[43.1,38.5],[43.1,38.5],[43.1,38.5],[43.0,38.525],[42.9,38.5333],[42.8,38.54],[42.76,38.5],[42.8,38.4833],[42.9,38.4889],[42.98,38.4],[43.0,38.3833]]]}},{"type":"Feature","properties":{"layer_id":"change_T20","layer_label":"Change, T>20\u00b0C","low":50.0,"high":100.0,"label":"50\u2013100 pp","fill":"#b2182b","fillOpacity":0.72,"stroke":"#b2182b","strokeOpacity":0.84,"strokeWeight":0.35},"geometry":{"type":"Polygon","coordinates":[[[27.2,38.4],[27.2667,38.5],[27.25,38.6],[27.3,38.7],[27.4,38.6714],[27.5,38.65],[27.5333,38.6],[27.6,38.55],[27.6667,38.5],[27.7,38.4889],[27.75,38.5],[27.8,38.55],[27.9,38.56],[27.95,38.6],[27.9,38.6286],[27.8,38.62],[27.7,38.6],[27.7,38.6],[27.7,38.6],[27.6,38.7],[27.6,38.7],[27.6,38.7],[27.625,38.8],[27.6,38.8333],[27.5,38.82],[27.4,38.8167],[27.3,38.8375],[27.2,38.8],[27.2,38.8],[27.1333,38.7],[27.15,38.6],[27.1,38.5],[27.2,38.4]]]}},{"type":"Feature","properties":{"layer_id":"change_T20","layer_label":"Change, T>20\u00b0C","low":50.0,"high":100.0,"label":"50\u2013100 pp","fill":"#b2182b","fillOpacity":0.72,"stroke":"#b2182b","strokeOpacity":0.84,"strokeWeight":0.35},"geometry":{"type":"Polygon","coordinates":[[[-4.3,38.8],[-4.2,38.8],[-4.1,38.9],[-4.1,38.9],[-4.0,39.0],[-4.1,39.0333],[-4.2,39.0],[-4.2,39.0],[-4.3,38.95],[-4.35,38.9],[-4.3,38.8]]]}},{"type":"Feature","properties":{"layer_id":"change_T20","layer_label":"Change, T>20\u00b0C","low":50.0,"high":100.0,"label":"50\u2013100 pp","fill":"#b2182b","fillOpacity":0.72,"stroke":"#b2182b","strokeOpacity":0.84,"strokeWeight":0.35},"geometry":{"type":"Polygon","coordinates":[[[-0.6,39.0],[-0.5,38.98],[-0.45,39.0],[-0.46,39.1],[-0.44,39.2],[-0.5,39.275],[-0.55,39.2],[-0.5667,39.1],[-0.6,39.0],[-0.6,39.0],[-0.6,39.0]]]}},{"type":"Feature","properties":{"layer_id":"change_T20","layer_label":"Change, T>20\u00b0C","low":50.0,"high":100.0,"label":"50\u2013100 pp","fill":"#b2182b","fillOpacity":0.72,"stroke":"#b2182b","strokeOpacity":0.84,"strokeWeight":0.35},"geometry":{"type":"Polygon","coordinates":[[[20.6,39.0769],[20.7,39.0833],[20.7286,39.1],[20.7,39.14],[20.625,39.2],[20.6,39.225],[20.54,39.3],[20.5,39.3222],[20.4714,39.3],[20.4769,39.2],[20.5,39.1769],[20.5769,39.1],[20.6,39.0769]]]}},{"type":"Feature","properties":{"layer_id":"change_T20","layer_label":"Change, T>20\u00b0C","low":50.0,"high":100.0,"label":"50\u2013100 pp","fill":"#b2182b","fillOpacity":0.72,"stroke":"#b2182b","strokeOpacity":0.84,"strokeWeight":0.35},"geometry":{"type":"Polygon","coordinates":[[[27.3,39.0333],[27.4,39.1],[27.4,39.1],[27.42,39.2],[27.4,39.2167],[27.3,39.22],[27.2,39.2111],[27.1,39.2],[27.1,39.2],[27.1,39.2],[27.2,39.1667],[27.25,39.1],[27.3,39.0333]]]}},{"type":"Feature","properties":{"layer_id":"change_T20","layer_label":"Change, T>20\u00b0C","low":50.0,"high":100.0,"label":"50\u2013100 pp","fill":"#b2182b","fillOpacity":0.72,"stroke":"#b2182b","strokeOpacity":0.84,"strokeWeight":0.35},"geometry":{"type":"Polygon","coordinates":[[[22.4,39.1875],[22.425,39.2],[22.5,39.25],[22.55,39.3],[22.5,39.4],[22.5,39.4],[22.5,39.4],[22.5286,39.5],[22.5,39.52],[22.4,39.5222],[22.3222,39.6],[22.3125,39.7],[22.4,39.7875],[22.5,39.7875],[22.55,39.8],[22.5,39.82],[22.4,39.8111],[22.3,39.82],[22.2333,39.9],[22.2,39.9222],[22.1,39.95],[22.0778,39.9],[22.1,39.8778],[22.1875,39.8],[22.2,39.78],[22.28,39.7],[22.2,39.65],[22.12,39.6],[22.1,39.575],[22.025,39.5],[22.0,39.45],[21.95,39.4],[22.0,39.3],[22.0,39.3],[22.1,39.2889],[22.2,39.26],[22.3,39.275],[22.375,39.2],[22.4,39.1875]]]}},{"type":"Feature","properties":{"layer_id":"change_T20","layer_label":"Change, T>20\u00b0C","low":50.0,"high":100.0,"label":"50\u2013100 pp","fill":"#b2182b","fillOpacity":0.72,"stroke":"#b2182b","strokeOpacity":0.84,"strokeWeight":0.35},"geometry":{"type":"Polygon","coordinates":[[[-4.8,39.2667],[-4.7,39.25],[-4.6833,39.3],[-4.7,39.4],[-4.7,39.4],[-4.8,39.42],[-4.9,39.4],[-4.9,39.3],[-4.8,39.2667]]]}},{"type":"Feature","properties":{"layer_id":"change_T20","layer_label":"Change, T>20\u00b0C","low":50.0,"high":100.0,"label":"50\u2013100 pp","fill":"#b2182b","fillOpacity":0.72,"stroke":"#b2182b","strokeOpacity":0.84,"strokeWeight":0.35},"geometry":{"type":"Polygon","coordinates":[[[22.9,39.3833],[23.0,39.3833],[23.0667,39.4],[23.0286,39.5],[23.0,39.5286],[22.9,39.5],[22.9,39.5],[22.875,39.4],[22.9,39.3833]]]}},{"type":"Feature","properties":{"layer_id":"change_T20","layer_label":"Change, T>20\u00b0C","low":50.0,"high":100.0,"label":"50\u2013100 pp","fill":"#b2182b","fillOpacity":0.72,"stroke":"#b2182b","strokeOpacity":0.84,"strokeWeight":0.35},"geometry":{"type":"Polygon","coordinates":[[[26.3,39.5909],[26.4,39.5833],[26.5,39.5833],[26.6,39.5909],[26.62,39.6],[26.6,39.625],[26.525,39.7],[26.5,39.8],[26.4,39.75],[26.3667,39.8],[26.4,39.9],[26.3,39.9167],[26.25,39.9],[26.2714,39.8],[26.2,39.7167],[26.1909,39.7],[26.2,39.675],[26.275,39.6],[26.3,39.5909]]]}},{"type":"Feature","properties":{"layer_id":"change_T20","layer_label":"Change, T>20\u00b0C","low":50.0,"high":100.0,"label":"50\u2013100 pp","fill":"#b2182b","fillOpacity":0.72,"stroke":"#b2182b","strokeOpacity":0.84,"strokeWeight":0.35},"geometry":{"type":"Polygon","coordinates":[[[28.0,40.08],[28.1,40.0375],[28.2,40.05],[28.3,40.0714],[28.34,40.1],[28.4,40.16],[28.4667,40.2],[28.5,40.3],[28.4,40.4],[28.3,40.4],[28.2,40.3571],[28.1,40.32],[28.0,40.3091],[27.9,40.35],[27.8,40.3167],[27.7833,40.3],[27.7,40.2333],[27.6,40.2167],[27.5333,40.2],[27.6,40.16],[27.7,40.1286],[27.8,40.1167],[27.9,40.2],[27.9,40.2],[28.0,40.2667],[28.04,40.2],[28.0,40.1333],[27.9,40.1],[28.0,40.08]]]}},{"type":"Feature","properties":{"layer_id":"change_T20","layer_label":"Change, T>20\u00b0C","low":50.0,"high":100.0,"label":"50\u2013100 pp","fill":"#b2182b","fillOpacity":0.72,"stroke":"#b2182b","strokeOpacity":0.84,"strokeWeight":0.35},"geometry":{"type":"Polygon","coordinates":[[[26.4,40.15],[26.5,40.1],[26.575,40.2],[26.6,40.22],[26.7,40.2556],[26.78,40.3],[26.8,40.32],[26.9,40.32],[26.9333,40.3],[27.0,40.26],[27.1,40.2],[27.1,40.2],[27.2,40.1857],[27.25,40.2],[27.3,40.2333],[27.4,40.2333],[27.4286,40.3],[27.4,40.3286],[27.3,40.35],[27.2,40.3667],[27.1714,40.4],[27.1,40.4333],[27.0,40.4375],[26.9,40.4286],[26.8,40.48],[26.7,40.4333],[26.6,40.4333],[26.5,40.4091],[26.48,40.4],[26.45,40.3],[26.4,40.225],[26.38,40.2],[26.4,40.15]]]}},{"type":"Feature","properties":{"layer_id":"change_T20","layer_label":"Change, T>20\u00b0C","low":50.0,"high":100.0,"label":"50\u2013100 pp","fill":"#b2182b","fillOpacity":0.72,"stroke":"#b2182b","strokeOpacity":0.84,"strokeWeight":0.35},"geometry":{"type":"Polygon","coordinates":[[[16.5,40.25],[16.5143,40.3],[16.6,40.3857],[16.62,40.4],[16.7,40.4667],[16.7333,40.5],[16.7,40.55],[16.6,40.5571],[16.5,40.5333],[16.4714,40.5],[16.4667,40.4],[16.48,40.3],[16.5,40.25]]]}},{"type":"Feature","properties":{"layer_id":"change_T20","layer_label":"Change, T>20\u00b0C","low":50.0,"high":100.0,"label":"50\u2013100 pp","fill":"#b2182b","fillOpacity":0.72,"stroke":"#b2182b","strokeOpacity":0.84,"strokeWeight":0.35},"geometry":{"type":"Polygon","coordinates":[[[16.9,40.5833],[17.0,40.6],[17.0,40.7],[17.0,40.8],[16.95,40.9],[16.9,40.9333],[16.8,40.925],[16.7857,40.9],[16.8,40.88],[16.9,40.8],[16.8667,40.7],[16.8,40.6],[16.9,40.5833]]]}},{"type":"Feature","properties":{"layer_id":"change_T20","layer_label":"Change, T>20\u00b0C","low":50.0,"high":100.0,"label":"50\u2013100 pp","fill":"#b2182b","fillOpacity":0.72,"stroke":"#b2182b","strokeOpacity":0.84,"strokeWeight":0.35},"geometry":{"type":"Polygon","coordinates":[[[17.1,40.5833],[17.2,40.575],[17.3,40.5692],[17.4,40.58],[17.5,40.6],[17.4667,40.7],[17.4,40.74],[17.34,40.8],[17.3,40.8286],[17.2,40.84],[17.1,40.8],[17.1,40.7],[17.1,40.7],[17.0,40.6],[17.1,40.5833]]]}},{"type":"Feature","properties":{"layer_id":"change_T20","layer_label":"Change, T>20\u00b0C","low":50.0,"high":100.0,"label":"50\u2013100 pp","fill":"#b2182b","fillOpacity":0.72,"stroke":"#b2182b","strokeOpacity":0.84,"strokeWeight":0.35},"geometry":{"type":"Polygon","coordinates":[[[22.5,40.55],[22.6,40.5667],[22.6167,40.6],[22.7,40.6714],[22.7667,40.7],[22.8,40.8],[22.8,40.8],[22.8,40.8],[22.9,40.7667],[22.95,40.8],[22.95,40.9],[22.9,41.0],[22.9,41.0],[22.8,41.1],[22.7,41.0],[22.7,41.0],[22.7,41.0],[22.6,41.0333],[22.5875,41.0],[22.5636,40.9],[22.52,40.8],[22.55,40.7],[22.5,40.6333],[22.475,40.6],[22.5,40.55]]]}},{"type":"Feature","properties":{"layer_id":"change_T20","layer_label":"Change, T>20\u00b0C","low":50.0,"high":100.0,"label":"50\u2013100 pp","fill":"#b2182b","fillOpacity":0.72,"stroke":"#b2182b","strokeOpacity":0.84,"strokeWeight":0.35},"geometry":{"type":"Polygon","coordinates":[[[23.5,40.5857],[23.6,40.575],[23.7,40.6],[23.7,40.6],[23.7167,40.7],[23.75,40.8],[23.7,40.85],[23.6714,40.8],[23.6,40.7286],[23.5,40.7],[23.5,40.7],[23.45,40.6],[23.5,40.5857]]]}},{"type":"Feature","properties":{"layer_id":"change_T20","layer_label":"Change, T>20\u00b0C","low":50.0,"high":100.0,"label":"50\u2013100 pp","fill":"#b2182b","fillOpacity":0.72,"stroke":"#b2182b","strokeOpacity":0.84,"strokeWeight":0.35},"geometry":{"type":"Polygon","coordinates":[[[26.3,40.6769],[26.4,40.6769],[26.5,40.6714],[26.6,40.6714],[26.7,40.6667],[26.8,40.6556],[26.9,40.6625],[27.0,40.6571],[27.1,40.6833],[27.2,40.6833],[27.2167,40.7],[27.2,40.8],[27.1,40.75],[27.0,40.76],[26.9333,40.8],[26.9,40.85],[26.8,40.88],[26.7,40.9],[26.7,40.9],[26.6333,41.0],[26.65,41.1],[26.6,41.15],[26.5,41.2],[26.5,41.2],[26.4,41.2],[26.3,41.2],[26.3,41.2],[26.2333,41.1],[26.2,41.0667],[26.1,41.0125],[26.05,41.0],[26.1,40.9],[26.1,40.9],[26.1,40.9],[26.0833,40.8],[26.1,40.7714],[26.2,40.7],[26.2,40.7],[26.3,40.6769]]]}},{"type":"Feature","properties":{"layer_id":"change_T20","layer_label":"Change, T>20\u00b0C","low":50.0,"high":100.0,"label":"50\u2013100 pp","fill":"#b2182b","fillOpacity":0.72,"stroke":"#b2182b","strokeOpacity":0.84,"strokeWeight":0.35},"geometry":{"type":"Polygon","coordinates":[[[29.5,40.7909],[29.525,40.8],[29.5,40.85],[29.475,40.9],[29.5,40.9333],[29.55,41.0],[29.6,41.05],[29.7,41.075],[29.8,41.0571],[29.9,41.0667],[30.0,41.05],[30.1,41.05],[30.2,41.05],[30.3,41.0571],[30.4,41.0667],[30.5,41.06],[30.6,41.0778],[30.7,41.075],[30.7231,41.1],[30.7,41.1231],[30.6,41.1167],[30.5,41.1286],[30.4,41.1231],[30.3,41.1231],[30.2,41.1231],[30.1,41.1167],[30.0,41.1167],[29.9,41.1091],[29.8,41.1231],[29.7,41.1167],[29.6,41.2],[29.5,41.1167],[29.4,41.1091],[29.3,41.1],[29.3,41.1],[29.2,41.1],[29.2,41.1],[29.1,41.2],[29.0,41.1667],[28.9,41.15],[28.8,41.1],[28.9,41.08],[28.9667,41.0],[29.0,40.9833],[29.1,40.9909],[29.2,40.9909],[29.3,40.9],[29.3,40.9],[29.4,40.8],[29.4,40.8],[29.5,40.7909]]]}},{"type":"Feature","properties":{"layer_id":"change_T20","layer_label":"Change, T>20\u00b0C","low":50.0,"high":100.0,"label":"50\u2013100 pp","fill":"#b2182b","fillOpacity":0.72,"stroke":"#b2182b","strokeOpacity":0.84,"strokeWeight":0.35},"geometry":{"type":"Polygon","coordinates":[[[27.5,40.9833],[27.6,40.9769],[27.7,40.9833],[27.7667,41.0],[27.8,41.0333],[27.9,41.04],[27.975,41.1],[28.0,41.1333],[28.1,41.2],[28.1,41.2],[28.1,41.2],[28.15,41.1],[28.2,41.0909],[28.3,41.1],[28.25,41.2],[28.2,41.3],[28.2,41.3],[28.1,41.4],[28.1,41.4],[28.1,41.4],[28.2,41.45],[28.2091,41.5],[28.2,41.5091],[28.1,41.525],[28.025,41.6],[28.0,41.625],[27.94,41.7],[27.9,41.7667],[27.875,41.7],[27.86,41.6],[27.85,41.5],[27.9,41.4],[27.9,41.4],[27.925,41.3],[27.9,41.2667],[27.8333,41.2],[27.8,41.1667],[27.7,41.15],[27.6,41.1143],[27.5667,41.1],[27.5,41.05],[27.4,41.0],[27.5,40.9833]]]}},{"type":"Feature","properties":{"layer_id":"change_T20","layer_label":"Change, T>20\u00b0C","low":50.0,"high":100.0,"label":"50\u2013100 pp","fill":"#b2182b","fillOpacity":0.72,"stroke":"#b2182b","strokeOpacity":0.84,"strokeWeight":0.35},"geometry":{"type":"Polygon","coordinates":[[[15.3,41.5833],[15.4,41.575],[15.5,41.575],[15.6,41.6],[15.5,41.6333],[15.4,41.7],[15.4,41.7],[15.3,41.75],[15.275,41.7],[15.275,41.6],[15.3,41.5833]]]}},{"type":"Feature","properties":{"layer_id":"change_T20","layer_label":"Change, T>20\u00b0C","low":50.0,"high":100.0,"label":"50\u2013100 pp","fill":"#b2182b","fillOpacity":0.72,"stroke":"#b2182b","strokeOpacity":0.84,"strokeWeight":0.35},"geometry":{"type":"Polygon","coordinates":[[[27.9,41.9333],[27.9167,42.0],[27.9286,42.1],[27.9,42.1286],[27.8167,42.2],[27.8,42.2167],[27.7167,42.3],[27.7286,42.4],[27.7,42.4286],[27.6,42.4231],[27.55,42.4],[27.5667,42.3],[27.6,42.2625],[27.6714,42.2],[27.7,42.1714],[27.7714,42.1],[27.8,42.0714],[27.8714,42.0],[27.9,41.9333]]]}},{"type":"Feature","properties":{"layer_id":"change_T20","layer_label":"Change, T>20\u00b0C","low":50.0,"high":100.0,"label":"50\u2013100 pp","fill":"#b2182b","fillOpacity":0.72,"stroke":"#b2182b","strokeOpacity":0.84,"strokeWeight":0.35},"geometry":{"type":"Polygon","coordinates":[[[42.1,42.18],[42.12,42.2],[42.1,42.3],[42.1,42.3],[42.0,42.34],[41.9,42.3667],[41.8667,42.4],[41.8,42.5],[41.8,42.5],[41.7375,42.6],[41.7,42.6333],[41.6,42.675],[41.5769,42.6],[41.6,42.5],[41.6,42.5],[41.7,42.4],[41.7,42.4],[41.75,42.3],[41.8,42.2],[41.9,42.2],[42.0,42.2333],[42.05,42.2],[42.1,42.18]]]}},{"type":"Feature","properties":{"layer_id":"change_T20","layer_label":"Change, T>20\u00b0C","low":50.0,"high":100.0,"label":"50\u2013100 pp","fill":"#b2182b","fillOpacity":0.72,"stroke":"#b2182b","strokeOpacity":0.84,"strokeWeight":0.35},"geometry":{"type":"Polygon","coordinates":[[[19.2,42.2667],[19.3,42.2636],[19.35,42.3],[19.3222,42.4],[19.3,42.4167],[19.2,42.4],[19.2,42.4],[19.1375,42.3],[19.2,42.2667]]]}},{"type":"Feature","properties":{"layer_id":"change_T20","layer_label":"Change, T>20\u00b0C","low":50.0,"high":100.0,"label":"50\u2013100 pp","fill":"#b2182b","fillOpacity":0.72,"stroke":"#b2182b","strokeOpacity":0.84,"strokeWeight":0.35},"geometry":{"type":"Polygon","coordinates":[[[28.2,43.4],[28.3,43.3909],[28.3333,43.4],[28.4,43.4667],[28.4333,43.5],[28.5,43.5667],[28.5091,43.6],[28.5,43.65],[28.4,43.6],[28.4,43.6],[28.3,43.5],[28.3,43.5],[28.2,43.4],[28.2,43.4],[28.2,43.4]]]}},{"type":"Feature","properties":{"layer_id":"change_T20","layer_label":"Change, T>20\u00b0C","low":50.0,"high":100.0,"label":"50\u2013100 pp","fill":"#b2182b","fillOpacity":0.72,"stroke":"#b2182b","strokeOpacity":0.84,"strokeWeight":0.35},"geometry":{"type":"Polygon","coordinates":[[[44.5,43.6714],[44.6,43.6714],[44.7,43.6625],[44.8,43.6667],[44.9,43.675],[45.0,43.625],[45.0,43.7],[45.0,43.8],[45.0,43.9],[45.0,44.0],[45.0,44.1],[45.0,44.2],[45.0,44.3],[45.0,44.4],[45.0,44.5],[45.0,44.5],[44.9,44.55],[44.8,44.55],[44.7,44.6],[44.6,44.6],[44.6,44.6],[44.6,44.7],[44.5,44.8],[44.4,44.8],[44.4,44.8],[44.4,44.8],[44.5,44.8],[44.6,44.8],[44.7,44.8],[44.8,44.9],[44.8,44.9],[44.9,45.0],[44.9,45.1],[44.85,45.2],[44.8,45.2333],[44.7,45.2667],[44.65,45.3],[44.6,45.3667],[44.55,45.4],[44.5,45.4333],[44.45,45.4],[44.4,45.3],[44.4,45.2],[44.4,45.2],[44.4,45.2],[44.3,45.2333],[44.2,45.25],[44.1,45.2],[44.2,45.15],[44.25,45.1],[44.2,45.0],[44.2,45.0],[44.1,45.0],[44.0,44.9],[44.0,44.9],[43.9,44.9],[43.8,44.8],[43.8,44.8],[43.7,44.7],[43.7,44.6],[43.7,44.5],[43.7,44.4],[43.7,44.4],[43.65,44.3],[43.7,44.2667],[43.7667,44.2],[43.8,44.15],[43.8333,44.1],[43.9,44.0],[43.9,44.0],[44.0,43.9333],[44.1,43.925],[44.125,43.9],[44.2,43.8],[44.2,43.8],[44.3,43.7667],[44.4,43.75],[44.4333,43.7],[44.5,43.6714]]]}},{"type":"Feature","properties":{"layer_id":"change_T20","layer_label":"Change, T>20\u00b0C","low":50.0,"high":100.0,"label":"50\u2013100 pp","fill":"#b2182b","fillOpacity":0.72,"stroke":"#b2182b","strokeOpacity":0.84,"strokeWeight":0.35},"geometry":{"type":"Polygon","coordinates":[[[38.8,44.2833],[38.9,44.2667],[38.9556,44.3],[38.9,44.3714],[38.86,44.4],[38.8,44.4333],[38.7,44.4583],[38.6,44.45],[38.5,44.45],[38.4,44.5],[38.4,44.5],[38.3,44.5333],[38.2,44.5556],[38.1667,44.5],[38.2,44.4667],[38.3,44.4769],[38.3667,44.4],[38.4,44.3667],[38.5,44.3714],[38.6,44.3667],[38.7,44.3588],[38.7833,44.3],[38.8,44.2833]]]}},{"type":"Feature","properties":{"layer_id":"change_T20","layer_label":"Change, T>20\u00b0C","low":50.0,"high":100.0,"label":"50\u2013100 pp","fill":"#b2182b","fillOpacity":0.72,"stroke":"#b2182b","strokeOpacity":0.84,"strokeWeight":0.35},"geometry":{"type":"Polygon","coordinates":[[[33.6,44.4769],[33.675,44.5],[33.6333,44.6],[33.65,44.7],[33.6,44.75],[33.55,44.7],[33.5,44.6833],[33.4667,44.6],[33.5,44.5667],[33.5769,44.5],[33.6,44.4769]]]}},{"type":"Feature","properties":{"layer_id":"change_T20","layer_label":"Change, T>20\u00b0C","low":50.0,"high":100.0,"label":"50\u2013100 pp","fill":"#b2182b","fillOpacity":0.72,"stroke":"#b2182b","strokeOpacity":0.84,"strokeWeight":0.35},"geometry":{"type":"Polygon","coordinates":[[[43.5,44.5],[43.6,44.45],[43.7,44.5],[43.6,44.6],[43.6,44.6],[43.6,44.6],[43.7,44.7],[43.7,44.8],[43.65,44.9],[43.6,45.0],[43.6,45.0],[43.5,45.0],[43.4,45.1],[43.5,45.2],[43.5,45.2],[43.5,45.2],[43.4,45.2],[43.3,45.3],[43.3,45.4],[43.3,45.4],[43.2,45.5],[43.2,45.5],[43.1,45.5],[43.0,45.6],[43.0,45.5],[42.9,45.4],[42.8,45.5],[42.8,45.4],[42.75,45.3],[42.8,45.25],[42.9,45.3],[42.9,45.3],[43.0,45.4],[43.1,45.4],[43.2,45.3],[43.2,45.3],[43.3,45.2],[43.2,45.1],[43.2,45.1],[43.2,45.1],[43.3,45.1],[43.4,45.0],[43.4,44.9],[43.35,44.8],[43.4,44.7],[43.4,44.7],[43.5,44.7],[43.5,44.7],[43.5,44.7],[43.5,44.7],[43.5,44.6],[43.5,44.5],[43.5,44.5]]]}},{"type":"Feature","properties":{"layer_id":"change_T20","layer_label":"Change, T>20\u00b0C","low":50.0,"high":100.0,"label":"50\u2013100 pp","fill":"#b2182b","fillOpacity":0.72,"stroke":"#b2182b","strokeOpacity":0.84,"strokeWeight":0.35},"geometry":{"type":"Polygon","coordinates":[[[37.7,44.6714],[37.7286,44.7],[37.7,44.8],[37.7,44.8],[37.6,44.9],[37.6333,45.0],[37.7,45.1],[37.7,45.1],[37.8,45.1],[37.9,45.1],[37.9,45.1],[37.9,45.1],[37.85,45.0],[37.9,44.98],[38.0,45.0],[38.0,45.0],[38.0,45.0],[38.1,44.95],[38.2,44.95],[38.3,44.9667],[38.4,44.94],[38.5,44.975],[38.6,44.975],[38.7,44.9667],[38.8,44.95],[38.85,44.9],[38.9,44.875],[39.0,44.85],[39.1,44.85],[39.2,44.84],[39.3,44.8333],[39.4,44.8],[39.4,44.8],[39.4,44.8],[39.5,44.825],[39.6,44.8333],[39.7,44.85],[39.8,44.8],[39.8,44.8],[39.9,44.8],[40.0,44.8],[40.0,44.8],[40.1,44.9],[40.2,44.9],[40.1,45.0],[40.1,45.0],[40.1,45.0],[40.2,45.0],[40.3,45.1],[40.3,45.1],[40.4,45.1],[40.5,45.1],[40.6,45.1],[40.7,45.2],[40.7,45.2],[40.8,45.2],[40.8,45.2],[40.9,45.15],[41.0,45.15],[41.05,45.2],[41.1,45.3],[41.1,45.3],[41.1333,45.4],[41.1,45.4333],[41.0,45.4],[41.0,45.4],[40.9,45.4],[40.8,45.4],[40.7,45.4],[40.6,45.4],[40.5,45.4],[40.4,45.4],[40.3,45.3],[40.3,45.3],[40.2,45.3],[40.2,45.3],[40.2,45.3],[40.3,45.4],[40.3,45.5],[40.2,45.6],[40.2,45.6],[40.2,45.7],[40.2,45.8],[40.2,45.8],[40.2,45.8],[40.3,45.7],[40.4,45.8],[40.35,45.9],[40.4,45.95],[40.5,45.95],[40.6,45.9],[40.6,45.9],[40.7,45.8],[40.8,45.9],[40.8,45.9],[40.9,45.9333],[41.0,45.9333],[41.1,45.9],[41.1,45.9],[41.1,45.8],[41.2,45.7],[41.3,45.75],[41.4,45.8],[41.4,45.8],[41.5,45.85],[41.55,45.9],[41.6,45.95],[41.65,46.0],[41.7,46.05],[41.75,46.0],[41.8,45.9],[41.9,45.9],[42.0,46.0],[42.0,46.0],[42.1,46.0],[42.1,46.0],[42.2,45.9],[42.3,45.95],[42.4,46.0],[42.3,46.1],[42.2,46.1],[42.2,46.1],[42.2,46.1],[42.3,46.1],[42.4,46.1],[42.5,46.2],[42.5,46.2],[42.5,46.2],[42.6,46.1],[42.7,46.1],[42.75,46.2],[42.7,46.25],[42.65,46.3],[42.6,46.35],[42.5,46.4],[42.5,46.4],[42.4,46.5],[42.4,46.5],[42.4,46.5],[42.5,46.52],[42.525,46.5],[42.6,46.425],[42.7,46.4],[42.8,46.4],[42.8,46.4],[42.9,46.3333],[42.95,46.3],[42.9,46.2],[43.0,46.1],[43.1,46.1],[43.2,46.1],[43.2,46.1],[43.2,46.0],[43.2,46.0],[43.1,45.9],[43.1,45.8],[43.1,45.7],[43.2,45.65],[43.3,45.6667],[43.4,45.7],[43.4,45.7],[43.5,45.7],[43.6,45.75],[43.65,45.7],[43.7,45.65],[43.8,45.7],[43.8,45.7],[43.8,45.7],[43.9,45.65],[43.95,45.6],[44.0,45.55],[44.1,45.6],[44.1,45.6],[44.2,45.6],[44.2,45.6],[44.2,45.6],[44.15,45.5],[44.2,45.4667],[44.3,45.5],[44.3,45.5],[44.4,45.55],[44.5,45.6],[44.4,45.7],[44.3,45.7],[44.3,45.7],[44.3,45.8],[44.2,45.85],[44.15,45.9],[44.1,45.95],[44.05,46.0],[44.1,46.0333],[44.2,46.0333],[44.25,46.0],[44.3,45.95],[44.35,45.9],[44.3,45.8],[44.4,45.7],[44.5,45.8],[44.5,45.8],[44.55,45.9],[44.5,46.0],[44.4,46.0],[44.4,46.0],[44.4,46.1],[44.3,46.15],[44.2,46.1667],[44.15,46.2],[44.1,46.25],[44.0,46.3],[43.9,46.3],[43.9,46.3],[43.8,46.3333],[43.7,46.3],[43.7,46.3],[43.7,46.3],[43.7,46.3],[43.7333,46.4],[43.7,46.425],[43.6,46.4667],[43.5,46.4],[43.5,46.4],[43.5,46.4],[43.4,46.475],[43.3,46.45],[43.2,46.45],[43.1,46.45],[43.0667,46.5],[43.0,46.5667],[42.9,46.575],[42.8,46.575],[42.7667,46.6],[42.7,46.64],[42.625,46.7],[42.6,46.7167],[42.5,46.74],[42.4,46.775],[42.35,46.8],[42.3,46.9],[42.2,46.9],[42.1,46.9],[42.0,46.9],[42.0,46.9],[41.9,46.9333],[41.8,46.9667],[41.7,47.0],[41.7,47.0],[41.7,47.0],[41.8,47.1],[41.8,47.1],[41.9,47.2],[41.8,47.3],[41.7,47.3],[41.7,47.3],[41.6,47.35],[41.5,47.4],[41.4,47.4],[41.3,47.4],[41.2,47.4],[41.1,47.4],[41.0,47.3],[41.0,47.3],[40.9,47.25],[40.8,47.3],[40.7,47.3],[40.7,47.3],[40.6,47.35],[40.5,47.3],[40.5,47.3],[40.45,47.2],[40.5,47.15],[40.6,47.15],[40.7,47.1],[40.8,47.1],[40.9,47.1667],[41.0,47.175],[41.1,47.15],[41.1333,47.1],[41.2,47.06],[41.3,47.0],[41.3,47.0],[41.3,47.0],[41.2,46.9],[41.3,46.8],[41.3,46.8],[41.375,46.7],[41.3,46.625],[41.2,46.6],[41.2,46.6],[41.1,46.5],[41.1,46.5],[41.0,46.4667],[40.9,46.4],[41.0,46.3],[41.0,46.3],[41.1,46.2],[41.1,46.2],[41.1,46.2],[41.05,46.1],[41.0,46.0667],[40.95,46.1],[40.9,46.2],[40.8,46.2],[40.7,46.2],[40.7,46.2],[40.6,46.2333],[40.5,46.25],[40.4,46.3],[40.4,46.3],[40.3667,46.4],[40.3,46.44],[40.2,46.4],[40.2,46.4],[40.2,46.4],[40.1,46.5],[40.1,46.5],[40.0,46.6],[40.0,46.6],[40.0,46.6],[40.02,46.7],[40.0,46.8],[40.0,46.8],[39.9,46.9],[39.9,46.9],[39.8,46.9333],[39.7,46.9333],[39.6,46.9667],[39.55,47.0],[39.6,47.05],[39.7,47.0667],[39.75,47.1],[39.7,47.2],[39.6,47.2],[39.6,47.2],[39.5,47.225],[39.4,47.2667],[39.3,47.24],[39.2,47.25],[39.15,47.3],[39.1,47.325],[39.0,47.325],[38.9,47.35],[38.8,47.3667],[38.7,47.3],[38.7,47.3],[38.6,47.3],[38.5,47.3],[38.4,47.3],[38.4,47.3],[38.3,47.325],[38.2,47.325],[38.1,47.32],[38.0,47.32],[37.9,47.325],[37.8,47.325],[37.7,47.32],[37.6,47.3167],[37.5,47.3],[37.5,47.3],[37.4,47.25],[37.3,47.2],[37.3,47.2],[37.2,47.16],[37.1,47.14],[37.0,47.1333],[36.96,47.1],[36.9,47.05],[36.8,47.0429],[36.7,47.0333],[36.6,47.0333],[36.5333,47.0],[36.5,46.9667],[36.4,46.94],[36.3,46.92],[36.2,46.92],[36.1667,46.9],[36.1,46.85],[36.0,46.84],[35.9,46.84],[35.8,46.84],[35.7,46.85],[35.6,46.9],[35.6,46.9],[35.6,46.9],[35.5,46.85],[35.45,46.8],[35.4,46.78],[35.3,46.775],[35.2,46.725],[35.1667,46.7],[35.1,46.66],[35.0,46.6333],[34.95,46.6],[34.9,46.575],[34.8,46.525],[34.75,46.5],[34.7,46.475],[34.6,46.4667],[34.5,46.46],[34.4,46.46],[34.3,46.46],[34.2,46.4667],[34.1,46.4667],[34.0,46.45],[33.9,46.45],[33.8,46.45],[33.7,46.45],[33.6,46.4],[33.6,46.4],[33.5,46.375],[33.4,46.375],[33.3,46.375],[33.2,46.3667],[33.1,46.3333],[33.0,46.3286],[32.9,46.3333],[32.8333,46.3],[32.8,46.28],[32.7,46.2571],[32.6,46.275],[32.58,46.3],[32.6,46.35],[32.65,46.4],[32.6,46.425],[32.5,46.4667],[32.4,46.4667],[32.3,46.5],[32.2,46.4286],[32.1,46.4231],[32.0769,46.4],[32.0,46.3167],[31.9833,46.3],[32.0,46.2833],[32.0833,46.2],[32.1,46.1833],[32.2,46.1833],[32.3,46.1769],[32.4,46.1769],[32.5,46.1909],[32.6,46.1769],[32.7,46.1714],[32.8,46.1714],[32.9,46.1714],[33.0,46.1769],[33.1,46.1769],[33.2,46.1769],[33.3,46.1667],[33.4,46.1714],[33.4667,46.1],[33.5,46.0667],[33.5333,46.1],[33.6,46.1714],[33.7,46.2],[33.7,46.2],[33.8,46.225],[33.9,46.22],[33.9333,46.2],[34.0,46.1],[34.0667,46.2],[34.1,46.2167],[34.2,46.22],[34.25,46.2],[34.3,46.175],[34.4,46.14],[34.4667,46.1],[34.5,46.08],[34.525,46.1],[34.5,46.2],[34.5,46.2],[34.5,46.2],[34.6,46.2],[34.7,46.22],[34.8,46.2429],[34.9,46.25],[34.975,46.3],[35.0,46.32],[35.1,46.3667],[35.2,46.3714],[35.25,46.4],[35.3,46.4333],[35.3667,46.5],[35.4,46.54],[35.4667,46.5],[35.5,46.4857],[35.5333,46.5],[35.6,46.5286],[35.7,46.5714],[35.8,46.5833],[35.85,46.6],[35.9,46.625],[36.0,46.625],[36.1,46.6333],[36.2,46.6333],[36.3,46.65],[36.4,46.7],[36.4,46.7],[36.5,46.7571],[36.6,46.8],[36.6,46.8],[36.7,46.8333],[36.8,46.8],[36.9,46.8444],[37.0,46.8778],[37.1,46.9],[37.1,46.9],[37.2,46.9556],[37.3,46.9556],[37.4,46.9583],[37.4625,47.0],[37.5,47.0429],[37.58,47.1],[37.6,47.12],[37.7,47.1375],[37.8,47.1375],[37.9,47.1333],[38.0,47.15],[38.1,47.1333],[38.2,47.1333],[38.3,47.14],[38.4,47.15],[38.5,47.16],[38.6,47.15],[38.7,47.16],[38.8,47.16],[38.9,47.2],[38.9,47.2],[39.0,47.2],[39.0,47.2],[39.1,47.1667],[39.2,47.1667],[39.2667,47.1],[39.2,47.0333],[39.1,47.0333],[39.0,47.0333],[38.975,47.0],[38.9,46.9],[38.9,46.9],[38.8,46.86],[38.7,46.85],[38.6,46.8],[38.6,46.8],[38.5333,46.7],[38.5,46.66],[38.4,46.6455],[38.3,46.6],[38.3,46.6],[38.2,46.5667],[38.1,46.5],[38.2,46.4429],[38.26,46.4],[38.3,46.375],[38.4,46.3444],[38.4667,46.3],[38.5,46.2333],[38.52,46.2],[38.54,46.1],[38.5,46.06],[38.4,46.06],[38.3,46.0],[38.3,46.0],[38.275,45.9],[38.3,45.8],[38.3,45.8],[38.3,45.8],[38.2,45.7667],[38.1,45.8],[38.0,45.7],[38.0,45.7],[37.9333,45.6],[37.9,45.5],[37.9,45.5],[37.8,45.4],[37.8,45.4],[37.7,45.3],[37.7,45.3],[37.6,45.25],[37.56,45.2],[37.5,45.1571],[37.4,45.125],[37.3857,45.1],[37.38,45.0],[37.4,44.9],[37.4,44.9],[37.4,44.9],[37.3833,44.8],[37.4,44.7833],[37.5,44.7769],[37.6,44.7833],[37.6714,44.7],[37.7,44.6714]]]}},{"type":"Feature","properties":{"layer_id":"change_T20","layer_label":"Change, T>20\u00b0C","low":50.0,"high":100.0,"label":"50\u2013100 pp","fill":"#b2182b","fillOpacity":0.72,"stroke":"#b2182b","strokeOpacity":0.84,"strokeWeight":0.35},"geometry":{"type":"Polygon","coordinates":[[[29.2,44.7833],[29.3,44.8],[29.3,44.8],[29.4,44.8],[29.5,44.8833],[29.6,44.8833],[29.6167,44.9],[29.6,45.0],[29.5,45.0],[29.4,45.0],[29.4,45.0],[29.4,45.0],[29.5,45.0],[29.6,45.0],[29.6231,45.1],[29.6167,45.2],[29.6,45.3],[29.6,45.3],[29.5,45.4],[29.5,45.4],[29.5,45.5],[29.5,45.5],[29.6,45.5],[29.6167,45.6],[29.6,45.6167],[29.5,45.7],[29.5,45.7],[29.5,45.7],[29.4,45.65],[29.35,45.6],[29.3,45.5],[29.3,45.5],[29.2,45.4],[29.1,45.4],[29.1,45.4],[29.1,45.4],[29.2,45.4],[29.3,45.4],[29.4,45.3],[29.4,45.3],[29.4333,45.2],[29.4,45.175],[29.3,45.1],[29.3,45.1],[29.2,45.06],[29.1,45.025],[29.0909,45.0],[29.0909,44.9],[29.1,44.8909],[29.1833,44.8],[29.2,44.7833]]]}},{"type":"Feature","properties":{"layer_id":"change_T20","layer_label":"Change, T>20\u00b0C","low":50.0,"high":100.0,"label":"50\u2013100 pp","fill":"#b2182b","fillOpacity":0.72,"stroke":"#b2182b","strokeOpacity":0.84,"strokeWeight":0.35},"geometry":{"type":"Polygon","coordinates":[[[34.9,44.8714],[35.0,44.8833],[35.1,44.8833],[35.1167,44.9],[35.2,44.9769],[35.2231,45.0],[35.3,45.0769],[35.36,45.1],[35.3,45.15],[35.225,45.2],[35.2,45.22],[35.12,45.3],[35.1,45.32],[35.05,45.4],[35.0444,45.5],[35.0,45.5444],[34.9375,45.6],[34.9,45.6375],[34.8,45.6714],[34.7714,45.7],[34.7,45.8],[34.7,45.8],[34.6,45.8222],[34.5,45.8556],[34.4429,45.9],[34.4,45.95],[34.34,46.0],[34.3,46.04],[34.2,46.075],[34.1,46.1],[34.0,46.1],[33.9,46.075],[33.8,46.1],[33.8,46.1],[33.7,46.2],[33.6667,46.1],[33.6714,46.0],[33.6,45.9231],[33.5769,45.9],[33.5,45.8231],[33.4,45.8167],[33.3833,45.8],[33.4,45.7333],[33.5,45.725],[33.6,45.7333],[33.6667,45.8],[33.7,45.82],[33.8,45.8],[33.9,45.8],[33.9,45.8],[34.0,45.775],[34.1,45.75],[34.2,45.75],[34.275,45.7],[34.3,45.68],[34.4,45.65],[34.5,45.6333],[34.5667,45.6],[34.6,45.55],[34.65,45.5],[34.7,45.45],[34.8,45.4],[34.8,45.4],[34.9,45.3],[34.9,45.3],[34.96,45.2],[35.0,45.1714],[35.1,45.12],[35.12,45.1],[35.1,45.0667],[35.0714,45.0],[35.0,44.9286],[34.9,44.94],[34.82,44.9],[34.9,44.8714]]]}},{"type":"Feature","properties":{"layer_id":"change_T20","layer_label":"Change, T>20\u00b0C","low":50.0,"high":100.0,"label":"50\u2013100 pp","fill":"#b2182b","fillOpacity":0.72,"stroke":"#b2182b","strokeOpacity":0.84,"strokeWeight":0.35},"geometry":{"type":"Polygon","coordinates":[[[33.4,45.1833],[33.4167,45.2],[33.45,45.3],[33.4,45.4],[33.3,45.3667],[33.2,45.4],[33.1909,45.3],[33.2,45.2909],[33.3,45.25],[33.35,45.2],[33.4,45.1833]]]}},{"type":"Feature","properties":{"layer_id":"change_T20","layer_label":"Change, T>20\u00b0C","low":50.0,"high":100.0,"label":"50\u2013100 pp","fill":"#b2182b","fillOpacity":0.72,"stroke":"#b2182b","strokeOpacity":0.84,"strokeWeight":0.35},"geometry":{"type":"Polygon","coordinates":[[[28.6,45.2714],[28.7,45.3],[28.7,45.3],[28.7,45.3],[28.8,45.275],[28.8333,45.3],[28.8,45.35],[28.7667,45.4],[28.7,45.4333],[28.6,45.45],[28.5667,45.4],[28.5333,45.3],[28.6,45.2714]]]}},{"type":"Feature","properties":{"layer_id":"change_T20","layer_label":"Change, T>20\u00b0C","low":50.0,"high":100.0,"label":"50\u2013100 pp","fill":"#b2182b","fillOpacity":0.72,"stroke":"#b2182b","strokeOpacity":0.84,"strokeWeight":0.35},"geometry":{"type":"Polygon","coordinates":[[[32.9,45.3833],[33.0,45.3833],[33.1,45.3833],[33.2,45.4],[33.2,45.5],[33.15,45.6],[33.1,45.6091],[33.0231,45.7],[33.0,45.7231],[32.9769,45.7],[32.9,45.6231],[32.8769,45.6],[32.8,45.5167],[32.7833,45.5],[32.8,45.4833],[32.8833,45.4],[32.9,45.3833]]]}},{"type":"Feature","properties":{"layer_id":"change_T20","layer_label":"Change, T>20\u00b0C","low":50.0,"high":100.0,"label":"50\u2013100 pp","fill":"#b2182b","fillOpacity":0.72,"stroke":"#b2182b","strokeOpacity":0.84,"strokeWeight":0.35},"geometry":{"type":"Polygon","coordinates":[[[40.5,45.4],[40.55,45.5],[40.6,45.55],[40.7,45.6],[40.6,45.7],[40.5,45.6],[40.5,45.6],[40.4,45.5],[40.5,45.4]]]}},{"type":"Feature","properties":{"layer_id":"change_T20","layer_label":"Change, T>20\u00b0C","low":50.0,"high":100.0,"label":"50\u2013100 pp","fill":"#b2182b","fillOpacity":0.72,"stroke":"#b2182b","strokeOpacity":0.84,"strokeWeight":0.35},"geometry":{"type":"Polygon","coordinates":[[[41.7,45.45],[41.8,45.4667],[41.9,45.5],[41.8,45.6],[41.8,45.6],[41.7,45.7],[41.6667,45.6],[41.6,45.5],[41.7,45.45]]]}},{"type":"Feature","properties":{"layer_id":"change_T20","layer_label":"Change, T>20\u00b0C","low":50.0,"high":100.0,"label":"50\u2013100 pp","fill":"#b2182b","fillOpacity":0.72,"stroke":"#b2182b","strokeOpacity":0.84,"strokeWeight":0.35},"geometry":{"type":"Polygon","coordinates":[[[42.6,45.45],[42.7,45.45],[42.8,45.5],[42.8,45.5],[42.9,45.6],[42.8,45.7],[42.7,45.7],[42.7,45.7],[42.7,45.7],[42.8,45.8],[42.8,45.9],[42.8,46.0],[42.7,46.1],[42.6,46.1],[42.5,46.0],[42.6,45.9],[42.6,45.9],[42.6,45.8],[42.6,45.8],[42.5,45.8],[42.4,45.7],[42.4,45.7],[42.4,45.7],[42.3,45.8],[42.3,45.8],[42.2,45.9],[42.1,45.8],[42.2,45.7],[42.2,45.7],[42.3,45.6],[42.3,45.6],[42.4,45.5667],[42.5,45.55],[42.5667,45.5],[42.6,45.45]]]}},{"type":"Feature","properties":{"layer_id":"change_T20","layer_label":"Change, T>20\u00b0C","low":50.0,"high":100.0,"label":"50\u2013100 pp","fill":"#b2182b","fillOpacity":0.72,"stroke":"#b2182b","strokeOpacity":0.84,"strokeWeight":0.35},"geometry":{"type":"Polygon","coordinates":[[[29.8,45.7714],[29.9,45.7769],[29.9231,45.8],[30.0,45.8833],[30.1,45.8769],[30.2,45.8833],[30.2167,45.9],[30.3,45.9833],[30.3167,46.0],[30.3231,46.1],[30.4,46.1909],[30.5,46.1769],[30.6,46.1667],[30.6333,46.2],[30.6231,46.3],[30.6,46.375],[30.5,46.35],[30.4909,46.3],[30.4,46.2091],[30.3,46.2091],[30.25,46.2],[30.2,46.1667],[30.1333,46.1],[30.1,46.0667],[30.0333,46.0],[30.0,45.9667],[29.9,45.9333],[29.85,45.9],[29.8,45.88],[29.72,45.8],[29.8,45.7714]]]}},{"type":"Feature","properties":{"layer_id":"change_T20","layer_label":"Change, T>20\u00b0C","low":50.0,"high":100.0,"label":"50\u2013100 pp","fill":"#b2182b","fillOpacity":0.72,"stroke":"#b2182b","strokeOpacity":0.84,"strokeWeight":0.35},"geometry":{"type":"Polygon","coordinates":[[[45.0,45.8333],[45.0,45.9],[45.0,46.0],[45.0,46.1],[45.0,46.2],[45.0,46.3],[45.0,46.3],[45.0,46.3],[45.0,46.4],[45.0,46.45],[44.9,46.5],[44.8,46.5],[44.75,46.4],[44.7667,46.3],[44.8,46.2],[44.8,46.2],[44.85,46.1],[44.8,46.0],[44.9,45.9667],[44.95,45.9],[45.0,45.8333]]]}},{"type":"Feature","properties":{"layer_id":"change_T20","layer_label":"Change, T>20\u00b0C","low":50.0,"high":100.0,"label":"50\u2013100 pp","fill":"#b2182b","fillOpacity":0.72,"stroke":"#b2182b","strokeOpacity":0.84,"strokeWeight":0.35},"geometry":{"type":"Polygon","coordinates":[[[44.7,46.5],[44.8,46.5],[44.9,46.5],[45.0,46.55],[45.0,46.6],[45.0,46.7],[45.0,46.8],[45.0,46.9],[45.0,47.0],[45.0,47.1],[44.9,47.0],[44.9,47.0],[44.8,46.9],[44.8,46.9],[44.7333,46.8],[44.7,46.75],[44.6667,46.7],[44.6667,46.6],[44.7,46.5]]]}},{"type":"Feature","properties":{"layer_id":"change_T20","layer_label":"Change, T>20\u00b0C","low":50.0,"high":100.0,"label":"50\u2013100 pp","fill":"#b2182b","fillOpacity":0.72,"stroke":"#b2182b","strokeOpacity":0.84,"strokeWeight":0.35},"geometry":{"type":"Polygon","coordinates":[[[31.3,46.7],[31.4,46.7],[31.5,46.7],[31.6,46.6909],[31.7,46.6769],[31.8,46.6833],[31.9,46.6769],[32.0,46.6909],[32.1,46.7],[32.0,46.7333],[31.9,46.75],[31.8,46.74],[31.7,46.75],[31.6,46.725],[31.5,46.7],[31.4,46.7],[31.3,46.7],[31.3,46.7],[31.3,46.7]]]}},{"type":"Feature","properties":{"layer_id":"change_T20","layer_label":"Change, T>20\u00b0C","low":50.0,"high":100.0,"label":"50\u2013100 pp","fill":"#b2182b","fillOpacity":0.72,"stroke":"#b2182b","strokeOpacity":0.84,"strokeWeight":0.35},"geometry":{"type":"Polygon","coordinates":[[[44.6,46.9],[44.7,47.0],[44.7,47.1],[44.6,47.2],[44.55,47.1],[44.55,47.0],[44.6,46.9]]]}},{"type":"Feature","properties":{"layer_id":"change_T20","layer_label":"Change, T>20\u00b0C","low":50.0,"high":100.0,"label":"50\u2013100 pp","fill":"#b2182b","fillOpacity":0.72,"stroke":"#b2182b","strokeOpacity":0.84,"strokeWeight":0.35},"geometry":{"type":"Polygon","coordinates":[[[42.3,47.275],[42.4,47.275],[42.5,47.275],[42.525,47.3],[42.6,47.36],[42.7,47.38],[42.75,47.4],[42.8,47.425],[42.9,47.5],[42.9,47.5],[43.0,47.6],[42.9667,47.7],[43.0,47.75],[43.0143,47.8],[43.0,47.85],[42.95,47.8],[42.9,47.7667],[42.8,47.7667],[42.7333,47.7],[42.7,47.6667],[42.6,47.625],[42.5,47.625],[42.4,47.625],[42.3,47.6],[42.3,47.6],[42.2,47.6],[42.2,47.6],[42.2,47.7],[42.2,47.7],[42.3,47.75],[42.4,47.8],[42.4,47.9],[42.3,48.0],[42.2,48.0],[42.1,47.9333],[42.08,47.9],[42.0,47.82],[41.95,47.8],[41.9,47.75],[41.8,47.7],[41.8,47.7],[41.7,47.6],[41.8,47.5],[41.9,47.5],[41.9,47.5],[42.0,47.4333],[42.1,47.425],[42.15,47.4],[42.2,47.3],[42.2,47.3],[42.3,47.275]]]}},{"type":"Feature","properties":{"layer_id":"change_T20","layer_label":"Change, T>20\u00b0C","low":50.0,"high":100.0,"label":"50\u2013100 pp","fill":"#b2182b","fillOpacity":0.72,"stroke":"#b2182b","strokeOpacity":0.84,"strokeWeight":0.35},"geometry":{"type":"Polygon","coordinates":[[[34.0,47.4],[34.0,47.4],[34.1,47.45],[34.2,47.4333],[34.3,47.45],[34.35,47.5],[34.3,47.5333],[34.2,47.55],[34.1,47.55],[34.0,47.5333],[33.9667,47.5],[34.0,47.4],[34.0,47.4]]]}},{"type":"Feature","properties":{"layer_id":"change_T20","layer_label":"Change, T>20\u00b0C","low":50.0,"high":100.0,"label":"50\u2013100 pp","fill":"#b2182b","fillOpacity":0.72,"stroke":"#b2182b","strokeOpacity":0.84,"strokeWeight":0.35},"geometry":{"type":"Polygon","coordinates":[[[34.9,47.4667],[35.0,47.45],[35.1,47.4667],[35.2,47.475],[35.2333,47.5],[35.2333,47.6],[35.2,47.62],[35.1,47.6167],[35.05,47.6],[35.0,47.55],[34.9,47.55],[34.8,47.5],[34.9,47.4667]]]}},{"type":"Feature","properties":{"layer_id":"change_T20","layer_label":"Change, T>20\u00b0C","low":50.0,"high":100.0,"label":"50\u2013100 pp","fill":"#b2182b","fillOpacity":0.72,"stroke":"#b2182b","strokeOpacity":0.84,"strokeWeight":0.35},"geometry":{"type":"Polygon","coordinates":[[[41.4,47.4],[41.5,47.5],[41.4,47.6],[41.3,47.5],[41.4,47.4]]]}},{"type":"Feature","properties":{"layer_id":"change_T20","layer_label":"Change, T>20\u00b0C","low":50.0,"high":100.0,"label":"50\u2013100 pp","fill":"#b2182b","fillOpacity":0.72,"stroke":"#b2182b","strokeOpacity":0.84,"strokeWeight":0.35},"geometry":{"type":"Polygon","coordinates":[[[44.8,47.4],[44.9,47.4],[45.0,47.4],[45.0,47.5],[45.0,47.6],[45.0,47.7],[45.0,47.8],[45.0,47.9],[45.0,48.0],[45.0,48.1],[45.0,48.2],[44.9,48.2],[44.8333,48.1],[44.8,48.0],[44.9,47.9],[44.9,47.9],[44.9,47.9],[44.8,47.8],[44.8,47.8],[44.8,47.8],[44.8,47.9],[44.7,48.0],[44.6,47.9],[44.6,47.8],[44.6,47.7],[44.6,47.7],[44.575,47.6],[44.6,47.55],[44.7,47.5],[44.7,47.5],[44.8,47.4]]]}},{"type":"Feature","properties":{"layer_id":"change_T20","layer_label":"Change, T>20\u00b0C","low":50.0,"high":100.0,"label":"50\u2013100 pp","fill":"#b2182b","fillOpacity":0.72,"stroke":"#b2182b","strokeOpacity":0.84,"strokeWeight":0.35},"geometry":{"type":"Polygon","coordinates":[[[42.5,47.85],[42.6,47.85],[42.65,47.9],[42.7,47.95],[42.8,48.0],[42.7,48.1],[42.6,48.0667],[42.5,48.0],[42.5,48.0],[42.4,47.9],[42.5,47.85]]]}},{"type":"Feature","properties":{"layer_id":"change_T20","layer_label":"Change, T>20\u00b0C","low":50.0,"high":100.0,"label":"50\u2013100 pp","fill":"#b2182b","fillOpacity":0.72,"stroke":"#b2182b","strokeOpacity":0.84,"strokeWeight":0.35},"geometry":{"type":"Polygon","coordinates":[[[44.8,48.25],[44.9,48.2],[45.0,48.2],[45.0,48.3],[45.0,48.4],[45.0,48.5],[45.0,48.6],[45.0,48.7],[45.0,48.76],[44.9,48.8],[45.0,48.9],[44.9667,49.0],[44.9,49.05],[44.8,49.04],[44.76,49.0],[44.8,48.96],[44.875,48.9],[44.8,48.8],[44.8,48.8],[44.7,48.7],[44.6,48.7],[44.6,48.7],[44.6,48.6],[44.6,48.6],[44.6,48.6],[44.7,48.7],[44.8,48.6],[44.8,48.6],[44.8,48.5],[44.8,48.5],[44.75,48.4],[44.7,48.3],[44.8,48.25]]]}},{"type":"Feature","properties":{"layer_id":"change_T20","layer_label":"Change, T>20\u00b0C","low":50.0,"high":100.0,"label":"50\u2013100 pp","fill":"#b2182b","fillOpacity":0.72,"stroke":"#b2182b","strokeOpacity":0.84,"strokeWeight":0.35},"geometry":{"type":"Polygon","coordinates":[[[32.8,49.1857],[32.85,49.2],[32.9,49.3],[32.8,49.32],[32.7,49.3167],[32.6,49.3],[32.7,49.2667],[32.7667,49.2],[32.8,49.1857]]]}}],"properties":{"layer_id":"change_T20","layer_label":"Change, T>20\u00b0C","units":"pp"}}